id,text,anger,disgust,fear,joy,sadness,surprise
eng_train_track_a_00001,"Colorado, middle of nowhere.",0,0,1,0,0,1
eng_train_track_a_00002,This involved swimming a pretty large lake that was over my head.,0,0,1,0,0,0
eng_train_track_a_00003,It was one of my most shameful experiences.,0,0,1,0,1,0
eng_train_track_a_00004,"After all, I had vegetables coming out my ears all for the benefit of the young prince.",0,0,0,0,0,0
eng_train_track_a_00005,Then the screaming started.,0,0,1,0,1,1
eng_train_track_a_00006,"They don't fear death, and it seems they believe in reincarnation.",0,0,1,0,0,1
eng_train_track_a_00007,You know what happens when I get one of these stupid ideas in my head.,1,0,1,0,0,0
eng_train_track_a_00008,My stomach even started giving me fits.,0,0,1,0,1,0
eng_train_track_a_00009,"Well, as we're bowling, my dinner began to not sit well with me, and I had to run to the bathroom.",0,0,1,0,0,0
eng_train_track_a_00010,Hondas are notoriously great cars for long trips for their dependability and great gas mileage.,0,0,0,1,0,0
eng_train_track_a_00011,It's his reflection.,0,0,0,0,0,1
eng_train_track_a_00012,"not mine, and not that horrible, but i was browsing the personnel files last week and noticed that my boss' birthday had occurred 3 days prior.",0,0,0,0,0,1
eng_train_track_a_00013,"i pushed standing up for a while and emerald crowned, but got pretty tired and laid on the bed on my side while matthias held my leg up and that's how emerald came out!",0,0,0,1,0,0
eng_train_track_a_00014,"Now my parents live in the foothills, and the college is in a large valley.",0,0,0,0,0,0
eng_train_track_a_00015,"Fortunately the kindly ajeoshis and ajummas that I rented the scooter from helped me get on a bus to the other ferry, but not before pulling me up a seat to thier table and shoving succulant watermelon in my face.",0,0,0,1,0,1
eng_train_track_a_00016,I remember being scared shitless.,0,0,1,0,0,0
eng_train_track_a_00017,That was the last time anyone saw her.,0,0,1,0,1,0
eng_train_track_a_00018,The stone inside my heart was removed; ).,0,0,0,1,0,0
eng_train_track_a_00019,"Not only was I not able to move, I smacked my head against the guy sitting in front me and things just got awkward.",1,0,1,0,0,0
eng_train_track_a_00020,I didn't see any light yet it still seemed to glow.,0,0,1,0,0,1
eng_train_track_a_00021,I unwrapped the candy and popped it into my mouth.,0,0,0,1,0,0
eng_train_track_a_00022,Remember the farm-ette?,0,0,0,1,0,1
eng_train_track_a_00023,I took offense to this because as a supervisor I wanted my team to be in good spirits and wanted them to love coming in to work and doing good things for the mission.,1,0,0,0,0,0
eng_train_track_a_00024,""" She awoke from this odd dream and told her mum to wake up her sister.",0,0,1,0,0,1
eng_train_track_a_00025,It broke my heart and nearly ruined me.,0,0,1,0,1,0
eng_train_track_a_00026,"R-I get home and park, just when I think everything is about to turn around, I slip on the ice, and fall flat on my back.",0,0,1,0,0,1
eng_train_track_a_00027,"She said that I shouldn't do ANYTHING with my finger, not even type.",0,0,1,0,0,0
eng_train_track_a_00028,"It definitely makes my hand feel weird, and I haven't thrown up yet.",0,0,1,0,0,0
eng_train_track_a_00029,Now when I have too much to do my brain just gets distracted by all the other jobs jostling for attention.,0,0,1,0,0,0
eng_train_track_a_00030,I expect them to come in the backdoor any second but I hear nothing.,0,0,1,0,0,1
eng_train_track_a_00031,The rattling in my brain clogs my nose.,0,0,1,0,1,0
eng_train_track_a_00032,I had to turn my head back into the stream of water just so I didn't burst out laughing and lose it right there.,0,0,0,1,0,0
eng_train_track_a_00033,"So when the laughing fit stopped, back to my seat I went with a big ole smile across my face.",0,0,0,1,0,0
eng_train_track_a_00034,"""I lost the towel.",0,0,1,0,0,0
eng_train_track_a_00035,Sets the power/entity free.,0,0,1,1,0,1
eng_train_track_a_00036,This is causing some of the puffiness in his face and sometimes causes a severe headache.,0,0,1,0,1,0
eng_train_track_a_00037,There was apparently then some awkward laughter and apologies and my grandpa and his friends were dismissed.,1,0,1,0,1,1
eng_train_track_a_00038,I don't stop.,0,0,1,0,0,0
eng_train_track_a_00039,I got lie after lie.,1,0,1,0,1,0
eng_train_track_a_00040,"After scratching my head, I headed to the front yard, where there are no trees, on the off chance that something truly weird had caused a limb to plop down on my house.",0,0,1,0,0,1
eng_train_track_a_00041,"And I got ta tell you right here folks, that brings a tear to my eye.",0,0,0,1,1,0
eng_train_track_a_00042,I'm feeling my eyes drift a bit so I guess I better attempt to try to go to sleep... I have to go to my mom's work at 7 to help her out.,0,0,1,0,1,0
eng_train_track_a_00043,I've never met any of the other members but we all send each other x-mas cards &amp; random stuff.,0,0,0,1,0,1
eng_train_track_a_00044,The last week I've gone to bed at 7 every morning with house music blasting in my ear and have woken up with only an appetite for more.,0,0,0,1,0,0
eng_train_track_a_00045,It was one of the most spiritual moments of my life.,0,0,0,1,0,1
eng_train_track_a_00046,I definitely ended up with a plastic burn on my elbow.,0,0,1,0,0,0
eng_train_track_a_00047,"As I started to jog easily to the starting line, my leg felt a little stiff and my shin was hurting a bit.",0,0,1,0,1,0
eng_train_track_a_00048,"i asked if anyone else just saw that and right on queue my best friend says ""that hand just reach out of the entertainment center?",0,0,1,0,0,1
eng_train_track_a_00049,"I started to grip my sheets, barely breathing as my mind raced and my eyes focused, not physically seeing anything out of the ordinary as the sirens wailed outside my apartment, the 35th floor should have been enough distance to drown out the sound, but it wasn't, and I shut my eyes, leaping to the lightswitch.",0,0,1,0,0,0
eng_train_track_a_00050,I had a chocolate and got up my nerve to ask about the games.,0,0,1,1,0,0
eng_train_track_a_00051,painted on my face.,0,0,0,0,0,0
eng_train_track_a_00052,Nothing behind me either.,0,0,1,0,0,1
eng_train_track_a_00053,It felt so unreal...,0,0,1,0,0,1
eng_train_track_a_00054,She left the room and went downstairs.,0,0,0,0,0,0
eng_train_track_a_00055,All of it on top of my head.,0,0,1,0,0,0
eng_train_track_a_00056,I went into the closet to investigate and found nothing... /chills,0,0,1,0,0,1
eng_train_track_a_00057,I'm trying to work and accomplish things and train this other guy on how to help me with my job and I can't even move my head for fear of puking on my desk.,0,0,1,0,0,0
eng_train_track_a_00058,Break my heart a thousand times and I realized that sometimes it really still hurts...,0,0,0,0,1,0
eng_train_track_a_00059,"Ah, to close my eyes and let time fly by, Because there's so much to gain By forgetting these dreams driving me insane.",0,0,1,0,1,0
eng_train_track_a_00060,"And then we have the ultimately retarded `` Spanish Lesson '' ( which I kind of like because it's so entertainingly bad ) and `` Incredible, '' which just flat-out gets on my nerves.",1,0,0,0,0,0
eng_train_track_a_00061,' I chanted in my head.,0,0,0,0,0,0
eng_train_track_a_00062,"Back to earth As I opened my eye, I was lying back on a hospital bed with my right leg elevated, cupped in the hands of the young Indian doctor who had been trying to save my life.",0,0,1,0,1,0
eng_train_track_a_00063,This expert also was the ex-husband of the murdered woman.,0,0,1,0,1,1
eng_train_track_a_00064,"I did manage to remember to hang out the washing, but only because the annoying beeping sound the washer makes when its finished a cycle finally filtered into my brain and started to irritate me enough that I couldn't ignore it any longer.",1,0,1,0,0,0
eng_train_track_a_00065,It cut through all the fear and anger in my brain.,1,0,1,0,0,0
eng_train_track_a_00066,"Back in 2006 when I was in high school I took Earth Sciences, and in the spring I was on my teacher's computer when I came across a photo of me giving the thumbs up.",0,0,0,1,0,1
eng_train_track_a_00067,"But occasionally, my nerves still do get the best of me, and I start to flop around in the breathless panic of a fish pulled out of water and tossed onto the floor to die helplessly.",0,0,1,0,0,0
eng_train_track_a_00068,The effect was a feeling I've described as running my hand along a cheese grater.,0,0,1,0,1,0
eng_train_track_a_00069,asked a flustered girl that bumped into my arm.,0,0,1,0,0,0
eng_train_track_a_00070,A sharp stinging stripe across the backs of my legs.,0,0,1,0,1,0
eng_train_track_a_00071,I really have to watch my mouth.,0,0,0,0,0,0
eng_train_track_a_00072,"The Redmond Cycling Club that organizes this event, had made-to-order coldcut sandwiches and -- be still my heart -- ice-cold cans of Coca-Cola at the final aid station.",0,0,0,1,0,0
eng_train_track_a_00073,i was walking around cursing the day in my head.,1,0,1,0,1,0
eng_train_track_a_00074,I shook my head and willed every broken hearted thought to go away.,0,0,0,0,1,0
eng_train_track_a_00075,"i hope whatever i did do today, the two paper 2s adn the reading of the ntoes adn the definitaions i recited, stick in my head and i do nt forget anything: ( sigh.",0,0,1,0,1,0
eng_train_track_a_00076,"About 3 years ago I had a very vivid dream about my deceased aunt and uncle, Sylvia &amp; John.",0,0,0,0,1,1
eng_train_track_a_00077,"It could have been my eye -- but my glasses probably blocked that from happening, and diverted the injury higher up on my head.",0,0,1,0,0,1
eng_train_track_a_00078,`` I went to put my hand in my pockets and realised what they'd done.,0,0,1,0,0,0
eng_train_track_a_00079,"but my heart pounded in my chest and i couldnt breath, couldnt even look at him.",0,0,1,0,0,0
eng_train_track_a_00080,I was never so happy to have my feet on solid ground though.,0,0,0,1,0,0
eng_train_track_a_00081,They don't seem to be evil or dangerous.,0,0,1,0,0,0
eng_train_track_a_00082,I always like to head out into the boonies after I have been away for a long time... to get my head straight.,0,0,0,1,0,0
eng_train_track_a_00083,Sage grabbed my toothbrush this morning and showed me how to brush my teeth.,0,0,0,0,0,0
eng_train_track_a_00084,"I trust this man even less than the woman, but I can't put my finger on it.",0,0,1,0,0,0
eng_train_track_a_00085,I guess i pointed to Jenny without hesitation.,0,0,0,0,0,0
eng_train_track_a_00086,We locked our door and kept our lights on the whole night and just watched movies until dawn.,0,0,1,0,0,0
eng_train_track_a_00087,Just doing something this stupid as a kid.,0,0,0,0,1,0
eng_train_track_a_00088,FISHIN '' I woke up in the morning my head was throbing black and blue eyed thought I'd died smashed up my TV set.,0,0,1,0,1,1
eng_train_track_a_00089,It was as if everything was silent for just a second.,0,0,1,0,0,1
eng_train_track_a_00090,"I filled it out and tried to stay calm, but my legs were still shaking!",0,0,1,0,0,0
eng_train_track_a_00091,""" The man told her that he had and she said, ""Well, I might as well tell you the story.",0,0,0,0,0,1
eng_train_track_a_00092,"First, some background: i am a male, i live in Latvia, my father is a hunter and we occasionally go hunting during the weekends.",0,0,0,0,0,0
eng_train_track_a_00093,"Needless to say, I turned her down.",0,0,0,0,0,0
eng_train_track_a_00094,"After dragging myself through all of those sets, my stomach being upset, and my body feeling entirely fatigued $ the LAST thing I wanted to do was hop on the treadmill for some incline walking.",0,0,1,0,1,0
eng_train_track_a_00095,"The first five minutes I could feel my heart pounding in my chest, as our Q&A went on I got more relaxed.",0,0,1,1,0,0
eng_train_track_a_00096,And these were brutal wounds.,1,0,1,0,1,1
eng_train_track_a_00097,"Slowly sliding down towards the floor, not having the strength to stay up on my feet any longer, hearing the words `` It's time '' and thinking please no.",0,0,1,0,1,0
eng_train_track_a_00098,My eyes welled up with tears and my voice cracked.,0,0,1,0,1,0
eng_train_track_a_00099,"However, I made sure to take a few swishes of water just so my mouth felt like it got a lot of moisture.",0,0,0,1,0,0
eng_train_track_a_00100,"Thankfully, he doesn't really hold grudges, so I think every day starts with a clean slate... Of course, like a normal human being, he has his limit, which I am trying REALLY REALLY hard to avoid reaching.Also, my throat is dry and hurting because I slept with my mouth wide open last night, and the two times I napped at the boy's house, I slept with it open, again.",0,0,1,0,0,0
eng_train_track_a_00101,""" ""look... out your window.",0,0,0,0,0,1
eng_train_track_a_00102,The silence cupped my ears where it was all I could see and hear.,0,0,1,0,1,0
eng_train_track_a_00103,"i'm happy that someone was there, but then again, there still is that part of me, driven deep down and rooted in the ground that keeps on whispering in my ear, `` in the end, all you got is you, remember that. ''",0,0,1,1,1,0
eng_train_track_a_00104,"So not an objection at the ceremony, but my wife's parents and brother didn't come to the ceremony at all out of objection to us getting hitched.",1,0,1,0,1,1
eng_train_track_a_00105,The stench hit me first.,0,0,1,0,0,1
eng_train_track_a_00106,It was the dance of my heart.,0,0,0,1,0,0
eng_train_track_a_00107,He gave me my love of science and education.,0,0,0,1,0,0
eng_train_track_a_00108,I thought it was a joke.,0,0,1,0,0,1
eng_train_track_a_00109,"I feel like my stomach's had a growth spurt, which leaves me aching and sore.",0,0,1,0,1,0
eng_train_track_a_00110,I got a little burn on my finger and it ticked me off.,1,0,1,0,1,0
eng_train_track_a_00111,I'm confused about it but keep pressing.,0,0,1,0,0,1
eng_train_track_a_00112,"The second time I saw her, she told me she was a registered sex offender.",1,0,1,0,1,1
eng_train_track_a_00113,"She was rude to our photographer, she was rude to a few guests, and to us.",1,0,0,0,0,0
eng_train_track_a_00114,"an hour after i got here my eyes swelled up and are so itchy, my athsma is ridiculous ( in vic i do nt even take medications!",0,0,1,0,1,0
eng_train_track_a_00115,"as usual, i feel like im carrying too much burdens in my heart.",0,0,1,0,1,0
eng_train_track_a_00116,"i hate the idea of not making progress, it breaks my heart to see time being wasted away, standing still-i hate the idea that i can not see the world.",1,0,1,0,1,0
eng_train_track_a_00117,But I spent two days reading and still didn't hit the end of this thread.,1,0,1,0,0,1
eng_train_track_a_00118,"But I was feeling really nervous, and my hands were sweaty.",0,0,1,0,0,0
eng_train_track_a_00119,and throw my hands in the air.,0,0,0,1,0,0
eng_train_track_a_00120,Then the cop shows up.,0,0,1,0,0,1
eng_train_track_a_00121,"Teetering for a moment, I caught myself from falling only to fling myself to my knees in the dirt.",0,0,1,0,0,0
eng_train_track_a_00122,"I fumbled my way toward the light, and my fingers closed around the doorknob.",0,0,1,0,0,0
eng_train_track_a_00123,"I did as much time as I could on my feet for closing gate, but had to sit for stretch before cannon.",0,0,1,0,0,0
eng_train_track_a_00124,"The weather up there are super cozy, I went to wash my hand, the water are freezing!!!",0,0,1,0,0,0
eng_train_track_a_00125,"But the emotional constrictor that had wrapped itself around my ribs and stomach seems to have gone, and it's not a strain to smile.",0,0,0,1,0,0
eng_train_track_a_00126,"Nothing like the city to remind you that you are among humans and animals.ProActive Acne Shit Review: So, after only a week of using ProActive, I started to notice the difference in my skin.",0,0,0,1,0,0
eng_train_track_a_00127,She certainly has the right name... View at the glaciers in the distance.Me being silly... So I had a good morning before going to work and feeling the world-at least the hotel world-crumbling at my feet...,0,0,1,0,1,0
eng_train_track_a_00128,My heart beat so fast when the beautiful man give Yunho a peck on his left cheek.,0,0,1,1,0,0
eng_train_track_a_00129,The nightmares and fear were new and inexplicable.,0,0,1,0,1,1
eng_train_track_a_00130,I could feel my heart breaking into millions of pieces.,0,0,0,0,1,0
eng_train_track_a_00131,"The kissing and touching don't stop, they just get more... interesting.",0,0,0,1,0,1
eng_train_track_a_00132,"I was trying to concentrate on not falling, but I totally slipped and almost fell on my face.",0,0,1,0,0,1
eng_train_track_a_00133,"im not ashamed to say sometimes i have more fun clipping my nails, pumicing my feet, moisturizing my body and watching the Wedding Planner on TBS with a mask on my face while conditioning my hands and feet with special lotion and gloves & booties on.",0,0,0,1,0,0
eng_train_track_a_00134,We are earths last hope against extinction.,0,0,1,0,1,1
eng_train_track_a_00135,Went to a party at a friends house.,0,0,0,1,0,0
eng_train_track_a_00136,"Jimmy gently poured some into my mouth, dipping my head back and asking me to swallow.",0,0,0,0,0,0
eng_train_track_a_00137,Fast forward six months - I've moved to central Virginia for work.,0,0,0,1,0,0
eng_train_track_a_00138,( HUGE grin on my face now. ),0,0,0,1,0,0
eng_train_track_a_00139,"pops been moved out of icu now and he's going well, but now i've sprained my wrist... stupid hockey!",1,0,1,0,1,0
eng_train_track_a_00140,"I told them I felt a bit sick so they hurriedly put a sickbowl on my chest, then 10 seconds later I spewed up but a lot of it when all down my new white tshirt.",0,0,1,0,1,1
eng_train_track_a_00141,"Eventually the fridge was back in place and I had even managed to score a minor victory against my fear of fire extinguishers as I successfully moved it across the room ( the fear comes from one fell on my foot, long story! )",0,0,1,0,0,0
eng_train_track_a_00142,My jaw nearly dropped.,0,0,0,0,0,1
eng_train_track_a_00143,"After i wash my face and brush my teeth, i go out from the kitchen and found that, someone sleep on my place, using my blanket and also pillow.",0,0,1,0,0,1
eng_train_track_a_00144,Not creepy but ghostly.,0,0,1,0,0,1
eng_train_track_a_00145,"What came out of my mouth was: ""Because white reigns supreme.",1,0,1,0,1,1
eng_train_track_a_00146,"Don't walk away, I'm talking to you, there's bruises on my face.",1,0,1,0,1,0
eng_train_track_a_00147,as i go to take the hook out of my 4th fish... it shakes and embeds the hook in my hand.,1,0,1,0,1,1
eng_train_track_a_00148,I saw peppermint patties.,0,0,0,1,0,1
eng_train_track_a_00149,It better not be for my parenting.,1,0,1,0,0,0
eng_train_track_a_00150,Can I add a bridesmaid-zilla story?,0,0,0,1,0,1
eng_train_track_a_00151,We ended up keeping the old house and renting it out though.,0,0,0,1,0,0
eng_train_track_a_00152,"Most mornings I drift in and out, slowly shaking off the fuddle of sleep but yesterday I was right there with my eyes wide open and the clock saying eight.",0,0,0,1,0,0
eng_train_track_a_00153,`` My God $ '' `` What's wrong with my arm? '',0,0,1,0,0,1
eng_train_track_a_00154,Could be wrong though.,0,0,1,0,0,0
eng_train_track_a_00155,"Every movement of the body below my waist caused pain, in such a way that I could anticipate it and, with a bit of understanding, even cope.",0,0,1,0,1,0
eng_train_track_a_00156,First day of school.,0,0,1,1,0,0
eng_train_track_a_00157,"She opened the door of the moving vehicle, jumped out, and landed on her feet.",0,0,1,1,0,1
eng_train_track_a_00158,My mouth by then like cardboard.,0,0,0,0,0,0
eng_train_track_a_00159,I was scared shitless.,0,0,1,0,0,1
eng_train_track_a_00160,Not a single soul.,0,0,1,0,1,1
eng_train_track_a_00161,"As the blood seems to return to my head, I can think clearly and muster the energy to keep going.",0,0,1,1,0,0
eng_train_track_a_00162,"I fell out of a tree earlier today, and landed on my head after about an eight foot drop onto concrete.",0,0,1,0,1,1
eng_train_track_a_00163,"But well need large plastic bags, I dont know where to get those.",0,0,1,0,0,0
eng_train_track_a_00164,I wish I had.,0,0,0,0,1,0
eng_train_track_a_00165,"the next thing i knew, i felt this huge impact on my head, and then a few more after that.",0,0,1,0,0,1
eng_train_track_a_00166,"I turn around, hoping my back hid part of my drawing and look down at the paper in front of Ryutaro, my hand only inches away from his and start to explain the directions a little clearer to him.",0,0,0,0,0,0
eng_train_track_a_00167,she was very wrong.,1,0,0,0,0,0
eng_train_track_a_00168,They seemed quit some distance away from me.,0,0,1,0,0,0
eng_train_track_a_00169,My back is jacked up again.,1,0,1,0,1,0
eng_train_track_a_00170,"Of course, I could have soaked my hand in a bucket for a couple of hours, but that's not the case here.",0,0,0,0,0,0
eng_train_track_a_00171,As he approached the edge of it he took to prep hops.,0,0,1,0,0,1
eng_train_track_a_00172,"In silence, I prayed and searched my heart....",0,0,1,0,1,0
eng_train_track_a_00173,I couldnt walk without tripping over her.,1,0,1,0,0,0
eng_train_track_a_00174,You know the ones?,0,0,0,0,0,1
eng_train_track_a_00175,"I could hardly believe that after all this time, after so many seasons spent reaping despair, he was finally here, in my arms.",0,0,0,1,0,0
eng_train_track_a_00176,"We could have been part of organized crime, but my grandpa (who died before I was born) didn't want any part of it and decided to live an honest life.",0,0,0,1,1,1
eng_train_track_a_00177,They hooked me up to an IV to give me some medicine ( not sure what kind ) and gave me a shot of adrenaline to try to get the swelling in my throat down.,0,0,1,0,0,0
eng_train_track_a_00178,I remembered back to last week when my neck was really hurting.,0,0,1,0,1,0
eng_train_track_a_00179,"The form itself did not shed any light, but was light.",0,0,0,0,0,1
eng_train_track_a_00180,"It was just a knick, but and the blood $ The rain was cold, but my tears were hot against my cheeks.",0,0,1,0,1,0
eng_train_track_a_00181,"It looked like there was a golfball on the side of my knee... a purple, blueish golfball.",0,0,1,0,1,0
eng_train_track_a_00182,"This is typical, as they need to justify their existence.",1,0,0,0,0,0
eng_train_track_a_00183,Seemingly because the bartenders were very heavy handed.,1,0,0,0,0,0
eng_train_track_a_00184,& # x 26; nbsp; I folded my arms on the table and rested my head on my hands-but in a few moments there was a lot of tension in my jaw from this positon.,0,0,1,0,0,0
eng_train_track_a_00185,My pride hurt worse than my leg did.,1,0,0,0,1,0
eng_train_track_a_00186,On Sunday I tucked the new license plates under my arm and headed out to the garage to find the duck tool.,0,0,0,0,0,0
eng_train_track_a_00187,Blotted out the moon.,0,0,1,0,0,1
eng_train_track_a_00188,My hand hurt so bad afterwards.,0,0,1,0,0,0
eng_train_track_a_00189,I had just had a procedure done to implant an Intrathecal Baclofen Pump in my belly.,0,0,1,0,0,0
eng_train_track_a_00190,"Last I heard, that other guy was homeless and dead.",0,0,1,0,1,1
eng_train_track_a_00191,With sudden resolution I took my hands from the rail.,0,0,0,0,0,0
eng_train_track_a_00192,"The following two days, I was in a moderate amount of pain and had very limited range of motion in my arms.",0,0,1,0,1,0
eng_train_track_a_00193,I felt a slight heat creep over my cheeks and I giggled lightly coming back to the thought that he was all mine.,0,0,0,1,0,0
eng_train_track_a_00194,"Let me put it this way: I burned so much as a kid that my nose is permanently red.I look back on all of this skin damage, and wish I could go back to my old self and do some kind of scared straight intervention.",0,0,0,0,1,0
eng_train_track_a_00195,"After the deception, but before the divorce.",1,0,1,0,1,0
eng_train_track_a_00196,It just... went away.,0,0,1,0,1,1
eng_train_track_a_00197,"It was REALLY nice to feel the sun on my face because the winter blues really are real-for me at least: ) It was Brent's birthday while we were there, and my awesome family throw him a little birthday party ( I was so glad that I didn't have to do a thing )!",0,0,0,1,0,0
eng_train_track_a_00198,"Stuck in this place, With the world rushing by, Tears stream down my face, As I stand here, waiting to die.",0,0,1,0,1,0
eng_train_track_a_00199,the cold outside feels so good on my skin.,0,0,0,1,0,0
eng_train_track_a_00200,Several times in the last couple weeks I've had to scratch my head cleverly for a few minutes trying to figure out how to get into my office.,0,0,1,0,0,0
eng_train_track_a_00201,"Now, I just sit there and nod my head, as I listen to the excuses people use to not make positive changes in their life.",0,0,0,0,0,0
eng_train_track_a_00202,"Not moving, not menacing.",0,0,1,0,0,0
eng_train_track_a_00203,The first thought that came into my head was that I needed to go to work as soon as possible.,0,0,1,0,0,0
eng_train_track_a_00204,A rather regular occurrence happened at night upstairs.,0,0,1,0,0,0
eng_train_track_a_00205,Spirit-search my heart,0,0,0,0,0,0
eng_train_track_a_00206,"i play it over and over in my head, word for word.",0,0,1,0,1,0
eng_train_track_a_00207,"So many things were going on in my life, in my head and in my heart that I just couldn't write any of them down.",0,0,1,0,1,0
eng_train_track_a_00208,It felt so real that I actually woke up.,0,0,1,0,0,1
eng_train_track_a_00209,My ex-boyfriend was just a horrible liar.,1,0,0,0,1,0
eng_train_track_a_00210,The police were trying to calm him down.,0,0,1,0,0,0
eng_train_track_a_00211,My brain stops and then I feel like conking out.,0,0,1,0,1,0
eng_train_track_a_00212,Your son is not liking the strap around my belly. '',0,0,1,0,0,0
eng_train_track_a_00213,At one point it even came up to my foot to nibble on the grass near my toes.,0,0,0,1,0,0
eng_train_track_a_00214,But it was good; it kept me on my feet for a long while.Knee?,0,0,0,1,0,0
eng_train_track_a_00215,"I pull the trigger, feel the recoil in my hand along with the professionally, almost muted sound and watch him shudder and then go limp against me.",1,0,1,0,1,0
eng_train_track_a_00216,"Well I make it about 2 miles from my apartment when I notice a small drop on my arm and then another, I say uh oh I better get back then it starts to rain a little, then harder and harder, to the point that im soaked, even my shoes are filled with water.",0,0,1,0,1,0
eng_train_track_a_00217,"Last night I walked into my room ( without turning on the light switch ) and tripped over a laundry basket, and fell on my face.",0,0,1,0,1,1
eng_train_track_a_00218,I was completely dumbstruck.,0,0,0,0,0,1
eng_train_track_a_00219,"As I was placing them in the `` to be thrown out '' pile, something caught my eye and made me look closer.",0,0,0,0,0,1
eng_train_track_a_00220,"As I frantically grabbed at it to pull it up, I dropped EVERY SiNGLE THING in my hands.",1,0,1,0,0,1
eng_train_track_a_00221,"We always just thought she was scared of the dark, just like most kids are.",0,0,1,0,0,0
eng_train_track_a_00222,"She claimed I beat her, raped her, tortured, and abused her.",1,0,1,0,1,1
eng_train_track_a_00223,I had a lump in my throat several times.,0,0,1,0,1,0
eng_train_track_a_00224,I know last time I did this I hurt my back a little but I never learn I'm hard headed I wanted to burn up some more calories.,0,0,1,0,0,0
eng_train_track_a_00225,"It started out slow, like we'd fight once a month over stupid little things and sometimes big things.",1,0,1,0,1,0
eng_train_track_a_00226,I fell asleep with visions of 5 grand dancing in my head.,0,0,0,1,0,0
eng_train_track_a_00227,I will defend this to the grave.,1,0,0,0,0,0
eng_train_track_a_00228,Coupled with the sound of rotors deafeningly stunning my ears and the very air in and around the cab of my car.,0,0,1,0,0,1
eng_train_track_a_00229,Apparently the aftermath of the clogged toilet was pretty gruesome.,0,0,1,0,0,1
eng_train_track_a_00230,"Staring down at the device, I felt this cold chill start at the base of my neck and spread throughout my body.",0,0,1,0,0,1
eng_train_track_a_00231,It was funny because I thought I broke my arm.,0,0,1,1,0,1
eng_train_track_a_00232,"idk why, my eyes just got really watery and i felt really scared and felt so lost all of a sudden: /",0,0,1,0,1,1
eng_train_track_a_00233,i did nt drink cause my lungs were giving me problems but the rest did.,0,0,1,0,0,0
eng_train_track_a_00234,My heart melted.,0,0,0,1,0,0
eng_train_track_a_00235,Weird guy to say the least,0,0,1,0,0,1
eng_train_track_a_00236,"Even with an armed officer of the law at my back, it was a bit unnerving to open the front door.",0,0,1,0,0,0
eng_train_track_a_00237,The outer right side was throbbing in pain and shooting up to my ankle.,0,0,1,0,1,0
eng_train_track_a_00238,My heart starts pounding as my eyes scroll up the dress and it was Scarlett.,0,0,1,0,0,1
eng_train_track_a_00239,I know that feel.,0,0,0,1,1,0
eng_train_track_a_00240,I will lose sleep.,0,0,1,0,1,0
eng_train_track_a_00241,Then we finally saw what was going on.,0,0,1,1,0,1
eng_train_track_a_00242,"I jumped up frantically ( the receptionist cast an odd glance toward me, and some net users stared ) and looked at my hands.",0,0,1,0,0,0
eng_train_track_a_00243,"When they are near me I either scream, or my mind goes blank and I saw whatever pops into my head ( no... seriously, it's kind of sad.",0,0,1,0,1,0
eng_train_track_a_00244,For dessert and coffee we went to another cafe down the street.,0,0,0,1,0,0
eng_train_track_a_00245,Awkward lunch time... sometimes I think my mouth just kinda glues shut on me.,0,0,1,0,1,0
eng_train_track_a_00246,"my head looked up automatically, and the first person out of the others out there, i saw him.",0,0,1,0,0,1
eng_train_track_a_00247,"I played around in the water, haha just my feet in the water though, it was too cold.",0,0,0,1,0,0
eng_train_track_a_00248,First college room mate ever.,0,0,0,1,0,1
eng_train_track_a_00249,And I can't breath through my nose.,0,0,1,0,0,0
eng_train_track_a_00250,"My head poked out of the grass again, catching sight of the men nearing my position, only about fifteen yards.",0,0,1,0,1,0
eng_train_track_a_00251,It was mutually beneficial.,0,0,0,1,0,0
eng_train_track_a_00252,Telling me I'm going to hell.,1,0,1,0,1,0
eng_train_track_a_00253,Only in my foot.,0,0,0,0,0,0
eng_train_track_a_00254,"I want to learn about you, communicate with you.",0,0,0,1,0,0
eng_train_track_a_00255,"I'd just started a new character on a different world than I usually play on, then this guy wants to join my party...",0,0,1,1,0,1
eng_train_track_a_00256,"amused So yeah, I broke my nose playing `` flag '' football yesterday.",0,0,0,0,1,0
eng_train_track_a_00257,His last days were spent in a cone.,0,0,0,0,1,0
eng_train_track_a_00258,"I didn't notice either that I was still sitting on the floor, the rug pattern branded on my knees.",0,0,0,0,1,0
eng_train_track_a_00259,"I'm very very pale, and any bandages like that stick out like a dark brown blemish.",0,0,1,0,1,0
eng_train_track_a_00260,plus my knees look more hardcore in black and blue.,0,0,0,1,0,0
eng_train_track_a_00261,"My hands are usually cool, and I defend them, spouting `` Cold hands, warm heart! ''",0,0,0,1,0,0
eng_train_track_a_00262,"There were dozens of us, crying, screaming, or in shock.",0,0,1,0,1,1
eng_train_track_a_00263,3.Woke up from a horrible dream of my ex boyfriend with his new girlfriend.,1,0,1,0,1,0
eng_train_track_a_00264,"My throat is now only a dull ache ( as one nurse said, strep throat is the throat you don't forget, boy was she right! )",0,0,1,0,1,0
eng_train_track_a_00265,I stopped a couple times to stretch out my calves and quads.,0,0,0,0,0,0
eng_train_track_a_00266,my stomach is all out of whack.,0,0,1,0,0,0
eng_train_track_a_00267,"They are so pillowy that when I get in the car, while she cheers at me, she actually lifts her fat pillow, let me sit next to her, and then drops her huge mountain of fat on my thigh.",0,0,0,0,0,0
eng_train_track_a_00268,"I pulled it up, still heard the gushing sound, so I turned my head, and the other one stopped immediately.",0,0,1,0,0,0
eng_train_track_a_00269,The house is trashed.,1,0,1,0,1,0
eng_train_track_a_00270,They immediately started shooting meth and heroin.,1,0,1,0,1,1
eng_train_track_a_00271,Scary going up but terrifying going down into awful LA traffic.,0,0,1,0,0,0
eng_train_track_a_00272,"The part my grandfather said was broken and would lead to his doom, was broken.",0,0,1,0,1,1
eng_train_track_a_00273,"We first met hatred was in my eyes, I Didn't want anything to do with you, lies.",1,0,1,0,1,0
eng_train_track_a_00274,Most I've met off Craigslist.,0,0,1,0,0,1
eng_train_track_a_00275,I had been AWAKE.,0,0,1,0,0,1
eng_train_track_a_00276,We wanted to put off going down route thumper (Never went through without being hit) well we had too anyway.,0,0,1,0,0,0
eng_train_track_a_00277,"I had an ant crawling on my elbow just now, and I flicked him off.",0,0,1,0,0,0
eng_train_track_a_00278,"in the back of my head, i was like great.",0,0,0,0,0,0
eng_train_track_a_00279,She commented on everything that went into my mouth.,1,0,0,0,0,0
eng_train_track_a_00280,I felt a gun pressed against my forehead and looked up.,0,0,1,0,0,1
eng_train_track_a_00281,Threw my underwear away in their kitchen garbage.,0,0,1,0,0,1
eng_train_track_a_00282,I run to grab my friend only to see him dancing with another asian girl.,1,0,0,0,1,1
eng_train_track_a_00283,"I feel my head hurting, and the next thing I know school's over, I'm in the front of it with him and Traci, and he's pointing a finger at me and sort-of-yelling-sort-of-talking, and saying `` You faker! ''",1,0,1,0,1,1
eng_train_track_a_00284,"She was Brazilian, or Chinese, or something weird.",0,0,1,0,0,1
eng_train_track_a_00285,so stop shoving shit down my throat and into my head.,1,0,1,0,0,0
eng_train_track_a_00286,I felt him press his face to my hair and start to whisper soothing things at me but I still couldn't hear anything but the pounding of my heart.,0,0,1,0,0,0
eng_train_track_a_00287,"Despite my anxiety, You were there with me, Diligently working in my heart, Stripping me of all of my pretense, Scourging me of all of my arrogance, Revealing each of my self-serving ways, Which have made my life a wasteland.",0,0,1,1,1,0
eng_train_track_a_00288,So I decide to just lean against the railing and smoke my cigarette with a stupid look on my face.,0,0,0,0,0,0
eng_train_track_a_00289,"So many people from my family have seen someone in the reflection, always in the same place, matching the same description.",0,0,1,0,0,1
eng_train_track_a_00290,"The two proceeded to grab my body, one at the knees and the other at my shoulders.",0,0,1,0,0,0
eng_train_track_a_00291,My eyes were glassed over.,0,0,1,0,1,0
eng_train_track_a_00292,"One day during practice, the question was read, ""Finish, the opening line of the traditional American song which begins, 'I wish I was-'""",0,0,0,0,0,1
eng_train_track_a_00293,"I just happened to hold the stresses and frustrations ( that most kids probably have with school, parents, new friends ) in my eyes.",0,0,1,0,1,0
eng_train_track_a_00294,"To this day, we're still not too sure of where it came from.",0,0,1,0,0,1
eng_train_track_a_00295,"They fit the intended recipient, but are entirely too big for my feet.",0,0,0,0,1,0
eng_train_track_a_00296,About 2 weeks ago I thought I pulled a muscle in my calf.,0,0,1,0,1,0
eng_train_track_a_00297,"X-rays do not show soft tissue damage, and I knew my bones were fine.",0,0,0,0,0,0
eng_train_track_a_00298,I remember swinging on the swings one day when I was in elementary school.,0,0,0,1,0,0
eng_train_track_a_00299,") This event happened after the war, but before the wall went up.",0,0,0,0,0,1
eng_train_track_a_00300,"Made sense, they removed all identifiable information.",0,0,0,0,0,1
eng_train_track_a_00301,"Once we got them all back into the room, one little girl ( the youngest of this group ) roughly pushed a little boy who was standing near me ( I was sitting with my legs blocking the doorway ) into the door jamb in her attempt to get out.",0,0,1,0,0,1
eng_train_track_a_00302,They were extremely close.,0,0,0,1,0,0
eng_train_track_a_00303,I tried to fight but I received a strong hit on my back of the head and everything around became so dark.,1,0,1,0,1,1
eng_train_track_a_00304,"My eyes are half-closed, heavy from the liquor and not sleepin, but still they're watchful of the tender, who they suspect of fueling the glass every time I leave to piss.",0,0,1,0,0,0
eng_train_track_a_00305,"My throat felt like I was choking down hot, spiked coals.",0,0,1,0,1,0
eng_train_track_a_00306,I also brought my bike to the beach and held it over my head standing in the ocean.,0,0,0,0,0,0
eng_train_track_a_00307,"I had no strength to reach for it, although I craved for it-since the hot water stopped flushing my skin, I felt icy needles and blades of cold air attacking my skin.",0,0,1,0,1,0
eng_train_track_a_00308,"Still numb.The numbness never left my arm, it was crazy.",0,0,1,0,1,0
eng_train_track_a_00309,The line went dead.,0,0,1,0,1,1
eng_train_track_a_00310,"My limbs wouldn't move properly then, nothingness.",0,0,1,0,1,0
eng_train_track_a_00311,"We all refer to it as the witch scream, and to this day I have no idea what made it.",0,0,1,0,0,1
eng_train_track_a_00312,He ended up skidding down the bark and scraping raw the insides of his thighs.,0,0,1,0,1,1
eng_train_track_a_00313,"The room smells like a rotting corpse, so it's nasty.",1,0,1,0,1,0
eng_train_track_a_00314,My friends were amazed none the less.,0,0,0,1,0,1
eng_train_track_a_00315,I can't bend or twist my head and no lifting anything over 10 pounds.,0,0,1,0,1,0
eng_train_track_a_00316,"I met my best female friend on omegle, she lives 3000 miles away from me and we have never met.",0,0,1,1,0,1
eng_train_track_a_00317,My heart is aching today.,0,0,1,0,1,0
eng_train_track_a_00318,"after the half day practice on wednesday, my arms were literally black and blue!",0,0,1,0,1,0
eng_train_track_a_00319,"I tried my best to keep my revulsion hidden, for things like that tend to turn my stomach, especially when the vendors claim that it is art.",0,0,1,0,1,0
eng_train_track_a_00320,We never said anything but just continued home.,0,0,0,0,1,0
eng_train_track_a_00321,Standing in court on my 23rd birthday being sentenced was the most ball shattering terrifying moment of my life,0,0,1,0,1,1
eng_train_track_a_00322,"My ankles were cuffed together, and then pulled over my head and secured to the bottom of the fence as well, catching my heels in the chain link fence.",1,0,1,0,1,0
eng_train_track_a_00323,Then my heart dropped.,0,0,1,0,1,0
eng_train_track_a_00324,It made me lose my balance and I had to lean against the bar and grab my head.,0,0,1,0,0,0
eng_train_track_a_00325,"So, I am from a science background and analyze everything skeptically.",0,0,0,0,0,0
eng_train_track_a_00326,Then it began to snow... hard.,0,0,1,0,0,1
eng_train_track_a_00327,"I tried to punch him, but my arms were tied behind my back.",1,0,1,0,0,0
eng_train_track_a_00328,"Middle school, the entire 8th grade class had to do this thing called a ""cultural fair"" where we research our lineage/cultural roots, and present it after school at night for all families to see.",0,0,1,1,0,0
eng_train_track_a_00329,Actually I remember a couple of little snippets -- at some point my chest hurting really bad and my throat was sore.,0,0,1,0,1,0
eng_train_track_a_00330,Which means I keep thinking about filing down or knocking off part of my tooth.,0,0,1,0,0,0
eng_train_track_a_00331,I certainly didn't.,0,0,0,0,0,0
eng_train_track_a_00332,"My skin blossomed in red blisters from the tape and from the places where the sheet was wrinkled against me -- such a Princess and the Pea thing, I know, but fascinating to the medical staff, who declared me to have `` bizarrely soft skin. ''",0,0,1,0,1,0
eng_train_track_a_00333,I was still naked.,0,0,1,0,0,1
eng_train_track_a_00334,"Additionally, there was snow on the ground outside, but we found no footprints around the house and no mud or water in the kitchen where the intruder had been walking.",0,0,1,0,0,1
eng_train_track_a_00335,"Sorry I missed you, call you later.",0,0,0,1,0,0
eng_train_track_a_00336,NEVER saw the kid again.,0,0,0,0,1,0
eng_train_track_a_00337,It was very weird.,0,0,1,0,0,1
eng_train_track_a_00338,He wrapped his little fingers around mine and my heart melted.,0,0,0,1,0,0
eng_train_track_a_00339,i think its more like i want to write it down so its not trapped inside my head when i die.,0,0,1,0,1,0
eng_train_track_a_00340,Twice I got it in my hands but it slipped out and bashed itself into the window again.,1,0,1,0,0,0
eng_train_track_a_00341,"White male, middle aged, male pattern baldness, coke bottle glasses.",0,0,0,0,0,0
eng_train_track_a_00342,A flame struck out at my thumb and body and I was taken back by great surprise.,0,0,1,0,0,1
eng_train_track_a_00343,Be still my heart.,0,0,0,1,0,1
eng_train_track_a_00344,This shrapnel bomb shattered the pieces of plastic into my face and legs.,1,0,1,0,1,1
eng_train_track_a_00345,"I also remember the chandelier campfires, and it was what inspired me for almost a year to tape pieces of mirror under my eyes so I could pretend I was walking on the ceilings ( though I always got a bit freaked out when I walked outside ).",0,0,1,0,0,0
eng_train_track_a_00346,I closed my eyes and more tears glided down my cheeks.,0,0,0,0,1,0
eng_train_track_a_00347,I was walking next to the truck on one of those raised cement curb bumpers when my ankle folded in half.,0,0,1,0,1,0
eng_train_track_a_00348,That's pretty creepy.,0,0,1,0,0,1
eng_train_track_a_00349,"Of course, he realizes what she actually said after the fact.",0,0,0,1,0,1
eng_train_track_a_00350,"Geez, and I'm having a hard enough time paying for my own wedding!Anyway, I checked flights later in the week only to almost gouge my eyes out when I saw how much flights were now going for.",1,0,1,0,0,0
eng_train_track_a_00351,I'm keeping my fingers and toes crossed for both of them.,0,0,1,1,0,0
eng_train_track_a_00352,the blame too easy to place on my shoulders.,1,0,0,0,1,0
eng_train_track_a_00353,"I also wrote down on a piece of paper ""You are fascinating.",0,0,0,1,0,0
eng_train_track_a_00354,well come to know i slip on the egde of the pool i do this twisting action thing hit my hip or leg on the side of the pool and then fell in with all of my clothes on.,0,0,1,0,0,1
eng_train_track_a_00355,"My shoulder ached but moved all right, and I felt a tightness on my neck.",0,0,1,0,0,0
eng_train_track_a_00356,"I keep looking around me, and it seems each time I do, I find more blessings, that have become long lost answers, spread over the forgotten wishes of my heart.",0,0,0,1,0,0
eng_train_track_a_00357,"Is it too hard to forget someone from the past, i wish i could, but its very hard, I think my heart is too big and i have to much room.",0,0,0,0,1,0
eng_train_track_a_00358,"Fox arose from his limp slumber, And drank cold water From my eyes.",0,0,0,0,1,0
eng_train_track_a_00359,I stop and wait.,0,0,1,0,0,0
eng_train_track_a_00360,"I say cool, how did he meet her.",0,0,0,1,0,1
eng_train_track_a_00361,The funeral home has since been shut down.,0,0,1,0,1,1
eng_train_track_a_00362,"I want to tell him, but I'm not ready to be lectured and have my head chewed off.",1,0,1,0,0,0
eng_train_track_a_00363,It leaves both my hands free to be able to type.,0,0,0,1,0,0
eng_train_track_a_00364,My brain's been cooking up too many ideas that I can't even write out for future references.,0,0,1,0,0,0
eng_train_track_a_00365,I have never been so embarrassed.,0,0,1,0,1,0
eng_train_track_a_00366,Ill pay you back!,0,0,0,1,0,0
eng_train_track_a_00367,"This did not seem to be a malicious spirit, just curious.",0,0,1,0,0,1
eng_train_track_a_00368,The asphalt was so hot it had burned the balls of my feet to the point of blistering from standing on it.,1,0,1,0,0,0
eng_train_track_a_00369,"In order to buy food at the festival, you have to go to a tent and buy food tickets.",0,0,0,0,0,0
eng_train_track_a_00370,"Broke up a bit later, pretty sure she was/is bipolar.",1,0,1,0,1,0
eng_train_track_a_00371,"I remembered how I dragged his box into the bedroom and the way we had fallen asleep together, my arm dangling over the side of the bed to comfort him.",0,0,0,1,0,0
eng_train_track_a_00372,My friend set me up on a blind date with this woman.,0,0,1,1,0,1
eng_train_track_a_00373,"I have a temperature, stomach cramps and a rash all over my chest and trunk.",0,0,1,0,1,0
eng_train_track_a_00374,And probably murder me.,0,0,1,0,0,0
eng_train_track_a_00375,"I went up on stage and sang my heart out, and afterwards signed up to sing another song with Becca ( alas we ran out of time ), and though I don't know any dance moves, I got a bit of a rythm, so it was all good!",0,0,0,1,0,0
eng_train_track_a_00376,melancholy I got up for work this morning and turned on the news like usual but i heard a story that broke my heart and brought me to tears.,0,0,1,0,1,0
eng_train_track_a_00377,And now my lips are sealed.,0,0,0,0,0,0
eng_train_track_a_00378,I could not believe how fast it went considering I had to stay on my back the whole labor.,0,0,1,0,0,1
eng_train_track_a_00379,"I first had weakness in my left hand and gradually lost the use of my hands, arms and legs.",0,0,1,0,1,0
eng_train_track_a_00380,Grief does funny things.,0,0,1,0,1,1
eng_train_track_a_00381,"It wasn't easy, I told myself; I was running short of breaths and I believed my face was red and then pale ( or was it the other way round? )",0,0,1,0,1,0
eng_train_track_a_00382,I put my hands over my face and went back into my room.,0,0,1,0,1,0
eng_train_track_a_00383,But I really do know it is my heart speaking through me and i am being taken over by the heart and not the mind i feel inspired.,0,0,0,1,0,0
eng_train_track_a_00384,"That was a 16 hour day, 19 for most people, except I pulled a muscle in my back and couldn't move without being in excruciating pain.",0,0,1,0,1,0
eng_train_track_a_00385,"I was just determined to do it, got my head down and went ahead with it.",0,0,0,1,0,0
eng_train_track_a_00386,Whatever was stuffing up my head yesterday moved into my chest.,0,0,1,0,1,0
eng_train_track_a_00387,"Ah, internet dating, it's a fun world.",0,0,0,1,0,0
eng_train_track_a_00388,"With this holy oath I set my foot upon the path, the Druid's Way, and I vow to make my dedication plain.",0,0,0,1,0,0
eng_train_track_a_00389,I decide to stay awake and just well sit on my laptop.,0,0,0,0,0,0
eng_train_track_a_00390,That was 21 years ago.,0,0,0,0,1,0
eng_train_track_a_00391,he got pretty fucking scared and started sprinting away from me.,0,0,1,0,0,1
eng_train_track_a_00392,I caught a quite a few rip-able one and was really relishing the new board under my feet.,0,0,0,1,0,0
eng_train_track_a_00393,"Curtain pulled back, I shield my eyes for a moment, glare adjustment then neon colour washes over my face -- slack-jawed, open-mouthed awe $",0,0,0,1,0,1
eng_train_track_a_00394,So I go to the doctor and I tell him about getting the sharp pain in my back and how that hasn't gone away and how my hand is numb.,0,0,1,0,0,0
eng_train_track_a_00395,I go to New York City about once a year to visit family.,0,0,0,1,0,0
eng_train_track_a_00396,The children felt like they were being told telepathically that there was great danger ahead.,0,0,1,0,0,1
eng_train_track_a_00397,*** It was 11:45 pm when my cell phone buzzed in my pocket and my eyes fluttered open.,0,0,0,0,0,1
eng_train_track_a_00398,More news as soon as I can get my head around it.,0,0,1,0,0,0
eng_train_track_a_00399,The next day the drain clogged up.,1,0,0,0,0,0
eng_train_track_a_00400,"And all of the other daily dramas that are taking up the forefront of my mind -- jobs and friends and family and bills and snow and more about the jobs -- all of these things are nothing to my heart, which just keeps on beating, keeps on doing its job.",0,0,0,0,0,0
eng_train_track_a_00401,"It was a weird feeling, building up in my chest and my head and then it all switched and I couldn't turn it back!Seriously, try it!First of all, I started off right-brained.",0,0,1,0,0,1
eng_train_track_a_00402,"`` Out of my mouth came, `` I didn't see Creepy... `` First of all my brain did not process, that I was trying to even say anything.",0,0,1,0,0,1
eng_train_track_a_00403,The gust grew stronger and stronger till I felt I was about to be lifted from my feet.,0,0,1,0,0,1
eng_train_track_a_00404,I was taken away and never saw him get up.,0,0,1,0,1,0
eng_train_track_a_00405,"I take his word for it, and close my eyes.",0,0,0,0,0,0
eng_train_track_a_00406,You can tell he puts *a lot* of time into it.,0,0,0,1,0,0
eng_train_track_a_00407,Her are a few things that went through my head.,0,0,1,0,0,0
eng_train_track_a_00408,Her hair a mess and her words strained.,0,0,1,0,1,0
eng_train_track_a_00409,more funny than creepy being on this side of the story:,0,0,1,1,0,1
eng_train_track_a_00410,"Nobody had lived there in a very, very long time.",0,0,1,0,1,1
eng_train_track_a_00411,"Grandma leaned forward, let out a sigh of relief and died.",0,0,1,0,1,1
eng_train_track_a_00412,I have to go deep in myself not to walk down the familiar streets in my head.,0,0,1,0,1,0
eng_train_track_a_00413,"My eyes scanned the place, looking for Cody and I found him; wrestling on the sand with monkey boy for a volleyball.",0,0,0,1,0,0
eng_train_track_a_00414,"I can't stand the gelatinous tomato soup bit, or the soggy noodle letters, or the taste.",1,0,1,0,0,0
eng_train_track_a_00415,I had worked and my hand's still hurt and all kinds of bullshit lazy Cleo reasons for not going out and having fun when I have time.,1,0,1,0,1,0
eng_train_track_a_00416,Both times catastrophically embarrassing for me.,0,0,1,0,1,0
eng_train_track_a_00417,there are just 2 small parts that stick out in my head and make me so happy.,0,0,0,1,0,0
eng_train_track_a_00418,I could not wipe the smile off my face.,0,0,0,1,0,0
eng_train_track_a_00419,I was so eager and excited to leave to the point I had butterflies in my stomach.,0,0,0,1,0,0
eng_train_track_a_00420,"My eyes popped open, and logic dictated that I should let her go.",0,0,1,0,0,1
eng_train_track_a_00421,I was horribly mistaken.,0,0,1,0,1,1
eng_train_track_a_00422,He looked completely lost.,0,0,1,0,1,0
eng_train_track_a_00423,"I cleaned naked, I cooked naked, I ate naked, I drove him around naked, I waited in the car naked.",0,0,1,0,0,1
eng_train_track_a_00424,"i didn't mind because the track was awesome and i wasn't too tired, i just had a huge blister on my thumb.",0,0,0,1,0,0
eng_train_track_a_00425,"The wind was in my face, and my nose was cold.",0,0,1,0,0,0
eng_train_track_a_00426,My grandfather was a keen hunter.,0,0,0,0,0,0
eng_train_track_a_00427,"Several bees had managed to penetrate right through the gloves, but I know there must have been more since I think I must have put my hands right into the top of the nest.I tried some vinegar to ease the pain: no luck.",0,0,1,0,0,0
eng_train_track_a_00428,Barbell Rows 6 x 4 x 185 # The SSB absolutely tore up my back.,0,0,0,0,1,0
eng_train_track_a_00429,Totally creeped me out.,0,0,1,0,0,1
eng_train_track_a_00430,There was something about the way it was moving that didn't look or feel right.,0,0,1,0,0,1
eng_train_track_a_00431,"We all decided to calm down, we thought that it was probably something when your phone activates something, thats all.",0,0,1,0,0,1
eng_train_track_a_00432,You can move it.,0,0,0,0,0,0
eng_train_track_a_00433,"Sometimes the two colide so well together, my house becomes as much of a mess as my head is and it's emberassing to show.",0,0,1,0,1,0
eng_train_track_a_00434,"Once that whole thing was all over and done with, my nose began to tickle uncontrollably.",0,0,0,0,0,0
eng_train_track_a_00435,"I was ecstatic, but the joy was fleeting.",0,0,0,1,1,0
eng_train_track_a_00436,"Within a minute my arm had swollen up, it was sore and bruised.",0,0,1,0,1,0
eng_train_track_a_00437,My hand shook on the trigger as the sight of my rifle fell upon my enemy.,0,0,1,0,0,0
eng_train_track_a_00438,"I have lots of acquaintances, and a few people that I hang out with on a regular basis, but I still haven't found a friend that I actually like a whole lot, because after maybe a month or four, everyone that I get semi-close to starts to get on my nerves.",1,0,1,0,0,0
eng_train_track_a_00439,"Friend is gay, one of his freshman roommates tried to kill him by putting isopropyl alcohol in his vodka.",1,0,1,0,1,1
eng_train_track_a_00440,"*With a screech, the green witch snatched her broom and flew out her window.",0,0,1,0,0,1
eng_train_track_a_00441,The day was hot and still; the air lay close against my face.,0,0,0,0,0,0
eng_train_track_a_00442,"Not a great first impression, but we brush it off.",1,0,0,1,0,0
eng_train_track_a_00443,My stomach is ichy and achy.,0,0,1,0,1,0
eng_train_track_a_00444,He ran outside with it to find this man at the bottom of our driveway.,0,0,1,0,0,1
eng_train_track_a_00445,"It will not be my dream job, but it will be okay.",0,0,0,1,1,0
eng_train_track_a_00446,I couldn't stop crying.,0,0,1,0,1,0
eng_train_track_a_00447,By the time we left bloomingdales I could have collapsed but I genuinely think I was numb from the horrific pain in my feet.,0,0,1,0,1,0
eng_train_track_a_00448,my face was gaunt and thin and my eyes sunked in to my head.,0,0,1,0,1,0
eng_train_track_a_00449,"She closed her eyes for a moment, the air stinging them.",0,0,1,0,0,0
eng_train_track_a_00450,We stop dead in our tracks.,0,0,1,0,0,1
eng_train_track_a_00451,"My knees put an end to that pretty quickly, but not bad for the first time.",0,0,0,1,0,0
eng_train_track_a_00452,We send holiday wishes and we have invitations to dinner if ever in the same city (never taken up)  I could have gotten impatient and angry about the mix ups but a little patience and common courtesy has turned him into a friend.,0,0,0,1,0,0
eng_train_track_a_00453,pounding my fists and screaming to a god that is not there; it's sad there had to be a battle sad i had to loose.,1,0,1,0,1,0
eng_train_track_a_00454,"The smell of rain, the feel of the drops against my skin, all were welcome feelings.",0,0,0,1,0,0
eng_train_track_a_00455,By this time the day was heating up and I tied my jacket around my waist.,0,0,0,0,0,0
eng_train_track_a_00456,Boy was I wrong.,0,0,1,0,1,1
eng_train_track_a_00457,at first was okay when i let my sleeve down during duty was like so freaking warm inside my hand please.,0,0,0,1,0,0
eng_train_track_a_00458,"Vomit lots, and lots.",0,0,1,0,0,0
eng_train_track_a_00459,It felt like someone was squeezing my heart.,0,0,1,0,1,0
eng_train_track_a_00460,What didn't feel great was my throat and lungs.,0,0,1,0,1,0
eng_train_track_a_00461,"When she decided it was time to go back to my stall, I didn't want to leave and I pretended I didn't know she was asking me to pick up my head.",0,0,1,0,1,0
eng_train_track_a_00462,"I heard and felt my rib give where it was recently cracked, and I'm pretty certain it cracked again.",0,0,1,0,1,0
eng_train_track_a_00463,He was my dad.,0,0,0,0,1,0
eng_train_track_a_00464,"Lots of lies, deceit, and manipulation.",1,0,1,0,1,0
eng_train_track_a_00465,"The light pierced through my half lidded eyes and I winced, squeezing my eyes shut once more.",0,0,1,0,0,0
eng_train_track_a_00466,"He saw blood and said,  ""Mommy!",0,0,1,0,1,1
eng_train_track_a_00467,One time she showed up to my door wearing a long coat and nothing but stockings and heels underneath.,0,0,1,0,0,1
eng_train_track_a_00468,"Eventually, the cramps went away, but left my feet feeling sore and uncomfortable.",0,0,1,0,1,0
eng_train_track_a_00469,They wanted to open the Femoral artery in my right leg and insert a long tube up towards my heart.,0,0,1,0,0,0
eng_train_track_a_00470,"My latest conquest, so proud they'd be.",0,0,0,1,0,0
eng_train_track_a_00471,My heart shattered into a million little pieces.,0,0,0,0,1,0
eng_train_track_a_00472,It hurt so much.,0,0,1,0,1,0
eng_train_track_a_00473,"My mouth gets dry, I feel like I'm not breathing, my heart is beating too fast, and then my legs start spasming ( shaking just doesn't seem to be the right word ).",0,0,1,0,0,0
eng_train_track_a_00474,"it ended quickly, amidst lots of petty jealousy.",1,0,0,0,1,0
eng_train_track_a_00475,"When they got back I was slumped on the couch with my back to the door, playing on a laptop.",0,0,0,0,0,0
eng_train_track_a_00476,"I sighed heavily and flipped the blade in my hand, gently pressing the hilt to his forehead.",1,0,1,0,0,0
eng_train_track_a_00477,the odds are phenomenal.,0,0,0,1,0,1
eng_train_track_a_00478,A smile spread across my face.,0,0,0,1,0,0
eng_train_track_a_00479,"If your family gets sick, please leave your door open.",0,0,1,0,0,0
eng_train_track_a_00480,"I started out the run, and before too long something caught my eye in the snow.",0,0,0,0,0,1
eng_train_track_a_00481,"I walked into the coffee shop, my eyelids straining to get out of my pupils ' way.",0,0,1,0,0,0
eng_train_track_a_00482,"My stomach felt a bit queasy all day yesterday so it was difficult for me to eat a lot, but I managed to have half a banana and a lot of water immediately after the race.",0,0,1,0,1,0
eng_train_track_a_00483,& # x 26; nbsp; The rocks were so slippery and I kept bending my ankle between rocks.,0,0,1,0,0,0
eng_train_track_a_00484,The look of shock on his sugar-infused face will be seared into my memory until the end of time.,0,0,1,0,0,1
eng_train_track_a_00485,This said brand canceled their contract with them as well.,0,0,0,0,1,1
eng_train_track_a_00486,I would then freeze with fear.,0,0,1,0,0,0
eng_train_track_a_00487,He didn't swerve.,0,0,1,0,0,0
eng_train_track_a_00488,"No footprints in the snow, no houses, nothing.",0,0,1,0,1,1
eng_train_track_a_00489,I couldn't put my finger on it.,0,0,1,0,0,1
eng_train_track_a_00490,He let a raccoon into our house.,1,0,1,0,0,1
eng_train_track_a_00491,This was last year.,0,0,0,0,0,0
eng_train_track_a_00492,Whats a typical possession?,0,0,0,0,0,1
eng_train_track_a_00493,I'm not sure I really even knew what the movie was about by the time it was done because my nerves were completely shot.,0,0,1,0,0,0
eng_train_track_a_00494,"I can see you, I can see you, I can see you.",0,0,1,0,0,1
eng_train_track_a_00495,"I squeeze my eyes shut to stop the replaying of frames I've just witnessed, tighten my legs, and point my toes which I always do when I want to come.",0,0,1,0,0,0
eng_train_track_a_00496,"I looked down at my feet, and saw that the waves had kicked up some of her trash.",0,0,0,0,0,0
eng_train_track_a_00497,I did most of the skills ok but when I had to remove my mask I paniced and couldnt breathe properly and the instructor had to pinch my nose to help me!,0,0,1,0,0,0
eng_train_track_a_00498,"2 minutes later, I hear sobbing coming from the toilet.",0,0,1,0,1,0
eng_train_track_a_00499,"The feeling in my stomach, I can not bear.",0,0,1,0,1,0
eng_train_track_a_00500,I have to admit that when I started reading Terri's raves for the electrolyte supplement called Endurolytes on her Middle of the Pack Girl blog I sorta rolled my eyes.,1,0,0,0,0,0
eng_train_track_a_00501,My ankle somehow blew up again ( I had a severe sprain in December as in my ankle literally did a 180 and somehow didn't break.,0,0,1,0,1,0
eng_train_track_a_00502,Focusing half my brain on the maniac and the other half on my son and with a police officer in the phone.,0,0,1,0,0,0
eng_train_track_a_00503,"If something goes wrong, so be it, its life, nobody is perfect.",0,0,0,1,0,0
eng_train_track_a_00504,and we blame it all on faulty wiring.,0,0,0,0,0,1
eng_train_track_a_00505,"Now, we've got a good size-family, so this would mean things like inviting one cousin that she'd met, but not their parents or siblings that lived out of town, etc.",0,0,0,1,0,0
eng_train_track_a_00506,"It felt good in my hands, it felt RIGHT.",0,0,0,1,0,0
eng_train_track_a_00507,"But she doesn't know how much I ache whenever she touches me with those hands, those eyes, those lips, that ache that connects my heart, my gut, and my cunt in one fell swoop.",1,0,0,0,1,0
eng_train_track_a_00508,I just wanted him to feel how crappy it was to be robbed.,1,0,1,0,0,0
eng_train_track_a_00509,"I lowered my head so it fell across my face, a good excuse not to look directly at Cody.",0,0,1,0,0,0
eng_train_track_a_00510,One night I woke up to a strange noise in the corner of my room so I look over and see this huge guy in a trench coat and a hat standing in the corner of my room.,0,0,1,0,0,1
eng_train_track_a_00511,It was drug related.,0,0,1,0,1,0
eng_train_track_a_00512,I will never forget that night.,0,0,1,0,1,1
eng_train_track_a_00513,"' Then, I focused my eyes and looked at it again and saw $ 24.99 and was a little disappointed.",0,0,0,0,1,0
eng_train_track_a_00514,I closed my eyes really tight.,0,0,1,0,0,0
eng_train_track_a_00515,"Sadly we lost, but at the end of the game he came up to me, and shook my hand this time.",0,0,0,1,1,0
eng_train_track_a_00516,"I sensed, and then saw four short (about 3 feet tall), gray-colored 'beings' with large dark eyes next to my side of the bed (on my left).",0,0,1,0,0,1
eng_train_track_a_00517,I was wearing 45spf sunscreen and I still got some colour on my forearms.,0,0,1,0,0,0
eng_train_track_a_00518,My throat hurts!,0,0,1,0,0,0
eng_train_track_a_00519,"My knee was bound in an ace bandage and I could walk without limping, but still.",0,0,1,0,1,0
eng_train_track_a_00520,The doctor had me put my feet in the stirrups and raised the chair and tilted me back.,0,0,1,0,0,0
eng_train_track_a_00521,I raised my eyebrows suspiciously.,0,0,1,0,0,0
eng_train_track_a_00522,"As I lay in grief, my stomach, a deep bottomless pit, wrestles for food.",0,0,1,0,1,0
eng_train_track_a_00523,It was the first blog of many that I wrote about having cancer on my nose.,0,0,1,0,1,0
eng_train_track_a_00524,"The lady with the suction thing kept getting it stuck on my tongue so it made this weird duck noise, which made me giggle nervously and delay the entire procedure.",0,0,1,1,0,1
eng_train_track_a_00525,"It cost us a lot of energy and strength, and my palms still hurt from dragging the damn suitcase, I limp when I walk from all the running and exhaustion $ but I'm home.",0,0,1,0,1,0
eng_train_track_a_00526,"And through all this, she smiled and was positive and still views it as a perfect day.",0,0,0,1,0,0
eng_train_track_a_00527,I rolled my eyes.,1,0,0,0,0,0
eng_train_track_a_00528,It was just garbled.,0,0,1,0,0,1
eng_train_track_a_00529,I tried to understand the thoughts and mixed emotions that were running through my head.,0,0,1,0,0,0
eng_train_track_a_00530,I could not believe my eyes.,0,0,0,0,0,1
eng_train_track_a_00531,My feet were pretty sore and I was complaining about how I wish I could sit down.,0,0,1,0,1,0
eng_train_track_a_00532,My heart immediately hurt.,0,0,1,0,1,0
eng_train_track_a_00533,"I could see the texture of the paint on the wall beside my head, and the texture of the fake wood closet doors, the cradle beneath the window.",0,0,0,0,0,0
eng_train_track_a_00534,I had a dream one night of a golden-haired child.,0,0,0,1,0,1
eng_train_track_a_00535,"Buried, alone, and sad.",0,0,1,0,1,0
eng_train_track_a_00536,"I was aghast but attempted to help her, so as not to tear the dress or hurt my arms.",0,0,1,0,0,0
eng_train_track_a_00537,She shows up to work the next day with bruises It was too much to handle.,0,0,1,0,1,1
eng_train_track_a_00538,"My stomach had been upset and was bothering me since I woke up, so I stopped at Sonic and got a Sunrise Smoothie for breakfast before heading to work.",0,0,1,0,1,0
eng_train_track_a_00539,I stopped and picked up handfuls of it and tried to pack it together into a ball but it fell out of my hands like dust.,0,0,1,0,1,0
eng_train_track_a_00540,my lungs and chest have hurt for 6 days straight.,0,0,1,0,1,0
eng_train_track_a_00541,I could feel it running along my neck until it reached my shirt and soaked in.,0,0,1,0,0,0
eng_train_track_a_00542,"In fact, my early life had so many of these kinds of influences, it's hard to remember them all; various ways and means that taught me to associate the motifs rambling around in my head with eventual written notes on a page.",0,0,0,0,0,0
eng_train_track_a_00543,Grandma died of an massive heart attack before our daughter was born.,0,0,1,0,1,0
eng_train_track_a_00544,"There's all this stuff I got ta do, and all the while there's this constant nagging thought in the back of my head ` should I really be here?",0,0,1,0,0,0
eng_train_track_a_00545,It was psychological torture...,1,0,1,0,1,0
eng_train_track_a_00546,I was wearing khaki pants.,0,0,0,0,0,0
eng_train_track_a_00547,I hollered but nobody came to see it.,1,0,1,0,1,1
eng_train_track_a_00548,He also had me march in place and stop to see how my feet naturally align.,0,0,1,0,0,0
eng_train_track_a_00549,i had dirt all over my face which was different... I guess but it was cool!,0,0,0,1,0,0
eng_train_track_a_00550,"Exactly a year ago i remember sitting at home on my laptop, talking to adam and whoever else, it wasnt quit as cold as it has been lately and i remember having a huge smile on my face.",0,0,0,1,1,0
eng_train_track_a_00551,"I think I watched the last 20 laps holding my breath, and the last ten with my hands over my eyes.",0,0,1,0,0,0
eng_train_track_a_00552,"There was years of ""stuff"" in the house.",0,0,0,0,1,1
eng_train_track_a_00553,is in my eyes... see... Heh.,0,0,0,1,0,0
eng_train_track_a_00554,"Now I'm awake, the knot is gone but my muscles are sore and I still have to make a conscious effort to relax or the pain comes back a little.",0,0,1,0,0,0
eng_train_track_a_00555,"26 January 2011 @ 04:45 pm Boys & Girls 718 Crawled out of bed at a disgraceful hour, was stuffing my face with chocolate cereal... The doorbell rings REALLY violently-you know people can ring the doorbell really commandingly and scairly, yeah like that.",0,0,1,0,0,0
eng_train_track_a_00556,We headed north on a sunny Saturday morning in what has become our standard mode of travel-Todd with the steering wheel in one hand and a cup of coffee in the other; me with my nose buried in a book.,0,0,0,1,0,0
eng_train_track_a_00557,I looked down to find five small white arrows piercing my chest.,0,0,1,0,1,1
eng_train_track_a_00558,I've never gone back there.,0,0,1,0,1,0
eng_train_track_a_00559,This is pretty tame.,0,0,0,1,0,0
eng_train_track_a_00560,The parallel universe answering machine:,0,0,0,0,0,1
eng_train_track_a_00561,Hoping this isn't too late to post.,0,0,1,0,1,0
eng_train_track_a_00562,"The file it was supposed to play became completely corrupt, and I had a very strange nightmare.",0,0,1,0,1,1
eng_train_track_a_00563,Called it right away.,0,0,0,0,0,0
eng_train_track_a_00564,My legs felt weak.,0,0,1,0,0,0
eng_train_track_a_00565,"Back to my dear old pals at the walk-in clinic to get a prescription for better eyedrops.Oh, and my throat hurts like hell again.",0,0,1,0,1,0
eng_train_track_a_00566,"It is a huge property with an 1850's settlement house, large interpretive/nature center, replica native american village, and about 100 acres of old growth oak forrest with hiking trails.",0,0,0,1,0,1
eng_train_track_a_00567,I shall now write an abridged version of the second chapter: Chapter 2 I blinked and rubbed my eyes.,0,0,0,0,0,0
eng_train_track_a_00568,"My knees remained together throughout, but my clitty kept becoming excited.",0,0,1,0,0,0
eng_train_track_a_00569,My sleepy head forced me to sleep and my eyelids felt very heavy that I had to surrender and doze off.,0,0,0,0,0,0
eng_train_track_a_00570,Mile 20 my feet were starting to get mad.,0,0,1,0,0,0
eng_train_track_a_00571,Our hands outstretched for the most amazing high five of my life.,0,0,0,1,0,1
eng_train_track_a_00572,"We paid $269 for our standby tickets, and one first-class seat was about $11,000.",1,0,0,0,0,1
eng_train_track_a_00573,"Then, we issued the first strike.",1,0,1,0,0,0
eng_train_track_a_00574,"i later figured out from the doctor that even though my arm was broken, i was impailed by something metal off the other drivers car and was told that i wasn't going to make it.",1,0,1,0,1,1
eng_train_track_a_00575,Immediately I regretted leaving behind my sunglasses as my eyes switched to squint mode to protect themselves.,0,0,1,0,0,0
eng_train_track_a_00576,"Our G-mail accounts are one letter apart, mine having an ""L"" in the middle for my middle initial.",0,0,0,1,0,1
eng_train_track_a_00577,"My face is cold, and my hands are guilty.",0,0,1,0,1,0
eng_train_track_a_00578,"My last sentence was ""I know you're right but still"".",0,0,0,0,1,0
eng_train_track_a_00579,I feel like Ted the Sad Sap.,0,0,0,0,1,0
eng_train_track_a_00580,"The hand returned, a welcoming gesture, an unwelcome sensation.",1,0,1,0,1,1
eng_train_track_a_00581,My parents took me up there for my 16th birthday.,0,0,0,1,0,0
eng_train_track_a_00582,"Nothing there, but the sound was still going on, and sounded like it was right there.",0,0,1,0,0,1
eng_train_track_a_00583,What did I see?,0,0,1,0,0,1
eng_train_track_a_00584,My brain is like mush.,0,0,1,0,1,0
eng_train_track_a_00585,"""   best friends ever since",0,0,0,1,0,0
eng_train_track_a_00586,In the eastern States right up to my neck of the woods in Canada.,0,0,0,0,0,0
eng_train_track_a_00587,So it's been hanging over my head.,0,0,1,0,1,1
eng_train_track_a_00588,I lost my job.,0,0,1,0,1,0
eng_train_track_a_00589,"Pauly and I went over to the PokerStars party and I downed some pork tenderloin, caesar salad, and tortellini with pesto sauce along with one Bahama Mama ( a tasty pink rum concoction ) to settle my nerves.",0,0,1,1,0,0
eng_train_track_a_00590,"I put em in a bowl anyway, brushed my teeth, chugged a smoothy and went to work.",0,0,0,0,0,0
eng_train_track_a_00591,She was an ugly and weird girl.,1,0,0,0,0,0
eng_train_track_a_00592,I never close my eyes.,0,0,1,0,1,0
eng_train_track_a_00593,"I've never seen my mom drunk before, never since.",0,0,1,0,1,1
eng_train_track_a_00594,"But for this time, I took my heart with me, to indulge myself into the song after I seen Sarah blogging in her post; I can feel what she is feeling.",0,0,0,1,0,0
eng_train_track_a_00595,""" As much as i urge for the answer no stranger seems to talk about it.",1,0,1,0,1,1
eng_train_track_a_00596,"Once, while lying in bed falling asleep, I felt that the zombie apocalypse was beginning at that very moment.",0,0,1,0,0,1
eng_train_track_a_00597,"Needless to say, we were gone that day.",0,0,1,0,0,1
eng_train_track_a_00598,"All on my lonesome, thanks for all the encouragement, it was worth it, I went on Wednesday morning and it still hurts to sit down / raise my arms / move, but especially my triceps.",0,0,0,0,1,0
eng_train_track_a_00599,I tried to be a fly on the wall for them.,0,0,1,0,0,0
eng_train_track_a_00600,"It was absolutely delicious and I enjoyed every bite, trying to push guilty thoughts out of my head, although I couldn't stop thinking all afternoon about how many calories must have been in there!",0,0,1,1,0,0
eng_train_track_a_00601,I suffered from severe trauma as a child.,0,0,1,0,1,0
eng_train_track_a_00602,"It was a perfectly clear night, and I mean like we could see the Milky Way.",0,0,0,1,0,1
eng_train_track_a_00603,I've never gone back.,0,0,1,0,1,0
eng_train_track_a_00604,"Because neither of us could drive, he also had to go to dinner with the other two beforehand and meet up with me at the show.",0,0,1,0,0,0
eng_train_track_a_00605,"Its like a dream, flying through my head.",0,0,0,1,0,0
eng_train_track_a_00606,"My heart, it was finally home.",0,0,0,1,0,0
eng_train_track_a_00607,"( my foot, i think, had stopped bleeding for the most part by now. )",0,0,1,0,0,0
eng_train_track_a_00608,"So, for the second time in less than twenty minutes, Ive had my dream crushed and my blood pressure boiling.",1,0,1,0,1,0
eng_train_track_a_00609,"but, within seconds i regained myself and pulled off the rings on my fingers and went after the manic destroying all perceptions of herself.",1,0,0,0,0,0
eng_train_track_a_00610,"I suppose I could put a piece of my heart in there, too, since our children are exactly that, aren't they?",0,0,0,0,0,0
eng_train_track_a_00611,On march 25 2008 i broke my first bones i broke my hand and 1 finger so far but after i broke it i still went and played with my friends i never knew i broke it so i plsyed air soft and rode a motor bike it was fun then my mom was cureios so we went to the docters office and i got a thing like a half cast i broke my right hand so i cant write very well and its weird havin a splint thing.,0,0,1,1,1,0
eng_train_track_a_00612,"My ankle is feeling 100x better, but now my knee is ridiculous swollen.",0,0,0,1,1,0
eng_train_track_a_00613,""" It was super creepy.",0,0,1,0,0,1
eng_train_track_a_00614,"Me: ""Negative, you'll never catch me.",0,0,1,1,0,1
eng_train_track_a_00615,"My head throbbed with every word that was spoken and while I had ignored it, it was getting to be too much.",0,0,1,0,1,0
eng_train_track_a_00616,"and then i feel my heart join in the fun, crazy racing rabbit shit.",0,0,0,1,0,0
eng_train_track_a_00617,Wait around... Getting pissed.,1,0,1,0,0,0
eng_train_track_a_00618,I try to slow down things.,0,0,1,0,0,0
eng_train_track_a_00619,"I used to play halo semi professionally, I know a ton of ppl on xbox live and have met a good amount of them in person at tournaments but a lot I still haven't.",0,0,0,1,0,0
eng_train_track_a_00620,Open to close person.,0,0,0,0,0,0
eng_train_track_a_00621,"But here I am sitting at my computer at work, when I begin to relive the whole episode over in my head.",0,0,1,0,1,0
eng_train_track_a_00622,"The sun seems brighter on those mornings, head clearer, mind sharper, expertly spreading happiness with my eyes.",0,0,0,1,0,0
eng_train_track_a_00623,"And I said, `` Hey wait a second, one of the songs titles sounds familiar... `` AFTER MONTHS OF WRACKING MY BRAIN, I HAVE THE TITLE AND SONG ITSELF.",0,0,0,1,0,1
eng_train_track_a_00624,this person i saw was a shadow and pitch black.,0,0,1,0,0,1
eng_train_track_a_00625,"Yesterday my back stared killing me, by 4:30 the pain was unbearable.",0,0,1,0,1,0
eng_train_track_a_00626,"Warm, salty tears slowly rolled down my face and made my goggles wet.",0,0,0,0,1,0
eng_train_track_a_00627,"In other news, my hand is killing me.",0,0,1,0,1,0
eng_train_track_a_00628,Shortly after finishing university I had what I think of as my first successful  independent adult relationship.,0,0,0,1,0,0
eng_train_track_a_00629,"Leaning my head back into the basin, I close my eyes and as the young girl behind me streams hot water through my hair, I feel the jangling tension slowly subsiding inside my body.",0,0,0,1,0,0
eng_train_track_a_00630,is fatalistic but explains too many things conveniently in my life for my continued use to repeat in my head.,0,0,1,0,1,0
eng_train_track_a_00631,"Now the sunshine is out and bright against my right side of my face, just like it was after I had my hair done.",0,0,0,1,0,0
eng_train_track_a_00632,"I saw that, too.",0,0,0,0,0,1
eng_train_track_a_00633,Talk about nerve-racking.,0,0,1,0,0,0
eng_train_track_a_00634,This will probably get buried but...,0,0,1,0,1,0
eng_train_track_a_00635,I had a really nice boss and a kush part-time accounting job during college.,0,0,0,1,0,0
eng_train_track_a_00636,"For example, if I'm standing at a bank of elevators, I'll mindlessly choose one, stand in front of it, and it'll be the first one to arrive.",0,0,0,1,0,1
eng_train_track_a_00637,"Suddenly, this bright white flashing light goes off.",0,0,1,0,0,1
eng_train_track_a_00638,"I sat up, turned, and saw two glowing green eyes.",0,0,1,0,0,1
eng_train_track_a_00639,I used to be a miner.,0,0,0,0,1,0
eng_train_track_a_00640,There was chinchilla poop *everywhere*.,1,0,1,0,0,1
eng_train_track_a_00641,I get extreme anxiety from this.,0,0,1,0,0,0
eng_train_track_a_00642,After about 30 seconds something in my brain clicked and seemed to indicate to me that my front door does not in fact open by pushing the button repeatedly on my car's key less entry thingie.,0,0,0,1,0,1
eng_train_track_a_00643,Luckily fellow first grade students were awesome and they either felt sorry for me or completely forgot about it the next day.,0,0,0,1,1,0
eng_train_track_a_00644,That same ragged breath.,0,0,1,0,1,0
eng_train_track_a_00645,He shat himself TERRIBLY and ran home.,0,0,1,0,0,1
eng_train_track_a_00646,I guess my eyebrows were missing each other and needed to grow closer... and so they were really trying to get super close.,0,0,0,1,0,0
eng_train_track_a_00647,"wishing i had triple a, i stick out my thumb.",0,0,0,0,0,0
eng_train_track_a_00648,I must have been only six years old when this happened.,0,0,0,0,0,0
eng_train_track_a_00649,"I have another drink, punch his number into my phone and rest my thumb on the call button.",0,0,1,0,0,0
eng_train_track_a_00650,Don't mess with my orange juice.,1,0,0,0,0,0
eng_train_track_a_00651,it was really strange since I braced to hit the wall and ended up falling to the ground.,0,0,1,0,0,1
eng_train_track_a_00652,"Oh well, Bride's Day, Bride's Way!",0,0,0,1,0,0
eng_train_track_a_00653,"Shortly, he went to lie on the couch and fell asleep.",0,0,0,1,0,0
eng_train_track_a_00654,Least odd bit of these three stories:,0,0,0,0,0,1
eng_train_track_a_00655,I also danced so much that my calves hurt for 3 days.,0,0,0,1,0,0
eng_train_track_a_00656,"When I was raised, my parents had a strict religious work ethic.",0,0,0,0,1,0
eng_train_track_a_00657,I've been feeling some weird guilt.,0,0,1,0,1,0
eng_train_track_a_00658,"' ( today ) So the story of my grandparents ' illness continues... I'm scorching my tongue on coffee, and my head on looking at the screen.",0,0,1,0,1,0
eng_train_track_a_00659,Hit it off really well.,0,0,0,1,0,0
eng_train_track_a_00660,I had my eye on the fabric for months.,0,0,0,1,0,0
eng_train_track_a_00661,I am still getting used to getting my feet in and out of the clips on the spd pedals.,0,0,1,0,0,0
eng_train_track_a_00662,i brush my teeth at least twice a day.,0,0,0,0,0,0
eng_train_track_a_00663,"i got a labrador puppy for my 4th birthday, greatest present ever.",0,0,0,1,0,1
eng_train_track_a_00664,"Shadows Falls new CD `` Threads of Life '', in my eyes, can be placed alongside '' The Art of Balance '' and `` The War Within ''.",0,0,0,1,0,0
eng_train_track_a_00665,"""Jeff what is that?",0,0,1,0,0,1
eng_train_track_a_00666,"Un-luckily, I missed two days of work last week; the day the nurse told me to go home, and Thursday, because my throat was so sore waking up that I couldn't talk.",0,0,1,0,1,0
eng_train_track_a_00667,I don't need this job and you know it.,1,0,0,0,0,0
eng_train_track_a_00668,"My parents kept yelling while I walked into the living room and started watching tv, knife still protruding from my lung.",1,0,1,0,1,1
eng_train_track_a_00669,I am so afraid of sleeping on my back that I don't sleep well during the night.,0,0,1,0,0,0
eng_train_track_a_00670,I will probably die never knowing more of him.,0,0,1,0,1,0
eng_train_track_a_00671,`` I brought my hand up to my forehead and gave him a salute.,0,0,0,0,0,0
eng_train_track_a_00672,Until then I'm just a ghost in the shadows... A very odd ghost that knows her throwaway,0,0,1,0,1,1
eng_train_track_a_00673,Posted by Melissa at 10:29 AM Atrial Fibrillation Revisit At the end of lunch on Tuesday I felt my heart start racing.,0,0,1,0,0,0
eng_train_track_a_00674,"She laughs, because she's so very nervous.",0,0,1,1,0,0
eng_train_track_a_00675,I look underhand nothing was there.,0,0,1,0,0,1
eng_train_track_a_00676,"some days its like there is a fog sitting on top of my brain, and i can't seem to get rid of it.",0,0,1,0,1,0
eng_train_track_a_00677,"So, in order to impress her I put on a brave face and shook my head with a scoff.",0,0,0,0,0,0
eng_train_track_a_00678,The person becomes extremely powerful,0,0,1,0,0,1
eng_train_track_a_00679,"is not an option, by it's me in my natural pajama-clad state with no make-up aside from some optical enhancement that didn't want to wash off, without done-up hair, and with the zit on my forehead that I've been battling for about a week free and red and proud, and that's the spirit of the meme, correct?",0,0,0,0,1,0
eng_train_track_a_00680,Or luck out and get a perfectly sane person.,0,0,1,1,0,0
eng_train_track_a_00681,Never found anything... kind of spooky.,0,0,1,0,0,1
eng_train_track_a_00682,"But I am exhausted-my eyes feel like they are about to pop out of my head-I need some soothing music and images to help my mediate, even for a few minutes, just take me away $ # 365 yoga Monday's Musical Meditation: 0 minutes ago early night-first day of work after mat.",0,0,1,0,1,0
eng_train_track_a_00683,All the changes get thrown out of the window as I attempt to keep my head above water during this 4-day work week before the July 4th weekend.,0,0,1,0,0,0
eng_train_track_a_00684,another thing that bothers me is that sometimes i stick my neck out for people at work and i do nt even get a thank you.,1,0,0,0,0,0
eng_train_track_a_00685,"As I started running I heard him say again ""I'm going to get you!",0,0,1,0,0,1
eng_train_track_a_00686,"I felt sick to my stomach with fear, and struggled against every ounce of strength I had when he finally untied me from my chair.",0,0,1,0,1,0
eng_train_track_a_00687,I really need it for my face as I'm getting a little wind burn.,0,0,0,0,0,0
eng_train_track_a_00688,We ordered some food at Mcdonalds instead of buying food at the theatre because of the ridiculous prices the theatre has.,1,0,0,0,0,0
eng_train_track_a_00689,""" best friends ever since",0,0,0,1,0,0
eng_train_track_a_00690,"then this foul stench hits my nose, like someone had taken a shit in a pair of socks and then worn them for a week straight.",1,0,0,0,0,0
eng_train_track_a_00691,"I feela little better, but my ears are popping, and my nose is running so muchthat I'm thinking I need to get stock in Puffs Tissues.",0,0,1,0,0,0
eng_train_track_a_00692,Who loses a sock?,1,0,0,0,0,1
eng_train_track_a_00693,"The breeze was fresh and the sky was a soft pink with the sun softly shining over the roof tops... and there was the black woman walking down the road near me and she was singing and it was quite soothing... and it all made me think and smile... but then, It made me start to question things and my head got really tangled in its `` happiness '' and... now I feel quite tender and sensitive over nothing.",0,0,1,1,1,1
eng_train_track_a_00694,and it constantly feels like thoughts are racing through my head.,0,0,1,0,1,0
eng_train_track_a_00695,Sadly we have yet to act on this brilliant plan.,0,0,0,0,1,0
eng_train_track_a_00696,I even wrote on my hand so I could remember it the next morning.,0,0,0,0,0,0
eng_train_track_a_00697,"As a person diagnosed with Bipolar Disorder, I was the crazy ex-girlfriend.",0,0,1,0,1,0
eng_train_track_a_00698,"I cried, every time.",0,0,0,0,1,0
eng_train_track_a_00699,My brother noticed my face was really red.,0,0,0,0,0,0
eng_train_track_a_00700,I honestly didnt know how to handle this.,0,0,1,0,1,0
eng_train_track_a_00701,"The cold air brushed against my face as I sat on the swing in our backyard, I wasn't swinging, I only sat there watching, waiting.",0,0,0,0,1,0
eng_train_track_a_00702,I mean I know you like her and everything but I beat you to it man!,0,0,0,1,0,0
eng_train_track_a_00703,"Ok so here I am trying to just sit down and write some of the really neat things that floated through my head today at work, and as soon as I get to a point when I don't have someone staring at me, all that beautiful crap flies right out of my ear and goes away... I think I left the AC on again.",0,0,0,0,0,0
eng_train_track_a_00704,"blank I had a dull throbbing pain in my arm yesterday which i took painkillers for, but ended up waking up at 4:00 am this morning with it still in pain.",0,0,1,0,1,0
eng_train_track_a_00705,He acted confused about the whole incident.,0,0,1,0,0,1
eng_train_track_a_00706,"When I was 10, we had to paint birds for art, I was pretty good at art but a girl copied my exact one, even though we had to do different ones and I was not pleased.",1,0,0,0,0,1
eng_train_track_a_00707,You are the demon.,1,0,1,0,0,1
eng_train_track_a_00708,it splatterd HOT cleaning product everywhere and that burnt my arm and left a mark...,1,0,1,0,1,0
eng_train_track_a_00709,I guess those 3 beers I drank down at 6 went straight to my head.,0,0,0,1,0,0
eng_train_track_a_00710,I was less sad about missing my birthday though and more sad about missing her.,0,0,0,0,1,0
eng_train_track_a_00711,It was deleted without any human interaction.,1,0,0,0,0,1
eng_train_track_a_00712,Luckily the security guard is cool with me and let me stay.,0,0,0,1,0,0
eng_train_track_a_00713,I thought maybe the warmth of my skin could coax the color back into existence.,0,0,0,0,0,0
eng_train_track_a_00714,"Brushing myself off, I ate one of the apples I had It wasn't until I felt cold that a hand touched my shoulder and caused me to jump.",0,0,1,0,0,1
eng_train_track_a_00715,"I now wore a 36B bra, and my waist was down to 25 inches, but she insisted.",0,0,0,0,0,0
eng_train_track_a_00716,Then she told me it might be due to the new birth control pills she started soon after I left.,0,0,1,0,1,1
eng_train_track_a_00717,My Spanish language skills were fairly basic.,0,0,1,0,0,0
eng_train_track_a_00718,"I woke with a start, a sudden chill that spread to the tip of my nose, and found a small note resting delicately on my sheets beside my hand.",0,0,1,0,0,1
eng_train_track_a_00719,"My dad was, and is, an avid cyclist.",0,0,0,1,0,0
eng_train_track_a_00720,"Just Women I occasionally went out with, but, never anything serious.",0,0,0,0,1,0
eng_train_track_a_00721,It became second nature to just put my toys up against eachother so they could protect me as I slept.,0,0,1,0,1,0
eng_train_track_a_00722,We had recently transferred G to his own bedroom and crib from a cradle that was still in the master bedroom.,0,0,0,1,0,0
eng_train_track_a_00723,The treatment for my original complaint consisted of some chiropractic manipulation of my hip and pressure onto certain nerves ( which was painful but better afterwards ) and then a marvellous half an hour of lying still with aromatic herbs massaged into my lower back and an assortment of needles inserted at strategic points.,0,0,0,1,0,0
eng_train_track_a_00724,My dad was a trucker for most of my life.,0,0,0,0,0,0
eng_train_track_a_00725,"As I put my foot on the floortiles, and started moving towards my computer, in the darkness of the room, a dark small rodent figure ran from under the computer to the other corner of the room-hiding behind some drawers.At this point everybody were awake and I had my boost of adrenaline-like the ancient cavemen heading for a hunt.",0,0,1,0,0,1
eng_train_track_a_00726,"But when i see, what i'm missing I just can't take it SO here i sit miserably all alone... Its your eyes and your smile that puts the beat in my heart And to know I can't have this just tears me apart....",0,0,1,0,1,0
eng_train_track_a_00727,I looked down at my hands.,0,0,0,0,0,0
eng_train_track_a_00728,"Today, I got my hands dirty with the boys shoveling dirt, tossing rocks, and gathering up bits of rotten wood, all of which the excavator dug up yesterday and left in a big, unsightly pile.",0,0,0,1,0,0
eng_train_track_a_00729,Then things get weird.,0,0,1,0,0,1
eng_train_track_a_00730,"Anyway, she tried her best to ignore the noise and hours later, fell asleep despite being so freaked out.",0,0,1,0,0,0
eng_train_track_a_00731,Nevertheless I pulled my hand away.,0,0,1,0,0,0
eng_train_track_a_00732,""" and told me ""Spook"" was racist.",1,0,1,0,0,1
eng_train_track_a_00733,"Nothing, so if i can illuminate the flying object, then i will have a rough estimate about its height.",0,0,1,0,0,1
eng_train_track_a_00734,& # x 26; nbsp; Walking back in the sun was not fun for my feet.,0,0,1,0,0,0
eng_train_track_a_00735,"I could have gone inside, explored more, done so much more but I wasn't accustom to this laid back run down place yet, a part of me still watched every car that drove by and looked over my shoulder every few seconds.",0,0,1,0,1,0
eng_train_track_a_00736,"Can't beat OP, but my life is the epitome of awkward.",0,0,1,1,1,0
eng_train_track_a_00737,"I thought it was beautiful, but I was pretty sure it was extensions since it was extraordinarily long.",0,0,0,1,0,1
eng_train_track_a_00738,I learned a lot about my teeth during my visit today.,0,0,0,1,0,0
eng_train_track_a_00739,I fuckin tear up whenever I think about this.,0,0,1,0,1,0
eng_train_track_a_00740,but my eyes didn't seem to shut.,0,0,1,0,1,0
eng_train_track_a_00741,I can even lift my arms above my head.,0,0,0,1,0,0
eng_train_track_a_00742,I want to do more with my brain and experience more of what it is capable of.,0,0,0,1,0,0
eng_train_track_a_00743,"She had a fish tank with two fish, a bottom feeder and an angel fish.",0,0,0,1,0,0
eng_train_track_a_00744,This was the worse night of my life.,0,0,1,0,1,0
eng_train_track_a_00745,WTF do you do?,1,0,1,0,0,1
eng_train_track_a_00746,Met a lot of random canadians that night.,0,0,0,1,0,1
eng_train_track_a_00747,"My heart feels like someone tore it out, stomped the shit out of it, spit on it and jammed it back into my chest.",1,0,1,0,1,0
eng_train_track_a_00748,"I thought we were going to go into a different lane about 10 different times, and once I ended up going backwards down the hill on my stomach.",0,0,1,0,0,1
eng_train_track_a_00749,"Bella, I'm so happy that you're home. I smiled as tears slid down my cheeks.",0,0,0,1,0,0
eng_train_track_a_00750,"Without a sensible thought in my head, I got out of the car.",0,0,1,0,0,0
eng_train_track_a_00751,I'm going to write now that my fingers are numb from typing this all.,0,0,1,0,0,0
eng_train_track_a_00752,"That boy, who was probably very mentally ill,  had just been stabbed god knows how many times.",1,0,1,0,1,1
eng_train_track_a_00753,my neck is reversed.,0,0,1,0,0,0
eng_train_track_a_00754,Do we just leave?,0,0,1,0,0,1
eng_train_track_a_00755,"After like two seconds of that, we start *flying* forward and *smash through the parking barrier*, stopping *right by* the edge of the street.",0,0,1,1,0,1
eng_train_track_a_00756,She said she wasn't going to be at school for at least a week.,0,0,1,0,0,1
eng_train_track_a_00757,I was eating at an Ethiopian cafe the other day.,0,0,0,1,0,0
eng_train_track_a_00758,After having a couple different catheters in my chest for the last two years.,0,0,1,0,1,0
eng_train_track_a_00759,That was poop on her Croc.,0,0,0,0,0,1
eng_train_track_a_00760,"She said she agree with me but didn't know how to leave... To that, I shrugged my shoulders, shit I know how, pack your shit and leave... I mean, you know?",1,0,0,0,0,0
eng_train_track_a_00761,"So when I caught this song-Kahin tho Hogi-last evening driving back home, it brought a smile to my face.",0,0,0,1,0,0
eng_train_track_a_00762,I immediately pulled over and tried to grab him but he ran past me.,1,0,1,0,0,1
eng_train_track_a_00763,This idea has been crashing around in my head so I had no choice but to finally write something.,0,0,1,0,0,0
eng_train_track_a_00764,I believe he was just going to scare me and not anything worse.,0,0,1,0,0,1
eng_train_track_a_00765,Well Yesterday went to the Hospital to have my brain poked at ( Im guessing some kind of treasure hunt thing looking for it ).,0,0,1,0,0,1
eng_train_track_a_00766,"sleepless nights are so evident on my face, even a cake of foundation and concealer can not hide = ( massive eyebags and bad tired skin.",0,0,0,0,1,0
eng_train_track_a_00767,"only one hour of sleep, then 9 hours on my feet.",0,0,1,0,0,0
eng_train_track_a_00768,My sister made us leave quickly and go to our neighbors house.,0,0,1,0,0,0
eng_train_track_a_00769,I stuck out my legs to try and land the fall but one let got stuck on the side of the bike and the other got flipped underneath me and I landed on my right knee then skidded for about 8 feet.,1,0,1,0,1,1
eng_train_track_a_00770,Did I get home?,0,0,1,0,0,1
eng_train_track_a_00771,"The cat sits there, paralyzed and in agony.",0,0,1,0,1,0
eng_train_track_a_00772,"None of us had... And then, years later my brain had changed, quite immensely.",0,0,0,0,0,0
eng_train_track_a_00773,But then it got so hot I opened it and welcomed the cold spray on my face.,0,0,0,1,0,1
eng_train_track_a_00774,I was going up to see my Avs play the Red Wings.,0,0,0,1,0,0
eng_train_track_a_00775,"I cocked my head like the RCA Victrola Dog, and sure enough -- key in door sounds.",0,0,0,1,0,0
eng_train_track_a_00776,BUT OH GOD MY NAILS ARE BLACK CALL A PRIEST.,0,0,1,0,0,1
eng_train_track_a_00777,I'm lost in my own little world.,0,0,1,0,1,0
eng_train_track_a_00778,"my head aches, my stomach isn't too happy, my whole body hurts.",0,0,1,0,1,0
eng_train_track_a_00779,"He fully woke up, sat up and said ""Turn on the light, it's here watching us.",0,0,1,0,0,1
eng_train_track_a_00780,"My hands are cramping, my legs ache and I can't find a comfortable position in my chair ( which is broken and is going out the door tomorrow ).",0,0,1,0,1,0
eng_train_track_a_00781,A very similar story happened to my grandmother.,0,0,0,0,0,1
eng_train_track_a_00782,One season they were really nasty and management seemed to not care when we brought it to their attention.,1,0,0,0,1,0
eng_train_track_a_00783,"Well, since everyone is giving their lovely stories...",0,0,0,1,0,0
eng_train_track_a_00784,It was friggin' delicious.,0,0,0,1,0,0
eng_train_track_a_00785,The chupacabra legend is pretty big here and in Mexico.,0,0,1,0,0,1
eng_train_track_a_00786,Not normal light but a spot of light.,0,0,1,0,0,1
eng_train_track_a_00787,"After those few seconds, I waved one hand at it in a friendly manner, it then changed light pattern and hovered away behind my house.",0,0,1,1,0,1
eng_train_track_a_00788,"`` Mr. Jackson just called me, and he told me to call you, and told me to ask you so he didn't have to call you, and that's why I 'M calling you for him -- '' I broke out giggling and rushed to cover my mouth, stealing an embarrassed glance at all the nurses watching me in complete awe.",0,0,0,1,0,1
eng_train_track_a_00789,A clip board was forced into my hands as I stood lost in a dark abyss unaware of the reality going on around me.,0,0,1,0,1,1
eng_train_track_a_00790,Ugh I know for sure I'm a do my eyebrows.,0,0,0,1,0,0
eng_train_track_a_00791,That's when tears streak down my cheeks.,0,0,1,0,1,0
eng_train_track_a_00792,My aunt and I are kind of doing the remedial training together and I can't wait to get on his back.,0,0,0,0,0,0
eng_train_track_a_00793,My brain decided to start trying to do the Kempo workout from last night again which is not conducive to sleep.,0,0,1,0,0,0
eng_train_track_a_00794,"When my back hit the far wall, and the shovel against the wall fell on the dirt, I screamed.",0,0,1,0,1,1
eng_train_track_a_00795,"Sometimes, the journey there is just as important.",0,0,0,1,0,0
eng_train_track_a_00796,I come downstairs and see grandma at the dining room table.,0,0,0,1,0,0
eng_train_track_a_00797,"I'm still sick, my nose is sore from blowing it all day, and it's wicked hot in the apartment.",0,0,1,0,1,0
eng_train_track_a_00798,And that concludes this post of random news from my neck of the woods!,0,0,0,0,0,0
eng_train_track_a_00799,"This operation removed the interlocking tibial nail from within my right tibia, a long titanium rod which had done a marvellous job of holding my leg together after that awful accident but which was now superfluous, and also the prime suspect in my ongoing pain issues.",0,0,1,0,1,0
eng_train_track_a_00800,"I showed the bouncer my face, the preferred method to keeping my exclusiveness intact since the tiny club's capacity was at its limit of 87: Once you were inside, you were given in-and-out privilege.",0,0,0,0,0,0
eng_train_track_a_00801,I was writing away.,0,0,0,1,0,0
eng_train_track_a_00802,"I know in my brain I need to get it back, but I have to find a way to make it real again.",0,0,1,0,0,0
eng_train_track_a_00803,"Signet Ring No. 1: I was about 13-14, stupidly shaking my hand, and it flew off, into the gutter outside Forsbergs ' house on Glover Rd..",0,0,1,0,1,1
eng_train_track_a_00804,I was pretty disgusted.,1,0,1,0,0,0
eng_train_track_a_00805,The top of the mattress comes up a little above my waist!,0,0,0,1,0,0
eng_train_track_a_00806,"But alas the humidity ruined it for us both after only 2 songs > > sigh < < Still I basically had one obvious wet spot the entire shift, which I didn't bother to do anything about other than flash to the entire club from stage by doing the splits on my back about 10 times over the course of the day.",0,0,0,1,1,0
eng_train_track_a_00807,"Later, the police find the child naked and bleeding on the floor.",1,0,1,0,1,1
eng_train_track_a_00808,I did not live in a building with an apartment 3H.,0,0,0,0,0,1
eng_train_track_a_00809,"But thank you for your offer A sudden tugging at his side made him spin, having to fight the instinct to let his hand fly out.",1,0,1,0,0,1
eng_train_track_a_00810,I grinned looking at the saddened Ceres from the corner of my eye.,0,0,0,1,0,0
eng_train_track_a_00811,An obvious answer jumps to mind as my eyes jump across skyscrapers.,0,0,0,0,0,0
eng_train_track_a_00812,I accidentally time travelled.,0,0,1,1,0,1
eng_train_track_a_00813,It's not even a conscious thing.,0,0,0,0,0,1
eng_train_track_a_00814,Nothing was touching it.,0,0,1,0,0,1
eng_train_track_a_00815,i need to let what im feeling right now out before the hole in my chest is getting deeper.,0,0,1,0,1,0
eng_train_track_a_00816,"I freaked out and, eyes still closed, went back to bed.",0,0,1,0,0,1
eng_train_track_a_00817,"My eyebrows raise as I smile, ` Ready for the second shot?",0,0,0,1,0,0
eng_train_track_a_00818,"My knuckle still doesn't look good, and it hurts like hell when I make a fist.",0,0,1,0,1,0
eng_train_track_a_00819,My cheeks burned with fever.,0,0,1,0,0,0
eng_train_track_a_00820,Please feel free to comment any questions,0,0,0,1,0,0
eng_train_track_a_00821,I held him for a bit when he woke up in recovery and he fell right back asleep in my arms.,0,0,0,1,0,0
eng_train_track_a_00822,"Went to my favorite bar, I'd told everyone I was going to be there during the week before and no-one turned up.",1,0,0,0,1,1
eng_train_track_a_00823,I have a friend whose husband died last year.,0,0,0,0,1,0
eng_train_track_a_00824,I don't know... messages.,0,0,1,0,0,0
eng_train_track_a_00825,My arms shook.,0,0,1,0,0,0
eng_train_track_a_00826,So we went to City Island where i was having my nails done.,0,0,0,1,0,0
eng_train_track_a_00827,"The only flicks I remember off my head were the bad ones, But I'm sure there were classics mixed in there, too.",0,0,0,0,1,0
eng_train_track_a_00828,"I spent most of the day asleep in bed, and my throat hurts so much, it nearly killed me!",0,0,1,0,1,0
eng_train_track_a_00829,she started hallucinating and thrashing around in the bathroom stall at one point.,0,0,1,0,1,1
eng_train_track_a_00830,and left my eyes to cry.,0,0,0,0,1,0
eng_train_track_a_00831,They did the same thing come Mother's Day but guess what?,1,0,0,0,0,1
eng_train_track_a_00832,We walk out to the dance floor and find two reasonably attractive girls and we each choose one to dance with.,0,0,0,1,0,0
eng_train_track_a_00833,"My shoulder, neck and wrist have started aching all the time.",0,0,1,0,1,0
eng_train_track_a_00834,We were going to blow that record away.,0,0,0,1,0,0
eng_train_track_a_00835,my knee's are the only weight left keeping me up to abroad.,0,0,1,0,1,0
eng_train_track_a_00836,"Laughing about it, we went back up the beach to go home, when we heard a huge bang and saw a bright white flash up by where the houses were.",0,0,1,1,0,1
eng_train_track_a_00837,"Hawaiian is my first language, so not too bad considering.",0,0,0,1,0,0
eng_train_track_a_00838,"After getting all warm, I went and got my nails done.",0,0,0,1,0,0
eng_train_track_a_00839,"Long story short, we probably saw incoming meteorites with very steep angles of attack.",0,0,1,0,0,1
eng_train_track_a_00840,I had to keep my eyes closed for that time.,0,0,1,0,0,0
eng_train_track_a_00841,"""a woman is going to get an abortion.",0,0,1,0,1,1
eng_train_track_a_00842,"My head was spinning as the smoke I gladly inhaled made its way to my lungs and on its way out, the rings easily dissipating into the cold air made me wonder about him for the tenth time on that night.",0,0,1,0,0,0
eng_train_track_a_00843,It won't close.,1,0,1,0,0,0
eng_train_track_a_00844,"The tears are prickling behind my eyes as I pull my jeans on and race downstairs.I find a pen and paper in the kitchen and in a hasty scrawl, I write out, `` Like I said, I can't do this.Sorry.See you at work.",0,0,1,0,1,0
eng_train_track_a_00845,It's choking me and burning my eyes.,0,0,1,0,1,0
eng_train_track_a_00846,"This was my rest week and my legs, and everything else were closed for the day.",0,0,0,1,0,0
eng_train_track_a_00847,"`` Yes, '' I said, the old mask of indifference placed on my face.",0,0,0,0,0,0
eng_train_track_a_00848,"Pooi Kit was driving recklessly and almost caused a major fatal accident, I can still remember the tailgate lights of the truck passing in front of my eyes and screeching sounds of the brakes.",1,0,1,0,0,1
eng_train_track_a_00849,trying to put some gel on my head.,0,0,0,0,0,0
eng_train_track_a_00850,We were powerless against what happened that night.,0,0,1,0,1,1
eng_train_track_a_00851,He senses my fear he feels some power he brings up his had I cry and I cower He's out of control I let out a screech he strikes again like lightening tears stream down my cheek there's a flash in his eyes what I beg him to quit bruised swollen cheeks a fracture in my hip.,1,0,1,0,1,0
eng_train_track_a_00852,My finger is an asshole.,1,0,0,0,0,0
eng_train_track_a_00853,My ex and I were both crazy.,0,0,0,0,0,0
eng_train_track_a_00854,Levi and I arrived in an eye-capturing city that really blew me off my feet.,0,0,0,1,0,1
eng_train_track_a_00855,"Of course, in the end I had a better essay to hand in ( can't remember how this impacted the grade ) but I didn't feel like the work I was turning in was mine.So when I'm editing Jenn's work a shiver runs down my spine that my father is also standing above my shoulder editing my edits.",0,0,1,0,0,0
eng_train_track_a_00856,"So, with my sporting boyfriend, we went for a few hours of under the sun getting splash in my eyes with water.",0,0,0,1,0,0
eng_train_track_a_00857,It never came up.,0,0,0,0,0,1
eng_train_track_a_00858,I shut my eyes and let the tears take over.,0,0,0,0,1,0
eng_train_track_a_00859,"When it was my turn to play, I was mortified to find out I had to move my hand up and down in a sawing motion.",0,0,1,0,0,0
eng_train_track_a_00860,"But, to his dismay, the toilet won't flush.",1,0,1,0,0,1
eng_train_track_a_00861,( Notice my toes have nail polish on-that was New Year's resolution # 21 $ ) Then Esm decorated the body tracing.,0,0,0,1,0,0
eng_train_track_a_00862,"Edward, I can't put my arms down.",0,0,1,0,0,0
eng_train_track_a_00863,"Overall it was a pleasant night, with three standout incidents.",0,0,0,1,0,0
eng_train_track_a_00864,"i just cracked my head into a glass door.A delivery person, instead of calling me and saying `` I've got a package. ''",1,0,1,0,0,0
eng_train_track_a_00865,I remember bringing it to my kindergarten class once to watch on a movie day.,0,0,0,1,0,0
eng_train_track_a_00866,When I was little I distinctly remember being able to see with my eyes closed.,0,0,1,1,0,1
eng_train_track_a_00867,"However, deep inside my heart, I really want to go back to my hometown.",0,0,0,0,1,0
eng_train_track_a_00868,I still can't figure it out.,0,0,1,0,1,1
eng_train_track_a_00869,"this probably doesn't actually make much sense at the moment, but my head hurts.",0,0,1,0,0,0
eng_train_track_a_00870,I know you run a successful store and I really admire that.,0,0,0,1,0,0
eng_train_track_a_00871,This was right before sunset when we got in bed and I instantly fell asleep.,0,0,0,1,0,0
eng_train_track_a_00872,I yell but I can't help but feel a sharp stave in my chest.,0,0,1,0,1,0
eng_train_track_a_00873,I need no throwaway.,0,0,0,0,0,0
eng_train_track_a_00874,"And here in Edinburgh, through this journey of mine, it has been right at my side, in my hand.",0,0,0,1,0,0
eng_train_track_a_00875,"Got ready for junior year to end June School ended, I dyed my hair purple lol... I sprained my ankle on the way to the riverfront festival.",0,0,1,0,1,0
eng_train_track_a_00876,Probably going to get buried.,0,0,1,0,1,0
eng_train_track_a_00877,A nice way to get some items off my chest.,0,0,0,1,0,0
eng_train_track_a_00878,"Amber, on the other hand, was missing a boyfriend.",0,0,0,0,1,0
eng_train_track_a_00879,"I spent all day at home, sick.",0,0,1,0,1,0
eng_train_track_a_00880,still cant get my head around the fact that this time 2 weeks ill be home.,0,0,1,0,0,0
eng_train_track_a_00881,I pull my arm away and purchase a ticket for a mystery movie and enter through the back entrance only to realize that the whole theater was crowded.,0,0,1,0,0,1
eng_train_track_a_00882,Got caught with a shitload of mary jane.,1,0,1,0,1,1
eng_train_track_a_00883,I had to relax my muscles and clear my mind in order to do that.,0,0,1,0,0,0
eng_train_track_a_00884,"Prior to, we got some humongous popsicles which turned my tongue an amazing shade of blue, and we visited the children's A&S display.",0,0,0,1,0,0
eng_train_track_a_00885,"`` I zip up the tote back quickly, throw it onto my shoulder and grab up the other, larger bag.",0,0,0,1,0,0
eng_train_track_a_00886,"I ask her to tell me hers first, and she starts telling me how she dreamed the Sears Tower was falling down...",0,0,1,0,0,1
eng_train_track_a_00887,He had a large going away party.,0,0,0,1,0,0
eng_train_track_a_00888,"`` Yeah, im good now, my back has stopped bleeding $.",0,0,1,0,0,0
eng_train_track_a_00889,"My mother announced our names into the intercom; I folded my hands prayer-like: calm down, calm down, calm down.",0,0,1,0,0,0
eng_train_track_a_00890,Eight inches here Nine inches there My feet in the snow.,0,0,1,0,0,0
eng_train_track_a_00891,Just going in circles.,1,0,1,0,1,0
eng_train_track_a_00892,Thoughts of the movie Phantasm were swirling through my head.,0,0,1,0,0,0
eng_train_track_a_00893,After reading the top comment about the person's mom and her friend... maybe she isn't telling me something.,0,0,1,0,0,1
eng_train_track_a_00894,"Standing at the edge of my heart, I'm gazing, I'm listening Like seeing an ocean in a cold winter night Such a fear, I'm falling, breaking into pieces.",0,0,1,0,1,0
eng_train_track_a_00895,I liked spending all my nights at home hula hooping and listening to pop music and laughing at jokes inside my head.,0,0,0,1,0,0
eng_train_track_a_00896,"I stumbled out of bed, probably 4 in a morning in a most-asleep daze and went to the bathroom.",0,0,1,0,0,0
eng_train_track_a_00897,"Shivering caused me to tense up, which caused my hips to keep cramping in charlie horse fashion.",0,0,1,0,1,0
eng_train_track_a_00898,Her excuse to being late?,1,0,0,0,0,1
eng_train_track_a_00899,"It was a sad, strange experience.",0,0,1,0,1,1
eng_train_track_a_00900,"So, again, I tried to eat my lunch, my stomach in knots, an unseen hand gripping my heart.",0,0,1,0,1,0
eng_train_track_a_00901,Like I found a way to escape gravity and moved about my bedroom as though I was on the ISS or something; thrilling at my new found ability.,0,0,0,1,0,1
eng_train_track_a_00902,40 minutes of genuinely thinking it's quite possible I may never leave those woods.,0,0,1,0,1,0
eng_train_track_a_00903,My blood turned to icewater in my veins.,0,0,1,0,0,0
eng_train_track_a_00904,My arms start getting numb and achy and no way to lie makes them stop.,0,0,1,0,1,0
eng_train_track_a_00905,After an evening there we were driving back because we had no money for a hotel.,0,0,1,0,1,0
eng_train_track_a_00906,The bus is gone.,0,0,1,0,1,1
eng_train_track_a_00907,And they probably knew exactly what your dad saw.,0,0,1,0,0,1
eng_train_track_a_00908,I hope your baby fucking dies.,1,0,0,0,0,0
eng_train_track_a_00909,"My eyes were open, but I couldn't see in any colors.",0,0,1,0,1,0
eng_train_track_a_00910,"But I get beyond that tired stage, and can't close my eyes later.",0,0,1,0,1,0
eng_train_track_a_00911,"As I turned to walk out of the alley, a pair of brass knuckles crushed into the side of my face.",1,0,1,0,0,1
eng_train_track_a_00912,"One day, I ask Jane for her cell number.",0,0,1,1,0,0
eng_train_track_a_00913,Lots of profanity and screaming.,1,0,1,0,0,0
eng_train_track_a_00914,So anyways it's late at night and I was down in my living room sleeping on my couch.,0,0,0,0,0,0
eng_train_track_a_00915,His front end was completely smashed in.,0,0,1,0,1,1
eng_train_track_a_00916,", my stomach turned into a pile of dogshit and I nearly puked.",0,0,1,0,0,0
eng_train_track_a_00917,At times I was actually having difficulty breathing because the water was in my nose.,0,0,1,0,0,0
eng_train_track_a_00918,"It worked, I was scared shitless for the rest of the visit.",0,0,1,0,0,0
eng_train_track_a_00919,So my leg is shaking at a million miles an hour and I turn into the target parking lot as she sort of continues to follow me.,0,0,1,0,0,0
eng_train_track_a_00920,A highly intoxicated roommate and a black girl going at it.,1,0,1,0,0,1
eng_train_track_a_00921,"blah I want my head to stop hurting, and my eyes to start tearing up but I do nt see any of these things happening soon.",0,0,1,0,1,0
eng_train_track_a_00922,was always the tank... i ended up spending a month on my back before unemployment kicked in.,0,0,1,0,1,0
eng_train_track_a_00923,My hands were very cold.,0,0,1,0,0,0
eng_train_track_a_00924,and then i accidently dropped the tag because my hand was shaking so much.,0,0,1,0,0,0
eng_train_track_a_00925,i've got the tug happening in my chest.,0,0,1,0,0,0
eng_train_track_a_00926,"checked weather report, checked space station schedule, etc etc... nothing that made sense.",0,0,1,0,1,1
eng_train_track_a_00927,Prior to the opening of the hunting season in the autumn (when the whole hunting collective/club goes to hunt together) we go hunting alone.,0,0,1,0,0,0
eng_train_track_a_00928,But anyway this house.,0,0,0,0,0,0
eng_train_track_a_00929,"So I went ahead and finished it, but it fits my head without quite covering my ears, so even though I started out knitting it for you, it didn't end up working.",0,0,0,0,0,0
eng_train_track_a_00930,"The dog barked more, whimpered and whined.",0,0,1,0,1,0
eng_train_track_a_00931,"So they decided to throw me a ""90s McDonalds"" Birthday party.",0,0,0,1,0,1
eng_train_track_a_00932,"It never freaked me out, because it happened enough as i was small and I got used to it.",0,0,1,0,0,0
eng_train_track_a_00933,I've never had my cheeks hurt so much from laughing and / or smiling.,0,0,0,1,0,0
eng_train_track_a_00934,"Police got called, guy gets taken away.",0,0,1,0,0,1
eng_train_track_a_00935,"`` I had to think about that for a second, and do the math in my head.",0,0,1,0,0,0
eng_train_track_a_00936,"She hit Katahdin, and celebrated.",1,0,0,1,0,0
eng_train_track_a_00937,"I know this will get buried, but whatever.",0,0,0,0,1,0
eng_train_track_a_00938,He also told me I would be his wife one day.,0,0,0,1,0,1
eng_train_track_a_00939,We shared about a minute of spaz-dancing and off-key singing before we went our seperate ways.,0,0,0,1,0,0
eng_train_track_a_00940,I go to her pictures and see the image of what was in my head right there in front of me...,0,0,0,1,0,1
eng_train_track_a_00941,They buy energy from 'energy generators' and sell it to you the customer.,0,0,0,0,0,0
eng_train_track_a_00942,I struggle to make out the images my eyes begin to pick up.,0,0,1,0,0,0
eng_train_track_a_00943,"I jumped out wrapped a towel around me, dried off my hand and face and answered it.",0,0,0,0,0,0
eng_train_track_a_00944,"and i seriously felt tat my chest HURTS... for the next few months, i really need to give up: 1 ) SHOPPING2 ) MANICURE & PEDICURE3 ) KTV SESSION4 ) CLUBBINGCOS I SIMPLY DUN HAVE BUDGET FOR THE ABOVE!!",0,0,1,0,1,0
eng_train_track_a_00945,I closed my eyes and felt the elements around me.,0,0,0,1,0,0
eng_train_track_a_00946,She finally decided to go to the doctor.,0,0,1,1,0,0
eng_train_track_a_00947,"The assault ended abruptly, the pistol dropped from my hands and hit the soggy grass with a heavy thump.",1,0,1,0,1,1
eng_train_track_a_00948,I felt like Batman that day.,0,0,0,1,0,0
eng_train_track_a_00949,i closed my eyes and heard something hit the ground.,0,0,1,0,0,1
eng_train_track_a_00950,Right behind the log.,0,0,1,0,0,0
eng_train_track_a_00951,W-WORST HABIT: Not washing my face before I go to bed.,0,0,0,0,0,0
eng_train_track_a_00952,"Arms back, chin down.",0,0,1,0,0,0
eng_train_track_a_00953,"I was sitting in the van trying to stay warm, and going over the following day's logistics in my head.",0,0,1,0,0,0
eng_train_track_a_00954,No one else in the class did.,0,0,0,0,1,1
eng_train_track_a_00955,"Fast forward-I was 21, and living in my first apartment.",0,0,0,1,0,0
eng_train_track_a_00956,My Heart was just... beautiful.,0,0,0,1,0,0
eng_train_track_a_00957,Decide to be roommates.,0,0,0,1,0,0
eng_train_track_a_00958,and my hair was straight and nice already so i pull a sweater over my head and jump into some jeans run to the bathroom brush my teeth while combing my hair with my fingers grab my purse and im out the door with sunglasses on cuz i got no makeup on... so i get to the bus stop and realize... I forgot to put out the bottles and a check for the waterman who comes at 9 AM!,0,0,1,0,0,0
eng_train_track_a_00959,Then a few days later i told her Jenny wanted me to come to the basement to play with her.,0,0,1,0,0,1
eng_train_track_a_00960,Or like when the one of the 4-year-olds I substitute taught at church asked why I was wearing a belt around my waist.,0,0,0,0,0,1
eng_train_track_a_00961,The FUNNIEST Thing I've Seen In AGES Last Chance to See on TVO and ended up with tears streaming down my cheeks because I was laughing so hard.,0,0,0,1,0,0
eng_train_track_a_00962,"Amanda and I carried the washer up with no problems but as we sat it down in the street, my back gave out.",0,0,1,0,1,0
eng_train_track_a_00963,"My hand was indeed gone, but new fingers, stubby and underformed, were sprouting from the stub.",0,0,1,0,1,1
eng_train_track_a_00964,A few years ago I worked for an apartment rental agency in a customer service role.,0,0,0,0,0,0
eng_train_track_a_00965,"A strangely calming breeze crosses my face and shoulders, mysteriously skipping right over my legs.",0,0,0,1,0,0
eng_train_track_a_00966,I'll never forget the bitch-death-glare she shot me.,1,0,1,0,0,0
eng_train_track_a_00967,He was admiring the tattoo on my forearm.,0,0,0,0,0,0
eng_train_track_a_00968,We did this like 3 times before we just decided to leave it in the closet.,0,0,0,0,0,0
eng_train_track_a_00969,Today I must do the dreaded studying: ( Blarg.I did a bit last night ( some review ) and it is amazing how quickly this shit leaves my brain after taking 1.5 days off from it.,1,0,1,0,1,0
eng_train_track_a_00970,""" I figure she probably spent all night hiding in a corner.",0,0,1,0,1,0
eng_train_track_a_00971,I could see them all.,0,0,0,1,0,1
eng_train_track_a_00972,I love telling this story.,0,0,0,1,0,0
eng_train_track_a_00973,"determined well, i've been going to the gym a little over three weeks now, and i've lost eight pounds, and roughly twelve inches total-about three from my waist, two and a half from my hips, a half inch from each thigh, and four total from my... um... upper torso area... anyway, it feels awesome.",0,0,0,1,0,0
eng_train_track_a_00974,"He looks over and I realise how obvious I am with a huge grin on my face, looking suspicious.",0,0,1,1,0,0
eng_train_track_a_00975,"My heart still flutters when I think about it, it was just amazing.",0,0,0,1,0,0
eng_train_track_a_00976,"Not too scary, right?",0,0,1,1,0,1
eng_train_track_a_00977,in a rather large company.,0,0,0,0,0,0
eng_train_track_a_00978,Pain-I have injured my knee somehow.,0,0,1,0,1,0
eng_train_track_a_00979,"My eyes scanned quickly into every room, every corner as I passed by $ and more than once my fist met the peeling paint of a closed door.",1,0,1,0,0,0
eng_train_track_a_00980,"Not the most unnerving feeling, but the most prominent event in my mind is as follows:",0,0,1,0,0,1
eng_train_track_a_00981,He was convinced that his grandpa was still alive or whatever.,0,0,1,0,1,1
eng_train_track_a_00982,"But, it fits my head.",0,0,0,1,0,0
eng_train_track_a_00983,"It constantly snarled in the fine hairs on the back of my neck and left red marks on my temples when it snapped, sending the steel tips of the rubber band into my face.",1,0,1,0,0,1
eng_train_track_a_00984,skudai * < 3 > i can closed my heart and my mind.,0,0,0,0,0,0
eng_train_track_a_00985,"All I know, is I need to get my head on straight before the tears begin to slowly pool over the corner of my eye once again.",0,0,1,0,1,0
eng_train_track_a_00986,The tree starts shrinking.,0,0,1,0,0,1
eng_train_track_a_00987,Needless to say I was kind of scared.,0,0,1,0,0,0
eng_train_track_a_00988,When she woke up the next morning she decided to figure out what the hell had happened.,0,0,1,0,0,1
eng_train_track_a_00989,My horror unfurls as it whispers my name $ It eyeballs me and holds my gaze; dread rips through my heart as it screams out.,0,0,1,0,0,0
eng_train_track_a_00990,"During my first season, I was playing a game on my birthday.",0,0,0,1,0,0
eng_train_track_a_00991,My parents were confused.,0,0,1,0,1,1
eng_train_track_a_00992,A song started to loop inside my head.,0,0,1,1,0,0
eng_train_track_a_00993,"Less hours, means they are making less money.",0,0,1,0,1,0
eng_train_track_a_00994,Yea I'm with you there man.,0,0,0,1,0,0
eng_train_track_a_00995,It was freaking awesome,0,0,0,1,0,0
eng_train_track_a_00996,"I even tried to sleep sitting up for a bit, that ended when I nearly gave myself whiplash when my head dropped.",0,0,1,0,0,0
eng_train_track_a_00997,"My room is structured so there are two doors, one to the bathroom, which feeds through to another door in the hallway, and the main door to my room from the same hallway.",0,0,0,0,0,0
eng_train_track_a_00998,i can just imagine how many bugs have been snacking on my legs as ive sat here for the last couple hours.,0,0,1,0,0,0
eng_train_track_a_00999,Almost at the instant that the first drop of sweat popped out on my head I had the weirdest experience.,0,0,1,0,0,1
eng_train_track_a_01000,The later guests were all drunk - really drunk - but they were all close friends of me.,0,0,0,1,0,0
eng_train_track_a_01001,"After we were done, I could barely even move my fingers and I think I am going to be sick in a few days.",0,0,1,0,1,0
eng_train_track_a_01002,Dove brought me a nice glass of ice water and the bottle of the pain pills and an ice pack for my hand.,0,0,1,0,0,0
eng_train_track_a_01003,"Originally Posted September 18th, 2007 I walked down the driveway, pushing back the stinging pain that kept trying to force a few tears out of my eyes.",0,0,1,0,1,0
eng_train_track_a_01004,The scream quickly turned into full-blown four-alarm sobbing as I flailed evasively to rid myself of this alien being bearing a dark and nightmarish message.,0,0,1,0,1,1
eng_train_track_a_01005,In retrospect this implied extreme circumstances.,0,0,1,0,0,1
eng_train_track_a_01006,It was hairless and covered in gray skin.,0,0,1,0,0,1
eng_train_track_a_01007,it got so bad that in the car on the way home i had to put the air on full blast and put my head down in the car to try to keep it cool so it didn't ich so much.,0,0,1,0,1,0
eng_train_track_a_01008,"I sharted undigested bubble gum, you guys.",0,0,1,1,0,1
eng_train_track_a_01009,Some children came out and cheered me on offering water and slapping my back.,0,0,0,1,0,0
eng_train_track_a_01010,"There was nothing else of mine in her belongings, and I stood up and dusted my hands off.",0,0,0,1,0,0
eng_train_track_a_01011,"""I don't know I don't know I don't know...""",0,0,1,0,1,0
eng_train_track_a_01012,took the skin off my knuckles an my hand bleeding like hell but i felt kinda better.,0,0,1,0,1,0
eng_train_track_a_01013,She sat at her Papa's recliner sofa only to move next to me and start clinging to my arms.,0,0,0,0,0,0
eng_train_track_a_01014,"Apparently I like to impale my face into my pillow and curl my hands into the blankets so I can tug them over my neck, up to my mouth-which was closed.",0,0,1,0,1,0
eng_train_track_a_01015,Never saw them again...,0,0,0,0,1,0
eng_train_track_a_01016,I farted and a little nugget fell out onto the floor.,0,0,0,1,0,1
eng_train_track_a_01017,"I wrapped a Tshirt around my head for warmth, and settled in for a cold night.",0,0,1,0,1,0
eng_train_track_a_01018,One time in high school my friends and I had a dance party in someones basement.,0,0,0,1,0,0
eng_train_track_a_01019,"I managed to shoehorn myself into the seat but my knees were jammed under the dash, I could barely use the pedals, I couldn't get any proper lock on the steering wheel, my head was poking out of the rollcage and I had no idea of what the rev limits or gears were.",0,0,1,0,0,0
eng_train_track_a_01020,So it goes on like this for awhile.,0,0,0,0,0,0
eng_train_track_a_01021,"I know it is true, for my own glasses have been gone for over 16 years, and I know what TO do and what NOT TO DO in order to have my eyesight relax, my vision stay sharp, and my eyes happy.",0,0,0,1,0,0
eng_train_track_a_01022,"As stiff as a board, I didn't move an inch except to dart my eyes to my sleeping sister in the bed ten feet away.",0,0,1,0,0,0
eng_train_track_a_01023,Second story (equally creepy):,0,0,1,0,0,1
eng_train_track_a_01024,And made worse by her crying because of the embarrassment.,0,0,1,0,1,0
eng_train_track_a_01025,"My whole body was painful today, especially my arms.",0,0,1,0,1,0
eng_train_track_a_01026,So I put my hand up and started to walk away.,0,0,0,0,0,0
eng_train_track_a_01027,Then my hand that had the red figure opened of it's own accord and shot out a red ball of light.,0,0,0,0,0,1
eng_train_track_a_01028,"I found a relatively bugless spot, went through the short version of my routine, pounded my hip with my fist a few dozen times, then got back on the road.",0,0,0,0,0,0
eng_train_track_a_01029,My stomach felt like it had a hole in it.,0,0,1,0,1,0
eng_train_track_a_01030,6 hour old post?,0,0,0,0,0,1
eng_train_track_a_01031,"But, my stomach... oh... my stomach... This bike has been from Taiwan to Vietnam, Cambodia, and Thailand... and several places in Vietnam, not to mention all but the southern tip of Taiwan... Heading north.",0,0,1,0,0,0
eng_train_track_a_01032,"I swing my foot back, then proceed to apply a good, strong kick to the underside of the table.",1,0,0,0,0,0
eng_train_track_a_01033,I found an old sweatshirt on the floor and tied it tightly around my leg.,0,0,1,0,0,0
eng_train_track_a_01034,It also hurts to turn my neck in any direction.,0,0,1,0,1,0
eng_train_track_a_01035,oh ok actually chop on hand also can lah... * gives weird expression while stamping chop on my hand * adeline: eh!,0,0,0,1,0,1
eng_train_track_a_01036,"I have major slip ups, like, letting the wrong person close to my heart and getting burned.",0,0,1,0,1,0
eng_train_track_a_01037,Finally found out that I have bad whip lash and strained the tendons in my neck.,0,0,1,0,1,0
eng_train_track_a_01038,I had never been so scared.,0,0,1,0,0,0
eng_train_track_a_01039,I pushed those thoughts out of my head and told myself I was being paranoid.,0,0,1,0,0,0
eng_train_track_a_01040,House almost burned down the weekend they were out of town.,0,0,1,0,1,1
eng_train_track_a_01041,The stranger crosses the finish line first; the crowd goes wild!,0,0,0,1,0,1
eng_train_track_a_01042,His stepdad is practically his real dad.,0,0,0,1,0,0
eng_train_track_a_01043,"Hahaha but can't blame me, my nose was blocked i can't breathe properly la.",0,0,1,0,0,0
eng_train_track_a_01044,Naturally we freaked out.,0,0,1,0,0,1
eng_train_track_a_01045,And found myself giggling that every day at the same time (3:15) Jesus would sign into the guest register.,0,0,0,1,0,1
eng_train_track_a_01046,"Earth Base Delta stopped responding to our calls, and we were left alone in the vast emptiness of space.",0,0,1,0,1,1
eng_train_track_a_01047,"My teeth were marred by braces, and I hated the sight of them.",0,0,0,0,1,0
eng_train_track_a_01048,"Still, a creepy happening.",0,0,1,0,0,1
eng_train_track_a_01049,I need to ice my calf often and try to stay off it... except to occasionally stretch it.,0,0,1,0,0,0
eng_train_track_a_01050,I have to be a complete part of his life and his heart.,0,0,0,0,0,0
eng_train_track_a_01051,"14 years later, we're still best friends.",0,0,0,1,0,0
eng_train_track_a_01052,""" I thought she was going to throw her coffee at me.",1,0,1,0,0,1
eng_train_track_a_01053,I brought my head up to the edge of the grass and peered towards the road.,0,0,0,0,0,0
eng_train_track_a_01054,But not very happy.,0,0,0,1,1,0
eng_train_track_a_01055,"We get to the porch and my dog starts *growling*, like a big boy growl, like shits going down growl.",0,0,1,0,0,1
eng_train_track_a_01056,I fought back the tears coming to my eyes.,0,0,1,0,1,0
eng_train_track_a_01057,"People are starting to chant ""Fight, fight fight"" while some say ""Bro, it ain't worth it"".",1,0,1,0,0,1
eng_train_track_a_01058,"My mouth started buzzing, then fingers, arms and legs.",0,0,1,0,0,0
eng_train_track_a_01059,Mildly inconvenient but so weird.,0,0,1,1,0,1
eng_train_track_a_01060,I know with all my heart that taking this job was the right thing to do.,0,0,0,1,0,0
eng_train_track_a_01061,This guy started out OK but quickly became a fucking heroin addict.,1,0,1,0,1,1
eng_train_track_a_01062,"`` Then a doctor walked around the corner, and my mouth fell open.",0,0,0,0,0,1
eng_train_track_a_01063,"the new apples of my eye, as promised.",0,0,0,1,0,0
eng_train_track_a_01064,Not exactly an objection but very close.,1,0,1,0,0,1
eng_train_track_a_01065,The silent one looked increasingly nervous.,0,0,1,0,0,0
eng_train_track_a_01066,"Either way, he had threaten to burn my new place down, and miraculously it did.",1,0,1,0,1,1
eng_train_track_a_01067,"It's also on the front of my upper legs, the back of my lower legs, and the tops of my feet.",0,0,0,0,0,0
eng_train_track_a_01068,"I approach him start to speak... `` Excuse me... what where Annie's last... '', and before I could get ` working hours ' out of my mouth, a celeberty young artist of 24 stalks in, her name is Silvery White.",0,0,0,0,0,1
eng_train_track_a_01069,"Needless to say, none of us slept.",0,0,1,0,1,0
eng_train_track_a_01070,* fuzzy stuff here * Someone was plucking my eyebrows in one of the dressing rooms and I was so upset because they were too thin.,1,0,0,0,1,0
eng_train_track_a_01071,The Dyatlov Pass Incident.,0,0,1,0,0,1
eng_train_track_a_01072,"Was a routine trip, 11 miles to RWC motoring and into a southerly wind, more wind than we saw during race time and with the sun straight in my eyes most of the way down.",0,0,1,0,0,0
eng_train_track_a_01073,Still freaks me out to remember it.,0,0,1,0,0,1
eng_train_track_a_01074,"All-in-all I had a great time, my back didn't kill me, and I felt great after the game was over.",0,0,0,1,0,0
eng_train_track_a_01075,My fingers are toes are still tingly.,0,0,1,0,0,0
eng_train_track_a_01076,My jaw hit the floor and i ran out and bought 4 tickets for the closest show in Philidelphia PA. ( the only non-NY / CA show ) Me and 3 friends pile into a car and leave at 9 am the day of the show for a projected 8 hour drive.,0,0,0,1,0,1
eng_train_track_a_01077,"i turn on newburg and because im running behind schedule, my foot starts to get heavy and my speed increases.",0,0,0,0,0,0
eng_train_track_a_01078,"half of my heart, pulled out of my chest and sat in front of me, stretched out to a thin quiet man with a buzz cut and old black sweater that smells like clean dirt and cheap beer.",0,0,0,0,1,0
eng_train_track_a_01079,I wan na get my hands on that series.I took a nap at the booth cuz there wasn't anything else to do.,0,0,0,1,0,0
eng_train_track_a_01080,Now this was even more precious to my heart.,0,0,0,1,0,0
eng_train_track_a_01081,That is all in my head I know.,0,0,1,0,0,0
eng_train_track_a_01082,"' By now, a small intense knot of hatred swelling in my stomach.",1,0,0,0,0,0
eng_train_track_a_01083,Someone is in danger.,0,0,1,0,1,1
eng_train_track_a_01084,"My chest was lighter, my entire body was lighter.",0,0,0,1,0,0
eng_train_track_a_01085,"I felt for it, but ended up having to open my eyes to actually find it.",0,0,1,0,0,1
eng_train_track_a_01086,I know why I got one I have constant allergy symptoms and my head was wet with constant snot.,0,0,1,0,1,0
eng_train_track_a_01087,So we get there and order some drinks.,0,0,0,1,0,0
eng_train_track_a_01088,"The first one was far enough ahead that it didn't startle me so much.Anyway, for the gruesomely curious, here are some pics of my injuries: My elbow got the worst of it.",1,0,1,0,1,0
eng_train_track_a_01089,These dogs jump on me and scratch my legs and when I get out of the car they try to jump inside.,1,0,1,0,0,0
eng_train_track_a_01090,Please excuse the spelling:~),0,0,0,1,0,0
eng_train_track_a_01091,We're also thieves.,0,0,1,0,0,1
eng_train_track_a_01092,"With my buddy convinced, our cop decoy is revealed...my 1977 black Pontiac Trans Am.",0,0,0,1,0,1
eng_train_track_a_01093,"Being a `` part-time vampire '', hanging by my toes during the morning hours during vacation, I spent a few hours that early morning loading stuff.",0,0,0,1,0,0
eng_train_track_a_01094,"I'm trying to bribe them, keep them happy, and keep the steam from coming out of my ears, since i don't really know how to photoshop steam out.",1,0,1,0,0,0
eng_train_track_a_01095,"I would wake up sometime later shaking, perhaps trying to rid myself of the sleep paralysis.",0,0,1,0,1,0
eng_train_track_a_01096,First: I WANT TO KNOW ABOUT *YOUR* DAY!,0,0,0,1,0,0
eng_train_track_a_01097,I was staying at a supposedly haunted hotel with some friends.,0,0,1,0,0,1
eng_train_track_a_01098,I remember sitting on the curb putting it to my ear and listening to the music.,0,0,0,1,0,0
eng_train_track_a_01099,"I smashed my face with the box I was carrying, busted my lip and got blood all over my face, broke my glasses ( again! )",1,0,1,0,1,1
eng_train_track_a_01100,This one has haunted me for years...,0,0,1,0,1,1
eng_train_track_a_01101,"It was pretty scary; I had to breathe into a funny-looking thing and the worst part was that I had to have not one, but TWO shots in my legs!",0,0,1,0,0,0
eng_train_track_a_01102,At this point my cousin notices that his house is decorated entirely with circus clowns.,0,0,1,0,0,1
eng_train_track_a_01103,She refused to go to the doctor.,0,0,1,0,1,0
eng_train_track_a_01104,"My hand seemed to tremble more as I took the frail hand offered to me, feeling the protruding veins under my thumb.",0,0,1,0,1,0
eng_train_track_a_01105,"I moved my arms, stretching the muscles, watching ribbons of flesh dance around skin and bone.",0,0,0,1,0,0
eng_train_track_a_01106,"I could feel it on my back; cold, wet and aged.",0,0,1,0,1,0
eng_train_track_a_01107,"So when I am quiet, crying, angry... or my attitude just seems... different, let me close my eyes... and let me dream...",1,0,1,0,1,0
eng_train_track_a_01108,"&lt;3 Hopefully we'll meet in person eventually, but we live 9000 miles apart and neither of us have much money.",0,0,1,1,1,0
eng_train_track_a_01109,"In my brain, I knew it's nothing serious, but my eyes darted away while my hands looked for something to occupy automatically.",0,0,1,0,0,0
eng_train_track_a_01110,"This will probably get buried, but here goes:",0,0,1,0,0,1
eng_train_track_a_01111,The bride floated down the aisle like a pageant queen.,0,0,0,1,0,1
eng_train_track_a_01112,Instinctively I turned my head to see who was coming in.,0,0,1,0,0,0
eng_train_track_a_01113,Anyway we've been married almost nine years.,0,0,0,1,0,0
eng_train_track_a_01114,I did as little as possible with my right hand on Sunday and took a long nap with my hand in an elevated and comfortable position Sunday afternoon.,0,0,0,0,0,0
eng_train_track_a_01115,"The hike was pleasant enough at first, walking on a slight incline, enjoying the scenery and the multitude of grasshoppers ( sweet jaysis, some of them were soooo big I'm sure they had skeletons ) almost flying into my face every step or so, I thought `` Ah!",0,0,1,1,0,1
eng_train_track_a_01116,"My elbow has some roadrash, once again through the jacket.",0,0,1,0,0,0
eng_train_track_a_01117,"This is what I recall... There was a sheet draped across my belly, vertically, so I couldn't see what was going on.",0,0,1,0,0,0
eng_train_track_a_01118,The black panther is here!.,0,0,1,0,0,1
eng_train_track_a_01119,I have many memories of him sitting across from me and sucking on a pig's foot while I wrinkled my nose in disgust.,0,0,0,0,0,0
eng_train_track_a_01120,"As my friend Steve called for better directions and as he was getting them, I fell again thinking I could break and quickly put my foot on the curb.",0,0,1,0,1,0
eng_train_track_a_01121,So far in this class my eyes have been opened to the power of writing and the enjoyment it can bring to me.,0,0,0,1,0,0
eng_train_track_a_01122,Then Bodybag was on my case and was ordering a cell search and people were shoving the `` uppers '' into my hands to which I was there trying to hide them in my pockets and such.,1,0,1,0,0,0
eng_train_track_a_01123,"The front page caught my eye; on it was a lengthy list of medical conditions, some five hundred or so altogether.",0,0,1,0,0,1
eng_train_track_a_01124,It was up-hill to get to school.....and up-hill again walking back home.,0,0,1,0,1,0
eng_train_track_a_01125,"` Captain, ' Ianto said timidly, poking his head around the door.",0,0,1,0,0,0
eng_train_track_a_01126,"(yikes, no pun intended--on either count)",0,0,1,1,0,1
eng_train_track_a_01127,strange that happened to me once long ago.,0,0,1,0,0,1
eng_train_track_a_01128,Talked with a lady online and we decided to meet.,0,0,1,1,0,0
eng_train_track_a_01129,The trap door was wide open.,0,0,1,0,0,1
eng_train_track_a_01130,"But, when I feel the sand under my feet, hear the roar of the waves and the strength of the gulf winds pushing and pulling the water in a sacred motion, all else is gone.",0,0,0,1,0,0
eng_train_track_a_01131,"bummed Well, I have survived the colonoscopy and the scope down my throat.",0,0,1,0,1,0
eng_train_track_a_01132,I was like wtf.,1,0,0,0,0,1
eng_train_track_a_01133,By the time Tuesday afternoon came my brain was gone.,0,0,1,0,1,0
eng_train_track_a_01134,here's the problem; i itch so bad i want to rip off my skin.,0,0,1,0,0,0
eng_train_track_a_01135,and my entire right leg up to my hip was still sleeping.,0,0,0,0,0,0
eng_train_track_a_01136,"I whirl around, of course, and see nothing.",0,0,1,0,0,1
eng_train_track_a_01137,"Suddenly another plane was involved, heading for Washington and my heart stopped beating for a few seconds as the implications of what was happening took me to my knees.",0,0,1,0,1,1
eng_train_track_a_01138,"Images of him dominating in all ways filled my head, haunting my dreams and fueling my fantasies.",0,0,1,0,1,0
eng_train_track_a_01139,"I land off-kilter and go crashing into the drum set and take a Hi-Hat to the center of my spine, severing my nerves and leaving me paralyzed.",1,0,1,0,1,1
eng_train_track_a_01140,I'm so sorry.,0,0,0,0,1,0
eng_train_track_a_01141,The whole bathroom was very elegant and nicely decorated.,0,0,0,1,0,0
eng_train_track_a_01142,Either way I was scared for my life that day...,0,0,1,0,0,0
eng_train_track_a_01143,"she is so intrusive in my life, I have issues at work.",1,0,1,0,1,0
eng_train_track_a_01144,There is so much going threw my head right now it's,0,0,1,0,0,0
eng_train_track_a_01145,"I went to an off broadway show, which was a wedding.",0,0,0,1,0,1
eng_train_track_a_01146,"The brace however squeezes my leg flesh out the top and bottom of the brace, and makes my knee cap look like a brain when I straighten my leg, but whatever.",0,0,0,0,0,0
eng_train_track_a_01147,I politely decline and went home.,0,0,0,0,0,0
eng_train_track_a_01148,Then I got to a parking lot and got a funny idea in my head to toss it at a car.,0,0,0,1,0,0
eng_train_track_a_01149,My venomous snake story is less awesome but the end result is the same:,0,0,1,0,0,0
eng_train_track_a_01150,What demon likes peas?,0,0,0,0,0,1
eng_train_track_a_01151,"The ocean wind is cold and howling in my face, easing a sharp stream of tears out of the left eye.",0,0,1,0,1,0
eng_train_track_a_01152,"It was a good part time job, with flexible hours and great people to work with.",0,0,0,1,0,0
eng_train_track_a_01153,I closed my eyes and took a deep breath.,0,0,1,1,0,0
eng_train_track_a_01154,I turned around so I could see my back.,0,0,0,0,0,1
eng_train_track_a_01155,"She is a nice religious girl, exactly like the one he wanted to be with.",0,0,0,1,0,0
eng_train_track_a_01156,"My heart is broke, There's nothing to steal.",0,0,0,0,1,0
eng_train_track_a_01157,"""How the hell did you get her down?!",1,0,1,0,0,1
eng_train_track_a_01158,"Ok, I'll tell you something which is both very creepy and very, very real.",0,0,1,0,0,1
eng_train_track_a_01159,The next day I got a tetanus shot.,0,0,1,0,0,0
eng_train_track_a_01160,Got tired roaming' and bumming' around,0,0,0,0,1,0
eng_train_track_a_01161,They kept me at the hospital for 24 hours-and suggested I try to stay off my feet as much as possible.,0,0,1,0,1,0
eng_train_track_a_01162,"This leads to the neeed to suffle around and makes my legs fall asleep after not too long, which obviously isn't advisable.",0,0,1,0,0,0
eng_train_track_a_01163,"this lake... that my feet are now standing in... is not only the lake that Jesus calmed in mark 4, but it is also the very water that Jesus walked on!",0,0,0,1,0,1
eng_train_track_a_01164,"Just got x-rays, and at least my knee does not appear to be broken ( although they are sending the x-rays to a specialist to be sure ).",0,0,1,1,0,0
eng_train_track_a_01165,"My dad was in the car, my mom was signing medical consents, and my sister was holding my hand and telling me to breath to keep me calm.",0,0,1,0,1,0
eng_train_track_a_01166,"Needless to say, the plant died from her residual evil.",1,0,0,0,0,1
eng_train_track_a_01167,"Everyone was rather distraught, as he was widely liked and respected.",0,0,1,0,1,0
eng_train_track_a_01168,"The room was small but brightly lit and I sat on a two-seater couch facing the counselor across the room, as opposed to lounging on my back while staring at the ceiling with the lights dimmed.So what did I learn?",0,0,0,0,0,0
eng_train_track_a_01169,"Well, I was being nice and throwing our trash away at Sonic... he started to back up, so I slammed my hands on the front of the car, so he started to pull forward... I laughed, finding it funny, and then I slowly realized that the car was against my shins and my feet were under the bumper of the car.......",0,0,1,0,0,1
eng_train_track_a_01170,"We pressed play, and some Rap song came on.",0,0,0,1,0,1
eng_train_track_a_01171,I smoke weed alone I have a tendency to become hungry.,0,0,0,1,0,0
eng_train_track_a_01172,"""I forget, but I never forgive!",1,0,0,0,0,0
eng_train_track_a_01173,We cleaned up another 15-20 litres of wine and finished up by the boys lifting the flagon to my mouth while I sculled the last litre or so.,0,0,0,1,0,0
eng_train_track_a_01174,I wish there was some way to know which dreams were going to come true.,0,0,1,0,1,1
eng_train_track_a_01175,my knees are banged to shit tho.,0,0,0,0,1,0
eng_train_track_a_01176,"My prep nurse Deborah ( went by Debbie ( Which I thought was great because I really wanted my mom with me, but it wasn't possible with a C-Section ) ) Held my hand and told me to sit very still.",0,0,1,0,0,0
eng_train_track_a_01177,"It was a call from the company whose offer i had accepted, saying that on the medical check up ( i signed the contract before i went on med.check ); my lungs doesn't seem well.",0,0,1,0,1,0
eng_train_track_a_01178,"hopeful Six months ago, I stood in a strange new place, my strange new home, in front of a fountain with a shiny penny in my hand.",0,0,0,1,0,0
eng_train_track_a_01179,"The priest must have taken pity on me because of the rain, because my hands were otherwise engaged, and apparently because he thought I looked smokin ' hot.",0,0,0,1,0,0
eng_train_track_a_01180,Sure enough - same car.,0,0,0,0,0,1
eng_train_track_a_01181,p / s: iloveyou guys from the bottom until the top of my heart.,0,0,0,1,0,0
eng_train_track_a_01182,"Man, I was wrong.",0,0,0,0,1,1
eng_train_track_a_01183,"Scariest part is when I couldn't move my body, with my conscious aware of everything and not being able to breathe.",0,0,1,0,1,1
eng_train_track_a_01184,I cringe because I have a morbid fear of STDs.,0,0,1,0,0,0
eng_train_track_a_01185,"The monster was right in front of me and gripped my arms tightly, giving me no chance to escape.",0,0,1,0,0,0
eng_train_track_a_01186,She sat me in the chair and spent a total of 30 seconds looking in my mouth.,0,0,0,0,0,0
eng_train_track_a_01187,"Being insensitive and ignorant like that is completely uncalled for and that just made me sick.Even more, there are a couple people that get under my skin a bit.",1,0,0,0,1,0
eng_train_track_a_01188,"He happened to be wearing two leather jackets at the time, so the machete only cut halfway through his arm right below the elbow.",0,0,1,0,1,1
eng_train_track_a_01189,"There isn't a lot left, so I'm going to summarize from this point on.",0,0,0,1,0,0
eng_train_track_a_01190,"We went out for pizza, everything was grand -- great conversation, no awkwardness -- until a friend of hers came up and started chatting, and then congratulated her on her new boyfriend, etc.",0,0,1,1,1,1
eng_train_track_a_01191,Instead I have to go down there to find them all drinking.,1,0,0,0,0,0
eng_train_track_a_01192,"""Well I have loads, you can share mine"".",0,0,0,1,0,0
eng_train_track_a_01193,My foot was tingling for sometime afterwards but the pain was mostly gone and there was no more grinding sensation.,0,0,1,0,0,0
eng_train_track_a_01194,"I was eating and drinking well, my legs felt fresh, and other than a twinge in my achilles tendon, I felt on the ball.",0,0,0,1,0,0
eng_train_track_a_01195,I pulled a shard of bone out of my mouth.,0,0,1,0,0,0
eng_train_track_a_01196,"By Sharlyn Guthrie From the sea fate called to me, harmless ` round my ankles danced.",0,0,0,1,0,0
eng_train_track_a_01197,Best/worst physics class of my life.,0,0,1,1,1,1
eng_train_track_a_01198,"He went and cried, literally cried, to the guidance counselor.",0,0,0,0,1,1
eng_train_track_a_01199,"Bitch daniel splashed fish water @ my face, lmfao.",1,0,0,0,0,0
eng_train_track_a_01200,The grip on my wrist tightened and my arm throbbed from the pressure.,1,0,1,0,0,0
eng_train_track_a_01201,That is how you single-handedly stop a zombie apocalypse.,0,0,0,1,0,1
eng_train_track_a_01202,"When I pulled her back in, her hand went to the perfect spot on my chest.",0,0,0,1,0,0
eng_train_track_a_01203,"When I poked my head in the box to see how they were doing, the other one just let out a single peep!",0,0,0,1,0,1
eng_train_track_a_01204,"I could still feel glass showering down and now the cut on my head was bleeding pretty badly, I could taste the blood as it ran down my face and mixed with my sweat and hit my lips.",0,0,1,0,1,0
eng_train_track_a_01205,We broke up twice.,1,0,1,0,1,0
eng_train_track_a_01206,"The whole class turned to look at me and i felt my cheeks flame up a wonderul crimson colour as I tried to bury my head back into my book, i wanted to look back up take one more glimpse at her but I daren't.",0,0,1,0,1,0
eng_train_track_a_01207,I was on a date with this woman.,0,0,0,1,0,0
eng_train_track_a_01208,My parents blame me.,1,0,1,0,1,0
eng_train_track_a_01209,"The interesting part is, i hear nothing.",0,0,1,0,0,1
eng_train_track_a_01210,"I dropped her at her house, assumed she thought it went as badly as I did, and thought nothing more of it.",0,0,0,0,1,0
eng_train_track_a_01211,mmm... my mouth is watering just thinking about it!,0,0,0,1,0,0
eng_train_track_a_01212,"She staggered backwards, hit her head hard enough on the wall to leave a dent, and slumped down.",0,0,1,0,1,1
eng_train_track_a_01213,It was a mess.,1,0,1,0,1,0
eng_train_track_a_01214,"They were filled with garbage, dirty clothes, and empty tampon containers.",1,0,1,0,1,1
eng_train_track_a_01215,"and sometimes an elbow to your side makes you realize that you better get moving too!time waits for no man, tom waites makes my spine tremble, and thyme makes a good spice.",0,0,1,0,0,0
eng_train_track_a_01216,So I got my hand on the Healthy wear powder foundation in creamy beige for $ 3.45.,0,0,0,1,0,0
eng_train_track_a_01217,"There was the tiniest pause in my head for a moment, as I looked round at her.",0,0,1,0,0,0
eng_train_track_a_01218,for puttin my heart into it n come out cryin n sad.,0,0,0,0,1,0
eng_train_track_a_01219,His life was hell.,0,0,1,0,1,0
eng_train_track_a_01220,The waiter obliged though and did box the salad.,0,0,0,1,0,0
eng_train_track_a_01221,And soon well need more cabbage and potatoes.,0,0,0,0,0,0
eng_train_track_a_01222,"It was probably about 21:00, either way it had already gone very dark (was possibly winter time).",0,0,1,0,0,0
eng_train_track_a_01223,"While we were swimming, I went out where it was almost to my shoulders.",0,0,1,1,0,0
eng_train_track_a_01224,I still have a blank stare on my face.,0,0,0,0,0,0
eng_train_track_a_01225,"At one point, I got pissed at Bryce for holding my hands back while my cell phone rang.",1,0,0,0,0,0
eng_train_track_a_01226,That thing was there.,0,0,1,0,0,1
eng_train_track_a_01227,"There, I was just inches away from him and for some reason, I felt the beating of my heart jump out from within me.",0,0,1,0,0,1
eng_train_track_a_01228,it's currently snowing big flakes outside and i'm crossing my fingers and hoping for a snow day.,0,0,1,1,0,0
eng_train_track_a_01229,Nothing but the dark.,0,0,1,0,1,0
eng_train_track_a_01230,She never went through general anesthesia again.,0,0,1,0,1,0
eng_train_track_a_01231,`` So this is what is going through my head today while I try to tackle an immense amount of work.,0,0,1,0,0,0
eng_train_track_a_01232,My face was just not meant to smile.,1,0,0,0,1,0
eng_train_track_a_01233,The best I could offer was a small keloid scar on the meaty part of my palm from busting a glass while washing dishes.,0,0,0,0,0,0
eng_train_track_a_01234,A penny hit me square in the face.,1,0,1,0,0,1
eng_train_track_a_01235,At this point I am confident that my neck could actually heal completely which is unlike how I felt about it previously.,0,0,0,1,0,0
eng_train_track_a_01236,Got me so far?,0,0,0,0,0,0
eng_train_track_a_01237,Thoight it was weird.,0,0,1,0,0,1
eng_train_track_a_01238,I was just crying so hard that the tears dripped off my chin and into the sink ).,0,0,1,0,1,0
eng_train_track_a_01239,Idk what to believe..,0,0,1,0,1,1
eng_train_track_a_01240,' So I held it up to my face and waved at it before swallowing it.We got home around 8:30 AM.,0,0,0,0,0,1
eng_train_track_a_01241,"Makeing a sorta clam shell, or like someone praying but sideways., around my clentched fist.",0,0,1,0,0,0
eng_train_track_a_01242,"A voice from below begged, pleaded to be unburied.",0,0,1,0,1,1
eng_train_track_a_01243,I woke up around 10:30 with a million thoughts rolling through my head.,0,0,1,0,0,0
eng_train_track_a_01244,I caught a co-worker stealing my prescription migraine medicine.,1,0,1,0,0,1
eng_train_track_a_01245,Another seventeen were sent to the hospital.,0,0,1,0,1,1
eng_train_track_a_01246,We've never met.,0,0,0,0,0,1
eng_train_track_a_01247,"Shitty situation, dont protect yourself with guns unless shots have already been fired.",1,0,1,0,0,0
eng_train_track_a_01248,I looked down only to see a flashing red light buried in the dirt under my feet.,0,0,1,0,0,1
eng_train_track_a_01249,"I'm tired of fighting against you Life, I'm tired of getting up and going into work day after day even when I'm sick to my stomach and my head's throbbing.",1,0,1,0,1,0
eng_train_track_a_01250,"Oh, this thread is perfect.",0,0,0,1,0,0
eng_train_track_a_01251,Tears streaming down my face I say '' let this end be because of my own making. '',0,0,1,0,1,0
eng_train_track_a_01252,Every september I used to get a wicked case due to fluid in my ears caused by allergies.,0,0,1,0,1,0
eng_train_track_a_01253,i can see him staring from the corner of my eye i take a small glance and ask myself `` why? '',0,0,1,0,0,1
eng_train_track_a_01254,""" We don't have anything that they want, so they told me.",0,0,1,0,1,1
eng_train_track_a_01255,She lived in the boonies &amp; one night she was getting ready for bed when she glanced out the window &amp; saw a red flicker.,0,0,1,0,0,1
eng_train_track_a_01256,"Crazy.Anyway, my feet & knees still hurt this morning.",0,0,1,0,0,0
eng_train_track_a_01257,"I then started to cry again, with a doll in my arms.",0,0,0,0,1,0
eng_train_track_a_01258,My head smashed into the roof of it hard enough to drive every thought from my head.,1,0,1,0,0,0
eng_train_track_a_01259,I was sweating and panicked.,0,0,1,0,0,0
eng_train_track_a_01260,Meaningless at the time.,0,0,0,0,1,0
eng_train_track_a_01261,"It was dark but I could see my door was slightly open, and on the other side was from what I could tell a giant eye.",0,0,1,0,0,1
eng_train_track_a_01262,In college we had a lot of foreign students at school.,0,0,0,1,0,0
eng_train_track_a_01263,It was really beautiful but being half asleep I didn't want to wake up anymore and so I kept dozing in and out of sleep watching the sunrise for a few moments before closing my eyes again and drifting off to sleep.,0,0,0,1,0,0
eng_train_track_a_01264,Now I am resting and I have to do my ear drops again.,0,0,1,0,0,0
eng_train_track_a_01265,I can see it in my head.,0,0,0,0,0,0
eng_train_track_a_01266,"It was a joyously frightening ride and as I went to get off the bike, I burned my leg on the exhaust.",0,0,1,1,0,0
eng_train_track_a_01267,"""That's were those people went missing"".",0,0,1,0,1,1
eng_train_track_a_01268,It was so fucking weird.,0,0,1,0,0,1
eng_train_track_a_01269,"Jamming the finger in my mouth to suck on, I open my stinging eyes and look over to my nightstand.",0,0,1,0,1,0
eng_train_track_a_01270,"), and I've imagined an entire life for him, his family, and his friends.",0,0,0,1,0,0
eng_train_track_a_01271,I remember Pirate Percy.,0,0,0,1,1,0
eng_train_track_a_01272,"I don't mind conditioning, but with my hip?",0,0,1,0,0,0
eng_train_track_a_01273,"He looked over my face, my chest, and slowly down, one hand pulling open the tie on my robe.",0,0,0,0,0,0
eng_train_track_a_01274,"Nothing in his bed, not on his pillow, not on the bed, not on any doorhandles...nothing.",0,0,1,0,1,1
eng_train_track_a_01275,"As soon as I came out of the loo to wash my hands, a girl stepped out of the loo next to mine, followed by an horrendous smell.",0,0,1,0,0,0
eng_train_track_a_01276,What happened to my heart when it broke into pieces?,0,0,0,0,1,0
eng_train_track_a_01277,"I never saw that thing again, because evidently it was ""stolen"".",1,0,1,0,0,1
eng_train_track_a_01278,"I've spent tons of time in the desert, in the forest, camping, hiking.",0,0,0,1,0,0
eng_train_track_a_01279,"So the money is ""taken"" from the employees.",1,0,0,0,0,0
eng_train_track_a_01280,"Not too long after my family left, a guy came in to hook me up to yet another machine briefly to check my breathing which proved to be labored but not dangerously slow ( a nurse came in later a gave me a little toy thing to exercise my lungs which helped a bit ) and another couple guys came in to take an x-ray of my lungs.",0,0,1,0,0,0
eng_train_track_a_01281,The pain was incredible.,0,0,1,0,1,0
eng_train_track_a_01282,"The manager was at the till beside the front door, and the rest of us were mopping upstairs, cleaning tables and giving the staff toilet and stock room the once over.",0,0,0,0,0,0
eng_train_track_a_01283,I started smoking there.,0,0,0,0,0,0
eng_train_track_a_01284,They have nothing to fear.,0,0,0,1,0,0
eng_train_track_a_01285,"I pushed her away, looked at the other pups, played, and did all the little `` tests '' but, every time someone turned loose of that the little female pup, she simplly walked over, and crawled in my lap, licked my hand.",0,0,0,1,0,0
eng_train_track_a_01286,I used to work for a UK energy company and through asking the right people the right questions I learned about the distribution gap.,0,0,0,1,0,0
eng_train_track_a_01287,"During the long and high vocals at the end, hair stood up on the back of my neck.",0,0,1,0,0,1
eng_train_track_a_01288,I think my eyes shut immediately after my head hit that pillow.,0,0,0,1,0,0
eng_train_track_a_01289,My pencil is in my hand.,0,0,0,0,0,0
eng_train_track_a_01290,"Then while it was still on my heart, I opened it into a V with my index and middle finger.",0,0,0,1,0,0
eng_train_track_a_01291,where my feet couldn't get warm enough while i slept and i had to wear booties while sleeping.,0,0,1,0,0,0
eng_train_track_a_01292,It buoyed up my heart.,0,0,0,1,0,0
eng_train_track_a_01293,A former boxing coach for the Soviet Union.,0,0,0,0,0,1
eng_train_track_a_01294,"""Liutenant, we see the black patch.",0,0,1,0,0,1
eng_train_track_a_01295,My hands were full.,0,0,0,0,0,0
eng_train_track_a_01296,"I stirred the surface of the water with my hand; my face wiped away, only to reform when the mirror settled down again.",0,0,1,0,0,1
eng_train_track_a_01297,"I throw my hands up in the air sometimes Sayin ' ay-oh, got ta let go I wan na celebrate and live my life Sayin ' ay-oh, baby let's go 'Cause we gon ' rock this club We gon ' go all night We gon ' light it up Like it's dynamite 'Cause I told you once Now I told you twice We gon ' light it up Like it's dynamite God, I wish I could.",0,0,0,1,0,0
eng_train_track_a_01298,""" I explain the promotion to them and he is quick to decide he wants three.",0,0,0,1,0,1
eng_train_track_a_01299,"I fell to my knees, my body shaking with the sorrow I held in me since I woke up.",0,0,0,0,1,0
eng_train_track_a_01300,For many months I learned to shower keeping my elbows close to prevent water from hosing off the ends and totally drenching the place.,0,0,1,0,0,0
eng_train_track_a_01301,&lt;/crazy-nutter&gt;,0,0,1,0,0,1
eng_train_track_a_01302,Maybe I should try to get my hands on some.,0,0,0,0,0,0
eng_train_track_a_01303,"Warmth, acrossed my cheek from golden rays.",0,0,0,1,0,0
eng_train_track_a_01304,"As I walked in the door she came around the corner, squealing with delight and ran into my arms!",0,0,0,1,0,1
eng_train_track_a_01305,I go in and sit down at my usual seat.,0,0,0,0,0,0
eng_train_track_a_01306,"`` Well then, by all means, curl my toes. ''",0,0,0,0,0,0
eng_train_track_a_01307,"Ah, to close my eyes and let time fly by, Because there's so much to gain By forgetting these dreams driving me insane.",0,0,1,0,1,0
eng_train_track_a_01308,It started out like a small ache but as the day progressed it turned into this sharp jabbing pain in my ear.,0,0,1,0,0,0
eng_train_track_a_01309,I most certainly had change.,0,0,0,0,0,0
eng_train_track_a_01310,"I think, just a week or so until I have my Nala kitty back in my arms.",0,0,0,1,0,0
eng_train_track_a_01311,Quite the opposite-total sloth/stoner/drunk.,0,0,0,0,0,1
eng_train_track_a_01312,We haven't talked about it since.,0,0,0,0,1,0
eng_train_track_a_01313,"My arms reached forward, and I grabbed on to his leg.",0,0,0,0,0,0
eng_train_track_a_01314,"i kind of bawled my eyes out at the end; i warn you, it is highly depressing!",0,0,0,0,1,0
eng_train_track_a_01315,"Now, we just gotta get it home.",0,0,0,1,0,0
eng_train_track_a_01316,=D but i took the ones written on my hands one!,0,0,0,1,0,0
eng_train_track_a_01317,I went walking the other day and froze my lungs out.,0,0,1,0,0,0
eng_train_track_a_01318,Thankfully it was witnessed by the counselor in full detail.,0,0,1,1,0,0
eng_train_track_a_01319,"The other was terrible, horrible, no good, very bad.",1,0,0,0,1,0
eng_train_track_a_01320,"With an infant, stroller and backup, I had my hands full and I needed time to do things.",0,0,1,0,0,0
eng_train_track_a_01321,I get close enough to see the empty bottle and it starts moving a little.,0,0,1,0,0,1
eng_train_track_a_01322,What was the aftermath?,0,0,1,0,0,1
eng_train_track_a_01323,"At this point I am starting to have an anxiety attack, but I keep listening.",0,0,1,0,0,0
eng_train_track_a_01324,"Today, I ventured to swim class where Reese spent the entire 10 ( to maybe 12 ) minutes we were in the pool softly crying, almost whimpering and licking my shoulder.",0,0,1,0,1,0
eng_train_track_a_01325,It used its claws to tear my living room couch to shreds.,1,0,1,0,1,1
eng_train_track_a_01326,"So I tried to make things as simple as possible, even though it was a pretty fancy wedding (my mom's standards).",0,0,0,1,0,0
eng_train_track_a_01327,"The Tooth Fairy paid for my teeth in quarters, equivalent to my age in years.",0,0,0,1,0,0
eng_train_track_a_01328,i oblige and he says something about how i have fluid in my lungs and i need to cough it all out.,0,0,1,0,0,0
eng_train_track_a_01329,My nose is so stuffed up right now.,0,0,1,0,1,0
eng_train_track_a_01330,Sometimes I have difficulty feeling my feet-I much prefer the clouds.,0,0,1,0,0,0
eng_train_track_a_01331,By that point I felt like someone was stabbing my head with a sharp object.,0,0,1,0,0,0
eng_train_track_a_01332,"I can only knit for so long till my hands start to hurt, and I haven't been in a video gaming mood lately, so I needed something.",0,0,0,0,0,0
eng_train_track_a_01333,I felt like I had been paddling for all I was worth for the last year and could not seem to get my head above water.,0,0,1,0,1,0
eng_train_track_a_01334,My car door was still open so running into the street after it like a moron i tried getting into the car and winded up missing and getting stuck half in the car and half out getting drug across the street and finally ending up in someones yard when the car came to a stop after rolling over my foot with the tire.,1,0,1,0,1,1
eng_train_track_a_01335,"I snapped my phone shut, clenching my fist around it tightly.",1,0,0,0,0,0
eng_train_track_a_01336,"No noise at all, no lights, it wasn't pitch black either.",0,0,1,0,0,1
eng_train_track_a_01337,At least not right away.,0,0,0,0,0,1
eng_train_track_a_01338,Guys are trying to get in your pants.,1,0,1,0,0,0
eng_train_track_a_01339,"I stopped laughing, clearing my throat and looking down again.",0,0,0,0,0,0
eng_train_track_a_01340,"I witnessed as the age old rock tradition of holding up lighters spread across the 28,000 person deep crowd... lighting up the entire audience... the hair on my arms started to raise until I noticed that....",0,0,1,1,0,0
eng_train_track_a_01341,"The promptly beat me.In my defense, I was only armed with the evil camera, my mouth and some water balloons.",0,0,1,0,0,0
eng_train_track_a_01342,"Stretching until my toes were caught by the sheets and my fingertips brushed the headboard, I opened my eyes.",0,0,0,1,0,0
eng_train_track_a_01343,It hadn't been plugged in and cell phones keep time automatically.,0,0,0,0,0,1
eng_train_track_a_01344,"light and noise, they make my brain pound against my skull.",0,0,1,0,0,0
eng_train_track_a_01345,"It started storming outside, light at first but it got heavy, quick.",0,0,1,0,0,1
eng_train_track_a_01346,Freaked all 3 of us out.,0,0,1,0,0,1
eng_train_track_a_01347,Just the thought is bring tears to my eyes again.,0,0,0,0,1,0
eng_train_track_a_01348,"I always had my nose in a book when I was younger, and when I moved up here I lost interest.",0,0,0,0,1,0
eng_train_track_a_01349,She just saw red.,1,0,0,0,0,0
eng_train_track_a_01350,"At this point, everything goes quiet.",0,0,1,0,0,1
eng_train_track_a_01351,You've clearly been to hell and back.,0,0,1,0,1,0
eng_train_track_a_01352,I said sure thing.,0,0,0,1,0,0
eng_train_track_a_01353,eventually i fell asleep on the floor of her closet.,0,0,1,0,1,0
eng_train_track_a_01354,The afterimage lit up green and orange against my eyelids.,0,0,0,0,0,1
eng_train_track_a_01355,Then it hit me.,0,0,1,0,0,1
eng_train_track_a_01356,You don't understand.,1,0,1,0,0,0
eng_train_track_a_01357,We went on rehearsing.,0,0,0,1,0,0
eng_train_track_a_01358,"""Yes Johnson"" ARcH replied.",0,0,0,0,0,1
eng_train_track_a_01359,The computer screen is really bright and it hurts my eyes.,0,0,1,0,0,0
eng_train_track_a_01360,Let's go back to the gym.,0,0,0,1,0,0
eng_train_track_a_01361,"`` That $ smell, '' I said softly, closing my eyes and feeling it rush over me as Xavier smiled down at me and shook his head slightly.",0,0,0,1,0,0
eng_train_track_a_01362,#NAME?,1,0,0,0,0,1
eng_train_track_a_01363,I never got any waffles either.,1,0,0,0,1,0
eng_train_track_a_01364,This is my creepiest real story.,0,0,1,0,0,1
eng_train_track_a_01365,Silence echoed in my head.,0,0,1,0,1,0
eng_train_track_a_01366,"My eyes followed, noting that there was just the two of us.",0,0,0,0,0,0
eng_train_track_a_01367,"Clearly, I need to get back on some technical trails and regain my footing there: ) My ankles have been spoiled on the easy pavement this winter!",0,0,0,1,0,0
eng_train_track_a_01368,"And this charming, gorgeous, blonde struck up a conversation with me.",0,0,0,1,0,1
eng_train_track_a_01369,It would be her first great grandchild.,0,0,0,1,0,1
eng_train_track_a_01370,I just sat there panting and wiping tears and mucus off my face.,0,0,1,0,1,0
eng_train_track_a_01371,"Now with my brain the way it is ( read: fried ), I had quite a difficult time coming up with one for this week.",0,0,1,0,1,0
eng_train_track_a_01372,I turned to take a good look at the pictures and my jaw almost bounced off the kitchen floor.,0,0,1,1,0,1
eng_train_track_a_01373,"Bless his heart $ < 3 Warnings: smoking, swearing, ridiculous spacing ( apologies ) I leaned thoughtfully against the brick wall outside of the studio, feeling the cold, rugged material of the stone press against my back through the black military blazer I wore, as I took a drag from my cigarette.",0,0,0,0,0,0
eng_train_track_a_01374,"A pink blob thing on a corveyor belt, it was really close, and slowly went away from me ( because it was on a corveyor belt ) I heard some background noise and knew I wasnt hallucinating it, someone was walking around in the kitchen so i took the ping pong balls off my eyes to not look crazy.",0,0,1,0,0,1
eng_train_track_a_01375,"The park is a small field, the only way out is at one end with a small fence with a gate, otherwise it's closed off.",0,0,1,0,0,0
eng_train_track_a_01376,"""Do you believe in our lord and savior?",0,0,1,0,0,0
eng_train_track_a_01377,"To top it all off, my back started to sieze up, possibly due to compensation habits and stress worrying about the issue.",0,0,1,0,1,0
eng_train_track_a_01378,My brain screams at me as I force myself to sit on the toilet lid.,1,0,1,0,1,0
eng_train_track_a_01379,"the winner was announced & i slunk outta there briskly striding the two-point-five blocks home, inhaled vapour medication which is also miraculous, and brushed my teeth.",0,0,1,0,0,1
eng_train_track_a_01380,I sit there with my shotgun and wait.,0,0,1,0,0,0
eng_train_track_a_01381,He had 4 inches and 40 pounds on me and I still won.,0,0,0,1,0,1
eng_train_track_a_01382,I was kind of scared of them.So my new knife sharpener came home with me last night and I sharpened all the knives I could lay my hands on.,0,0,1,0,0,0
eng_train_track_a_01383,$2K+ gone right there.,1,0,1,0,1,1
eng_train_track_a_01384,He immeditely broke down in tears from it.,0,0,0,0,1,0
eng_train_track_a_01385,Why does my heart beat so fast when I see this one person?,0,0,1,0,0,0
eng_train_track_a_01386,I get the shivers to this day.,0,0,1,0,1,0
eng_train_track_a_01387,This morning after a cup of coffee I went upstairs to get dressed to go running with Scout when something caught my eye on the armrest of my rocking chair.,0,0,0,0,0,1
eng_train_track_a_01388,Unfortunately this one did not end the same way ours ended.,0,0,0,0,1,1
eng_train_track_a_01389,"In my head, I was like... this is shit!",1,0,1,0,0,0
eng_train_track_a_01390,We hit off immediately and became friends.,0,0,0,1,0,0
eng_train_track_a_01391,"It is a relief to be able to write about the things that go on in my head, as well as the things that go on in my life on a daily basis.",0,0,0,1,0,0
eng_train_track_a_01392,She was unhappily employed stripping at the time.,1,0,1,0,1,0
eng_train_track_a_01393,"The spark leaped through his body into mine, and then out my hand to the cart.",0,0,1,0,0,1
eng_train_track_a_01394,"(Also, excuse my writing, it's late)",0,0,0,0,0,0
eng_train_track_a_01395,Unfortunately she had been sick and decided to leave early.,0,0,0,0,1,0
eng_train_track_a_01396,"Things were great for awhile, everything was perfect.",0,0,0,1,0,0
eng_train_track_a_01397,I just broke up with a girl I had been dating for a pretty long while.,0,0,1,0,1,0
eng_train_track_a_01398,"Well, I stopped looking after two, because I really didn't want to know.And of course the natural progression of this examination is to move to the hair on my head... which fared no better.I am my father's daughter, and I am going to be a dashing salt-and-pepper by the time I am 35.",0,0,0,1,0,1
eng_train_track_a_01399,"I watched her live her mid-life, raise her children and then grow old.",0,0,0,1,1,0
eng_train_track_a_01400,He pulls out a switchblade and cuts the side of my mouth.,1,0,1,0,1,0
eng_train_track_a_01401,"Several hours of that was enough to put me flat on my back, so I took a nice long nap, then just rested for the remainder of the day.",0,0,1,0,0,0
eng_train_track_a_01402,She legged it back to house scared shitless.,0,0,1,0,0,1
eng_train_track_a_01403,JUST STOP IT ALREADY!,1,0,1,0,0,0
eng_train_track_a_01404,"Something went horribly wrong at the first one and I found my head empty, my thoughts run away.",0,0,1,0,1,0
eng_train_track_a_01405,"Maybe my nose is often runny, but I can smell danger well enough.",0,0,1,0,0,0
eng_train_track_a_01406,"With a few hours of daylight, I immediately hopped on my back after unpacking the car.",0,0,0,1,0,0
eng_train_track_a_01407,She was super happy for M.,0,0,0,1,0,0
eng_train_track_a_01408,It's too late.,0,0,1,0,1,0
eng_train_track_a_01409,"`` I thought that I was biting into something hard in my taco, but it was my TOOTH!",0,0,1,0,0,1
eng_train_track_a_01410,I remember waiting for him to fall down.,1,0,1,0,0,0
eng_train_track_a_01411,my nose bled a lot for such a tiny thing.,0,0,0,0,0,0
eng_train_track_a_01412,And it felt good when the little fat puppy clumsily crawled over my feet and licked my nails.,0,0,0,1,0,0
eng_train_track_a_01413,I couldn't sleep last night for the adrenaline running through my veins.,0,0,1,0,0,0
eng_train_track_a_01414,... as it engulfs every fiber of muscle in my legs!!!,0,0,1,0,0,0
eng_train_track_a_01415,so i just kept nodding my head and smiling.,0,0,0,1,0,0
eng_train_track_a_01416,"It made me feel weird, like my stomach was tightening and I could feel that stupid blush again on the back of my neck and yet I couldn't look away.I don't know how long I stood there, staring into his eyes like that.",0,0,1,0,0,1
eng_train_track_a_01417,I screamed the chest pain was so bad i clutched my chest.,0,0,1,0,0,0
eng_train_track_a_01418,"After we had finished eating, some of us continued shopping ( or wandering around the shops ) and a number of times, I was told to crouch down with my knees spread or bend over and had the jumper lifted.",0,0,1,0,0,0
eng_train_track_a_01419,He was just plain GONE into thin air.,0,0,1,0,1,1
eng_train_track_a_01420,) is going to die tonight.,0,0,1,0,1,1
eng_train_track_a_01421,Only damage done was scarring and a broken collar bone.,0,0,1,0,1,0
eng_train_track_a_01422,Then it suddenly stopped.,0,0,1,0,0,1
eng_train_track_a_01423,wah my face all cringed up.,0,0,0,0,1,0
eng_train_track_a_01424,"I also dealt drugs (cocaine, methamphetamine, mushrooms, and marijuana).",0,0,1,0,0,1
eng_train_track_a_01425,Probably gonna get buried but...,0,0,1,0,1,0
eng_train_track_a_01426,Voice will occassionally change like in the movies.,0,0,0,0,0,1
eng_train_track_a_01427,I was house-sitting for my grandparents.,0,0,0,0,0,0
eng_train_track_a_01428,"I repeatedly thought, ""I am NOT going there!"".",1,0,1,0,0,0
eng_train_track_a_01429,She shows up drunk.,1,0,1,0,1,1
eng_train_track_a_01430,I immediately realized what had happened and tried to cover it up by gasping.,0,0,1,0,0,1
eng_train_track_a_01431,I then pushed myself up using my arms.,0,0,0,0,0,0
eng_train_track_a_01432,": Already got one on my leg want another one on my left leg Yeah, my left leg, my foot, the back of my neck, my hand... want more?",0,0,0,1,0,0
eng_train_track_a_01433,Grandmother touches my hand.,0,0,0,1,0,0
eng_train_track_a_01434,"Out of nowhere, my belly started aching.",0,0,1,0,0,1
eng_train_track_a_01435,My feet started taking a heavy beating and the sun was burning my whole body.,0,0,1,0,1,0
eng_train_track_a_01436,"One flew up and landed on my knee, another kept trying to draw attention to himself by flying up just inches from my face.",0,0,1,0,0,1
eng_train_track_a_01437,"( i have a little bit of time on my hands, okay?! )",0,0,0,1,0,0
eng_train_track_a_01438,"my eyes relaxed, and i relaxed for a while.",0,0,0,1,0,0
eng_train_track_a_01439,"Enthusiastic and filled with hope I entered the voting booth that was so small I had to duck to get in, and hit my head.",0,0,0,1,0,1
eng_train_track_a_01440,I'm pretty sure I know who you're talking about in this post.,0,0,0,0,0,1
eng_train_track_a_01441,I was very sad for that snake who only died because I was too stupid to leave it alone!,0,0,0,0,1,0
eng_train_track_a_01442,People curse at and even hit him.,1,0,1,0,1,0
eng_train_track_a_01443,They were dancing to Bolero.,0,0,0,1,0,0
eng_train_track_a_01444,Our classmate Mark had passed away late last night in his sleep.,0,0,1,0,1,1
eng_train_track_a_01445,He wasn't fucking with me either.,1,0,0,0,0,0
eng_train_track_a_01446,"One day, we lost all contact.",0,0,1,0,1,0
eng_train_track_a_01447,"But for a brief moment, my heart and mind started racing.",0,0,1,0,0,0
eng_train_track_a_01448,""" and turns away, falling back asleep.",0,0,0,1,1,0
eng_train_track_a_01449,"My jaw was pretty messed up for a month or so (Swollen, couldnt eat without terrible pain.",0,0,1,0,1,0
eng_train_track_a_01450,The object was shaped funny and broken at an odd fracture.,0,0,1,0,0,1
eng_train_track_a_01451,"However, there is someone else who's trying to win my heart.",0,0,1,1,0,0
eng_train_track_a_01452,"The back half is dark and dense woods, overgrown, only one trail winding through.",0,0,1,0,0,0
eng_train_track_a_01453,As long as it doesn't feel as though my throat and tongue are swelling then there's not much to worry about I guess.,0,0,1,0,0,0
eng_train_track_a_01454,"probably towed by now"".",0,0,1,0,0,0
eng_train_track_a_01455,I keep trying to keep my head up and not think about it.,0,0,1,0,1,0
eng_train_track_a_01456,So what happens is we get there.,0,0,0,0,0,0
eng_train_track_a_01457,Alarms rang in my head.,0,0,1,0,0,0
eng_train_track_a_01458,"See, I saw the movie trailer first, and it looked interesting, ( and, yes, I do have a bit of a crush on Pattinson ) and in my head I made up my own story.",0,0,0,1,0,0
eng_train_track_a_01459,"In that instant, this is what went through my brain.",0,0,1,0,0,1
eng_train_track_a_01460,"Turns out this big lug was basically 90% heart, 5% muscle, 5% brain.",0,0,0,1,0,1
eng_train_track_a_01461,"I've tried sewing pants and a skirt for Vivian but both turned out too short, so I'm sending them to Baby G. I burned my fingers four times in two days.",0,0,1,0,0,0
eng_train_track_a_01462,"Kinda freaky, but it never struck me deep.",0,0,1,0,1,1
eng_train_track_a_01463,"I set off down the street, walking with my head tilted slightly downwards, hiding my face from view.",0,0,1,0,1,0
eng_train_track_a_01464,Let's hit it.,0,0,0,1,0,0
eng_train_track_a_01465,"I think, however, it sucked some of my brain cells out of my head.",0,0,1,0,0,0
eng_train_track_a_01466,An OBE is an Out of Body Experience.,0,0,0,0,0,1
eng_train_track_a_01467,"Then, without warning, they disperse.",0,0,1,0,0,1
eng_train_track_a_01468,""" The black family behind me looked mortified.",0,0,1,0,1,1
eng_train_track_a_01469,Swerved the car so I would make it.,0,0,1,0,0,1
eng_train_track_a_01470,Im wasting my time doing nothing with my sister's E5700 hanging on my neck.,0,0,1,0,0,0
eng_train_track_a_01471,And the turbulence and near-death experiences.I hurt my neck again too.,0,0,1,0,1,0
eng_train_track_a_01472,"But early in the morning, say five or six, they all fell asleep.",0,0,0,0,0,0
eng_train_track_a_01473,Comes home later that night to find the money gone.,1,0,1,0,1,1
eng_train_track_a_01474,I get real scared now.,0,0,1,0,0,0
eng_train_track_a_01475,I'm positive that we'll never be able to communicate with them in their language.,0,0,1,0,1,1
eng_train_track_a_01476,"In my grandmother's home, she blocked off the formal living-room and dining-room with ""baby gates"" to keep me and my siblings and cousins from getting in and breaking stuff like her good china and antique furniture.",0,0,0,0,0,0
eng_train_track_a_01477,"I rolled my eyes while following behind Kathy.Then the voice from behind me sternly said, `` Are you talking to me?!!!",0,0,0,0,0,0
eng_train_track_a_01478,"Obviously there was no body, but what they did find was quite surprising.",0,0,0,0,0,1
eng_train_track_a_01479,"It was several years later that I realized that I had probably narrowly avoided being molested, kidnapped, or worse.",0,0,1,0,1,1
eng_train_track_a_01480,He's also obviously quite upset about something.,0,0,1,0,1,0
eng_train_track_a_01481,Mom asked us all to sit down and that's when my heart began to sink.,0,0,1,0,1,0
eng_train_track_a_01482,"I think I could've laughed my head off that night, except that I had to keep my head in place so I could laugh some more, haha.",0,0,0,1,0,0
eng_train_track_a_01483,"I swallowed a piece of meat, it sort of suctioned to the back of my throat.",0,0,1,0,0,0
eng_train_track_a_01484,I never noticed before -- I have viewed this photo a hundred times -- that my hand looks like a Blaquera.,0,0,0,0,0,1
eng_train_track_a_01485,My feet were totally soaked through.,0,0,1,0,1,0
eng_train_track_a_01486,"All the while, my foot throbbing.",0,0,1,0,0,0
eng_train_track_a_01487,I couldn't get my feet undone so I just... fell over.,0,0,1,0,0,0
eng_train_track_a_01488,I ate a delicious sandwich on an everything bagel and one of the seeds got stuck in between my teeth.,0,0,1,0,0,0
eng_train_track_a_01489,"I got the results back on the 11th, and my doctor said that she did not find anything wrong with my spine or back bone.",0,0,0,1,0,0
eng_train_track_a_01490,Closest analogy I could come up with.,0,0,1,0,0,0
eng_train_track_a_01491,"I nodded, pulling my arms across my chest, hoping that the rain obscured the tears that ran from my eyes.",0,0,1,0,1,0
eng_train_track_a_01492,"Then, all hell broke loose.",1,0,1,0,0,1
eng_train_track_a_01493,Youre not mad are you?,0,0,1,0,0,0
eng_train_track_a_01494,"let the masses who see my face, start speaking my name in harsh tones and cast-down eyes.",1,0,1,0,1,1
eng_train_track_a_01495,My balls hurt so badly that I could barely even walk.,0,0,1,0,1,0
eng_train_track_a_01496,"i tried to get out of bed and as i did, i immediately fell on the floor, unable to get my legs underneath me.",0,0,1,0,1,1
eng_train_track_a_01497,"Moved into a new office, and being an internet company, it was important The internet worked..",0,0,1,1,0,0
eng_train_track_a_01498,She lifted my other hand to examine the pads of my fingers.,0,0,0,0,0,0
eng_train_track_a_01499,Like John and Will.,0,0,0,0,0,0
eng_train_track_a_01500,And my heart bleeds.,0,0,1,0,1,0
eng_train_track_a_01501,"The trouble seeps Into my head In my body, I'm caught.",0,0,1,0,1,0
eng_train_track_a_01502,"From my bed you can see out my door, which I leave open (thanks to other experiences in my house), and directly at my little brothers door.I am reading a book and happen to glance out the door and I notice my little brother leave his room and walk into the bathroom.",0,0,0,0,0,0
eng_train_track_a_01503,We met at dinner with mutual friends at a very fancy italian restaurant.,0,0,0,1,0,0
eng_train_track_a_01504,A week after my grandmother's funeral I had another strange dream.,0,0,1,0,1,1
eng_train_track_a_01505,"You slid through me like a hot knife through butter under my skin, and never gone yet.",0,0,1,0,1,1
eng_train_track_a_01506,"The owners have a light in their yard for security purposes, but the light doesn't extend really far.",0,0,0,0,0,1
eng_train_track_a_01507,""" I radioed to Infinity.",0,0,0,0,0,0
eng_train_track_a_01508,Must be fall I'm feeling in my bones.,0,0,0,1,0,0
eng_train_track_a_01509,He was shaking the bed.,0,0,1,0,0,0
eng_train_track_a_01510,I naively walked up and stuck my head in the driver's window hole.,0,0,1,0,0,1
eng_train_track_a_01511,I realized I was now down to my last 20 Pound note and some coins ( which I have yet to figure out ) so I decided to keep my eye open for an ATM.,0,0,1,0,0,0
eng_train_track_a_01512,I close my eyes.,0,0,1,0,0,0
eng_train_track_a_01513,my legs were sore from yesterdays squats.,0,0,0,0,1,0
eng_train_track_a_01514,I stomped my foot in anger.,1,0,0,0,0,0
eng_train_track_a_01515,"I had my hand on the side of my face when I was drawing, and then I moved it and was like ` OH MY GOD I 'M BLEEDING OUT MY EARS AHHHHH!",0,0,1,0,0,1
eng_train_track_a_01516,Scouts disguised as farts.,0,0,0,1,0,1
eng_train_track_a_01517,"I still remember this occasionally, clear as day.",0,0,0,1,1,1
eng_train_track_a_01518,"I have obnoxious bug bite on my finger, ugh probably from going on that trail.",0,0,1,0,0,0
eng_train_track_a_01519,"I had a difficult time reaching the target HR, even in the lowest gear, but I still got a really nice burn in my legs.",0,0,0,1,0,0
eng_train_track_a_01520,We had hiked for about an hour through the shallow water and were looking for cool rocks and other things in the river.,0,0,0,1,0,0
eng_train_track_a_01521,"To this day, the memory still brings chills.",0,0,1,0,1,1
eng_train_track_a_01522,"4.about 4 years old, sitting on the couch in my basement eating an orange flavor ice.",0,0,0,1,0,0
eng_train_track_a_01523,Some work had been done on the driveway.,0,0,0,0,0,0
eng_train_track_a_01524,I don't know why I've been obsessing about this.,0,0,1,0,1,0
eng_train_track_a_01525,I got to babysit my grandson but my back hurt the next day.,0,0,0,1,1,0
eng_train_track_a_01526,"I woke up one night, and my heart was racing I shake away the drowsiness and started tracing for what i had dreamt about moments before.",0,0,1,0,0,0
eng_train_track_a_01527,"I was fully aware of the fact that once I began to freak out about the situation was when my spine began flaring up, so I tried my hardest to get back into the zone I was in while I was at home.",0,0,1,0,0,0
eng_train_track_a_01528,Slow down so I don't stub my toe when I'm running down the driveway to pick up my mail.,0,0,1,0,0,0
eng_train_track_a_01529,"Have i just made my first ""ghost poo""?",0,0,1,1,0,1
eng_train_track_a_01530,We walked every aisle and I had so many ideas pop into my head.,0,0,0,1,0,0
eng_train_track_a_01531,"In the single worst moment of 21.5 years, six martinis errupted from my mouth.",0,0,1,0,1,0
eng_train_track_a_01532,I look down to check out the pool below and I see a small white sphere floating slowly along.,0,0,1,0,0,1
eng_train_track_a_01533,"As I walked down the steps, I thought I felt eyes on my back.",0,0,1,0,0,0
eng_train_track_a_01534,Four hours had passed.,0,0,0,0,0,0
eng_train_track_a_01535,"I wrote down this bit about one of my earliest school memories as part of a writing exercise about memory as a tool, and I've been dying to share it as I think it's quite funny.",0,0,0,1,0,0
eng_train_track_a_01536,"My body is bruised, my leg is cut, and my ego is tarnished!",1,0,1,0,1,0
eng_train_track_a_01537,my heart's finally starting to feel at peace and everything that used to feel wrong is suddenly starting to feel really right.,0,0,0,1,0,0
eng_train_track_a_01538,between my legs.,0,0,0,0,0,0
eng_train_track_a_01539,"My throat hurts, I have a headache and my ears are crackling.",0,0,1,0,0,0
eng_train_track_a_01540,It was the day after my 20th birthday.,0,0,0,0,0,0
eng_train_track_a_01541,"Despite that the city is called `` Sin City '', the city of Las Vegas catches my eye; the fact that my favorite movie is set in the city could be a main reason why.",0,0,0,1,0,0
eng_train_track_a_01542,"My back hurts, my sinuses are full of fluid, I have been suffering pretty bad depression since my folks were here this weekend, and I am excited because I got new towels.I am an old lady, regardless of how long I have existed.",0,0,1,1,1,0
eng_train_track_a_01543,Pretty much everyone objected to my wedding.,1,0,1,0,1,1
eng_train_track_a_01544,"I stood up, still violently too high, and walked over to my friend, who was still on the ground.",0,0,1,0,1,0
eng_train_track_a_01545,"so he went a lil faster ( keep in mind we never went really fast ) and i lost the tray, hit my knee on the ground, and tried to hang on until he stopped!",0,0,1,0,1,1
eng_train_track_a_01546,How often has this been available in the past and I hadn't known and ended up with a kink in my neck?,1,0,1,0,0,0
eng_train_track_a_01547,Walking through the toilet aisle I decide to let a fart out and make the aisle smell.,0,0,0,1,0,1
eng_train_track_a_01548,it was sweet but when i woke up it taste bitter got some tears in my eyes.,0,0,0,0,1,0
eng_train_track_a_01549,Grant you I still don't have total use of my shoulder and I have to use my left arm for certain things but it was wonderful to drive again.,0,0,0,1,0,0
eng_train_track_a_01550,It was a this point I caught something out of the corner of my eye.,0,0,0,0,0,1
eng_train_track_a_01551,it's two am and we pull up to what looks like a small house party.,0,0,1,1,0,1
eng_train_track_a_01552,"I shook my head, put the car in gear, and had to force myself to drive away.",0,0,1,0,1,0
eng_train_track_a_01553,"All those feelings which he had buried deep in his heart, had now, after hundreds of years, risen up.",0,0,0,0,1,0
eng_train_track_a_01554,"the whole time, relentless joy, as though a smile was consistently on my face, and even when it wasn't, it still lay beneath the surface, a laugh always ready to come out.",0,0,0,1,0,0
eng_train_track_a_01555,"I leaned my ear close and it stopped, but only for a few seconds... under the sink?",0,0,1,0,0,0
eng_train_track_a_01556,"A close friend set me up on a double date with her, her boyfriend, and the boyfriend's friend on Valentine's Day.",0,0,1,1,0,1
eng_train_track_a_01557,Murder is the better word.,1,0,1,0,1,1
eng_train_track_a_01558,"I had been flung on top of the bike, and the handle bar was on my stomach.",0,0,1,0,1,0
eng_train_track_a_01559,"I found that when I changed my thoughts, it changed my heart.",0,0,0,1,0,0
eng_train_track_a_01560,"I saw some of the girls staring but they didn't say anything, well not to my face.",0,0,0,0,0,0
eng_train_track_a_01561,"I wore cologne, to get the feeling right.",0,0,0,1,0,0
eng_train_track_a_01562,I'd never known a feeling so painful.,0,0,1,0,1,0
eng_train_track_a_01563,I always wanted to see one.,0,0,0,1,0,1
eng_train_track_a_01564,"He breathed on my face, nuzzled my hair with his nose and licked the top of my head.",0,0,0,1,0,0
eng_train_track_a_01565,Apparently my leg had fallen asleep and I didn't know it.,0,0,1,0,0,0
eng_train_track_a_01566,"Then there are the scabs, scratches and depressive scars all over my legs.",0,0,1,0,1,0
eng_train_track_a_01567,"Tears spilled onto my cheeks, and I let myself rest in the pain.",0,0,1,0,1,0
eng_train_track_a_01568,"TL:DR The love of my life tried to kill me, I killed her first.",1,0,1,0,1,1
eng_train_track_a_01569,I was on a (admittedly silly) adrenaline rush.,0,0,1,1,0,1
eng_train_track_a_01570,"When I fell asleep in some strangers bedroom at some strangers party, and some stangers held my arms, my legs, and never took `` no '' for an answer, and there we were.",1,0,1,0,1,0
eng_train_track_a_01571,"Probably going to get buried, spooky as hell, and very real.",0,0,1,0,0,1
eng_train_track_a_01572,This made matters worse.,1,0,1,0,1,0
eng_train_track_a_01573,I got on the pole and went down till I could reach the seint with my foot and I pulled it under me and I got in.,0,0,1,0,0,0
eng_train_track_a_01574,"He picked her up and put her in front of a mirror and said : ""Look, look at you!",0,0,0,1,0,1
eng_train_track_a_01575,"That night, around 2am, she woke up to the sound of a woman screaming.",0,0,1,0,1,1
eng_train_track_a_01576,"I adjusted to the noise inside my head, and in turn, my inner need to analyze and obsess died out.",0,0,1,1,0,0
eng_train_track_a_01577,He could not explain.,0,0,1,0,1,1
eng_train_track_a_01578,echoing cruelly in my ears.,1,0,1,0,1,0
eng_train_track_a_01579,"I stopped moving, bent down with my palm out, and let the squirrel jump up on my arm and onto my shoulder.",0,0,0,1,0,0
eng_train_track_a_01580,"As I lay upon the table with my eyes closed awaiting a peaceful treatment, she began to talk... OH NO!",0,0,1,0,0,1
eng_train_track_a_01581,I blinked a few times and fought with myself to deny what I was seeing.,0,0,1,0,1,1
eng_train_track_a_01582,"All things considered, a very saddening, scary, sobering, scary day.",0,0,1,0,1,0
eng_train_track_a_01583,"When I first saw Tangled on Thanksgiving, it ate my brain.",0,0,0,1,0,1
eng_train_track_a_01584,"I sit up, my head hurts.",0,0,1,0,1,0
eng_train_track_a_01585,"I made sure to run my hand along the length of that wall knowing that Brad Pitt, George Clooney & Matt Damon had stood there, sad but true!",0,0,0,1,1,0
eng_train_track_a_01586,"I had no other option, not with the way my heart started beating erratically at the mention of his name.",0,0,1,0,0,1
eng_train_track_a_01587,"The headwind down this piece of road was not good, I had my head down, not good for talking in as much oxygen as I could.",0,0,1,0,0,0
eng_train_track_a_01588,"So he should be eating the pizza I'm stuffing into my face, like a chipmunk.I understand the impulse these days.",0,0,0,1,0,0
eng_train_track_a_01589,I pretty much spent my whole entire New Year's crying my eyes out.,0,0,0,0,1,0
eng_train_track_a_01590,My ankles and front of shins felt stiff.,0,0,1,0,0,0
eng_train_track_a_01591,"My knuckles growing whiter and whiter, my mind screaming at me that we should be out of here, we should almost be home.",1,0,1,0,0,0
eng_train_track_a_01592,"Sunday, January 16, 2011 Dirty water Stupid dirty water dripped in my eye on friday until yesterday i woke up my both eyes red!!",1,0,1,0,1,0
eng_train_track_a_01593,' That infuriated me so much as I was frazzled out of my head so much already.,1,0,1,0,1,0
eng_train_track_a_01594,"I mentally refused to go there, shaking my head violently in that refusal.",1,0,1,0,0,0
eng_train_track_a_01595,My ex is always accidentally offensive like that.,1,0,0,0,1,0
eng_train_track_a_01596,He makes me do these things where my arms are on a bench and I drop down.,1,0,1,0,0,0
eng_train_track_a_01597,The club was so loud that the ringing in my ears almost drowned out the music.,0,0,1,0,1,1
eng_train_track_a_01598,"Same girl, same exact process.",0,0,0,0,0,0
eng_train_track_a_01599,"Everytime I shower I look at the scar on my belly and cry, not because I have a scar on my body but because of the scar on my heart.",0,0,1,0,1,0
eng_train_track_a_01600,"I thought that was a pretty good idea ( by this point, my feet hurt a LOT from all the walking and standing around ) but I didn't want to pay to see a movie.",0,0,1,0,0,0
eng_train_track_a_01601,Or at least that's what the neurons in my brain say.,0,0,1,0,0,0
eng_train_track_a_01602,Scared the hell outta me.,0,0,1,0,0,1
eng_train_track_a_01603,"I feel bad for my employees too-they're all sad and call me almost everyday, and it really breaks my heart.",0,0,1,0,1,0
eng_train_track_a_01604,"Early the next morning, newspaper under my arm, I approached the counter of the coffee shop and asked for two medium coffees, black, three-quarters full only.",0,0,0,0,0,0
eng_train_track_a_01605,"= Okay blablabla ~ And then, the dentist check up my teeth.",0,0,0,0,0,0
eng_train_track_a_01606,"Oh my god, okay.",0,0,1,1,0,1
eng_train_track_a_01607,All this water gets poured directly in my face but I noticed it didn't hit my eyes and thats when I realized I Was wearing sunglasses inside!,0,0,0,1,0,1
eng_train_track_a_01608,I loved watching the planes fly over us and then this one plane was somehow flying in reverse direction.,0,0,0,1,0,1
eng_train_track_a_01609,This sucks...sorry dude.,1,0,0,0,1,0
eng_train_track_a_01610,"We were both quiet, and I closed my eyes.",0,0,0,0,0,0
eng_train_track_a_01611,It was horribly intriguing.,0,0,1,1,0,1
eng_train_track_a_01612,"By the time I got done, my back was killing me ( but then it has been a problem since the last week of December ) and I felt pretty ill, but I got it done.",0,0,0,0,1,0
eng_train_track_a_01613,That night I sat at my computer and read about Rainbow Bridge and cried some more and I could actually feel my heart hurt with the pain of loss.,0,0,1,0,1,0
eng_train_track_a_01614,(I'm Native American) She said she only wanted a white american boy friend.,1,0,1,0,1,1
eng_train_track_a_01615,"Jenny, I, my throat choked when I hear my daughter's voice.",0,0,1,0,1,0
eng_train_track_a_01616,I began to feel the all-too-familiar feeling that I my heart was being ripped from my chest.,0,0,1,0,1,0
eng_train_track_a_01617,"they played the majority of the classics thank god, and i screamed my heart out which is why i have no voice right now.",0,0,0,1,0,0
eng_train_track_a_01618,"please, help me keep the smiles on my face even though this is too much for me to handle and bare, I know my heart trust you... so much.",0,0,1,0,1,0
eng_train_track_a_01619,"Laying my head against his chest, Glen's heart beat is strong against my ear, and my mind wonders back to our life outside of this heaven.",0,0,0,1,0,0
eng_train_track_a_01620,My heart arrested twice; I was shocked four times.,0,0,1,0,0,1
eng_train_track_a_01621,for the wedding AND rehearsal dinner.,0,0,0,0,0,0
eng_train_track_a_01622,"My arms dip a little from nerves and I swiftly correct them before the instructor, or anyone else for that matter, can comment.",0,0,1,0,0,0
eng_train_track_a_01623,This was on both sides of my chest.,0,0,1,0,0,0
eng_train_track_a_01624,One X-ray showed my foot from above and the other showed it from the side.,0,0,0,0,0,0
eng_train_track_a_01625,""" The cop tells him to have a nice day and walks away.",1,0,0,1,0,1
eng_train_track_a_01626,"Because I haven't trained for this run at all, my legs gave up on me around 10 miles in.",0,0,1,0,1,0
eng_train_track_a_01627,"I always try to remember these incidents whenever someone claims to have experienced something strange, and realize that my stories would sound just as loopy to them.",0,0,0,0,0,0
eng_train_track_a_01628,"I see the match, held tightly in my hand.",0,0,0,0,0,0
eng_train_track_a_01629,Second Event was with a crazy!,1,0,1,0,0,1
eng_train_track_a_01630,"And my mind drifts away, I close my eyes, it's like I'm almost there.",0,0,0,1,0,0
eng_train_track_a_01631,"I walked up the aisle to the casket, with painful anticipation welling inside my chest, and then I looked.",0,0,1,0,1,0
eng_train_track_a_01632,"Suddenly I see it crouching on the floor, its bagged head hung low beneath its shoulders.",0,0,1,0,0,1
eng_train_track_a_01633,THEN fall in love.,0,0,0,1,0,1
eng_train_track_a_01634,Entire room goes silent.,0,0,1,0,0,1
eng_train_track_a_01635,They're sitting right across the pool from my mom just STARING at her.,1,0,1,0,0,1
eng_train_track_a_01636,Yeah it was a little embarrassing.,0,0,1,0,1,0
eng_train_track_a_01637,Not to mention the top portion doesn't fit my belly so therefor i have the top button undone.,0,0,0,0,0,0
eng_train_track_a_01638,This is my fucking breaking point.,1,0,1,0,0,0
eng_train_track_a_01639,Happy birthday to you and me!,0,0,0,1,0,0
eng_train_track_a_01640,My great-grandparents had an arranged marriage.,0,0,0,0,0,1
eng_train_track_a_01641,"Well, my birthday is in January.",0,0,0,0,0,0
eng_train_track_a_01642,"My left clav essentially blew up, but it didn't stop there.",0,0,1,0,0,1
eng_train_track_a_01643,"I say, covering my ears with my hands and cringing into the door.",0,0,1,0,1,0
eng_train_track_a_01644,"xD As of now, I'm getting tired all the time and my belly is getting firm already.",0,0,1,1,1,0
eng_train_track_a_01645,He was pretty scared and was talking fast.,0,0,1,0,0,0
eng_train_track_a_01646,I go fucking ballistic.,1,0,1,0,0,0
eng_train_track_a_01647,"He said yes, I closed my eyes, and seeking from divine, I sang precisely two lines, describing, my wishes for him.",0,0,0,1,0,0
eng_train_track_a_01648,"The sky was only slightly disturbed, light gray, choppy clouds, but it didn't look too bad.",0,0,1,0,0,0
eng_train_track_a_01649,It disconnected and teetered away from us.,0,0,1,0,1,1
eng_train_track_a_01650,"I went to the clinic and got looked over and to my amazement, after they swabbed my throat, they didn't find any strep bacteria, even though my throat is really red.",0,0,1,0,0,1
eng_train_track_a_01651,some insulting some nice.,1,0,0,1,0,0
eng_train_track_a_01652,I've backed off hills while my foot healed so I expected some soreness.,0,0,1,0,0,0
eng_train_track_a_01653,"""Mom"" never disciplined them.",1,0,1,0,0,0
eng_train_track_a_01654,Well literally no one showed up.,0,0,0,0,1,1
eng_train_track_a_01655,"No water damage, sun damage, tears, anything.",0,0,0,0,0,1
eng_train_track_a_01656,We roll up to the drive thru and proceed to order nearly the entire dollar menu.,0,0,0,1,0,0
eng_train_track_a_01657,I bent my knee inward.,0,0,0,0,0,0
eng_train_track_a_01658,I thought she was stuck-up and nerdy.,1,0,0,0,0,0
eng_train_track_a_01659,My mom wanted us just to spite my dad.,1,0,1,0,1,0
eng_train_track_a_01660,Wrapping his arms tightly around me and letting a warm breath escape his mouth onto the back of my neck.,0,0,0,1,0,0
eng_train_track_a_01661,My heart is too full for words.,0,0,0,1,0,0
eng_train_track_a_01662,Needless to say I was pretty...unaffacted about the fact my brother knew who I was on reddit and thought his way of telling me was pretty funny.,0,0,0,1,0,1
eng_train_track_a_01663,I quickly fell asleep.,0,0,0,1,0,0
eng_train_track_a_01664,We were going to reach seventy.,0,0,0,0,0,1
eng_train_track_a_01665,The second entry of today: / my brain hurt for answering 30 math question in one day.,0,0,1,0,0,0
eng_train_track_a_01666,My eyes had been closed and as I had opened them everything seemed to metirialize infront of me like a liquid curtain dropping infront of me.,0,0,1,1,0,1
eng_train_track_a_01667,"During the complete silence that follows, my grandfather says loudly ""Well, my god has spoken""",0,0,0,0,0,1
eng_train_track_a_01668,They were fooling around on the fields and looking for something to aim at and shoot.,0,0,1,1,0,0
eng_train_track_a_01669,I have no idea what manki is so I have no idea where to look.,0,0,1,0,0,1
eng_train_track_a_01670,the ledge of the beadboard dug into my back.,0,0,1,0,1,0
eng_train_track_a_01671,Dad on the warpath.,1,0,1,0,0,0
eng_train_track_a_01672,"I couldn't make out any clear distinct facial features, but I could see two darker circles where eyes would be, and a small oblong shape for a mouth.",0,0,1,0,0,1
eng_train_track_a_01673,I have plenty more.,0,0,0,1,0,0
eng_train_track_a_01674,"The problem was, my brain was ready for a 22 mile ride, my body was not.",0,0,1,0,0,0
eng_train_track_a_01675,As We were going into our 11th month.,0,0,0,0,0,0
eng_train_track_a_01676,"When i was very ill, in great suffering-such pain that even my skin hurt-i gave up.",0,0,1,0,1,0
eng_train_track_a_01677,Poor Shannon's gon na be stuck with our leftovers for the rest of summer!I also freaked the girls out with my ankle ( it's in a stretchy brace and turning a very interesting shade of purple ).,0,0,1,0,1,0
eng_train_track_a_01678,My eyes start closing and my body starts aching all over.,0,0,1,0,1,0
eng_train_track_a_01679,Brighter than if you turned on every light in the room and even brighter than during the day time with the shades up.,0,0,0,0,0,1
eng_train_track_a_01680,"As soon as we stop making distinctions, we eliminate racism.",0,0,0,1,0,0
eng_train_track_a_01681,We had absolutely nothing in common.,0,0,0,0,1,0
eng_train_track_a_01682,Apparently it wasn't as life threatening as I believed at the time because the doctor didn't want to mar my forehead with stitches so I got butterfly bandages instead.,0,0,1,0,1,0
eng_train_track_a_01683,"Creepy place, never been a fan.",0,0,1,0,0,0
eng_train_track_a_01684,"I had it done on my arm, of course the one I use, so doing every thing with my other one is pretty weird.",0,0,0,0,0,0
eng_train_track_a_01685,"I remember crying and trying to explain to my panicked family, who have never let me live it down.",0,0,1,0,1,0
eng_train_track_a_01686,Dated a woman who invited me to her birthday party.,0,0,0,1,0,0
eng_train_track_a_01687,With that definite I have courage to walk up to the line and place my toes proudly getting ready to cross yet it is everything on the dirty mud path that is holding to me and the mud is the mud I am clinging to.,0,0,1,0,0,0
eng_train_track_a_01688,On this monday I went in to get my radiation treatment and couldnt stop crying from the pain in my leg.,0,0,1,0,1,0
eng_train_track_a_01689,( Is it inappropriate that I can't get Steve Wonder's `` Writings on the Walls '' out of my head now...? ),0,0,1,1,0,0
eng_train_track_a_01690,As time passed it became quite the fancy outlet for my extreme ( sometimes intolerable ) idiosyncracies and papyrus on which to record both my daily happenings and ( most importantly ) some of my innermost thoughts that I wanted to tell the select few that i hold dear and close to my heart.,0,0,0,1,0,0
eng_train_track_a_01691,"They never shut up, although they usually apologize ( and immediately start screeching again ) whenever I cringe and cover my ears, which is often.",1,0,1,0,0,0
eng_train_track_a_01692,And I dongak my head to see who was in front of me.,0,0,0,0,0,0
eng_train_track_a_01693,Then they would leave and go to their own room obviously.,0,0,0,0,0,0
eng_train_track_a_01694,Anyway it was weird.,0,0,1,0,0,1
eng_train_track_a_01695,""" She was slapping at air, screaming.",0,0,1,0,1,1
eng_train_track_a_01696,Got once I tried lying down with my face facing the water and my face totally became red after that.,0,0,1,0,0,0
eng_train_track_a_01697,My mum says that when she looked in the mirror she saw a pair of glowing yellow eyes.,0,0,1,0,0,1
eng_train_track_a_01698,"I know right no point of lying to him by saying that I'm alright when it's written all over my face that I'm at my Worst condition but still, I don't wan na worry him that much and so I said, `` I'm fine!",0,0,1,0,1,0
eng_train_track_a_01699,"In my head I was thinking, Great first impression.",0,0,0,0,1,0
eng_train_track_a_01700,"""You're going to die.",0,0,1,0,1,1
eng_train_track_a_01701,"I took my shirt off and washed my face, hands and arms then I took a paper towel and slowly washed my belly.",0,0,0,0,0,0
eng_train_track_a_01702,"A week after turning in the paper, I get an email from the professor saying I plagiarized the whole thing off Wikipedia.",1,0,1,0,1,1
eng_train_track_a_01703,Not worth the risk.,0,0,1,0,1,0
eng_train_track_a_01704,"I see two small ""children"", floating about 4 ft. away from me.",0,0,1,0,0,1
eng_train_track_a_01705,He lives behind a church and part of his backyard boarders the parking lot in back of the church.,0,0,0,0,0,0
eng_train_track_a_01706,"I never said anything because it wasn't scary, just weird.",0,0,1,0,0,1
eng_train_track_a_01707,You read that right.,0,0,0,0,0,1
eng_train_track_a_01708,"While packing up our booth at CHA, I momentarily threw my back out.",0,0,1,0,0,0
eng_train_track_a_01709,Maybe they saw the look of ecstasy on my face as I sped up and slowed down with twiddling precision.,0,0,0,1,0,0
eng_train_track_a_01710,So I grabbed my knife out of fear and looked up but there was nothing there.,0,0,1,0,0,1
eng_train_track_a_01711,"As the ocean roiled and seethed sturdy arms lifted my head, bidding me to simply breathe $ `` Breathe! ''",0,0,1,0,0,0
eng_train_track_a_01712,"I went to his house, and the moment I laid down on his bed, he pulled the blanket off of me and started checking my legs and arms.",0,0,1,0,0,0
eng_train_track_a_01713,"And when I say online banking, it was not internet banking.",0,0,0,0,0,1
eng_train_track_a_01714,"None the less, she was breathtaking.",0,0,0,1,0,1
eng_train_track_a_01715,"Every single time I found a girl that I was interested in, they always ended up finding some creative way to break my heart.",1,0,0,0,1,0
eng_train_track_a_01716,This is my story.,0,0,0,0,0,0
eng_train_track_a_01717,#NAME?,0,0,0,0,0,0
eng_train_track_a_01718,"They even have fish baby food:: I think I just threw up a little in my mouth:: The fish here does taste better, even the cheap kind.",0,0,1,0,0,0
eng_train_track_a_01719,I think it gets me into less trouble to be able to type but still keep my eyes and face turned to my teacher.,0,0,1,0,0,0
eng_train_track_a_01720,"But in searching for some other sound to train my ears on, I realized there was no sound coming from Grandma.",0,0,1,0,0,1
eng_train_track_a_01721,"Not a cop, but...",0,0,1,0,0,1
eng_train_track_a_01722,My jaw dropped as I squealed with delight.,0,0,0,1,0,1
eng_train_track_a_01723,"That took about a week and a half, then I had surgery to put eight plates in my face to rebuild it.",0,0,1,0,1,0
eng_train_track_a_01724,"The blood blinded my eyes as it ran down to my cheeks, and I tasted the sweetest flavor.",0,0,1,0,0,1
eng_train_track_a_01725,My legs and face were also covered.,0,0,0,0,0,0
eng_train_track_a_01726,accomplished I went and got my eyes checked today.,0,0,0,1,0,0
eng_train_track_a_01727,Fucking freaked me out...never found out where the hell that coat fell from,1,0,1,0,0,1
eng_train_track_a_01728,"I live completely alone, and as I pull the popcorn out of the pantry, I hear an ominously distinct ""SSSSHHHH"" sound.",0,0,1,0,0,1
eng_train_track_a_01729,"I had twisted my ankle too, and I cried out in pain.",0,0,1,0,1,1
eng_train_track_a_01730,"He did-only he didn't, well he did what I asked him to do but w / out realizing it he didn't spray the back of my arms and well nor did I. CRAP!",1,0,0,0,0,0
eng_train_track_a_01731,The second turned out to be clinically depressed.,0,0,1,0,1,0
eng_train_track_a_01732,"It's eyes were on the front of it's head, not the side.",0,0,0,0,0,1
eng_train_track_a_01733,"I gasped and my heart began to flutter, it was Gabriel, my ex-boyfriend.",0,0,1,0,0,1
eng_train_track_a_01734,i do nt know how many times i put my hand in fire till i relized it burns.,0,0,1,0,0,0
eng_train_track_a_01735,"Total: 80.5 miles ( 10,550 ' ) My legs felt great all week, which is really encouraging considering this is the first week of the taper.",0,0,0,1,0,1
eng_train_track_a_01736,Driving around neighborhoods in the middle of the night on very little sleep everything gets to be a bit surreal.,0,0,1,0,0,1
eng_train_track_a_01737,I took my son and moved out and he moved in with her.,1,0,1,0,1,0
eng_train_track_a_01738,The exact same guy.,0,0,0,0,0,1
eng_train_track_a_01739,"When I finally opened my eyes, it was into the searing white heat of a desert landscape.",0,0,1,0,0,1
eng_train_track_a_01740,"I became fixated and fascinated with abduction stories, with The X-Files, etc., for years.",0,0,1,1,0,0
eng_train_track_a_01741,We need to go to our house to get it.,0,0,0,0,0,0
eng_train_track_a_01742,I did nt notice it until it crawled all over my hand like a maniac.,0,0,1,0,0,1
eng_train_track_a_01743,"Still, the event was constantly played in my head.",0,0,1,0,1,0
eng_train_track_a_01744,But this is August.,0,0,0,0,0,1
eng_train_track_a_01745,I figure it must have fallen out.,0,0,1,0,0,1
eng_train_track_a_01746,We both wake up at the same time.,0,0,0,1,0,0
eng_train_track_a_01747,"People just aren't buying CD's any more. When J. Warren, former owner of Vibes music, spoke these words, my heart sunk a little in my chest.",0,0,0,0,1,0
eng_train_track_a_01748,One drink down and she was blackout drunk.,0,0,1,0,1,1
eng_train_track_a_01749,"I looked everywhere for those 5 cards, 2 ended up between the couch cushions, one underneath a cat tent, one behind the TV, and one in a different room completely, in between the bed cushions.",0,0,0,0,0,1
eng_train_track_a_01750,"{{{Yeah...welcome to being 25, btw...it is awful thus far...but...SHIT at least I get to be 25!",1,0,1,1,1,1
eng_train_track_a_01751,"There was nothing I could do, all things were over Tears were starting to flow from my eyes.",0,0,1,0,1,0
eng_train_track_a_01752,The hike was absolutely gorgeous with thousands of wildflowers blooming and waterfalls tumbling down the side of the gorge... and the view from the top was stunning with the river meandering out of the Gorge... the world resting at my feet.,0,0,0,1,0,0
eng_train_track_a_01753,"I just had to find a corner somewhere, take a deep puff of the Malboro Lights I got from my interpreter, calm my nerves and try to comprehend the events around me.",0,0,1,0,0,0
eng_train_track_a_01754,Totally forgot to add: I'm straight.,0,0,0,0,0,1
eng_train_track_a_01755,But one criminal shoot from gun to my hand.,1,0,1,0,0,0
eng_train_track_a_01756,Was I drunk or a kid?,0,0,1,0,0,1
eng_train_track_a_01757,"Recollecting all the things, happy or unhappy, in Australia I have gone through, word bitter pops up in my head.",0,0,0,0,1,0
eng_train_track_a_01758,Over the years I have taken pictures of what caught my eye.,0,0,0,1,0,0
eng_train_track_a_01759,A familiar voice rang in my ears.,0,0,0,0,0,1
eng_train_track_a_01760,"No sidewalk, just a simple two way, single lane street with crazy traffic going either direction.",0,0,1,0,0,0
eng_train_track_a_01761,He's just a super nice guy who wants to help girls out all while being respectful.,0,0,0,1,0,0
eng_train_track_a_01762,I forgot that my mom needs to be eased into things just long enough to run my mouth off and cause an argument that was way too long.,1,0,0,0,0,0
eng_train_track_a_01763,My radio was turned on very loud and I used rock music to keep my eyes open.,0,0,1,1,0,0
eng_train_track_a_01764,5 year old me was scarred for life.,0,0,1,0,1,0
eng_train_track_a_01765,Now I can't wait to get my hands on all that wall space!!!,0,0,0,1,0,0
eng_train_track_a_01766,"A couple of years later (two years ago), Grandma was stricken with a sudden, serious illness and was given a short time left to live.",0,0,1,0,1,0
eng_train_track_a_01767,"Stripper, abusive exes, criminal past.",1,0,1,0,1,0
eng_train_track_a_01768,I have a cold that has decided to settle in my throat.,0,0,1,0,0,0
eng_train_track_a_01769,I was turning roasting vegetables that were too close to the hot ring at the oven top and fried my knuckle in the process.,1,0,1,0,0,0
eng_train_track_a_01770,My roommate was asleep in his bed.,0,0,0,0,0,0
eng_train_track_a_01771,I had soup and applesauce with pudding for dessert.,0,0,0,1,0,0
eng_train_track_a_01772,This was the most random/terrifying thing that has ever happened to me.,0,0,1,0,0,1
eng_train_track_a_01773,"Next night, door was shut.... Dammit, so I knock on the door.",1,0,1,0,0,0
eng_train_track_a_01774,We've been friends ever since then.,0,0,0,1,0,0
eng_train_track_a_01775,Not fifteen minutes into class my stomach started hurting.,0,0,1,0,1,0
eng_train_track_a_01776,"About 1 hour of being in the tent, a light appeared that we could see through the canvas.",0,0,1,0,0,1
eng_train_track_a_01777,"Dont wait, or say a single vow.",0,0,1,0,1,0
eng_train_track_a_01778,I was incredibly nervous; I had butterflies in my stomach and my legs felt weak.,0,0,1,0,0,0
eng_train_track_a_01779,"*Creepy/unnerving* that is, and just weird.",0,0,1,0,0,1
eng_train_track_a_01780,she ate most of the sandwich then threw it back at my head.,1,0,1,0,0,0
eng_train_track_a_01781,So... for reasons unknown...,0,0,1,0,0,1
eng_train_track_a_01782,I now have 12 of those canker sore suckers in my mouth along with a fever since friday.,0,0,1,0,1,0
eng_train_track_a_01783,"And my ears are stuffed and I can't blow my nose, and I woke up today with the most terrible headache and everything's too hot.",0,0,1,0,1,0
eng_train_track_a_01784,I did settle down and dry my eyes on my sleeve.,0,0,0,0,1,0
eng_train_track_a_01785,"I crossed my arms, smiled, tilted my head, and said, `` I thought you were supposed to be in Austria? ''",0,0,0,1,0,0
eng_train_track_a_01786,wanted to quickly go home and hide my face.,0,0,1,0,1,0
eng_train_track_a_01787,"And this tradition keep on, every time billy made it to class we would clap and cheer :) until he died.",0,0,0,1,1,0
eng_train_track_a_01788,Edward rid me of my distraction by biting my shoulder.,0,0,1,0,0,0
eng_train_track_a_01789,but both well adjusted and successful in our perspective careers.,0,0,0,1,0,0
eng_train_track_a_01790,Only then did I dare raise the camera to my eye.,0,0,1,1,0,0
eng_train_track_a_01791,The thing I neglect to mention though.,0,0,1,0,0,1
eng_train_track_a_01792,"I didn't know what to say, but my nerves were all on edge, straining.",0,0,1,0,0,0
eng_train_track_a_01793,"He got the location, car make/model/year/color correct, manner of impact, impacting vehicle, everything correct.",0,0,0,1,0,1
eng_train_track_a_01794,My friend said to get to work on my tooth since I was sitting there ready to go.,0,0,0,0,0,0
eng_train_track_a_01795,No kids were hurt.,0,0,0,1,0,0
eng_train_track_a_01796,I felt the sadness like a heaviness-a weight on my heart.,0,0,0,0,1,0
eng_train_track_a_01797,she is an alcoholic.,0,0,1,0,1,0
eng_train_track_a_01798,After that we took a taxi home... Right now my leg hurts and while im typing this the photos are uploading... see ya...,1,0,1,0,1,0
eng_train_track_a_01799,"So I got up so I could pee, sat down and proceeded to throw up all over my legs and underwear.",0,0,1,0,1,0
eng_train_track_a_01800,"Strange, cause usually I'm the first one to bitch about the cold, but anyway... So Cafe Frangelica at home with a bit of milk so I can drink it without burning my mouth and a dah of sugar.",0,0,0,1,0,0
eng_train_track_a_01801,"I was able to take a bath, which felt good while I was in it and now I feel horrible again, and I brushed my teeth, and washed my hair, so give me some kudos.",0,0,0,1,1,0
eng_train_track_a_01802,I wanted to strip the life from my legs.,1,0,1,0,1,0
eng_train_track_a_01803,Tomorrow I see a cardiologist to check my heart out.,0,0,1,0,0,0
eng_train_track_a_01804,"like seriously, alot can not understand and im slow at registering words in my brain during that time, so yeah.",0,0,1,0,1,0
eng_train_track_a_01805,"I abruptly ""woke up"" again out of sleep-paralysis in a state of crazy shock.",0,0,1,0,0,1
eng_train_track_a_01806,"We stayed in a really lovely hotel-I had two sinks in my bathrooms and white dressing gowns and clippers, any hotel which provides dressing gowns is a good hotel in my eyes.",0,0,0,1,0,0
eng_train_track_a_01807,About 15 minutes later I got that feeling in my stomach.,0,0,1,0,0,0
eng_train_track_a_01808,"v-neck shirt, I moved slowly throughout the house, doing my usual morning duties ( diaper changes, breakfast, coffee ), quite lethargically, occasionally brushing a strand of ( dirty ) hair away from my eyes with my hand.",0,0,0,0,1,0
eng_train_track_a_01809,The very last final I had to take for the semester.,0,0,1,0,0,0
eng_train_track_a_01810,In about 45 minutes I get to go have a camera stuck down my throat to confirm the existance of the ulcer.All that and we are supposed to leave a week from today and fly to CO..,0,0,1,0,1,0
eng_train_track_a_01811,How stupid of him.,1,0,0,0,0,0
eng_train_track_a_01812,"I chuckled, holding my hands up, and sat down in my comfy swivel chair.",0,0,0,1,0,0
eng_train_track_a_01813,"Second time, been together 6 mo.",0,0,0,1,0,0
eng_train_track_a_01814,This guy was interested in me.,0,0,0,1,0,1
eng_train_track_a_01815,"I'm sitting up and not going anywhere, basically half-way through the tube.",0,0,1,0,0,0
eng_train_track_a_01816,its ok to call people black!,0,0,1,0,0,1
eng_train_track_a_01817,"Unfortunately in the second hour, I took an odd stroke and my neck popped.",0,0,1,0,1,0
eng_train_track_a_01818,"Anyway, during a festival miles and miles from home, I hear someone call out to a girl walking by ""Rain!",0,0,0,1,0,1
eng_train_track_a_01819,"But not very close, It's always been a good bit away.",0,0,0,0,0,0
eng_train_track_a_01820,We noped out of there pretty fast.,0,0,1,0,0,1
eng_train_track_a_01821,He couldn't get back home in time and decided to stay and sleep on the path.,0,0,1,0,1,0
eng_train_track_a_01822,sorry for spelling and stuff.,0,0,0,0,0,0
eng_train_track_a_01823,"What is truly remarkable about this brotherhood of my moms uncles, is that they all radiate the same aura.",0,0,0,1,0,0
eng_train_track_a_01824,My eyes were staring at the floor as I said this.,0,0,1,0,1,0
eng_train_track_a_01825,The whole store erupted into cheering and applause.,0,0,0,1,0,1
eng_train_track_a_01826,My arms and legs saw sun for the first time in a long time.,0,0,0,1,0,0
eng_train_track_a_01827,"We hit something as we slide into the side of the road, my eyes flashed open and the car took flight into the trees, now straight ahead of us.",0,0,1,0,1,1
eng_train_track_a_01828,Tried to talk to my cousin to see whether this was really a possesion or something else.,0,0,1,0,0,1
eng_train_track_a_01829,Before I knew it I was on my hands and knees and someone close to me let out a terrible grunt at the same time.,0,0,1,0,0,0
eng_train_track_a_01830,"And without even stopping to think about it, I tuck one of those boxes under my arm and go back to the living room.",0,0,0,1,0,0
eng_train_track_a_01831,A stranger is running alone in the park.,0,0,1,0,0,0
eng_train_track_a_01832,"Normally I need a change every year, but or the past six years or so, I've been changing my glasses every 2 since my eyes are slacking off some.",0,0,1,0,0,0
eng_train_track_a_01833,Her face.... Was priceless.,0,0,0,1,0,1
eng_train_track_a_01834,"I sat down and enjoyed one of my best poops ever, it was huge, it was liquid and it smelled fantastic (from my POV).",0,0,0,1,0,0
eng_train_track_a_01835,"So , I spent the whole day staring out of my bedroom window close to tears, which says a lot because I don't cry easily.",0,0,1,0,1,0
eng_train_track_a_01836,"On my legs and feet I wore leggings, jeans, and then the bib.",0,0,0,0,0,0
eng_train_track_a_01837,She had jet black hair and was only about five feet tall.,0,0,0,0,0,1
eng_train_track_a_01838,"There was an awkward, frozen moment as we all acknowledged each other and as my brain scrambled to make sense of this ""hallucination"".",0,0,1,0,0,1
eng_train_track_a_01839,"When we got up this morning, I could hardly move, and now EVERYTHING from the base of my skull to my waist hurts and my right arm isn't quite right.",0,0,1,0,1,0
eng_train_track_a_01840,"There was a known, violent mentally-ill person named ""Chop"" in a neighborhood I worked in.",0,0,1,0,0,1
eng_train_track_a_01841,Luckily for me I have to use the restroom every 15 minutes so midway through our appointment I was already trying to cross my legs again.,0,0,1,0,0,0
eng_train_track_a_01842,"As a caretaker, this freaked me out to no end.",0,0,1,0,0,0
eng_train_track_a_01843,A knock on the door and my heart litarely stopped for a good three seconds.,0,0,1,0,0,1
eng_train_track_a_01844,"I arrived at Penny's doorstep, tears streaming down my face.",0,0,1,0,1,0
eng_train_track_a_01845,"I hung my head in shame, feeling like the lowest of mothers.",0,0,1,0,1,0
eng_train_track_a_01846,"And now that we are back, I just feel drained and my calves hurt.",0,0,0,0,1,0
eng_train_track_a_01847,"I took my eye away from the camera and found the little guy ( or little girl, can't really tell ) a few feet above me now.",0,0,0,0,0,0
eng_train_track_a_01848,"I needed to come out of a parking lot on the side of the highway and then pull the car up to a high speed so as not to have an accident/annoy highway drivers, so I was pretty nervously sitting there, waiting for the right opportunity.",0,0,1,0,0,0
eng_train_track_a_01849,But there was peace in my heart.,0,0,0,1,0,0
eng_train_track_a_01850,I closed my eyes and tried my best to ignore it and i eventually ended up falling asleep.,0,0,1,0,0,0
eng_train_track_a_01851,That's super weird.,0,0,1,0,0,1
eng_train_track_a_01852,My disbelief was outstanding.,0,0,0,0,0,1
eng_train_track_a_01853,"I went to the doctor today to get my ears cleaned...-I got my ears `` Flushed '' because I did have a problem, and it was too close to a dangerous area.",0,0,1,0,0,0
eng_train_track_a_01854,I drew my robes around me tightly as my legs kept walking to no particular destination.,0,0,1,0,1,0
eng_train_track_a_01855,He was so close.,0,0,1,0,1,1
eng_train_track_a_01856,I thought it must have been a good time to have a nap so I fell asleep.,0,0,0,1,0,0
eng_train_track_a_01857,My heart starts pounding just looking at it and all the thoughts of telling John to leave have wandered out of my head for the moment.,0,0,1,0,0,0
eng_train_track_a_01858,"and Christian fish bumper stickers, it caught my eye and made me grin.",0,0,0,1,0,1
eng_train_track_a_01859,"I stopped for water at the rest stops and got doused with a hose, which was very pleasant except my shoes got drenched so I was running with heavy sponges on my feet for the last two miles.",0,0,1,0,0,0
eng_train_track_a_01860,"I would lay down to bed, blink, and it would be morning.",0,0,0,0,0,1
eng_train_track_a_01861,"Along with Pete Seeger and Jim White, BSP was one of the first shows that S ren went to ( out of my belly ).",0,0,0,1,0,0
eng_train_track_a_01862,"I would always be downloading more music and burn it on new, cheap cds.",0,0,0,1,0,0
eng_train_track_a_01863,Today was a big-A straw that broke my back.,1,0,1,0,1,0
eng_train_track_a_01864,"I handed him the Ipod he just moved on, I felt the blood dripping down my nose.",0,0,1,0,1,0
eng_train_track_a_01865,"My long brown hair caressed my face, small curls wrapping around my ear softly.",0,0,0,1,0,0
eng_train_track_a_01866,"It was a branch line to a gravel quarry, so the three or four daily trains moved slowly.",0,0,0,0,0,0
eng_train_track_a_01867,I didn't hesitate to leap to my feet.,0,0,0,1,0,0
eng_train_track_a_01868,Those memories still trigger terror sweats.,0,0,1,0,0,0
eng_train_track_a_01869,He took the picture and followed the giggling.,0,0,1,1,0,1
eng_train_track_a_01870,"There were just these empty, black, sockets.",0,0,1,0,1,1
eng_train_track_a_01871,It also happened to be raining on that day.,0,0,0,0,0,0
eng_train_track_a_01872,Chapter FourI rolled over in my bunk and yawned stretching my arms above me.,0,0,0,1,0,0
eng_train_track_a_01873,"One guy threatened to talk to his uncle, a judge, to see if anything could be done to incarcerate me, but I just thought that was embarrassing, especially as I've been through the police stuff and there's nothing they want to do.",1,0,1,0,0,0
eng_train_track_a_01874,Again the stinging and the audience getting into my head and after several blows I called yellow again.,0,0,1,0,1,0
eng_train_track_a_01875,So no surgery due to blood clot because I have to take injections and pills to thin my blood way out so the clot doesn't break off and go to my lungs or brain.,0,0,1,0,1,0
eng_train_track_a_01876,"I woke up, brushed my teeth, and started to play a little maple story.",0,0,0,1,0,0
eng_train_track_a_01877,"You make me smile like the sun, fall out of bed, sing like a bird, dizzy in my head... Okay, so it's been quite a while since I've wrote last.",0,0,0,1,0,0
eng_train_track_a_01878,"He was then hit by congestive heart failure, fell into a coma, and passed away.",0,0,1,0,1,1
eng_train_track_a_01879,"My eyes constantly throbbed from being so dry, even though there always seemed to be tears to cry at night.",0,0,1,0,1,0
eng_train_track_a_01880,It was long; about two feet in length with sights and bulbs coming out of it in every direction.,0,0,1,0,0,1
eng_train_track_a_01881,"I stopped, my foot already at a turn in the road that led down to a sunlit valley.",0,0,0,1,0,0
eng_train_track_a_01882,When something caught my eye.,0,0,0,0,0,1
eng_train_track_a_01883,I love you boy.,0,0,0,1,0,0
eng_train_track_a_01884,Which means I was not picking up my feet!,0,0,0,0,0,0
eng_train_track_a_01885,I opened my eyes.,0,0,0,1,0,0
eng_train_track_a_01886,I silently sneak out to investigate its source......,0,0,1,0,0,1
eng_train_track_a_01887,I was quite sad.,0,0,0,0,1,0
eng_train_track_a_01888,"He bought the first beer, and before it was even gone I had a new full one in my hand!",0,0,0,1,0,0
eng_train_track_a_01889,He was very weird.,0,0,1,0,0,1
eng_train_track_a_01890,Watch the mask re-cover my face.,0,0,0,0,0,0
eng_train_track_a_01891,"Except, I don't fall unconscious.",0,0,1,0,0,1
eng_train_track_a_01892,"However, my knees were starting to sing a little bit by the end.",0,0,0,0,1,0
eng_train_track_a_01893,Rolled my eyes at some of the religious nuts I work with.,1,0,0,0,0,0
eng_train_track_a_01894,My mind was uncooperative when a pen finally found my hand.,1,0,1,0,0,0
eng_train_track_a_01895,good lord... where to start well i was getting ready to leave for rocky... and my mom saw me and pulled me aside to `` tirm '' my hair... what was once close to my shoulders is no more... now i kinda look like man at arms.,0,0,0,0,0,0
eng_train_track_a_01896,"One particular experience I had at a place called ""Hernando's Bridge"", however, still scares me to this day.",0,0,1,0,0,1
eng_train_track_a_01897,"I've got my own room and it's pure luxury after sleeping on the floor for over 3 weeks, my back is loving it too.",0,0,0,1,0,0
eng_train_track_a_01898,"See, thats the thing, Sean wasnt an alcoholic.",0,0,0,0,0,1
eng_train_track_a_01899,I feel hot wax on my forehead and then experience a stinging / burning sensation and the sound of my eyebrows being thrown in the trash.,0,0,1,0,1,1
eng_train_track_a_01900,That's messed up.,1,0,0,0,0,1
eng_train_track_a_01901,"Linzi and I of course tried them, a decision that I immediately questioned after putting it in my mouth.",0,0,1,0,0,1
eng_train_track_a_01902,My muscles all relax With the feeling of an empty hand and no pedals beneath my feet.,0,0,0,1,0,0
eng_train_track_a_01903,"I must have had a strange look on my face because my mother said, `` What's wrong? ''",1,0,1,0,1,0
eng_train_track_a_01904,I was totally and completely fine with the fact that I had just been bludgeoned with a trampoline $ until I saw the blood; the 57 gallons of blood that proceeded to spew out of my face and cover my tiny little body.,0,0,1,0,1,1
eng_train_track_a_01905,The spring sun was just rising and his car was already ripping down the highway.,0,0,1,1,0,1
eng_train_track_a_01906,"I stretched out my arms for balance, and bounced more vigorously.",0,0,0,1,0,0
eng_train_track_a_01907,We sat quietly to see if we could hear the voice again.,0,0,1,0,0,1
eng_train_track_a_01908,Ohhhh I put my hands up to my head.,0,0,1,0,0,0
eng_train_track_a_01909,Then he drove away.,0,0,0,0,0,0
eng_train_track_a_01910,So I spent most of lunch at the college trying very hard to concentrate on my botany book and not stare at people with a vacant expression on my face.,0,0,1,0,0,0
eng_train_track_a_01911,"Back when my son was first born, my wife and I purchased a new house and we were just moving in.",0,0,0,1,0,0
eng_train_track_a_01912,"( I was smart & bit my tongue ) Oh, and great results, but I'm not going into details... ow.We spent all day together, and got pizza & a ton of beer for dinner!",0,0,0,1,0,0
eng_train_track_a_01913,They also had to flush out my eyes ( which i had had closed the ENTIRE time ) cause they had glass in them.,0,0,1,0,1,0
eng_train_track_a_01914,There's my stoner floor mate with a fucking stun gun.,1,0,1,0,0,1
eng_train_track_a_01915,None of us has mentioned the incident since.,0,0,1,0,1,1
eng_train_track_a_01916,This happened like 10 years ago.,0,0,0,0,0,1
eng_train_track_a_01917,They no longer live there.,0,0,0,0,1,0
eng_train_track_a_01918,"The stranger is left speechless, confused, and strangely proud.",0,0,1,1,0,1
eng_train_track_a_01919,"I stood in the back and flipped through a book, my forehead deeply furrowed as though I was seriously seeking answers to the universe.",0,0,1,0,1,0
eng_train_track_a_01920,"Callie takes attention at my tone, having probably gotten used to my mumbled thanks in response to all of the attendees who had already been by, and she places her hand protectively at the base of my spine.",0,0,0,1,0,0
eng_train_track_a_01921,The light would come all the way up to your vehicle and then it would seem to vanish only to be on the other side of you heading the other way.,0,0,1,0,0,1
eng_train_track_a_01922,#NAME?,0,0,1,0,0,1
eng_train_track_a_01923,So I'm racking my brain.,0,0,1,0,0,0
eng_train_track_a_01924,I still cannot explain this.,0,0,1,0,0,1
eng_train_track_a_01925,"Now he's sobbing and screaming, finally defeated.",0,0,1,0,1,0
eng_train_track_a_01926,"It made an odd 'thap' noise, you know...",0,0,1,0,0,1
eng_train_track_a_01927,The waitress had physical therapy experience and prepared a nice bag of ice for my ankle and the beer was FANTASTIC!,0,0,0,1,0,0
eng_train_track_a_01928,"Then suddenly, she heard a strange thump; but looking around saw nothing.",0,0,1,0,0,1
eng_train_track_a_01929,"Why was he angry with me?And now, about 24 hours later, I feel a stiffness in my neck, a weird sensation in my right arm.",1,0,1,0,0,0
eng_train_track_a_01930,"I knew there were bits on this section I had struggled with, like the massive drop offs ( okay, maybe not massive, but they seemed massive to me ) and the steep switchbacks, but again I managed to avoid the urge to grab handfuls of brakes and shut my eyes, and I forced myself to ride the first big drop off and the next few were suddenly much less scary.",0,0,1,1,0,0
eng_train_track_a_01931,I draw on the bark with my fingers the roots that twist and twine at my side.,0,0,0,1,0,0
eng_train_track_a_01932,"""Are you sure, sis?",0,0,1,0,0,1
eng_train_track_a_01933,Kick my heels up and shout.,0,0,0,1,0,0
eng_train_track_a_01934,my mum had complained to my step dad about feeling uneasy.,0,0,1,0,1,0
eng_train_track_a_01935,"You could not see a foot in front of you and I practically cried getting to the bottom because the wind and snow was literally burning my face, lol.",0,0,1,0,1,0
eng_train_track_a_01936,I am exhausted and my back is hurting along with my throat.,0,0,1,0,1,0
eng_train_track_a_01937,"It could have been slaughter, but he turned his wheel.",0,0,1,0,0,1
eng_train_track_a_01938,"i did this without counting, so it's good to know that i am slowly getting a handle on eating reasonably without having to write down every single thing i put in my mouth.",0,0,0,1,0,0
eng_train_track_a_01939,I totally freaked out.,0,0,1,0,0,1
eng_train_track_a_01940,"Had to scream my lungs out while the guy just let the crowd pass my bag to me, a bag which got passed all the way to the other side, before I finally managed to get my hands on to the neon orange carrier which had my Phone, Camera, Hard Drive, Wallet, and Keys.In the end had to change without bathing in a smelly toilet at Temasek Poly, before bidding Boon Goodbye on the phone whilst complaining about the event.",1,0,1,0,0,0
eng_train_track_a_01941,I feel it slithering down my skin like a anaconda snake.,0,0,1,0,0,1
eng_train_track_a_01942,That one was probably the weirdest.,0,0,0,0,0,1
eng_train_track_a_01943,"After I rationalized a bit, I calmed down.",0,0,1,1,0,0
eng_train_track_a_01944,The barn is full of corpses.,0,0,1,0,1,1
eng_train_track_a_01945,watching her leave with dudes drove me crazy.,1,0,1,0,1,0
eng_train_track_a_01946,"I know most of you will find it hard to believe but, this is my story.",0,0,1,0,0,1
eng_train_track_a_01947,"I'm not European-American, I'm a white American.",0,0,0,0,0,0
eng_train_track_a_01948,Well I have the bright idea that I need to stop being like this and I end up alone on the elevator with this girl.,0,0,1,1,1,1
eng_train_track_a_01949,"there's so much going through my head now, but somethings just can't be said.",0,0,1,0,1,0
eng_train_track_a_01950,"The Spot on my ear was bot good, but not alarming.",0,0,0,0,0,0
eng_train_track_a_01951,Thankfully I never went through with it.,0,0,1,1,0,0
eng_train_track_a_01952,Scared me shitless each time it happened.,0,0,1,0,0,1
eng_train_track_a_01953,"How I do miss so much the ability to just go here or there whenever my heart desires to go $ But alas I no longer drive; it is for the safety of the world, at large; that is!",0,0,0,0,1,0
eng_train_track_a_01954,I literally hid my face and my whole self.,0,0,1,0,1,0
eng_train_track_a_01955,""" and look in my rear view mirror.",0,0,1,0,0,0
eng_train_track_a_01956,"`` Don't read it to me '', I yelled inside my head.",1,0,0,0,0,0
eng_train_track_a_01957,It was hung at a very strange angle.,0,0,1,0,0,1
eng_train_track_a_01958,"For the first time, I noticed their eyes.",0,0,0,0,0,1
eng_train_track_a_01959,"She grinned toothlessly and with a cackle, spoke: Now your *third* wish.",0,0,1,0,0,1
eng_train_track_a_01960,"Despite my literal and non-literal `` growing up '' in another place, I had always felt a claim to Calgary, a belonging that wound deep through my bones.",0,0,0,1,0,0
eng_train_track_a_01961,There was a red burn mark on my chin for a couple of weeks.,0,0,0,0,1,0
eng_train_track_a_01962,"I began to start running away again, but I tripped and fell flat on my back.",0,0,1,0,1,0
eng_train_track_a_01963,The other night I was on my way to bed and I stopped in the bathroom to brush my teeth.,0,0,0,0,0,0
eng_train_track_a_01964,"This'll probably get buried, but what the hell?",0,0,0,0,0,1
eng_train_track_a_01965,"Somehow, with visions of doll masks and pocket 6s dancing my head, I still managed to fall asleep.",0,0,1,0,0,1
eng_train_track_a_01966,"A tear bubbled at the corner of my eye, and then slowly caressed my cheek.",0,0,0,0,1,0
eng_train_track_a_01967,Then proceeded to duck and run past him into the female restroom.,0,0,1,0,0,1
eng_train_track_a_01968,It really superly dried my face out.,0,0,1,0,0,0
eng_train_track_a_01969,I close my eyes determined to find light every ray that shines through is blotted with the darkest of dark I hear a constant drumming.,0,0,1,0,1,0
eng_train_track_a_01970,"""We need to talk"".",1,0,1,0,1,1
eng_train_track_a_01971,I was very scared.,0,0,1,0,0,0
eng_train_track_a_01972,"Nope, and they wouldn't let me leave the dog without paying.",1,0,1,0,0,1
eng_train_track_a_01973,Which means I have a ton of extra time on my hands.,0,0,0,1,0,0
eng_train_track_a_01974,"I can't sing it in my head because I don't know the Japanese lyrics well enough, so it's a little frustrating.",1,0,1,0,0,0
eng_train_track_a_01975,"I was doing well emotionally last night and was feeling okay about not having Baby in my arms yet, but this morning has been a lot harder.",0,0,0,0,1,0
eng_train_track_a_01976,"I whimpered, and my heels started pounding against the hardwood floor.",0,0,1,0,0,0
eng_train_track_a_01977,"Not a completely awful birthday, but my worst.",0,0,0,1,1,0
eng_train_track_a_01978,My heart is heavy for the Haitian government.,0,0,0,0,1,0
eng_train_track_a_01979,"I woke up this morning with my arms, back and sides in that lovely workout pain that soothes me so.",0,0,0,1,0,0
eng_train_track_a_01980,I bawled my eyes out when Wait.,0,0,0,0,1,0
eng_train_track_a_01981,"She found her Dad and gave him a rock she had found out side, just a plain old rock.",0,0,0,1,0,0
eng_train_track_a_01982,"Navy, Air Traffic controller.",0,0,0,0,0,0
eng_train_track_a_01983,"I should interject here, that I prayed on my knees at the alter for a diagnosis at the church of the nazarene-ONE week before this happened... and then three days ago, my doctor sat me down and showed me my lab tests and gave me the pheochromocytoma word, and the two specialist referrals, looked at me and said `` I'm going to get you your life back.",0,0,1,1,1,0
eng_train_track_a_01984,"I ran my hand through my hair, trying to clear my head.",0,0,1,0,0,0
eng_train_track_a_01985,And you'll have just married psycho ex.,1,0,1,0,0,0
eng_train_track_a_01986,"he kept talking, but i couldn't hear anything but my heart exploding inside my chest, the grand finale.",0,0,1,0,0,0
eng_train_track_a_01987,3rd I really don't know... Any of the main characters really..,0,0,1,0,0,0
eng_train_track_a_01988,I covered my face with my hands.,0,0,1,0,1,0
eng_train_track_a_01989,"Probably just going to be buried, but at least I can tell this story somewhere.",0,0,0,0,1,0
eng_train_track_a_01990,I put a hand to my brow furrowed with worry and closed my eyes.,0,0,1,0,1,0
eng_train_track_a_01991,"and the stains, across my heart.",0,0,1,0,1,0
eng_train_track_a_01992,I have so much stuff in my head right now.,0,0,1,0,1,0
eng_train_track_a_01993,I got there about 7:00 a.m. and started losing up my legs and doing some yoga.,0,0,0,1,0,0
eng_train_track_a_01994,"Now, mental illness runs in my family, from fairly ""common"" stuff like depression and anxiety (which I have) to dissociative identity disorder, borderline personality disorder, and schizophrenia.",0,0,1,0,1,1
eng_train_track_a_01995,My legs are feeling the effects right now.,0,0,0,0,1,0
eng_train_track_a_01996,"&gt; Needless to say, I never asked to be haunted again.",1,0,1,0,0,1
eng_train_track_a_01997,My throat goes dry and my cough sounds not even human at some points.,0,0,1,0,0,0
eng_train_track_a_01998,This bracelet just falls to the ground.,0,0,1,0,0,1
eng_train_track_a_01999,"Either way, awesome night.",0,0,0,1,0,0
eng_train_track_a_02000,"I yawned, blinking my eyes rapidly as I muttered, `` Sorry, Lee. ''",0,0,0,0,0,0
eng_train_track_a_02001,"I seated some where, and just about to open my story book, my eye caught a glimpse of someone standing right do nt even know... Walk to library.",0,0,1,0,0,1
eng_train_track_a_02002,"Sitting around a few years ago with about 5 friends at my best friends house, i'm watching someone play ps2 and i notice a hand reach out from between the t.v.",0,0,1,0,0,1
eng_train_track_a_02003,7) Went to dinner with a woman in an open relationship.,0,0,1,1,0,0
eng_train_track_a_02004,I followed the direction it went thinking it was my friend.,0,0,1,0,0,1
eng_train_track_a_02005,"So was yesterday, and I was surprised I was able to wear my Coach's without freezing my toes off!",0,0,0,1,0,1
eng_train_track_a_02006,I will never forget hat day.,0,0,0,0,1,1
eng_train_track_a_02007,"The issue was, when we were smoking it, it felt sharp and acrid and terrible.",1,0,1,0,1,1
eng_train_track_a_02008,I saw down the hallway a figure walking slowly toward me.,0,0,1,0,0,1
eng_train_track_a_02009,"So I left the room, went outside and settled once again for going through my mess in my head.",0,0,1,0,1,0
eng_train_track_a_02010,I walked out kamiyacho station with a big question mark in my head.,0,0,1,0,0,1
eng_train_track_a_02011,I had a nightmare.,0,0,1,0,1,0
eng_train_track_a_02012,"Circus clown wallpaper, circus clown figurines, paintings of circus clowns, small statues of circus clowns.",0,0,1,0,0,1
eng_train_track_a_02013,"this is why i get up every day, lace up my chucks and keep a smile on my face through all sorts of patron issues.",0,0,0,1,0,0
eng_train_track_a_02014,and that got my head bobbing a little bit.,0,0,0,1,0,0
eng_train_track_a_02015,The shock burned a part of my thumb.,0,0,1,0,1,1
eng_train_track_a_02016,Never trust a fart.,0,0,1,1,0,0
eng_train_track_a_02017,(It was pretty bad).,0,0,1,0,1,0
eng_train_track_a_02018,The voice echoed in my ears again.,0,0,1,0,0,0
eng_train_track_a_02019,"Still starved for human interaction, I say okay.",0,0,1,0,1,0
eng_train_track_a_02020,"The room really isn't a room, it is as though she is kneeling on the floor but I don't see any walls.",0,0,1,0,0,1
eng_train_track_a_02021,"Even with all that, my asthma still keeps getting worse and worse.",0,0,1,0,1,0
eng_train_track_a_02022,"For the first time since I collapsed, I was able to let out how I felt inside and what sounded like shrieking began to come out of my mouth.",0,0,1,0,1,0
eng_train_track_a_02023,"Just as the priest asks if there is any objections, a huge booming thunder rolls out, sounding like a cannon in the church.",0,0,1,0,0,1
eng_train_track_a_02024,"My stomach twisted for some reason, instinct telling me that it was Lacie he was talking to.",0,0,1,0,0,0
eng_train_track_a_02025,They were both fantastic.,0,0,0,1,0,0
eng_train_track_a_02026,always asking for sex.,1,0,1,0,0,0
eng_train_track_a_02027,All of a sudden we were standing on the street corner waiting for the light to change so we could cross.,0,0,0,0,0,1
eng_train_track_a_02028,"Between moving appliances yesterday at work, and this morning where I tensed enough to tweak my back, I'm a bit sore.Now Paka has been staring at me wide-eyed and giving her whining-style meow.",0,0,0,0,1,0
eng_train_track_a_02029,"I didn't leave town this weekend, knowing it was going to rain ( thus my volunteer day today w / the homeless ) whilst my shoulder is all jacked up and clicking.I think I pinched at nerve at the gym.",0,0,1,0,1,0
eng_train_track_a_02030,"My hands, my lips, my touch These and are few to what it takes To build something no one can imagine.",0,0,0,1,0,0
eng_train_track_a_02031,At least I have a single room now!,0,0,0,1,0,0
eng_train_track_a_02032,"Browsing through that page about wheels, this castle wheel, by H. H. Napier / Glenfield Industries, caught my eye.",0,0,0,1,0,0
eng_train_track_a_02033,My leg so tired 4.,0,0,1,0,0,0
eng_train_track_a_02034,I can never forget it.,0,0,1,0,1,0
eng_train_track_a_02035,Jon and I decided to see how long it took for someone to notice the ring on my finger.,0,0,0,1,0,1
eng_train_track_a_02036,With work-Adam has really been breathing down my neck about files not being opened fast enough.,1,0,1,0,0,0
eng_train_track_a_02037,"As I jogged down the street, I noticed that the snow was blowing straight into my eyes.",0,0,1,0,0,1
eng_train_track_a_02038,I just didn't have it in my legs to keep up with that through the hills and fell back.,0,0,1,0,1,0
eng_train_track_a_02039,"And again, I kinda woke up to another dream.",0,0,1,1,0,1
eng_train_track_a_02040,rage.. violence... threats until I leave the house... then she bounces back... goes dancing and has sex with a stranger and tells me about it.,1,0,1,0,1,1
eng_train_track_a_02041,never felt so depressed before.,0,0,0,0,1,0
eng_train_track_a_02042,"I guess I should learn to just not open my mouth, because this morning when I woke up, I was in Minnesota!!",0,0,0,0,0,1
eng_train_track_a_02043,They said they don't remember any man.,0,0,1,0,1,1
eng_train_track_a_02044,"Bit of a pain for us awkward-types, but never fear!",0,0,1,1,0,0
eng_train_track_a_02045,"But my natural color, on the underside of my forearms for example, is `` dead fishbelly white.",0,0,0,0,0,0
eng_train_track_a_02046,There was that one night while sleeping in that nice riad when I felt a tickle at the back of my neck.,0,0,1,0,0,1
eng_train_track_a_02047,"in january i dropped some dead weight, which relieved my back a little from carrying other peoples problems around too much.",0,0,1,1,0,0
eng_train_track_a_02048,We cuddled on the couch whilst watching TV.,0,0,0,1,0,0
eng_train_track_a_02049,"Chef is a title like ""supervisor"" or ""manager"".",0,0,0,0,0,1
eng_train_track_a_02050,Nobody on the other end.,0,0,1,0,0,1
eng_train_track_a_02051,"To this day, I can't go to the doctor without maniacally spelling `` vaccinations '' in my head, just to make sure I remember how.",0,0,1,0,0,0
eng_train_track_a_02052,"I dragged my feet home after a tired day in school ( oh man, it's only the first day! )",0,0,0,0,1,0
eng_train_track_a_02053,They check out the whole house and say it's clear to go back inside.,0,0,1,1,0,0
eng_train_track_a_02054,"Quite full in my heart actually, for affirming this man, so lovingly, and fearlessly.",0,0,0,1,0,0
eng_train_track_a_02055,Please stop stealing our dogs!,1,0,1,0,1,0
eng_train_track_a_02056,I felt the afterglow of the late afternoon sun and the cool zephyr on my skin at the same time when I stood outside the main gates of the university just before I saw his car making that turn.,0,0,0,1,0,0
eng_train_track_a_02057,Just got back from the dentist a little while ago and I am not a happy camper: ( The Novocaine hasn't even worn completely off yet and my jaw is throbbing.,1,0,1,0,1,0
eng_train_track_a_02058,Key then hit me on the side of my head.,1,0,1,0,0,1
eng_train_track_a_02059,"We all went back to the ship, but Mats made me go to the local hospital to check out my heart ( that's an order! )",0,0,1,0,0,0
eng_train_track_a_02060,Just helping a kid.,0,0,0,1,0,0
eng_train_track_a_02061,She was promptly dumped.,0,0,0,0,1,0
eng_train_track_a_02062,Charlie was so crazy!,0,0,0,1,0,1
eng_train_track_a_02063,"**Elderly man**: Well, there's a lot of them colored folks working there, and I just didn't feel safe leaving it with them.",1,0,1,0,1,0
eng_train_track_a_02064,"The air is so clear it stings my lungs, which have for months been choked by dust and diesel from the streets of Kabul.",0,0,1,0,0,0
eng_train_track_a_02065,My brain's dead weight I'm tryin to get my head straight but I can't figure out which Cheerleader i wan na impregnate.,0,0,1,0,1,0
eng_train_track_a_02066,"I get cramps and aches in my shoulders when I'm even minutely out of position, just imagine what it's going to be like with a completely different seating system, not to mention an entirely new drive mechanism.",0,0,1,0,0,0
eng_train_track_a_02067,I'll explain myself...,0,0,1,0,0,0
eng_train_track_a_02068,#NAME?,0,0,0,0,0,1
eng_train_track_a_02069,I slowed down when I came to a fairly well known speed trap in my town.,0,0,1,0,0,0
eng_train_track_a_02070,"Right now I am doing the pain killers, and quad exercises, with the proviso that we keep a close eye on the damage already done to my knee.",0,0,1,0,0,0
eng_train_track_a_02071,My back started aching.,0,0,1,0,0,0
eng_train_track_a_02072,My heart sank.,0,0,0,0,1,0
eng_train_track_a_02073,**I have an amazing I-called-that sports story that defies explanation.,0,0,0,1,0,1
eng_train_track_a_02074,I roomed on my own for the rest of the term.,0,0,0,0,1,0
eng_train_track_a_02075,It frames my face and makes me look rather clownish.,0,0,0,0,1,0
eng_train_track_a_02076,It's pretty crazy thinking of the random chance of us never meeting.,0,0,0,1,0,1
eng_train_track_a_02077,A week later he had a girlfriend.,0,0,0,1,1,1
eng_train_track_a_02078,i told myself i can't buy anything yet my hand just cant stop me for buying.,0,0,1,0,0,0
eng_train_track_a_02079,Then buy a farm.,0,0,0,1,0,0
eng_train_track_a_02080,"I would be about 10 maybe, anyway i was out with my mom , dad and sister.",0,0,0,1,0,0
eng_train_track_a_02081,"In my head I just said, ""this is going to end badly.",0,0,1,0,1,0
eng_train_track_a_02082,Hence the goofy grin on my face.,0,0,0,1,0,0
eng_train_track_a_02083,"Satan said to him, ""God will do everything in His power to destroy you.",1,0,1,0,1,1
eng_train_track_a_02084,"Alas, I still can't go swimming because my hands can't be wet for a while without being stupid But I can wade?",0,0,0,1,1,0
eng_train_track_a_02085,I have a ton of stitches in my mouth.,0,0,1,0,1,0
eng_train_track_a_02086,In a car crash.,0,0,1,0,1,1
eng_train_track_a_02087,"I have incredibly pale skin, poor circulation in my lips, and blonde eyebrows and eyelashes.",0,0,0,0,0,0
eng_train_track_a_02088,A journey into my world ( or at least into my brain. ),0,0,0,0,0,1
eng_train_track_a_02089,I've been having kind of a really rough week and I'm so glad that some of my pals have my back.,0,0,0,1,1,0
eng_train_track_a_02090,"Anyway, a dream glitch?",0,0,1,0,0,1
eng_train_track_a_02091,"I got my first raspberry from a crowd surfer falling and my face hitting the monitor, battle wounds.",0,0,1,0,1,1
eng_train_track_a_02092,None of us did.,0,0,0,0,0,0
eng_train_track_a_02093,ugh so today i found out that some people have been talking shit abou tme behind my back.,1,0,1,0,1,1
eng_train_track_a_02094,i think ) into my skin to make the wound bigger then squeezed everything out.,0,0,1,0,1,0
eng_train_track_a_02095,"It's going to suck worse when I'm barefoot in the kitchen in two months and a piece of glass I overlooked is going to unearth itself and stick into the bottom of my foot, like that one time.",0,0,1,0,0,0
eng_train_track_a_02096,Over two hours gone.,0,0,1,0,1,1
eng_train_track_a_02097,One time my aunt was sitting on her front porch in her bare feet and she felt a lick.,0,0,1,0,0,1
eng_train_track_a_02098,Well one time he actually fell asleep (foot still on gas pedal) and I was actually steering the truck for a few good miles.,0,0,1,0,0,1
eng_train_track_a_02099,"We didn't swing, we just rested and enjoyed the weather.",0,0,0,1,0,0
eng_train_track_a_02100,"I shrugged, my eyes on the TV.",0,0,0,0,0,0
eng_train_track_a_02101,I just realized that I have stitches in my mouth.,0,0,1,0,0,0
eng_train_track_a_02102,"It was so beautiful; I felt tears of joy run down my face... Five years after World War II ended, Washi and I are at Pearl Harbor for a very special day.",0,0,0,1,0,0
eng_train_track_a_02103,"Finally facing life responsibilities again, but my head still was on vacation.",0,0,1,0,0,0
eng_train_track_a_02104,"I said, closing my eyes tightly.",0,0,1,0,0,0
eng_train_track_a_02105,Started out with me having a migraine and once I got the pain to go away it still was messing with my brain.,0,0,1,0,1,0
eng_train_track_a_02106,Then again but harder.,0,0,0,0,0,0
eng_train_track_a_02107,""" and burst out laughing.",0,0,0,1,0,1
eng_train_track_a_02108,"I hit it again, another familiar value came up.",0,0,0,1,0,1
eng_train_track_a_02109,My ex boyfriend has been texting me every single day for a month continuously.,1,0,1,0,1,1
eng_train_track_a_02110,"WANTED to go more like 13, but my heel was a little sore from last weeks `` heavier '' mileage, so I did the smart thing ( I think ) and cut it short.",0,0,1,0,0,0
eng_train_track_a_02111,and I nodded my head.,0,0,0,0,0,0
eng_train_track_a_02112,"On the second block, it hit me.",0,0,1,0,0,1
eng_train_track_a_02113,The most solid relationship in my whole life started with Zelda and Mario!,0,0,0,1,0,1
eng_train_track_a_02114,I cannot stay here.,1,0,1,0,1,0
eng_train_track_a_02115,"It didn't hurt at the time, but I was getting a headache and my head started feeling really heavy!",0,0,1,0,1,0
eng_train_track_a_02116,"I'm still feeling woozy, it's hard to type because my muscles are not cooperating with me.",0,0,1,0,0,0
eng_train_track_a_02117,"So i walk up to the doctor, shake his hand, then inject him with the killing sauce he just gave to me from my freshly filled needle.",1,0,1,0,0,0
eng_train_track_a_02118,so I'm stir my heart for Europe travel.,0,0,0,1,0,0
eng_train_track_a_02119,On the way out I banged my head against the gate.,1,0,1,0,0,1
eng_train_track_a_02120,My last relationship ended pretty mutually...and I really tried to maintain the friendship.,0,0,0,1,1,0
eng_train_track_a_02121,"I'm that forgotten tear That forgot to fall Yet lingers on my cheek Brush it away And it's still there Lick it up, And feel it burn your throat, Stripping it red raw.",0,0,1,0,1,0
eng_train_track_a_02122,All at once we play.,0,0,0,1,0,0
eng_train_track_a_02123,I actually started to look forward to that because of the flying sensation.,0,0,0,1,0,0
eng_train_track_a_02124,"I spent the night in my room, then went to bed.",0,0,0,0,0,0
eng_train_track_a_02125,I sleep facing away from my door.,0,0,1,0,0,0
eng_train_track_a_02126,i'm going to meet your sister.,0,0,1,1,0,0
eng_train_track_a_02127,My nose stung and I could see my breath.,0,0,1,0,0,0
eng_train_track_a_02128,He notes that he is disgruntled about the lack of pirate music.,1,0,0,0,0,0
eng_train_track_a_02129,"I tilted my head to the side and smiled, `` I know you are.",0,0,0,1,0,0
eng_train_track_a_02130,"In the past, whenever I've gained weight, it went straight to my hips.",0,0,0,0,0,0
eng_train_track_a_02131,"To be frank, lens and makeup really succeeded at enlarging my eyes in spite of the grotesque focus of my vision.",0,0,0,1,0,1
eng_train_track_a_02132,"I drain the last of my beer and the wrap my arms around my bent legs, resting my chin on one knee.",0,0,0,0,1,0
eng_train_track_a_02133,"I reluctantly take my head off the death machine and turn around to find none other then Jill Nevins sitting some 10 yards behind me, enjoying lunch on the other side of the fence.",0,0,1,0,0,1
eng_train_track_a_02134,I had two in a row.,0,0,0,0,0,0
eng_train_track_a_02135,He always assumed he was hallucinating or just going crazy.,0,0,1,0,1,0
eng_train_track_a_02136,red nails for my foot and pink base plus white coat on the tip!i hope the polish stay as long as possible but my nails are one kind.,0,0,0,1,0,0
eng_train_track_a_02137,I just didn't see the reason to sit there with a cookie on my nose.,0,0,0,0,0,0
eng_train_track_a_02138,By the time we landed in Paris ( and for the next 3 weeks ) that is the only song I had in my head.,0,0,0,0,0,0
eng_train_track_a_02139,Isn't that... Oh I don't know... Against the Bill of Rights?,1,0,1,0,0,1
eng_train_track_a_02140,""" The other boy clarified, ""Sorry about him.",0,0,1,0,0,0
eng_train_track_a_02141,The slight cardio made my lungs burn with pain.,0,0,1,0,0,0
eng_train_track_a_02142,Especially when you don't know the circumstance.,0,0,1,0,0,1
eng_train_track_a_02143,My face hurt from laughing so much!,0,0,0,1,0,0
eng_train_track_a_02144,She though she could sneak one out..... ended up dripping poop throughout the department store.,0,0,1,1,0,1
eng_train_track_a_02145,Put your ray gun to my heeeeeead!,0,0,1,0,0,1
eng_train_track_a_02146,No one was there.,0,0,1,0,1,1
eng_train_track_a_02147,"I was okay, though it was hot when it landed at on my arm.",0,0,0,0,0,0
eng_train_track_a_02148,Every boarding school has some odd tradition or skill students must undertake before graduation.,0,0,0,0,0,1
eng_train_track_a_02149,As I walked through the waiting area I could not believe my eyes at what I saw.,0,0,0,0,0,1
eng_train_track_a_02150,"As I got close to it, I realized that my handlebars were not going to fit, but it was too late to stop or turn.",0,0,1,0,0,1
eng_train_track_a_02151,I'm in the barn all day 6 days a week doing a job that keeps me on my feet and moving for the entire time I'm there.,0,0,1,0,0,0
eng_train_track_a_02152,"I'm frozen for a few moments, Tears welling to my eyes as I try to squash the emotions.",0,0,1,0,1,0
eng_train_track_a_02153,Fast forward a year to beginning of hs this year .,0,0,0,0,0,1
eng_train_track_a_02154,"Jeff got in the tub with me at some point and was also rubbing my back and such, as most of my labor was in my lower back.",0,0,1,0,1,0
eng_train_track_a_02155,But regardless of that... I know something is wrong in my head.,0,0,1,0,1,0
eng_train_track_a_02156,I tried to keep my hands washed and be very careful around the kids.,0,0,1,0,0,0
eng_train_track_a_02157,"Still had sex with her, though.",0,0,0,1,0,0
eng_train_track_a_02158,I make it a habit of sitting with my back facing a wall so I could see everything and everyone.,0,0,1,0,0,0
eng_train_track_a_02159,I was at a large rock festival.,0,0,0,1,0,0
eng_train_track_a_02160,It was through a dream that she learned that his last living thoughts were of her.,0,0,0,1,1,1
eng_train_track_a_02161,"After entering the park, I started running ( slowly ) again and managed to run ( slowly ) across the finish where a very young ( and very cute ) teenage boy put a medal around my neck.",0,0,0,1,0,0
eng_train_track_a_02162,"Finding them, I whipped one out and put it in my ear, swabbing.",0,0,0,0,0,0
eng_train_track_a_02163,"Still, I weathered those personal storms, and now I'm feeling such a brilliant, warm upsurge of energy that it brings tears to my eyes.",0,0,0,1,0,0
eng_train_track_a_02164,Probably shaved 30 minutes or more of stop and go traffic.,0,0,0,1,0,0
eng_train_track_a_02165,"I reach down and run my fingers all over the slippery little roundness, feel it lean away and there is no shoulder dystocia, the neck is free and no cord.",0,0,1,0,0,0
eng_train_track_a_02166,"I wake from my coma, sleep crusting my eyes.",0,0,1,0,0,0
eng_train_track_a_02167,One day I was searching through my drawers in my room and I found a cassette tape of Babar the elephant.,0,0,0,1,0,1
eng_train_track_a_02168,When I walked into recovery my heart was pounding.,0,0,1,0,0,0
eng_train_track_a_02169,It smells divine-citrus and sandalwood-and helps me fool myself into thinking that my hands aren't aging badly.,0,0,0,1,1,0
eng_train_track_a_02170,If the noise hurt *your* ears then it must have really hurt theirs.,0,0,1,0,0,0
eng_train_track_a_02171,I rolled my eyes.,1,0,0,0,0,0
eng_train_track_a_02172,""" I'm terrified that they're going to kill her, beat her, rape her, all of the above.",0,0,1,0,1,0
eng_train_track_a_02173,"Instead of feeling a smooth, round surface, my tongue encountered a rough, jagged hollow.",0,0,1,0,1,0
eng_train_track_a_02174,"She began to cry, heaving sobs.",0,0,1,0,1,0
eng_train_track_a_02175,"The starfish lay by my feet, its back turned to me.",0,0,0,0,0,0
eng_train_track_a_02176,"Needless to say I'm having plans to do a master in IT Security, he?",0,0,0,1,0,0
eng_train_track_a_02177,He's telling a little kid a joke.,0,0,0,1,0,0
eng_train_track_a_02178,Intestines were dangling from my neck and stomach acid was burning my eyes.,1,0,1,0,1,0
eng_train_track_a_02179,Deer getting hit by snow plows (very messy).,0,0,1,0,1,1
eng_train_track_a_02180,It wasn't on my shoe anymore.,0,0,0,1,0,1
eng_train_track_a_02181,"As I was looking at it, a terrifying dog that shows up pretty regularly in my nightmares started barked and throwing itself at the door all Cujo-like.",0,0,1,0,0,1
eng_train_track_a_02182,"So mostly, I just kept on my feet and did a lot of walking.",0,0,0,0,0,0
eng_train_track_a_02183,"They dragged him away and he looked very disheartened, defeated...tears streaming down his face.",0,0,1,0,1,0
eng_train_track_a_02184,It freaked my uncle right the hell out.,0,0,1,0,0,1
eng_train_track_a_02185,"It's pretty bright.Well, when i awoke i saw that the glow had gone, however when i moved my ankle it totally killed.",0,0,1,0,1,0
eng_train_track_a_02186,"After the humiliation and my husband laughing uncontrollably at me, my nails remained perfectly intact.",1,0,0,0,1,0
eng_train_track_a_02187,I was so wrapping up in the boy in my arms.,0,0,0,1,0,0
eng_train_track_a_02188,I almost envy them; being an actual teenager in this era means that I have a world-weary ennui on my shoulders.,0,0,0,0,1,0
eng_train_track_a_02189,I remained standing with a blank expression on my face.,0,0,0,0,1,0
eng_train_track_a_02190,Completely lost my mind.,1,0,1,0,1,1
eng_train_track_a_02191,Last year my school bus got hit while at a stop.,0,0,1,0,1,1
eng_train_track_a_02192,again I have a problem with the muscles in the back of my head behind my right ear.,0,0,1,0,1,0
eng_train_track_a_02193,I know this pain.,0,0,1,0,1,0
eng_train_track_a_02194,It just felt wrong.,1,0,1,0,1,0
eng_train_track_a_02195,"Anyway, so I read the cave thing and went to bed pretty creeped out.",0,0,1,0,0,1
eng_train_track_a_02196,"I have a twin, apparently.",0,0,1,1,0,1
eng_train_track_a_02197,Maybe a bit younger.,0,0,0,0,0,1
eng_train_track_a_02198,He then reached across with one of his front paws and put it around my arm.,0,0,0,0,0,0
eng_train_track_a_02199,"However untrue I know this is intellectually -- for I still have family in Indiana, Aunts, Uncles, Cousins, and my Grandfather Lucas, who is still alive and kickin ' -- I still can not ignore this damned shade that keeps popping up over my shoulder and whisper's my worst fear: `` Alone. ''",0,0,1,0,1,0
eng_train_track_a_02200,Or the darkness in my eyes.,0,0,1,0,1,0
eng_train_track_a_02201,We were all treated and ended up fine.,0,0,0,1,0,0
eng_train_track_a_02202,Now i'm stuck with a Class D Felony for Distribution of Marijuana... fucking sucks man..,1,0,1,0,1,0
eng_train_track_a_02203,"One day in high school, my mom corners me in my room holding up this small white thing.",0,0,1,0,0,1
eng_train_track_a_02204,He txt'd me last week to ask about my knee out of nowhere-wtf.,1,0,0,0,0,1
eng_train_track_a_02205,I though nothing of it until I turned out the lights.,0,0,1,0,0,1
eng_train_track_a_02206,"There was the shock of all my teeth on the bottom being pushed so out of whack I needed oral surgery and oh year, my jaw was broken.",1,0,1,0,1,1
eng_train_track_a_02207,"Tall, pale, skinny, great body.",0,0,0,1,0,0
eng_train_track_a_02208,"I picked my head up, and the light coming through my window was far too bright, but I could still make out where my phone was.",0,0,1,0,0,0
eng_train_track_a_02209,"They arrest him on gun charges,rape, possession of child pornography,Drinking underage(BAL was 0.34) as well as exploitation of a minor.",1,0,1,0,1,1
eng_train_track_a_02210,we got stuck on pandemonium lol it was so funny.I hurt my foot somehow lol figures now that I have no insuarance and I'm waiting to hear back from mass health.,1,0,1,1,1,0
eng_train_track_a_02211,It was super cool and the girl who I offered it to was super sweet (and actually sent me some tea and a lipstick in return).,0,0,0,1,0,1
eng_train_track_a_02212,It was a tempting trap and my greed forced me to fall for it and I burnt my hands there.,1,0,1,0,0,0
eng_train_track_a_02213,My mother gets bothered just telling the story.,0,0,0,0,1,0
eng_train_track_a_02214,"Pretty eerie, but awesome",0,0,1,1,0,1
eng_train_track_a_02215,"I like how sometimes, my skin makes is so easy for me to be invisible.",0,0,0,1,0,0
eng_train_track_a_02216,But it's okay because I was confident.,0,0,0,1,0,0
eng_train_track_a_02217,It was still very dark and very much night time.,0,0,1,0,0,0
eng_train_track_a_02218,"Why people remember what they remember, why they forget what they forget For now just introduce her to familiar situations Gently. Shankar said in a hard, warning tone, before adding in sympathy, And hope for the best. Logan sighed, rubbing his temples in sudden exhaustion, despite the fact it was only just now creeping up on midnight.",0,0,1,0,1,0
eng_train_track_a_02219,I can go pee here but that's all and then no water to wash my hands.,0,0,1,0,0,0
eng_train_track_a_02220,"One day, one of the Nazi soldiers went missing.",0,0,1,0,1,1
eng_train_track_a_02221,He told her not to disturb him.,1,0,0,0,0,0
eng_train_track_a_02222,My jaw dropped and apparently the look of horror on my face was priceless.,0,0,1,0,0,1
eng_train_track_a_02223,It reminds me of the pain I always felt with the pain in my back.,0,0,1,0,1,0
eng_train_track_a_02224,`` I felt my eyelids swelling shut and the crack in my collarbone started to throb.,0,0,1,0,1,0
eng_train_track_a_02225,I slid my hand into my pocket and took out my knife.,0,0,1,0,0,0
eng_train_track_a_02226,I see the cycles.,0,0,0,0,0,1
eng_train_track_a_02227,"I don't know what it is about my mouth, but it holds onto colour for AGES.",0,0,0,1,0,0
eng_train_track_a_02228,"A bit of a mental image, here.",0,0,0,0,0,1
eng_train_track_a_02229,A friend of mine is a policeman.,0,0,0,1,0,0
eng_train_track_a_02230,My stomach must be returning to normal size after months of unnecessary stretching.,0,0,0,0,0,0
eng_train_track_a_02231,*(warning: may contain baseball)*,0,0,0,0,0,1
eng_train_track_a_02232,"Wow, did my head start to hurt!",0,0,1,0,0,0
eng_train_track_a_02233,Nothing but fine grey and tan sand as far as my eyes could see.,0,0,0,0,1,0
eng_train_track_a_02234,"Me nude on facebook, already two comments.",0,0,1,0,0,1
eng_train_track_a_02235,"He was about 5% blockage away from the widow maker, and also suffered a minor stroke.",0,0,1,0,1,1
eng_train_track_a_02236,I somehow managed to snap back on a shot and cut my finger pretty bad.,0,0,1,0,1,0
eng_train_track_a_02237,"(Oddly, enough, his school is just 30 minutes away from mine.",0,0,0,0,0,1
eng_train_track_a_02238,"Rolling fire and earth fill my vision, the hairs on my arm stand up and then burn, my skin blisters, and still I watch as doom comes my way, the end of all, and suddenly calm.",0,0,1,0,1,1
eng_train_track_a_02239,"The two weeks in that box, though I was bored out of my skull, were easy as far as my magic was concerned.",0,0,0,0,1,0
eng_train_track_a_02240,"It was his (very crappy, white trash) dream car.",1,0,0,0,0,0
eng_train_track_a_02241,We grew pretty close.,0,0,0,1,0,0
eng_train_track_a_02242,put a smile to my face haha.,0,0,0,1,0,0
eng_train_track_a_02243,Then again my eyes start to burn just like the other day and the days before.,0,0,1,0,1,0
eng_train_track_a_02244,"I was mad and when I put my hands together, fire appeared and I threw it.",1,0,0,0,0,0
eng_train_track_a_02245,"I thought I was clear until I felt a hand grab my shoulder, I turned in shock to see an off duty Roman who had been passing, I knew he was a Roman from the ring which every Roman wore, his citizen's ring as they called it.",0,0,1,0,0,1
eng_train_track_a_02246,My heart leaped and I held out my palm.,0,0,0,1,0,1
eng_train_track_a_02247,"The next day I turned it back on and all was fine, and when I checked the sample music and my own, there was nothing that sounded even remotely similar.",0,0,0,1,0,1
eng_train_track_a_02248,Listen as she tells you she doesn't want to date you.,1,0,1,0,1,1
eng_train_track_a_02249,"He had a pilot's license, he had all the gear, everything.",0,0,0,1,0,1
eng_train_track_a_02250,And that's why I never yell.,1,0,0,0,0,0
eng_train_track_a_02251,"You see, I was still on my journey to healing a bit of a `` broken heart '' so practically my heart was not in a bad shape then.",0,0,0,0,1,0
eng_train_track_a_02252,"A flaming ball of FIRE shoots up my leg to my hip, back down and out my toes, and I involuntarily KICK HER!",1,0,1,0,0,1
eng_train_track_a_02253,"just the thought of having to get up and speak in front of 30 people makes my heart want to pound out of my chest, but i have to get over my shyness.",0,0,1,0,0,0
eng_train_track_a_02254,"I got a thousand dollars from my grandfather that he invested in me when I was born to get my feet on the ground and already, in one day, it is almost gone.",0,0,0,0,1,0
eng_train_track_a_02255,I could have wept with relief and gratitude.,0,0,0,1,0,0
eng_train_track_a_02256,And it was awful.,0,0,1,0,1,0
eng_train_track_a_02257,When we get out the shape is gone.,0,0,1,0,0,1
eng_train_track_a_02258,"I went so crazy, that I trashed my wrists and bled to the point of fainting.",1,0,1,0,1,0
eng_train_track_a_02259,"This week, I've found myself on my knees, crying for no reason.",0,0,0,0,1,0
eng_train_track_a_02260,My heart pounded as I held my breath when he pulled me into his arms and-- slammed his mouth into mine.,0,0,1,0,0,1
eng_train_track_a_02261,i run the rough side of my hand down my stomach the way that you did.,0,0,0,1,0,0
eng_train_track_a_02262,In keeping it simple and short.,0,0,0,0,0,0
eng_train_track_a_02263,"Most mornings, I was hardly able to move my neck at all until after I'd spent a good 15 minutes letting really hot water pound down on it in the shower.",0,0,1,0,0,0
eng_train_track_a_02264,"I had to listen closely, to close my eyes, to feel it filling my head.",0,0,1,0,0,0
eng_train_track_a_02265,We were too in shock to scream.,0,0,1,0,0,1
eng_train_track_a_02266,my bedroom was next to the kitchen.,0,0,0,0,0,0
eng_train_track_a_02267,"Black permanent marker covered the face of the music player, Words and phrases like '' '' were sloppily written in my hand writing.",0,0,0,0,0,0
eng_train_track_a_02268,my leg is painful...... this time i got bought a lot of new cloths... my bro also... shoe is like normal one.,0,0,1,0,1,0
eng_train_track_a_02269,"Tears started to stroll down my cheeks, as I threw my face into my hands.",0,0,1,0,1,0
eng_train_track_a_02270,"the few movies that i have watched since then, i cried my eyes out.",0,0,0,0,1,0
eng_train_track_a_02271,"throwing my legs out 45 degrees, i smiled and said `` wheeeeee ''.",0,0,0,1,0,0
eng_train_track_a_02272,Three kids died that day.,0,0,1,0,1,0
eng_train_track_a_02273,"So I sit across from this guy and this girl, I say hi to the girl and I turn to the guy and we just stare at each other for at least 30 seconds to a minute.",0,0,1,0,0,1
eng_train_track_a_02274,I changed and manage to get out of my iced over neighborhood to get there... I stand in the back putting food on trays and cursing under my breath every time I move my foot.,1,0,1,0,0,0
eng_train_track_a_02275,They've just closed.,1,0,0,0,1,1
eng_train_track_a_02276,"Well, there was plenty of room... Anyhoo, so there was only one pillow and I moved my head but misjudged and ended up on his shoulder instead.",0,0,0,0,0,1
eng_train_track_a_02277,"a scar started to appear on my left palm, low, opposite my thumb.",0,0,1,0,0,0
eng_train_track_a_02278,but bigger and about six foot of the floor.,0,0,1,0,0,1
eng_train_track_a_02279,i think my calf super muscular le.,0,0,0,1,0,0
eng_train_track_a_02280,There's nothing but dead air.,0,0,1,0,1,0
eng_train_track_a_02281,**The Rational Part of My Brain:** I will not click this.,0,0,1,0,0,0
eng_train_track_a_02282,She is awesome and totally not Bride-zilla-y at all.,0,0,0,1,0,1
eng_train_track_a_02283,"I put something on it for flavor, and put the whole thing in my mouth.",0,0,0,1,0,0
eng_train_track_a_02284,The one attribute that stuck out most?,0,0,0,0,0,1
eng_train_track_a_02285,a bee got into my pants and crawled all the way up my leg.,0,0,1,0,0,1
eng_train_track_a_02286,"Only reason I looked is because some user said ""dreads are cool"".",0,0,0,1,0,1
eng_train_track_a_02287,"I imagine myself now, lying on the bed with that skipping rope tied around my neck.",0,0,1,0,1,0
eng_train_track_a_02288,"I don't know how, but as soon as we started, I got 3 numbers in a row completely correct.",0,0,0,1,0,1
eng_train_track_a_02289,The monstrosity is gone.,0,0,0,1,0,0
eng_train_track_a_02290,I have never been so scared.,0,0,1,0,0,0
eng_train_track_a_02291,"Back in the 70s, my mom found a bag in my room.",0,0,1,0,0,1
eng_train_track_a_02292,"i have major headache, just want to sleep all day, and the worst part when i look in the mirror my lips is swollen to like two times the size.",0,0,1,0,1,0
eng_train_track_a_02293,I went straight home and had a shower.,0,0,0,0,0,0
eng_train_track_a_02294,I had to wear sunglasses to keep the snow out of my eyes-fortunately the brown lenses were ok for the low light.,0,0,0,1,0,0
eng_train_track_a_02295,"But man my stomach is in so much pain, it's hurts to poo.",0,0,1,0,1,0
eng_train_track_a_02296,Again I was conflicted in my mind because a few days ago he had held my hand and looked at my thumb and I felt nothing---not even one stray tingle.,0,0,0,0,1,0
eng_train_track_a_02297,"""Yeah, but did you just find that?",0,0,1,0,0,1
eng_train_track_a_02298,Was he the rapist?,0,0,1,0,1,1
eng_train_track_a_02299,I turned my head to oncoming headlights.,0,0,1,0,0,0
eng_train_track_a_02300,"My eye liner was smudged, my cheeks redder than normal.",0,0,0,0,0,0
eng_train_track_a_02301,That is one thing I love about my company.,0,0,0,1,0,0
eng_train_track_a_02302,"( I breathed in and got cake stuck up my nose, plus I couldn't see with the frosting smudging my glasses.",0,0,0,0,0,1
eng_train_track_a_02303,"A old, gray lady.",0,0,0,0,1,0
eng_train_track_a_02304,"Needless to say, it was very hard not to cry due to disappointment.",0,0,0,0,1,0
eng_train_track_a_02305,My head pounded and my lips were chalky; that was a good sign.,0,0,1,0,0,0
eng_train_track_a_02306,"Her hair was greasy, stringy, and falling out.",0,0,1,0,1,0
eng_train_track_a_02307,( Very rare ) It was so cold that I can't even place my feet on the floor... Weather In the morning when it was raining... The sky was so dark... This photo was exclusively taken by my new W910i which is 2days old.,0,0,1,0,1,0
eng_train_track_a_02308,Like there was an invisible wall.,0,0,1,0,0,1
eng_train_track_a_02309,"I never felt very ""spiritual"".",0,0,0,0,1,0
eng_train_track_a_02310,The storm gets worse.,0,0,1,0,0,0
eng_train_track_a_02311,"It was SUPER foggy, I swear I started to feel droplets on my shoulders from the fog as I was waiting to cross the street.",0,0,0,0,0,0
eng_train_track_a_02312,One jumped on my leg and bit me.,1,0,1,0,0,1
eng_train_track_a_02313,This guy is drunk.,0,0,1,0,0,0
eng_train_track_a_02314,But I held off a group of runners that were breathing down my neck for the rest of the race and finished third overall.,0,0,0,1,0,0
eng_train_track_a_02315,This drew a lot of startled stares and gasps as I calmly threw the shirt down on the floor at my feet and reached into the overnight bag and pulled out a small pair of tweezers.,0,0,0,0,0,1
eng_train_track_a_02316,"My head whipped around, and there it was.",0,0,1,0,0,1
eng_train_track_a_02317,"You know, in case he fucking died.",1,0,1,0,0,1
eng_train_track_a_02318,So the police looked for footprints first.,0,0,1,0,0,0
eng_train_track_a_02319,crying my heart out loud because the guy i was pinning for had fallen for another girl.,0,0,0,0,1,0
eng_train_track_a_02320,Everyone watched me dance on the stage But for some reason they couldn't see past the scars From my arms to my stomach to my legs I didn't realize that everyone knew what I was doing.,0,0,1,0,1,0
eng_train_track_a_02321,I did this before brushing my teeth for bed.,0,0,0,0,0,0
eng_train_track_a_02322,"Next thing they know, the light is gone.",0,0,1,0,1,1
eng_train_track_a_02323,"Wow, I'm really glad someone put this thread up.",0,0,0,1,0,1
eng_train_track_a_02324,"I messed up my shoulder pretty well, and damn near broke several fingers.",1,0,1,0,1,0
eng_train_track_a_02325,"During the difficult times, I've often had a mental image in my head.",0,0,1,0,1,0
eng_train_track_a_02326,I just had my super shiok shower at my awesome home and then i use my towel to wipe my face.,0,0,0,1,0,0
eng_train_track_a_02327,"' To be honest I don't know why I set out into the dark, yesterday's letter clutched in my palm.",0,0,1,0,0,0
eng_train_track_a_02328,I again told myself to wake up.,0,0,1,0,1,0
eng_train_track_a_02329,Not necessarily god-like.,0,0,0,0,0,1
eng_train_track_a_02330,Clearly we made a good crime-fighting team.,0,0,0,1,0,0
eng_train_track_a_02331,But he intrigued me.,0,0,0,1,0,1
eng_train_track_a_02332,"`` Jinki, you were the one fiddling with my hand back at the broadcast.",0,0,0,0,0,0
eng_train_track_a_02333,"His teeth were very, very white.",0,0,0,0,0,1
eng_train_track_a_02334,"Anyhow, there was this other kid there.",0,0,0,0,0,1
eng_train_track_a_02335,Both only suffered minor injury and both were quite intoxicated.,0,0,1,0,1,0
eng_train_track_a_02336,"I put on way more neosporin than I could possibly need, and then about five bandaids layered over it, because it's at the outside of the first joint of my thumb.",0,0,1,0,0,0
eng_train_track_a_02337,i do nt know man this shits rattling my brain.,0,0,1,0,0,0
eng_train_track_a_02338,My index fingernail is positively burnt off on the top and my finger is singeing from pain and it's all because I wanted to use a candle to light another candle why oh why am I so brainless?,1,0,1,0,1,0
eng_train_track_a_02339,I never saw the other kid for the rest of the time there.,0,0,0,0,1,0
eng_train_track_a_02340,I instantly felt as light as a feather,0,0,0,1,0,0
eng_train_track_a_02341,As I'm sitting in my car calling my mom my heart started pounding.,0,0,1,0,0,0
eng_train_track_a_02342,"my throat is tight, my nose is numb.",0,0,1,0,1,0
eng_train_track_a_02343,Just fresh powder underneath a pine grove.,0,0,0,1,0,0
eng_train_track_a_02344,If anything it has inspired my creativity.,0,0,0,1,0,0
eng_train_track_a_02345,Poor little guy was completely *covered* in fleas.,0,0,1,0,1,0
eng_train_track_a_02346,"I ( so far today ) have dislocated my shoulder, burned myself on hot oil, had a migraine, had a sinus headache, dislocated my wrist, and fell down ten stairs made of wood.",0,0,1,0,1,0
eng_train_track_a_02347,My friends and I were at the beach a few weeks ago.,0,0,0,1,0,0
eng_train_track_a_02348,"not insanely creepy, but kinda gave me a weird feeling.",0,0,1,0,0,1
eng_train_track_a_02349,"A long while ago, I slept over at one of my guy friends' house.",0,0,0,1,0,0
eng_train_track_a_02350,Needless to say I never called him back.,1,0,0,0,0,0
eng_train_track_a_02351,"HAPPY BIRTHDAY THOUGH, YOU BEAUTIFUL MOFO!!",0,0,0,1,0,0
eng_train_track_a_02352,They ended up suspending girls as well.,1,0,0,0,0,0
eng_train_track_a_02353,"My arms started to ache, but I had to do another 200 and I thought, no I came all this way for nothing so I continued!",0,0,1,1,0,0
eng_train_track_a_02354,"As they walked up to the cross walk, they were horsing around.",0,0,0,1,0,0
eng_train_track_a_02355,"One morning though, he slept in.",0,0,0,0,0,1
eng_train_track_a_02356,"dogs spirit into the afterlife, very strange.",0,0,1,0,0,1
eng_train_track_a_02357,It's the closest thing I've experienced that I can say was nearly unexplainable.,0,0,1,0,0,1
eng_train_track_a_02358,My nose was still clogged and breathing out of just one nostril has become a work of art for me but I decided I was up for a loop through the neighborhood.,0,0,1,0,1,0
eng_train_track_a_02359,:P Look at my face it's super chubby.,0,0,0,1,0,0
eng_train_track_a_02360,"We got the ranch, loaded our guns and sat up till sunrise.",0,0,1,1,0,0
eng_train_track_a_02361,"A couple of years ago, I decided to go with my then girlfriend to my cities biggest music store.",0,0,0,1,0,0
eng_train_track_a_02362,"I bit down on my lower lip, trying as hard as I can to force back another lump in my throat.",0,0,0,0,1,0
eng_train_track_a_02363,The reason is because you don't have control of your lungs yet (your body is on sleep-mode autopilot) so this paralysis is incorporated into the hallucination.,0,0,1,0,0,1
eng_train_track_a_02364,I told him three things:,0,0,0,0,0,0
eng_train_track_a_02365,"However, I always felt guilty regarding the abortion.",0,0,1,0,1,0
eng_train_track_a_02366,The grass is a beautiful green.,0,0,0,1,0,0
eng_train_track_a_02367,For a few months i have always been thinking about getting my tongue pierced.,0,0,1,1,0,0
eng_train_track_a_02368,The first hour I couldn't even move.,0,0,1,0,1,0
eng_train_track_a_02369,I have seen the sr71 at smithsonian this thing was bigger.,0,0,0,1,0,1
eng_train_track_a_02370,This other guy seemed obsessed with this floor and talked about going up there and finding this ghost.,0,0,1,0,0,1
eng_train_track_a_02371,"I stand there for quite awhile just holding the thing with my back turned to the parents, with absolutly nothing in front of me.",0,0,1,0,0,0
eng_train_track_a_02372,I had to blow my nose between bites to really catch the flavor.,0,0,0,0,0,0
eng_train_track_a_02373,"The Air Canada lady patted my hand and called me `` dear '', too.",0,0,0,1,0,0
eng_train_track_a_02374,"I had something similar, less extreme happen to me once.",0,0,1,0,0,1
eng_train_track_a_02375,"That was it, nothing more.So at first as I lay in bed I had quite a deadpan look on my face.",0,0,0,0,1,0
eng_train_track_a_02376,I couldnt see his shoes.,0,0,1,0,0,1
eng_train_track_a_02377,Any potential bride is warned:  The groomsmen gifts will be swords.,0,0,1,0,0,1
eng_train_track_a_02378,"Anyway, there was this one girl (about 8 or 9 years old) who would always sit quietly and smile.",0,0,0,1,0,0
eng_train_track_a_02379,& # x 26; nbsp; I gave them a quick glance and nodded my head and for the first time I felt like I had some sort of common bond with someone in this town.,0,0,0,1,0,0
eng_train_track_a_02380,Another bumped into my head and * buzzed * there for a moment-ACK!,0,0,1,0,0,1
eng_train_track_a_02381,I shoved him once pretty hard and put my fists up for a brawl.,1,0,1,0,0,0
eng_train_track_a_02382,He knows what's happening and passes over a gel containing more than my average monthly dosage of caffeine and I pour the entire syrupy mixture down my throat.,0,0,1,0,0,0
eng_train_track_a_02383,... but my head still throbs because eventually I had to get up.,0,0,1,0,1,0
eng_train_track_a_02384,My back ached and i was glad to sit down at every oppourtunity.,0,0,0,1,1,0
eng_train_track_a_02385,We weren't allowed to cover her.,1,0,1,0,1,0
eng_train_track_a_02386,"(btw she wasnt puffy, swelling, having a hard time breathing).",0,0,1,0,0,0
eng_train_track_a_02387,When the dust settled I looked over at my wife and saw she was alive and I knew I was alive so I immediately had happiness in my heart.,0,0,0,1,0,0
eng_train_track_a_02388,"Its most famous picture is Picasso's Guernica, inspired by the civil war Spain was enduring.It has a selection of amazing Surrealist works by Dali and a number by Joan Miro, some of which were laughably simplistic to my eyes and a selection of art from the 1940s to present in its permanent collection.For its temporary exhibitions it had one on digital art and new media.My favourite works were the series of ` mirrors ' by Daniel Rozin from Israel.",0,0,0,1,0,0
eng_train_track_a_02389,I noticed his eyes looked weird...scary.,0,0,1,0,0,1
eng_train_track_a_02390,Needless to say she was extremely unhappy.,0,0,0,0,1,0
eng_train_track_a_02391,I closed my eyes and pretended.,0,0,0,0,0,0
eng_train_track_a_02392,"We didn't know what to do: the harder we pulled, the harder the trap stuck to my fingers.",0,0,1,0,0,0
eng_train_track_a_02393,"The dream ended with me riding my friendly pterodactyl through the skies, my hands stretched out to touch the clouds, laughing at the wind-and catching a whiff of my own foul breath blown back into my face.",0,0,0,1,0,1
eng_train_track_a_02394,The heroine stood beside me and reached for my hand.,0,0,0,0,0,0
eng_train_track_a_02395,Others said with confidence that it was a drug deal gone bad.,0,0,1,0,1,1
eng_train_track_a_02396,"They jumped from the couch and aimed for all of the areas with sensitive skin-the underside of my arm, along my belt line, the insides of my thighs.",0,0,1,0,0,0
eng_train_track_a_02397,looked at me like i had flesh eating bacteria or a still-birthed twin growing from the left side of my head.,0,0,1,0,1,1
eng_train_track_a_02398,I got some ace presents including skins boxset and the prettiest dress from andy and gemma got me a brilliant veggie recipe book that I've had my head stuck in ever since.2.,0,0,0,1,0,0
eng_train_track_a_02399,He never took out the garbage.,1,0,0,0,1,0
eng_train_track_a_02400,( you know who you ladies are ) Tracy brought out the very first picture of an Angel and it brought tears to my eyes.,0,0,0,0,1,0
eng_train_track_a_02401,`` My eyes widened.,0,0,1,0,0,1
eng_train_track_a_02402,My little brother was home sick and sleeping in his bedroom.,0,0,0,0,1,0
eng_train_track_a_02403,There were many police there and interviewing the mom.,0,0,1,0,1,0
eng_train_track_a_02404,West Hollywood is a creepy fucking place to live.,1,0,1,0,0,1
eng_train_track_a_02405,"Too many calories, my brain just couldn't deal.",0,0,1,0,1,0
eng_train_track_a_02406,Her mother is bouncing up and down with excitement.,0,0,0,1,0,0
eng_train_track_a_02407,"After a month at tables and T.V. trays, I was back on the ground, eating with my legs crossed, and had no complaints about it.",0,0,0,1,0,0
eng_train_track_a_02408,"Now, I didn't feel like spending money.",0,0,1,0,1,0
eng_train_track_a_02409,Had to sit with her in the car as she was howling in pain and bleeding on me.,0,0,1,0,1,0
eng_train_track_a_02410,"I froze for a few seconds, then slowly extended my fingers around both sides of its tiny body.",0,0,1,0,0,0
eng_train_track_a_02411,This is probably more paranormal than matrix-y but still weird coincidence.,0,0,1,0,0,1
eng_train_track_a_02412,"Well, Sebastian was getting off the highway to complete this years journey.",0,0,0,0,0,1
eng_train_track_a_02413,She left in a huge hurry leaving me with the overflowing toilet after her giant dump.,1,0,1,0,0,1
eng_train_track_a_02414,(He probably passed at least 15 people).,0,0,0,0,0,1
eng_train_track_a_02415,"I sweated my balls off, tore up my muscles and got new bruises ( right after the old ones healed ), but the building is lovely and cool and I have an amazing view of the ocean from the upper floors.",0,0,1,1,0,0
eng_train_track_a_02416,"So, my father owns a insurance agency.",0,0,0,0,0,0
eng_train_track_a_02417,"I take a right turn, and without the danger of exaggeration and with all the truth I hold in my heart, sitting in front of me was the hospital.",0,0,1,0,0,0
eng_train_track_a_02418,"I cried my eyes out in fifth period, much to Carnell and Natasha's displeasure.",0,0,0,0,1,0
eng_train_track_a_02419,At this point my legs were starting to ache and I was hoping for something to lift my spirits and there were Mom and Andy cheering me on around mile 8.5.,0,0,1,1,1,0
eng_train_track_a_02420,What is even more interesting is that I know exactly how I got this definition.,0,0,0,1,0,1
eng_train_track_a_02421,then I shook my head.,0,0,0,0,0,0
eng_train_track_a_02422,Guess it's more sad than creepy.,0,0,0,0,1,0
eng_train_track_a_02423,it breaks my heart though that someone could be that selfish to make their dog live in so much pain and suffering.,1,0,1,0,1,0
eng_train_track_a_02424,""" Those little blonde kids!",0,0,0,0,0,1
eng_train_track_a_02425,When I was just under 2 years old we started renting a crappy tiny little house out in the boonies.,0,0,0,0,1,0
eng_train_track_a_02426,"It's Friday night, I am home in my jammies, watching something stupid on TV with my legs all covered up like a good girl.",0,0,0,1,0,0
eng_train_track_a_02427,"So I fixed my eyes on the sandaled feet that walked before me until we arrived at the next town, never looking back.",0,0,0,0,0,0
eng_train_track_a_02428,"My heart clenched as I heard it, he was clearly worried for the girl.",0,0,1,0,1,0
eng_train_track_a_02429,"But my foot doesn't walk half a mile without pain, I've got a streaming cold that's refused to go away for a week, and as well as being entirely idle, I've got an aversion to crowds, actually an aversion to more than three people on the street at the same time.",0,0,1,0,1,0
eng_train_track_a_02430,I didn't even eat a tiny pizza.,0,0,0,0,1,0
eng_train_track_a_02431,"Another fun fact was that the dance floor was all sand, which got between my toes, and there were about 5 million flies buzzing around.",0,0,1,0,1,0
eng_train_track_a_02432,Nobody disagreed with red carding the coach.,0,0,0,0,0,0
eng_train_track_a_02433,Not too bad but never really clicked.,0,0,0,1,1,0
eng_train_track_a_02434,I couldn't get loose and ended up pulling so hard that i pulled my tooth completely out.,0,0,1,0,1,0
eng_train_track_a_02435,The whole house and the people and the flame seemed to vanish and leave me in an endless darkness as soon as my eyes were closed.,0,0,1,0,1,0
eng_train_track_a_02436,But it's a very strange feeling.,0,0,1,0,0,1
eng_train_track_a_02437,"When Mike walked in the door, my heart skipped a beat and I had the biggest smile on my face.",0,0,0,1,0,0
eng_train_track_a_02438,"One is explainable, the other still stumps me.",0,0,1,0,0,1
eng_train_track_a_02439,"Maybe it was fatigue, maybe I was just being dramatic but I raised my hand and touched the tender flesh of my cheek.",0,0,1,0,1,0
eng_train_track_a_02440,It felt as if this powerful force just knocked the wind out of me.,0,0,1,0,1,1
eng_train_track_a_02441,"I lurched to my feet and began walking across the street with a painful measured stride, not daring to look behind me.",0,0,1,0,0,0
eng_train_track_a_02442,She looked bisexual dammit!,1,0,0,0,0,1
eng_train_track_a_02443,"That evening, they put me down to sleep in the cot, and went about their evening routine.",0,0,0,0,0,0
eng_train_track_a_02444,"""Gravestone says 'Died 20 February, 1957""",0,0,0,0,1,1
eng_train_track_a_02445,And I got sooo tired so quick but I couldn't lay down because my head was spinning.,0,0,1,0,1,0
eng_train_track_a_02446,"Around 5am, still dark.",0,0,1,0,0,0
eng_train_track_a_02447,"Below my feet the tinny depths of aqua-blue whispered hints of bottomlessness: come back come back I felt almost drunk staggering back across the ungiving concrete to rejoin my children on the other, shallower side of the swimming pool.",0,0,1,0,0,0
eng_train_track_a_02448,"my grandma, my mom, my grandaunt, my aunt, my sister I CRIED and WEPT in my sleep... I just shook and sobbed and sniffled... then I woke up and my eyes were wet.",0,0,1,0,1,0
eng_train_track_a_02449,"Sometimes my eyes feel so transparent, so rubbing them helps my eye lids feel real.",0,0,1,0,0,0
eng_train_track_a_02450,Things are relatively quiet.,0,0,0,1,0,0
eng_train_track_a_02451,"My nose was mashed against my face, I was in complete darkness, and the only way to breathe was the oxygen coming in through that tiny eyelet at my mouth.",0,0,1,0,1,0
eng_train_track_a_02452,"Well she's not gon na last the whole song like that, so since I'm behind her and the audience can't see below my torso pretty much, I use my hand to push down on the lid and support her weight.",0,0,0,1,0,0
eng_train_track_a_02453,#NAME?,0,0,1,0,0,0
eng_train_track_a_02454,So I literally slept with Michel Thomas ' heavily Polish-German accented French ringing in my ears.4.,0,0,0,0,0,0
eng_train_track_a_02455,My feet still get rubbed at the end of the day and when we go out to eat its still my choice.,0,0,0,1,0,0
eng_train_track_a_02456,"I remember that the phrase ""blood turning to ice"" makes sense now.",0,0,1,0,0,1
eng_train_track_a_02457,I barely slept that night and didn't tell anyone about it till now.,0,0,1,0,1,0
eng_train_track_a_02458,"As soon as I started climbing, my hands felt toasty warm.",0,0,0,1,0,0
eng_train_track_a_02459,"It captures and exemplifies everything a year on the cushion entailed: Showing up, working hard, exerting effort, maintaining sincere intent, paying close attention, shutting my mouth, opening my eyes, sweating, getting dirty, bleeding, waiting, tipping over, falling down, getting up, staying the course.",0,0,0,1,0,0
eng_train_track_a_02460,"I was petrified, he looked really calm.",0,0,1,0,0,1
eng_train_track_a_02461,What a relief it was and my heart was beating so fast.,0,0,1,1,0,0
eng_train_track_a_02462,"pound hand weights, start with my elbows on the ground then all the way up and on the way down do the same down 2 up 1, breaking the trip down into 7 sections.",0,0,0,1,0,0
eng_train_track_a_02463,Unfortunately my mum decided to clear out his old room and she found them.,0,0,1,0,1,1
eng_train_track_a_02464,He was discharged from the army as well.,0,0,0,0,1,0
eng_train_track_a_02465,No time to explain and no one understood it was a misunderstanding.,1,0,1,0,1,0
eng_train_track_a_02466,"Everything is incredibly far away, and Earth is so very small.",0,0,1,0,1,1
eng_train_track_a_02467,That did a number on my stomach.,0,0,1,0,0,0
eng_train_track_a_02468,It looked so unreal.,0,0,1,0,0,1
eng_train_track_a_02469,"i crouched and put my arm on my knee, acting like a pro, like i was amazing.",0,0,0,1,0,0
eng_train_track_a_02470,"My grandmother fell very ill this past summer, and ended up suffering from encephalitis, which, in layman's terms, ate her brain away until she died.",0,0,1,0,1,0
eng_train_track_a_02471,"It can't be a plane as the lights never move, they just, appear.",0,0,1,0,0,1
eng_train_track_a_02472,"The ""dead guy"" was never found as far as I know.",0,0,1,0,1,1
eng_train_track_a_02473,"So I did some chores but mostly took it easy; my eye no longer ached, anyway.",0,0,0,1,0,0
eng_train_track_a_02474,"We were both interested in astronomy, so we'd often just sit on a bench, and literally stare into space.",0,0,0,1,0,0
eng_train_track_a_02475,"""Perhaps I'll alter the whole thing.",0,0,0,1,0,1
eng_train_track_a_02476,"They had me in a pile, and my head was down.",0,0,1,0,1,0
eng_train_track_a_02477,One time a girl grabbed my hand and dragged me out onto the floor.,0,0,0,0,0,0
eng_train_track_a_02478,seriously... my head is just not in the game.,0,0,1,0,1,0
eng_train_track_a_02479,My palms are sweating.,0,0,1,0,0,0
eng_train_track_a_02480,"Okay that sucks, right?",1,0,0,0,1,0
eng_train_track_a_02481,It was quite old.,0,0,0,0,0,1
eng_train_track_a_02482,That may be unverifiable.,0,0,1,0,0,0
eng_train_track_a_02483,"Well, I started to realize that it wasn't going to work out in the long run (surprise, surprise) and so I broke it off with her as gently as possible.",1,0,1,1,1,1
eng_train_track_a_02484,: ) And here's the rest of the pics: What my face looked like after the duct tape situation.,0,0,0,1,0,0
eng_train_track_a_02485,This hasnt changed since I was very young.,0,0,0,0,1,1
eng_train_track_a_02486,kinda got stuck in my mouth!,0,0,1,0,0,1
eng_train_track_a_02487,I heard footsteps going down to the basement.,0,0,1,0,0,1
eng_train_track_a_02488,It grew louder and was soon joined by a field of light angling out above my head and over the chasm.,0,0,0,0,0,1
eng_train_track_a_02489,This immediately scared me because usually my nerves are a wreck before a race.,0,0,1,0,0,0
eng_train_track_a_02490,This is where the story gets CREEPY.,0,0,1,0,0,1
eng_train_track_a_02491,so we all stood up clapped and cheered!,0,0,0,1,0,1
eng_train_track_a_02492,"My grandma used to do a ""magic trick"" that to this day i can't explain.",0,0,0,1,0,1
eng_train_track_a_02493,It was last year when I turned 18th.,0,0,0,1,0,0
eng_train_track_a_02494,"There was blood coming out of my mouth, nose and ears.",0,0,1,0,1,1
eng_train_track_a_02495,At this point he decided to consult the woman at the front desk for more information.,0,0,1,0,0,0
eng_train_track_a_02496,"I also thought it was going to like, eat my brains out or something.So anyway.",0,0,1,0,0,1
eng_train_track_a_02497,"""  Nothing, we hear absolutely nothing.",0,0,1,0,0,1
eng_train_track_a_02498,He never was coming.,1,0,1,0,1,0
eng_train_track_a_02499,Life readings obviously defective.,1,0,1,0,0,0
eng_train_track_a_02500,"The kimchi tasted bland on my tongue-perhaps I added too much water, which I staunchly agreed with.",0,0,0,0,1,0
eng_train_track_a_02501,My throat was covered by something and I didn't know what was going on.,0,0,1,0,0,1
eng_train_track_a_02502,"I tried to lift my body but somehow it felt so hard $ My head hurt, my eyes were screaming to close and rest.",0,0,1,0,1,0
eng_train_track_a_02503,This girl faked a miscarriage.,1,0,1,0,1,1
eng_train_track_a_02504,Yeah that's what the yellow thing is that's around my neck.,0,0,0,0,0,0
eng_train_track_a_02505,One memorable example was the doubling space pen.,0,0,0,1,0,1
eng_train_track_a_02506,Maybe I need to take a full day of rest and not do anything exercise-related for one day to help my legs feel better.,0,0,1,0,1,0
eng_train_track_a_02507,It broke my heart.,0,0,0,0,1,0
eng_train_track_a_02508,I see that my 13 year old son's bedroom is ajar.,0,0,1,0,0,1
eng_train_track_a_02509,I quickly look behind the trees and the other 'moon' is gone.,0,0,1,0,0,1
eng_train_track_a_02510,We went to bed.,0,0,0,0,0,0
eng_train_track_a_02511,My heart feels like there is nothing left.,0,0,0,0,1,0
eng_train_track_a_02512,"my goodness, at that point i was shocked beyond words and i believe i had an epic:O expression on my face.",0,0,0,0,0,1
eng_train_track_a_02513,"I stood there at the front door with the key in my hand and every time I tried to unlock it, I started shaking so much that I couldn't get the key in the lock!",0,0,1,0,0,0
eng_train_track_a_02514,"In the late afternoon I am lying in the sun, my music plugged firmly into my ears, dancing.",0,0,0,1,0,0
eng_train_track_a_02515,I rolled over on my side trying to get more air in and trying to get my arms and legs underneath me.,0,0,1,0,0,0
eng_train_track_a_02516,At 3000 comments deep no one will read it but I genuinely believe it's the creepiest one here.,0,0,1,0,0,1
eng_train_track_a_02517,But i ordered for chicken katsu too so in the end my stomach was terribly full.,0,0,0,0,0,0
eng_train_track_a_02518,"and my papers lay blank at the end of my hand, laughing at me and leaving me torn.",0,0,1,0,1,0
eng_train_track_a_02519,He said it was rather delicious and tried to spoon feed me.,0,0,0,1,0,0
eng_train_track_a_02520,I have no explanation.,0,0,1,0,0,1
eng_train_track_a_02521,"This...desire, this problem?",0,0,1,0,1,1
eng_train_track_a_02522,Heart racing as well.,0,0,1,0,0,1
eng_train_track_a_02523,I watched out of the corner of my eye as this man began to come up on my side of the car.,0,0,1,0,0,1
eng_train_track_a_02524,"I sit and wait alone as the angel and the demon behind my eyes fight on, fighting forever to decide my fate.",0,0,1,0,1,0
eng_train_track_a_02525,"After that it went downhill with me feeling like I was going to throw up, my throat hurting like hell and my head punding.",0,0,1,0,1,0
eng_train_track_a_02526,Giant redneck dad decides to find this dude first.,1,0,1,0,0,1
eng_train_track_a_02527,You get the picture.,0,0,0,0,0,0
eng_train_track_a_02528,"It seems to me lately A cloud, cruel, innately Has taken up residence in my head.",0,0,1,0,1,0
eng_train_track_a_02529,"I was angry at how she made me feel, I was angry that my eyes were all puffy and bloodshot when I woke up, I was angry that I had a cold shower.",1,0,0,0,0,0
eng_train_track_a_02530,"To this day, my father is still blessing the fact that we never woke up during the night with all the noise.",0,0,0,1,0,0
eng_train_track_a_02531,"His grandparents used to live and farm there until they retired, but the land stayed in the family.",0,0,0,1,0,0
eng_train_track_a_02532,The Highway patrol man did not know what her trip was.,0,0,1,0,0,1
eng_train_track_a_02533,I remember saying 'Dad?'.,0,0,1,0,1,1
eng_train_track_a_02534,This is how we found out why all freshman year we were both greeted by people we didn't know calling us the wrong name.,0,0,0,0,0,1
eng_train_track_a_02535,Never saw him again.,0,0,0,0,1,0
eng_train_track_a_02536,Everyone is distinctly average their first time.,0,0,0,1,0,0
eng_train_track_a_02537,"I sat up in bed, looked around the room and saw nothing.",0,0,1,0,0,1
eng_train_track_a_02538,"As we were winding our way up the steep hill leading to the cemetery, out of the corner of my eye, I caught a glimpse of a bird coming right at my car, a bird with a HUGE wing-span.",0,0,1,0,0,1
eng_train_track_a_02539,"I'm thinking of leaving earlier, maybe this week, maybe next week... My heads a mess right now.",0,0,1,0,1,0
eng_train_track_a_02540,"My neck still hurts while I'm working, and I was only there for an hour so it was totally unnecessary to go there at all.",1,0,1,0,0,0
eng_train_track_a_02541,"At about 4 i was running with a pole with one end in my mouth, i tripped and it went straight through the top of my mouth.",0,0,1,0,0,1
eng_train_track_a_02542,P. if you're reading this...FUCK YOU.,1,0,0,0,0,0
eng_train_track_a_02543,I was later taken to the banks of the river where my head was shaved and my body stripped off jewelry.,0,0,1,0,1,0
eng_train_track_a_02544,""" staring dead at my ex.",1,0,1,0,1,0
eng_train_track_a_02545,My hands went numb within 10 minutes.,0,0,1,0,0,0
eng_train_track_a_02546,"I was fine with even shades of impossibly bright red, platinum blonde, midnight black colors, just not colors like teal, purple, blue, green.",0,0,0,0,0,0
eng_train_track_a_02547,"They strapped some thing ( yes, that's a technical term ) around my belly that monitors the baby's heartbeat and contractions ( which I was unaware of at the time, but found out about later. )",0,0,1,0,0,0
eng_train_track_a_02548,It looks weird to say the least,0,0,1,0,0,1
eng_train_track_a_02549,"I'm now really scared cuz it's moving faster and suddenly, this shadow seems to get out of a crouch position to stand up, and begins to flail it's limbs as it's running towards me.",0,0,1,0,0,1
eng_train_track_a_02550,I ate a pizza.,0,0,0,1,0,0
eng_train_track_a_02551,"My hair has been brushing the top of my shoulders for weeks now, nasty ends, the works.",0,0,0,0,1,0
eng_train_track_a_02552,"*  In trying to include new mother in law into the wedding festivities, I invited her to pick out the flower girl dress for her granddaughter (her other son's daughter).",0,0,0,1,0,0
eng_train_track_a_02553,"Once I was young an ' hand ` some -- I was, upon my soul -- Once my cheeks was roses, my eyes was black as coal; And I can't remember, in them days, of hearin ' people say, For any kind of a reason, that I was in their way!",0,0,0,0,1,0
eng_train_track_a_02554,"You name it, I did it.",0,0,0,1,0,0
eng_train_track_a_02555,Her mom and grandma are worse to deal with than her.,1,0,1,0,0,0
eng_train_track_a_02556,See her just a bit here and there amid the crowds.,0,0,1,0,0,0
eng_train_track_a_02557,"Open the bedroom door, Brandon fast asleep on the bed.",0,0,0,1,0,0
eng_train_track_a_02558,My wife is non-religious.,0,0,0,0,0,0
eng_train_track_a_02559,The couple broke up a few months after we moved in and the tension was insane.,1,0,1,0,1,1
eng_train_track_a_02560,"Almost straight up, cannot tell how high, I saw this weird rainbow.",0,0,0,1,0,1
eng_train_track_a_02561,As my eyes adjusted I found a dark pair of goggles looking back at me.,0,0,0,0,0,1
eng_train_track_a_02562,Now I'm a mostly law abiding student and moderately successful artist.,0,0,0,1,0,0
eng_train_track_a_02563,"Kidnapping, Assault, Vandalism and Arson I guess.",1,0,1,0,0,1
eng_train_track_a_02564,"I got a full bottle of Vicodin for pain, and a soft cast on my wrist.",0,0,1,0,0,0
eng_train_track_a_02565,"So, I was ten years old at the time.",0,0,0,0,0,0
eng_train_track_a_02566,"It hurt my ears and gave me a headache, but I left it loud to protest my mom-ness.",1,0,0,0,0,0
eng_train_track_a_02567,All of the sudden I hear both of them scream bloody murder.,0,0,1,0,0,1
eng_train_track_a_02568,"Everything, and I mean everything, matched up.",0,0,0,1,0,0
eng_train_track_a_02569,He shook his head and chuckled to himself before leaning down and pressing his forehead to his best friend's.,0,0,0,1,0,0
eng_train_track_a_02570,He was naked from the waist down.,0,0,1,0,0,1
eng_train_track_a_02571,"so hard, till my eyes burned.",0,0,1,0,0,0
eng_train_track_a_02572,I was scared shitless because I knew I was going to be in huge trouble.,0,0,1,0,0,0
eng_train_track_a_02573,I clearly indicated I certainly did not.,1,0,0,0,0,0
eng_train_track_a_02574,I was kicking and cupping my hands for dear life.,0,0,1,0,0,0
eng_train_track_a_02575,"I was partly dehydrated, and partly `` festive '' and was sitting in my chair with my feet in the pool, drinking water, wanting to take a nap.",0,0,0,1,0,0
eng_train_track_a_02576,I'm finally going to be going back to work... haven't been able to work because of my knee.,0,0,1,1,1,0
eng_train_track_a_02577,My heart dropped.,0,0,1,0,0,0
eng_train_track_a_02578,I spent most of it explaining / excusing my eyes-closed style.,0,0,0,1,0,0
eng_train_track_a_02579,I did send Darren a message via facebook at 4.14 am as I had to get what was in my head out there.,0,0,1,0,0,0
eng_train_track_a_02580,I said thank you and thought nothing of it.,0,0,0,1,0,0
eng_train_track_a_02581,"However, I get sick to my stomach when I think about the fact that I have been sleeping with my brother for so long.",0,0,1,0,0,0
eng_train_track_a_02582,"my little dog:: 1 / 12 / Jane, originally uploaded by sarah...... a heartbeat at my feet.",0,0,0,1,0,0
eng_train_track_a_02583,"As usual, I was attempting to jump off as far as I could go.",0,0,1,1,0,0
eng_train_track_a_02584,"I was 7 and woke up early, so I went to the basement to watch cartoons.",0,0,0,1,0,0
eng_train_track_a_02585,"The anesthesiologist put an oxygen mask over my face, told me it wasn't the good stuff yet, then I woke up to the room flipping around.",0,0,1,0,0,1
eng_train_track_a_02586,"I'm sure the squats, situps, back extensions, and other weights strained my back a bit, but I felt fine.",0,0,0,0,0,0
eng_train_track_a_02587,"I am not a car person, and could care less if a car is clean, but every surface on this car seemed to sparkle with cleanliness.",0,0,0,1,0,1
eng_train_track_a_02588,"Yes, the Oklahoma city bombing.",1,0,1,0,1,1
eng_train_track_a_02589,"Like, practice in the morning until all my eye bags come out and my eyes become smaller.",0,0,1,0,1,0
eng_train_track_a_02590,My brain is fried at this point.,0,0,1,0,0,0
eng_train_track_a_02591,and then my cheeks get even redder.,0,0,0,0,0,0
eng_train_track_a_02592,"i basically have two perceptions of myself, one is that im too sensitive, and the other is that i do nt care enough and that im a narcissist, i debate which one is right in my head and its a daily struggle to figure it out cuz what i decide for that day decides how im gon na act the rest of the day.",1,0,1,0,1,0
eng_train_track_a_02593,I washed it out and for about 3 days my eye stayed bloodshot.,0,0,1,0,1,0
eng_train_track_a_02594,My head pounded from all the screaming.,0,0,1,0,0,0
eng_train_track_a_02595,"I finally managed to sit up on my hands and knees, and glaring up at her.",1,0,0,0,0,0
eng_train_track_a_02596,I want to face turmoil or something tragic.,0,0,1,0,1,0
eng_train_track_a_02597,"You guys were asking me, why am i so quiet and you guys are not use to me shutting my mouth.",0,0,0,0,0,0
eng_train_track_a_02598,I'd trust the terrorist with my life.,0,0,1,0,0,1
eng_train_track_a_02599,"Just going for a walk once, I saw a car turn down a road that was a dead end.",0,0,0,0,0,1
eng_train_track_a_02600,He was so very sad.,0,0,0,0,1,0
eng_train_track_a_02601,I tried to do some heavy OHS with my back saying `` no '' to that.,0,0,1,0,0,0
eng_train_track_a_02602,We stare at the monitor and see him head right to the kitchen utensils section.,0,0,0,0,0,1
eng_train_track_a_02603,"Sleepy, but too awake, my brain spiraling around sad thought after thought after thought.",0,0,1,0,1,0
eng_train_track_a_02604,The sun hung high in the deep blue sky as a slight ocean breeze ticked my face.,0,0,0,1,0,0
eng_train_track_a_02605,There's a couple dead rats and the basement had a lot of old broken furniture.,0,0,1,0,1,0
eng_train_track_a_02606,Couldn't find it.,1,0,1,0,1,0
eng_train_track_a_02607,I keep thinking about how almost a year ago exactly I found my PCP and had 2 problems-my shoulder and my back.,0,0,1,0,1,0
eng_train_track_a_02608,So I got up and tried him again.,0,0,1,0,0,0
eng_train_track_a_02609,"In one dream, I was pulling those long, white, stringy, watery stir-fry type vegetables out of my chest.",0,0,1,0,1,1
eng_train_track_a_02610,"`` Mom, I am so cold, mostly my hands are so cold.",0,0,1,0,0,0
eng_train_track_a_02611,"After repainting my face i realised that i was running about 5-10 minutes behind my schedule to be at my gig on time, but nothing that a little `` safe speeding '' couldn't get me back infront.",0,0,1,0,0,0
eng_train_track_a_02612,"so after more than six months ( Ok, a year ) of pain in my hip, I finally started to try and get a diagnosis.",0,0,1,0,1,0
eng_train_track_a_02613,That was my first big heart break.,0,0,1,0,1,0
eng_train_track_a_02614,.....[dispatcher must be talking],0,0,1,0,0,0
eng_train_track_a_02615,"Face down in an unfamiliar bed, he turned blinking in unexpected sunlight.",0,0,1,0,0,1
eng_train_track_a_02616,i had already decided that i was completely fine other than my ankle.,0,0,1,0,1,0
eng_train_track_a_02617,So was the suddenly loss of strength in my legs.,0,0,1,0,0,0
eng_train_track_a_02618,The whole time i couldn't see because my toes were blocking my view.,0,0,0,0,0,0
eng_train_track_a_02619,JJ had gotten drunk and taken the car.,1,0,1,0,0,1
eng_train_track_a_02620,"It was a dark, awful feeling.",0,0,1,0,1,0
eng_train_track_a_02621,My lungs were still taking in air as I breathed.,0,0,0,0,0,0
eng_train_track_a_02622,Not even a detention.,1,0,0,0,0,1
eng_train_track_a_02623,My brain still is not figuring it out so I am just standing there waiting for my body to cooperate with me.,0,0,1,0,0,0
eng_train_track_a_02624,I nodded my head excitedly.,0,0,0,1,0,0
eng_train_track_a_02625,"This will get lost but whatever, Nobody fucking believes me.",1,0,1,0,1,0
eng_train_track_a_02626,We pray with him.,0,0,0,1,0,0
eng_train_track_a_02627,This is the most terrifying experience of my life.,0,0,1,0,1,0
eng_train_track_a_02628,I need to get my feet wet ( or whet ) first.,0,0,0,0,0,0
eng_train_track_a_02629,Though you can guess that I already have that scene in my head.,0,0,0,0,0,0
eng_train_track_a_02630,"But the thought of sleeping alone... I'm weak, I admit it.June 26, 2008 * Dear Dani, I can't talk to you about everything that's going on with me without feeling the burden of guilt settle over my heart.",0,0,1,0,1,0
eng_train_track_a_02631,"i'm like amused by the auntie who's holding my arm all the way, and i'm thinking of all the weird pictures i took with yongqing, then i remembered my flying eyebrows, and my smile = & %!",0,0,0,1,0,0
eng_train_track_a_02632,I go to sleep unshed tears burning in my eyes.,0,0,1,0,1,0
eng_train_track_a_02633,It was pretty heavy late night TV.,0,0,0,0,0,1
eng_train_track_a_02634,But I opened my own eyes and knew my eyes were no longer there.,0,0,1,0,1,1
eng_train_track_a_02635,Actually we just used some giftcards we got for Christmas but that doesn't mean I wasn't swept off my feet.,0,0,0,1,0,0
eng_train_track_a_02636,You might actually say they're almost angelic....,0,0,0,1,0,1
eng_train_track_a_02637,"It expresses what I feel in my soul, what I hear in my head, and what I see when I shut my eyes in silence.",0,0,0,1,0,0
eng_train_track_a_02638,Seventh grade Spanish test.,0,0,1,0,0,0
eng_train_track_a_02639,Douse them in infanticide.,1,0,1,0,1,0
eng_train_track_a_02640,My fingers are crossed!,0,0,1,1,0,0
eng_train_track_a_02641,Immediately my throat tightens.,0,0,1,0,0,0
eng_train_track_a_02642,The black lady was completely offended and started screaming at us.,1,0,1,0,0,1
eng_train_track_a_02643,"Chapter Nine: Honestly, when I was alive you could not have paid me to show my face at the community center.",1,0,0,0,1,0
eng_train_track_a_02644,I've been thinking about it more and can't get my head around it.,0,0,1,0,0,0
eng_train_track_a_02645,"It was damp, dark, and dirty.",0,0,1,0,0,0
eng_train_track_a_02646,"I get a huge grin on my face and say, `` Why yes, he's been sleeping all night for two weeks now.",0,0,0,1,0,0
eng_train_track_a_02647,I also noticed that last year my back was killing me and I was popping Ibuprofen all night.,0,0,1,0,1,0
eng_train_track_a_02648,"If I am trying to get to sleep in  a very dark room I will see, hear, and feel things.",0,0,1,0,0,1
eng_train_track_a_02649,My sisters were scared.,0,0,1,0,1,0
eng_train_track_a_02650,I filed a complaint.,1,0,0,0,0,0
eng_train_track_a_02651,I couldn't believe my eyes.,0,0,0,0,0,1
eng_train_track_a_02652,I had to get on my knees and hang over the back of the seat.,0,0,1,0,0,0
eng_train_track_a_02653,My ex was a pathological liar - he lied about everything.,1,0,0,0,1,0
eng_train_track_a_02654,I was still worrying about the whole messed up situation when I felt an arm drape across my shoulders.,0,0,1,1,0,0
eng_train_track_a_02655,You should've just slit open my veins and let the romance bleed away when you had the chance.,1,0,0,0,1,0
eng_train_track_a_02656,I am groggy with 1 eye half closed.,0,0,1,0,0,0
eng_train_track_a_02657,"In between extremely difficult contractions as I was bent over to let the epiduralist do his work with a minimum of motion from me, I asked veikko to repeat `` you are not dying '' to me, because it really felt like my brain believed that despite all logic.",0,0,1,0,1,0
eng_train_track_a_02658,"Something banged against the window (2nd floor), despite there being nothing that could have done it (the tree was too far away).",0,0,1,0,0,1
eng_train_track_a_02659,"I opened it up and there was a different tape in it titled ""new year""",0,0,0,0,0,1
eng_train_track_a_02660,w.... l....... y the whole time because of my back.,0,0,1,0,1,0
eng_train_track_a_02661,"I sat there and closed my eyes as the water ( oyu for hot water, people, not mizu ) swirled around me like a mini massage.",0,0,0,1,0,0
eng_train_track_a_02662,"One day not only did they have one, but it was old, yellowed, an a little dusty.",0,0,0,0,0,1
eng_train_track_a_02663,"He stops, scribbling down my number all quick, takes my hand-OMG, it was like I stuck my hand in a socket... electric!!!",0,0,1,1,0,1
eng_train_track_a_02664,"My left molar came loose, and looking at it, there was a mushroom-like thing ( like a Mario mushroom, with a red cap ) and black mold coming from the root, as it came out of my mouth.",0,0,1,0,1,1
eng_train_track_a_02665,It's the feeling of injecting crap into my veins and feeling my soul being sucked slowly through the needle drinking from my arm like a giant mosquito that I loathe.,1,0,1,0,1,0
eng_train_track_a_02666,"months before that, i just prayed to God that i wanted to meet someone right for me, my heart felt depressed on how no one seems to fit the `` perfect girl for me ''.",0,0,0,0,1,0
eng_train_track_a_02667,"She would always scream and try to get him to swim across the river to her, but he refused.",1,0,1,0,1,0
eng_train_track_a_02668,"It did help that I didn't have to think about switching the hand my iPod was in ( yes, I carry it, no armband here ) and it was much easier to pump my arms without the headphone cords to get tangled up in.",0,0,0,1,0,0
eng_train_track_a_02669,"(Although, there are many more than this.",0,0,0,0,0,1
eng_train_track_a_02670,"I started another deep and serious post yesterday when the cold wind was blowing the heck out of the freezer-burnt landscape outside and the happy post-Christmas thoughts from my brain, but was unable to complete it due to two meetings I had to attend and a large pot of chicken soup that needed making.",0,0,1,0,0,0
eng_train_track_a_02671,Late yesterday afternoon my shoulder began to ache.,0,0,1,0,0,0
eng_train_track_a_02672,Their dad got home just a tad bit early and barged into the room because he heard the moaning.,1,0,1,0,0,1
eng_train_track_a_02673,"Yes, my belly is getting big.",0,0,0,0,1,0
eng_train_track_a_02674,I swear my heart halted for a split second before sprinting.,0,0,1,0,0,1
eng_train_track_a_02675,He is still serving time in prison for drug trafficking.,1,0,1,0,1,0
eng_train_track_a_02676,"Plus, writing it down helped to cement it in my heart.",0,0,0,1,0,0
eng_train_track_a_02677,"I also told them about the dream I had which involved a bunch of worms coming out of one of the pots next to my bed, and then a disgustingly large one ( about as big as my leg ) that tried to come out of the pot and eat me.",0,0,1,0,0,1
eng_train_track_a_02678,He begged the nurse not to leave him.,0,0,1,0,1,0
eng_train_track_a_02679,one and a million car/van ride.,0,0,0,1,0,1
eng_train_track_a_02680,I wiped the tears from my eyes and took a deep breath calming down slightly.,0,0,0,0,1,0
eng_train_track_a_02681,Who was perfectly fine.,0,0,0,0,0,0
eng_train_track_a_02682,"My brother was tapping me on my shoulder, and I was like `` What? ''",0,0,0,0,0,0
eng_train_track_a_02683,He changed our last name ever-so-slightly and was never caught.,0,0,0,0,0,1
eng_train_track_a_02684,It was decent music but felt so much like just someone hit play on a playlist with commercials and walked away.,0,0,0,0,0,0
eng_train_track_a_02685,"I was scared shitless and thought I was maybe dreaming, but that kick HURT!",0,0,1,0,0,1
eng_train_track_a_02686,And I have my toe to thank.,0,0,0,1,0,0
eng_train_track_a_02687,"My eyes drank in the wild landscapes, like I'd discovered a new land.",0,0,0,1,0,0
eng_train_track_a_02688,"""I LOVE YOU, I LOVE YOU, I LOVE YOU...""",0,0,0,1,0,0
eng_train_track_a_02689,"The latter sounds much more fun but I know I ain't got time what with going to Wales this weekend, hypnotherapy coaching the weekend after as well as a birthday and the firms chrimbo pissup then christmas... Its not easy having a good time, even smiling makes my face ache",0,0,0,0,1,0
eng_train_track_a_02690,same thing similar with my job.,0,0,0,0,0,0
eng_train_track_a_02691,I COULD NOT do it!,1,0,1,0,0,1
eng_train_track_a_02692,"Eventually it faded, leaving me scared shitless and her more curious than I liked.",0,0,1,0,0,1
eng_train_track_a_02693,"It hit ground floor with a heavy bump, my stomach bounced into my throat and back again.",0,0,1,0,0,0
eng_train_track_a_02694,I take her home.,0,0,0,0,0,0
eng_train_track_a_02695,Moral of the story?,0,0,0,0,0,1
eng_train_track_a_02696,This will get buried so it is probably for the best.,0,0,0,0,1,0
eng_train_track_a_02697,My sister was one of her bridesmaids.,0,0,0,0,0,0
eng_train_track_a_02698,"Tears in my eyes, too much on my mind, and deep sadness in my heart.",0,0,1,0,1,0
eng_train_track_a_02699,"I opened the do0r to his bedro0m and saw... Awwww... His whole ro0m was filled with red, pink and white ballo0ns...:] thats my babe tryin to walk through all of the ballo0ns... and i had to sort through all the ballo0ns and lo0k for two ballo0ns with surprises in them Then he gave me roses he made out of M & ms:], you know what i mean ( ( sorry my thumbs retarded ) )",0,0,1,1,0,1
eng_train_track_a_02700,It seemed so arbitrary.,0,0,1,0,1,1
eng_train_track_a_02701,I know this will probably get buried with all the other stories onhere but here's mine.,0,0,0,0,1,0
eng_train_track_a_02702,"Then I decided to try and get up to go to the restroom, but I couldn't move!",0,0,1,0,0,1
eng_train_track_a_02703,Another one that is far worse happened maybe a year ago.,0,0,1,0,1,0
eng_train_track_a_02704,`` The dead elf that lives in my head. '',0,0,1,1,1,1
eng_train_track_a_02705,"MY DAY Cold water pouring down my throat, drink, with the sun coming up, before despair tries to become the daily habit, cross my legs, brush aside the dream, still almost clear.",0,0,1,0,1,0
eng_train_track_a_02706,See my thumbs.,0,0,0,0,0,0
eng_train_track_a_02707,"Such a soft mouth, such sweet breath tickeling the fuzz on my skin.",0,0,0,1,0,0
eng_train_track_a_02708,mukhang champoy '' at the back of my head.,0,0,0,0,0,0
eng_train_track_a_02709,I had an answer to every question and made sure to raise my hand.,0,0,0,1,0,0
eng_train_track_a_02710,I threw it onto the ground and cut my hand with it.,1,0,1,0,0,0
eng_train_track_a_02711,"It took a while, my elbows were stiff, like no matter wich way i layed down my arms were killing me, i was sharing a bed with jamie.",0,0,1,0,1,0
eng_train_track_a_02712,"With a surge of excitement about making the trip to Meadowlands, I also had a sense of dread because I realized what kind of car they were driving.",0,0,1,1,0,0
eng_train_track_a_02713,"They had amazing sex (apparently), and passed out.",0,0,0,1,0,1
eng_train_track_a_02714,... I need to get this list of shit that's happened off my chest.,1,0,1,0,1,0
eng_train_track_a_02715,But when this isn't possible my nerves run a little thin.,0,0,1,0,0,0
eng_train_track_a_02716,Things started going through my head at this point.,0,0,1,0,0,0
eng_train_track_a_02717,"now i have a bad habit of wearing my heart on my sleave, and jumping to the possiblity of a girlfriend too quickley.",0,0,1,0,1,0
eng_train_track_a_02718,I immediately stretched my arm to grab my phone.,0,0,0,0,0,0
eng_train_track_a_02719,"Horrible nightmares that seem real, because you recognize your surroundings as your bedroom, but they're still just nightmares.",0,0,1,0,1,1
eng_train_track_a_02720,I've got it all planned up in my head,0,0,0,1,0,0
eng_train_track_a_02721,under my skin the itch is unscratched.,0,0,1,0,0,0
eng_train_track_a_02722,"Something bad, I mean.",0,0,1,0,1,0
eng_train_track_a_02723,"Quite the opposite, it took literally 4 shots worth of liquor to make him stinking, piss/shit in pants drunk.",0,0,0,0,0,1
eng_train_track_a_02724,I closed my eyes as I took in a deep breath.,0,0,0,1,0,0
eng_train_track_a_02725,I liked the Trains better than the Refers.,0,0,0,1,0,0
eng_train_track_a_02726,But my fingers were starting to go numb as well.,0,0,1,0,0,0
eng_train_track_a_02727,"I didn't realize how sore I was from the whole thing until later, and the not being able to turn my head thing didn't start until yesterday.",0,0,1,0,0,0
eng_train_track_a_02728,"They all bombarded me, pulling at my hair, repeatedly taunting me without rest... My chest began to tighten; that last of breath of air forced out of my lungs.",1,0,1,0,1,0
eng_train_track_a_02729,"Thats right,  this iPhone had been lying on train tracks, in broad daylight, for 6 months, and it still worked flawlessly.",0,0,0,1,0,1
eng_train_track_a_02730,I open the door and step through while turning to close it behind me.,0,0,0,0,0,0
eng_train_track_a_02731,Tonight the sweaty hands of the air held me down And closed around my chest The geese and ducks could barely move against the coagulating water That thickened and slowed without a ripple.,0,0,1,0,0,0
eng_train_track_a_02732,"With my heart in my throat, my voice thick with emotion said, `` OH!",0,0,1,0,0,0
eng_train_track_a_02733,It looks like dark smelly applesauce.,0,0,1,0,0,1
eng_train_track_a_02734,"Sad, and creepy huh?",0,0,1,0,1,1
eng_train_track_a_02735,"My face, I could almost swear, is still red, flushing.",0,0,1,0,0,0
eng_train_track_a_02736,"I tilt my head down to examine the bottom of the glass to see that there is a large, open terrain where the gash does not touch.",0,0,0,0,0,1
eng_train_track_a_02737,"'No problem,' he said.",0,0,0,1,0,0
eng_train_track_a_02738,"My manager is an African American man.. Who just recently got a very large black Jeep with dark, tinted windows.",0,0,1,0,0,1
eng_train_track_a_02739,"I close my mouth in a fine line, remembering one line after another.",0,0,1,0,1,0
eng_train_track_a_02740,There was a swath of terrain in between two apple trees that had been tamped down.,0,0,1,0,0,1
eng_train_track_a_02741,Only to be horrified.,0,0,1,0,1,1
eng_train_track_a_02742,Later when we got home she saw all her presents on the kitchen table.,0,0,0,1,0,1
eng_train_track_a_02743,"Two words came out of my mouth `` Piss off '' I was staying at my friends on the week of my 18th, just because his parents had gone on holiday and we were getting drunk everyday.",1,0,0,0,0,0
eng_train_track_a_02744,"Occasionally they will sit out there and smoke cigarettes, which is fine..",0,0,0,0,0,0
eng_train_track_a_02745,She ended up going home after that.,0,0,0,0,1,0
eng_train_track_a_02746,I had to be flown to the hospital.,0,0,1,0,1,1
eng_train_track_a_02747,"But I was happy and pretty tickled that I was able to get out and go fight or hunt / scrap for materials that I do nt have to pay for, as well as just get out in the open air.The downside was... I really twisted my ankle and its slowing me down considerably.",0,0,0,1,1,0
eng_train_track_a_02748,Just before my Garmin watch went `` beep beep '' I could officially feel my fingers.,0,0,0,1,0,0
eng_train_track_a_02749,When it's right under my nose I can't see what's what.,0,0,1,0,0,0
eng_train_track_a_02750,it took a little longer for my feet to hurt which was nice.,0,0,0,1,0,0
eng_train_track_a_02751,So now my knee is hyperextended and it hurts like a bitch.,1,0,1,0,1,0
eng_train_track_a_02752,The pain was immediate and intense.,0,0,1,0,1,0
eng_train_track_a_02753,it was pure terror.,0,0,1,0,0,0
eng_train_track_a_02754,"The art room is exactly opposite the gym, so going either way is the same distance.",0,0,0,0,0,0
eng_train_track_a_02755,"If I'd have had to wait on her to drive me home, that woulda been fucking terrible.",1,0,1,0,0,0
eng_train_track_a_02756,"driving 20 some year old cars, or nearly.",0,0,0,0,0,1
eng_train_track_a_02757,Fairly certain I got a back rub from my boyfriend though.,0,0,0,1,0,1
eng_train_track_a_02758,She had been lucid.,0,0,0,0,0,1
eng_train_track_a_02759,"like, brain freeze on my leg!!",0,0,1,0,1,1
eng_train_track_a_02760,"She cants her hip against my waist into my side, almost knocking me into a stumble before tugging me upright with a dizzy laugh that rolls into my ears and I have to smile back.",0,0,0,1,0,1
eng_train_track_a_02761,"I then did the dishes, whitened my teeth, watched some more daytime tv, and had some lunch.",0,0,0,0,0,0
eng_train_track_a_02762,It just kind of gradually vanished over a couple of hours.,0,0,0,0,0,1
eng_train_track_a_02763,I didn't look out of my hands.,0,0,1,0,0,0
eng_train_track_a_02764,"`` I'm fine, '' Amanda said forcefully, shrugging off her hand.",1,0,0,0,0,0
esp_train_track_a_00001,"2018 y lo sigo escuchando Like si tú también , te amo @<username> amor terricola 🖖❤️",0,0,0,1,0,0
esp_train_track_a_00002,No les aguas. Caso a los pen...sativos de los haters o como se escriba,0,1,0,0,0,0
esp_train_track_a_00003,yo ya estoy.cagandome de risa pero jajajaaja esa buenisimo el video,0,0,0,1,0,0
esp_train_track_a_00004,Donde le pongo donde son tontos y asquerosos y aburridos,1,1,0,0,0,0
esp_train_track_a_00005,"El ritmo está bien, la letra es un asco y quién la canta aún más 😝",0,1,0,0,0,0
esp_train_track_a_00006,Hermosa no la paro de escuchar 😍 ya la e escuchado mil veces 😍💖💕,0,0,0,1,0,0
esp_train_track_a_00007,Si es mañana y esto llega a 100.000 Millones vistas me pongo a flipar:VXD,0,0,0,0,0,1
esp_train_track_a_00008,Nunca habia escuchado esto...y ahora me arrepiento,0,1,0,0,1,1
esp_train_track_a_00009,Yo los odio y nodi gan eso,1,0,0,0,0,0
esp_train_track_a_00010,Los dos son asombrosos,0,0,0,1,0,1
esp_train_track_a_00011,Una total falta de respeto cambiar el himno a otro idioma,1,0,0,0,0,0
esp_train_track_a_00012,Ustedes so saben que es humor no?._.,0,1,0,0,0,1
esp_train_track_a_00013,"😂 Pobre amigo, siempre la paga por culpa de su hermano",0,0,0,1,0,0
esp_train_track_a_00014,Pensé sacaría una pistola o algo y lo mataría .-.,0,0,1,0,0,1
esp_train_track_a_00015,El soplido del hombre cuando termina de hablar me da miedo,0,0,1,0,0,0
esp_train_track_a_00016,Mi mama se moriria si viera una titanoboa esque le dan miedo las serpientes,0,0,1,0,0,0
esp_train_track_a_00017,O por Dios 104 millones de vistas,0,0,0,0,0,1
esp_train_track_a_00018,Porque la corte no procedió contra Benedetti. que sabe que le tienen miedo?,1,0,0,0,0,1
esp_train_track_a_00019,estos weyes si que dan asco,0,1,0,0,0,0
esp_train_track_a_00020,@<username> ya estas por los 11 millones omg no lo puedo creer,0,0,0,0,0,1
esp_train_track_a_00021,Gran noticia para la paz de Colombia 🇨🇴 y sus víctimas. ❤,0,0,0,1,0,0
esp_train_track_a_00022,ME ENCANTA VUESTRA VOZ OS AMO saludos plis ❤️💋💋💋💝😘🧡💚💚💙💜❤️💛💛🧡💚💙💜💓💓💓😻🤩😻😻♥️ YOLORIANA ECSISTE BIEN TOMA,0,0,0,1,0,0
esp_train_track_a_00023,Porque se comen a los cuyitos que salvajes,1,1,0,0,1,0
esp_train_track_a_00024,Odio esto q suceda con los pobres perros ellos no tienen la culpa de nada,1,0,0,0,1,0
esp_train_track_a_00025,Me quede impactado,0,0,0,0,0,1
esp_train_track_a_00026,Amoo por un beso es mi cancion favoo,0,0,0,1,0,0
esp_train_track_a_00027,"Asesino de mierda, ahora todos están en el infierno.",1,1,0,0,0,0
esp_train_track_a_00028,No se porque esto me causo pesadillas :v,0,0,1,0,0,0
esp_train_track_a_00029,Que asco de video no se si esto se puede llamar cancion 🤮🤮🤮,0,1,0,0,0,0
esp_train_track_a_00030,Los @<username> no son malos ustedes.son muy idiotas,1,1,0,0,0,0
esp_train_track_a_00031,"Tiene toda la razón la española , están bien feos y bien nacos los trajes esos..",1,1,0,0,0,0
esp_train_track_a_00032,Mi hermano se quedó flipando,0,0,0,0,0,1
esp_train_track_a_00033,Porque nadie quiere a Jorge Trujillo? :'(,0,0,0,0,1,1
esp_train_track_a_00034,Ellos no merecen ser llamados humanos …,0,1,0,0,0,0
esp_train_track_a_00035,"@<username> yo soy española y no soporto los cayos, me dan mucho asco!",0,1,0,0,0,0
esp_train_track_a_00036,callense son bien feos con los @<username>,1,1,0,0,0,0
esp_train_track_a_00037,Pero deja de apuntarme con esa arma,0,0,1,0,0,0
esp_train_track_a_00038,@<username> por esa maldita broma que es tabas con soni lla te odio,1,1,0,0,0,0
esp_train_track_a_00039,"Cuando di click en me gusta, me dio miedo de que un tipo con mascara de meme se apareciera...",0,0,1,0,0,0
esp_train_track_a_00040,ayyy no puede ser me re encantó,0,0,0,1,0,1
esp_train_track_a_00041,Ellas no promueven nada de eso. Eso esta en las cabezas perturbadas de las feministas.,1,1,0,0,0,0
esp_train_track_a_00042,Me encanto el roas me pueden saludar en el proximo video como flor salto♥♥,0,0,0,1,0,0
esp_train_track_a_00043,Porq Dios se lleva a los buenos youtubers 😭 y no a los q hacen contenido basura como el lucho comunica,0,1,0,0,1,0
esp_train_track_a_00044,Jummm a mi hasta ahora me a gustado lo que he pedido.,0,0,0,1,0,0
esp_train_track_a_00045,Que decepción el tren 😪,0,1,0,0,1,0
esp_train_track_a_00046,los que lo critican son locos y retra sados,1,1,0,0,0,0
esp_train_track_a_00047,Aeme no digan nada de los @<username> por favor vale? No sé metan con ellos!!,1,1,0,0,0,0
esp_train_track_a_00048,"nosotros, pues quien más va a destruir un planeta de la misma manera que lo estamos haciendo ahora.",1,1,0,0,1,1
esp_train_track_a_00049,"Mas miedo me da que alguien me dija ""tu ya sabes"" y yo nose",0,0,1,0,0,0
esp_train_track_a_00050,Seguiría sufriendo sin no fuera por ti,0,0,0,1,0,0
esp_train_track_a_00051,"Estaba estudiando para mi examen de matematicas, me sirvio mucho el video por fin le pude entender!",0,0,0,1,0,1
esp_train_track_a_00052,@<username> tambien me da mucho miedo las arañas y las cucarachas,0,0,1,0,0,0
esp_train_track_a_00053,@<username> es un tonto los @<username> no los @<username> son lo maximo aeme apesta,1,1,0,0,0,0
esp_train_track_a_00054,Alv ¿había teorías? ¿Hay? Xd me da más miedo aún lpm,0,0,1,0,0,1
esp_train_track_a_00055,"que bien lavando la cara de bukele, que pena",1,0,0,0,1,0
esp_train_track_a_00056,Que casa de papel ni que nada esta es la mejor serie ❤️✌🏻✌🏻,0,0,0,1,0,1
esp_train_track_a_00057,Me ecanto tu cansion 🎙🎧🎤🎶🎶 era jenial y soy tu fan soy de bolivia😅🇧🇴🇧🇴,0,0,0,1,0,0
esp_train_track_a_00058,No creo… en menos de un años prescribe… una vez mas pierde la justicia 🤡🤡🤡,1,1,0,0,0,0
esp_train_track_a_00059,@<username> eso que los @<username> te invitaron a la gira Polinesia los odio,1,0,0,0,0,0
esp_train_track_a_00060,Me encanta. Los amo,1,0,0,0,0,0
esp_train_track_a_00061,Pinches personas malditas like si quiere que degen alos perros del maltratos como los perritos no se defienden,1,0,0,0,0,0
esp_train_track_a_00062,ya no dan risa ahora dan pena esto dejo de ser gracioso es algo triste,0,1,0,0,1,0
esp_train_track_a_00063,que lindo me encantó!!❤❤,0,0,0,1,0,0
esp_train_track_a_00064,Son tontos. Los @<username> son mejores,1,1,0,0,0,0
esp_train_track_a_00065,Eso pasa cuando no hay leyes y predomina la corrupción,1,1,0,0,0,0
esp_train_track_a_00066,Ese tipo es un peligro,1,1,1,0,0,0
esp_train_track_a_00067,Da un poco de miedo Jjajaja XD,0,0,1,1,0,0
esp_train_track_a_00068,Que miedo no doy burla es cierto tengo miedo😰😰😰,0,0,1,0,0,0
esp_train_track_a_00069,Para cuando el segundo capítulo <3 Me encanto el video. Salu2,0,0,0,1,0,0
esp_train_track_a_00070,Si que me reì con el baile que hiciste 😄,0,0,0,1,0,0
esp_train_track_a_00071,Esto debería ser considerado como una Traición hacia toda la población,1,1,0,0,0,0
esp_train_track_a_00072,Que asco de personas la verdad.,1,1,0,0,0,0
esp_train_track_a_00073,Los sueños se cumplen 😌😌😌,0,0,0,1,0,0
esp_train_track_a_00074,Me encantó mucho,0,0,0,1,0,0
esp_train_track_a_00075,Me hizo llorar por que me identifico con la cansion 😢😶☺,0,0,0,0,1,0
esp_train_track_a_00076,Que pena voy a llorar 😭😭😭,0,0,0,0,1,0
esp_train_track_a_00077,"Me costó darme cuenta de que no me di cuenta de que, me tenía que dar cuenta .. 😂",0,0,0,1,0,1
esp_train_track_a_00078,"mmm que mala onda, ahora no hubo por lo menos 10 muertitos gringos.lastima!!",1,1,0,0,0,0
esp_train_track_a_00079,Que horrible canción se nota que no tienen nada que hacer cochinos,1,1,0,0,0,0
esp_train_track_a_00080,Justo lo que estaba buscando 😂 el jueves tengo examen apruebo por qué apruebo,0,0,0,1,0,0
esp_train_track_a_00081,Esta del puctas el video me mori de risa jajajjaja,0,0,0,1,0,0
esp_train_track_a_00082,"El mejor candidato que teniamos, lastima la estupida sociedad populista en la que vivimos",1,1,0,0,0,0
esp_train_track_a_00083,La musica me da ganas de llorar 😔 QUE TRISTE,0,0,0,0,1,0
esp_train_track_a_00084,No mames wey Una re mansión por Dios Eso no me lo esperaba 🇦🇷🇦🇷💪😱😮,1,0,0,0,0,0
esp_train_track_a_00085,"Es un software, o como ha creado el vídeo, la verdad me ha sorprendido..",0,0,0,0,0,1
esp_train_track_a_00086,Me canto la voz cuando canta mariana y @<username> #yoloriana,0,0,0,1,0,0
esp_train_track_a_00087,Dios mio esta canción es RE imprecionante,0,0,0,0,0,1
esp_train_track_a_00088,😂 nadie paga eso por ver a unos ancianos,0,1,0,1,0,0
esp_train_track_a_00089,Alumno del ladrón que podemos esperar,1,1,0,0,0,0
esp_train_track_a_00090,Pelotudos no se burlen de los cuenes y amara parese a pepa y los odio,1,1,0,0,0,0
esp_train_track_a_00091,11 en tendencia en Argentina no lo puedo creer man!,0,0,0,0,0,1
esp_train_track_a_00092,Cuando me di cuenta que llegamos a los 10 millones llore,0,0,0,0,1,1
esp_train_track_a_00093,que asco odio a tu pograma ah y para @<username> castro te amooo @<username> eres lamejor,1,1,0,1,0,0
esp_train_track_a_00094,No los dejan comer dejar con arboles acabaron con el dodo y seguimos seguimos pero siguen con miedo,0,0,1,0,0,0
esp_train_track_a_00095,Estoy llorando 😭por que somos demaciadas linduras,0,0,0,1,1,0
esp_train_track_a_00096,Me encanto los amo una pregunta cuantos años tiene @<username> y Amara los amo bendiciones,0,0,0,1,0,0
esp_train_track_a_00097,Y tambié perseguían y mataban a católicos,0,0,0,0,0,1
esp_train_track_a_00098,Ya la tengo descargada para mi viaje 😍😚⛱🚗,0,0,0,1,0,0
esp_train_track_a_00099,Odio ver que la gente este cerca o tocando los bichos 😬,1,1,0,0,0,0
esp_train_track_a_00100,*Que pereza esta vieja a lo bien.*,0,1,0,0,0,0
esp_train_track_a_00101,que mal se sentirán los que aparecieron en el. vídeo casas malas,0,1,0,0,1,0
esp_train_track_a_00102,Odio sus canciones de ustedes son gais,1,1,0,0,0,0
esp_train_track_a_00103,@<username> me encanto y Yolo. lucha por. Mariana yoloriama debe de ser real,0,0,0,1,0,0
esp_train_track_a_00104,"@<username> : si no durmes tu cerebro sufre daños Yo : ""TENGO MIEDO""",0,0,1,0,0,1
esp_train_track_a_00105,"Me da miedo darle ""ME GUSTA"" al vídeo y que aparezca ese tipo detrás mio :S",0,0,1,0,0,0
esp_train_track_a_00106,Mas plaga y mas pobres los colombianos,1,1,0,0,0,0
esp_train_track_a_00107,me encanto amo a yola aventuras los amo,0,0,0,1,0,1
esp_train_track_a_00108,Me encanta ya me la se de memoria 😍,0,0,0,1,0,0
esp_train_track_a_00109,Esta con miedo de alguna investigación?? 😂,0,0,0,1,0,1
esp_train_track_a_00110,Las serpientes me da miedo y mucho 😖😖😱😱😰😰😨😨,0,0,1,0,0,0
esp_train_track_a_00111,"Somos tendencia en España, 💕🙌",0,0,0,1,0,1
esp_train_track_a_00112,Muy triste que nosotros los paisas todo están súper costoso 🥲🥲,0,0,0,0,1,0
esp_train_track_a_00113,Like si estás buscando comentarios de youtubers famosos con el visto de verificado 😂,0,0,0,1,0,0
esp_train_track_a_00114,Esto huele a prescripción... Difícil q salga en menos de 2 años,0,1,0,0,0,0
esp_train_track_a_00115,Que asco por Dios,0,0,0,0,0,1
esp_train_track_a_00116,Lo más triste yo amo a los perros y me pongo a llorar 😟,0,0,0,0,1,0
esp_train_track_a_00117,Pero no me ganas guambra cuy.yo no he podido pasar 7 noches en la misma cama...te falta soltería wey jajajajajajajajajajajaja,0,0,0,1,0,0
esp_train_track_a_00118,te quiero mucho @<username>,0,0,0,1,0,0
esp_train_track_a_00119,Eres la persona más tonta en el mundo,1,1,0,0,0,0
esp_train_track_a_00120,Lo peor es que es verdad,0,0,0,0,0,1
esp_train_track_a_00121,11 millones Sigo feliz por ti :3 like que a ti también,0,0,0,1,0,0
esp_train_track_a_00122,Bien dicho . Le canta las plenas.,0,0,0,1,0,0
esp_train_track_a_00123,Porque veo esto si les tengo miedo,0,0,1,0,0,0
esp_train_track_a_00124,Cuando escuché Esta canción me enamore las escucho todos los días,0,0,0,1,0,0
esp_train_track_a_00125,E los @<username> no son malos😤,1,1,0,0,0,0
esp_train_track_a_00126,los amo aem,0,0,0,1,0,0
esp_train_track_a_00127,"son tan lindos, esta super buena la canción 😍",0,0,0,1,0,0
esp_train_track_a_00128,Gracias @<username> aventuras por aserme feliz cuando no lo estoy 😭❤️,0,0,0,0,1,0
esp_train_track_a_00129,La verdad que me sorprendió como quedo Coco a pesar de que la hayan hecho Estadounidenses... quién lo diría :'o,0,0,0,0,0,1
esp_train_track_a_00130,Cómo le podemos pagar tanta amabilidad,0,0,0,1,0,0
esp_train_track_a_00131,Aquí yo desde México lo apoyamos q se reelija otra vez como presidente del salvador,0,0,0,1,0,0
esp_train_track_a_00132,"Pobrecita, nuestra keiko por que no se quedó en México??? 😢",0,0,0,0,1,0
esp_train_track_a_00133,Pena ajena a mí me dan jajajajaja Lo peor es que todo es cierto,0,1,0,1,0,0
esp_train_track_a_00134,like si cres. que los niyos que critican a @<username> son estupidos y tontos,1,0,0,0,0,0
esp_train_track_a_00135,El tigre es juan por que haci baila 😂,0,0,0,1,0,0
esp_train_track_a_00136,"Esos es brujeria pura y dura, y no es bueno acercarse a esa porquería.",0,1,1,0,0,0
esp_train_track_a_00137,El final es triste pero cierto.,0,0,0,0,1,0
esp_train_track_a_00138,Ignorar la historia y la realidad como han hecho Santos y Petro es muy peligroso.,1,0,0,0,0,0
esp_train_track_a_00139,La familia lo es todo. Por eso la quieren destruir.,0,0,0,0,1,0
esp_train_track_a_00140,Aaa no aguanto. Para verlo estoy que exploto de los mervios,0,0,0,0,0,1
esp_train_track_a_00141,Q meco esto y da asco y ridículo,1,1,0,0,0,0
esp_train_track_a_00142,No sabe q los símbolos patrios no son objeto de compra y venta y está incurrirendo un un delito,1,1,0,0,0,0
esp_train_track_a_00143,Me da ansiedad saber si recogio el billete que se le cayo jajajajaja,0,0,1,0,0,0
esp_train_track_a_00144,TE AMO @<username> lo esperaba con ansias eres el mejor youtuber del mundo,0,0,0,1,0,0
esp_train_track_a_00145,Eso fue en realidad muy perturbador,0,1,1,0,0,1
esp_train_track_a_00146,Qué pedo con esto,0,1,0,0,0,1
esp_train_track_a_00147,Ahora tengo miedo de estar en mi casa,0,0,1,0,0,0
esp_train_track_a_00148,Somos dies millones de linduras la mejor familia,0,0,0,1,0,0
esp_train_track_a_00149,"Y tiene toda la razón, en que estaban pensando, no lo pudieron hacer peor",1,1,0,0,0,1
esp_train_track_a_00150,Locos esos cientificos,0,0,0,0,0,1
esp_train_track_a_00151,Me encanto 😍 ME LA APREMDI TODA Al final detrás de Sofía sale SUGA de BTS y también bad bunny,0,0,0,1,0,0
esp_train_track_a_00152,Llorar todas las noches por esta amistad al parecer valió la pena ♥️👄♥️,0,0,0,1,1,0
esp_train_track_a_00153,Estúpido su roast yourself feos ridículos me hacen vomitar,1,1,0,0,0,0
esp_train_track_a_00154,La verdad que nunca había entendido mejor,0,0,0,1,0,0
esp_train_track_a_00155,Tengo miedo a darle Me gusta :S,0,0,1,0,0,0
esp_train_track_a_00156,Dios! Pero si con este metodo es super fácil hacer un trinomio cuadrado perfecto. Excelente explicación 👍🏻.,0,0,0,1,0,1
esp_train_track_a_00157,A mí me dan miedo las aves pero siento feo que les pase algo malo porque son animales,0,0,1,0,1,0
esp_train_track_a_00158,Buenazo el video guambra,0,0,0,1,0,0
esp_train_track_a_00159,@<username> eres el mejor yutubers y también amara que linda es la mejor,0,0,0,1,0,0
esp_train_track_a_00160,Los amo Seven súper lindo todo juntos😘,0,0,0,1,0,0
esp_train_track_a_00161,de que teda miedo al ultimo lo mataron xD,0,0,1,1,0,0
esp_train_track_a_00162,pero que chulada,0,0,0,1,0,1
esp_train_track_a_00163,OMG! NO MELO ESPERABA CANTAS HERMOSO LINDURA MAYOR TE QUIERO me regalas un corazón plis,0,0,0,0,0,1
esp_train_track_a_00164,¡ Vasta de maltratar a los animales ! Like si quieres adoptar a un cachorro,1,1,0,0,0,0
esp_train_track_a_00165,Darle me gusta al video y vivir con el miedo de que el tipo aparezca en tu casa,0,0,1,0,0,0
esp_train_track_a_00166,Que miedo like si crres lo mismo,0,0,1,0,0,0
esp_train_track_a_00167,Ustedes son peor cantando,1,1,0,0,0,0
esp_train_track_a_00168,Qué emoción..hasta yo lloré 🤗💕💕💕,0,0,0,1,0,0
esp_train_track_a_00169,La grande casi me meo del miedo yo primero xd,0,0,1,0,0,0
esp_train_track_a_00170,Me dió miedo ver él vídeo sola,0,0,1,0,0,0
esp_train_track_a_00171,A mí m dio mucho miedo la película,0,0,1,0,0,0
esp_train_track_a_00172,"Si estan bien gachos, lo peor que he visto en JO para México",0,1,0,0,0,0
esp_train_track_a_00173,le salio un acento español flipante hahahaha,0,0,0,1,0,1
esp_train_track_a_00174,Todas las canciones que tienen son asquerosas malas y horrible,1,1,0,0,0,0
esp_train_track_a_00175,"Yo también soy inocente, voy directo al cielo !!",0,0,0,1,0,1
esp_train_track_a_00176,Hay que miedo tengo uy me asusté con la cancla xd😂,0,0,1,0,0,0
esp_train_track_a_00177,Jajaja ustedes son muy bobos! Los amo,0,0,0,1,0,0
esp_train_track_a_00178,Del puctas mijo videazoo ¡¡ :),0,0,0,1,0,1
esp_train_track_a_00179,Se cago del miedo 🤣🤣,0,0,1,1,0,0
esp_train_track_a_00180,No puedo creer que el video esté a tan poco de tener un millón de visitas!!!,0,0,0,0,0,1
esp_train_track_a_00181,Por dios es aterrador y es acertado,0,0,1,0,0,1
esp_train_track_a_00182,Lo único bueno del video es la presencia de Paolo Ladino,0,1,0,1,0,0
esp_train_track_a_00183,"ya bi quien es panda😰Sergio, Dios mío me sorprendi",0,0,0,0,0,1
esp_train_track_a_00184,"EL RITMO, DIOS. ESTA CANCIÓN ES MUY ADICTIVA",0,1,0,1,0,0
esp_train_track_a_00185,No lo puedo creer cuando lo grabadas eran 10 millones lo subiste y se sumaron más ya somos11,0,0,0,0,0,1
esp_train_track_a_00186,Pues haciendo cuentas es poco lo que cobra,0,0,0,0,0,1
esp_train_track_a_00187,Q. Hermosa canción,0,0,0,1,0,1
esp_train_track_a_00188,Por que estas diciendo mal diciones ya callate,1,1,0,0,0,0
esp_train_track_a_00189,No me esperaba el final de verdad que yoloriana el más que reaaal,0,0,0,0,0,1
esp_train_track_a_00190,No lo supero .-.,0,0,0,0,1,0
esp_train_track_a_00191,Yo soy de mexico son los mejodes,0,0,0,1,0,0
esp_train_track_a_00192,Siento que estaban siendo perseguidos por alguien mas poderoso e incluso sus sucesores...,0,0,1,0,0,0
esp_train_track_a_00193,Pues u te des son estúpidos y son mis primos bobos,1,1,0,0,0,0
esp_train_track_a_00194,Yo tengo un ROTWILER. Y LO TENGO que que vigilar para que mo muerda a nadie,0,0,1,0,0,0
esp_train_track_a_00195,"no entiendo como antes me gustaba su canal, estoy MUY arrepentida de eso",0,1,0,0,0,0
esp_train_track_a_00196,Excelente tema . El si sabe,0,0,0,1,0,0
esp_train_track_a_00197,Wow 131 millones de vistas en 3 años 😮,0,0,0,0,0,1
esp_train_track_a_00198,Se esta llenando es de bandidas,0,1,0,0,0,0
esp_train_track_a_00199,Que mal yolo. No pudo besar a Mariana,0,0,0,0,1,0
esp_train_track_a_00200,Me puso triste este video,0,0,0,0,1,0
esp_train_track_a_00201,exelente video ya espero el siguiente capitulo,0,0,0,1,0,0
esp_train_track_a_00202,Esta súper el video 😎❤❤ sigue así #KikeJav ❤,0,0,0,1,0,0
esp_train_track_a_00203,Es increíble que en 4 minutos esto este lleno de comentarios,0,0,0,0,0,1
esp_train_track_a_00204,una banda de chavorrucotes ya pasadoss no vale 900 mil,1,1,0,0,0,0
esp_train_track_a_00205,Porque mierda hay comentarios en inglés,1,1,0,0,0,0
esp_train_track_a_00206,Me dió un poco de miedo 😅😅,0,0,1,1,0,0
esp_train_track_a_00207,Más miedo me da que los pokémons existan y que haiga gente que se los coga,0,1,1,0,0,0
esp_train_track_a_00208,Para mí esa canción es una basura apesta,0,1,0,0,0,0
esp_train_track_a_00209,Yo no mi da miedo y no entiendo nada,0,0,0,0,0,1
esp_train_track_a_00210,No se quien pone esos comentarios ridiculos osea,0,0,0,1,0,0
esp_train_track_a_00211,No puedo creer que es la primera vez que veo su roast your self 🤦🏼‍♀️,0,0,0,0,0,1
esp_train_track_a_00212,GRACIAS PROFE LO QUIERO MUCHO,0,0,0,1,0,0
esp_train_track_a_00213,Alguien está Dolido 😅😆,0,0,0,1,0,0
esp_train_track_a_00214,Eso halla debe de ser un asustadero serio que miedoo,0,0,1,0,0,0
esp_train_track_a_00215,Lloro por escuchar la mejor canción,0,0,0,1,1,0
esp_train_track_a_00216,Me da miedo los hermanos malos 😈,0,0,1,0,0,0
esp_train_track_a_00217,A mí me dará miedo tener a un robot y q hablé en la noche Huy no jajajaja,0,0,1,0,0,0
esp_train_track_a_00218,Estoy totalmente de acuerdo. En qué rayos estaba pensando el o la diseñadora???🤢,0,1,0,0,0,1
esp_train_track_a_00219,"Dato perturbador también, el lago antes era un pueblo pero ahora todo está bajo el agua!",0,0,0,0,0,1
esp_train_track_a_00220,cyando sea grande y sea presidente a los que maltraten a los perritos o a cualquier animal van a morir 😁😖😡😠😈,1,1,0,0,0,0
esp_train_track_a_00221,"Que, se quede en el ático, es loco.",0,1,0,0,0,0
esp_train_track_a_00222,"Son una porquería de youtubers, el cabello de Amara parece un mierda, y @<username> es un pendejo infantil",1,1,0,0,0,0
esp_train_track_a_00223,Solo critican ustedes son los peores 😣😣,1,1,0,0,0,0
esp_train_track_a_00224,idiotas como dicen como los @<username> canpatn peor que los denuncio,1,1,0,0,0,0
esp_train_track_a_00225,Like para que venga a Colombia-Barranquilla te amamos saludos,0,0,0,1,0,0
esp_train_track_a_00226,yo soy terricola de lov,0,0,0,1,0,0
esp_train_track_a_00227,Qué drogas te dejan así de tocado?,0,0,0,0,0,1
esp_train_track_a_00228,Ay yo odio el tomate y las verduras,0,1,0,0,0,0
esp_train_track_a_00229,Me muera estan re cerca de loa 10M no por fin,0,0,0,0,0,1
esp_train_track_a_00230,Al fin ya estafa desesperado LIKE si tu tambien,0,0,1,0,0,0
esp_train_track_a_00231,@<username> yo vivo en coquimbo chile ben porfavor,0,0,0,1,0,0
esp_train_track_a_00232,"Pero el narco-gobierno que permite que esto suceda no hace nada,total los migrantes dejan dinero para todos INM,GN,PM,Y CARTELES.",1,1,0,0,0,0
esp_train_track_a_00233,Jajaja yo no he llorado por esa película 😂😂😂,0,0,0,1,0,0
esp_train_track_a_00234,Hola cómo estás feliz año nuevo nosotros la pasamos muy mal,0,0,0,0,1,0
esp_train_track_a_00235,Me encanto él vídeo musical,0,0,0,1,0,0
esp_train_track_a_00236,Hay si dices que los @<username> cantan mal ustede son puras💩💩💩 ya no hagan videos son un asco,1,1,0,0,0,0
esp_train_track_a_00237,a mi tampoco me gusta la agua perooo casi nunca tomo solo toma agua abecés,0,0,1,0,0,0
esp_train_track_a_00238,Muy buena canción la amo😍,0,0,0,1,0,0
esp_train_track_a_00239,Que lindo video 😱 los amo,0,0,0,1,0,1
esp_train_track_a_00240,que miedo el de septiembre me traume,0,0,1,0,0,0
esp_train_track_a_00241,son asco y los @<username> son mucho mejor que sus tontisimos videos son asco,1,1,0,0,0,0
esp_train_track_a_00242,@<username> ve mi comentario eres lo mejor ese vídeo me hiso llorar😢😥,0,0,0,0,1,0
esp_train_track_a_00243,Son hermosos mor! Me encanto el video ! #sofami4ever,1,0,0,0,0,0
esp_train_track_a_00244,Primera vez q veo algo así 😮 increíble,0,0,0,0,0,1
esp_train_track_a_00245,Como es que un vídeo tan estúpido tiene tanta fama 😂 alguien que me lo explique,0,0,0,1,0,1
esp_train_track_a_00246,Omg los @<username> no me la creo unieran podido salir pero bueno los de cartón son igual de. Geniales,0,0,0,0,0,1
esp_train_track_a_00247,"Todos los dictadores son iguales de mentirosos, abusivos y farsantes!😮",1,1,0,0,0,0
esp_train_track_a_00248,Hasta a mi me dio miedo ya quería meterle unplomaso para a ver si salía con Yo ya estoy hjp,1,0,1,0,0,0
esp_train_track_a_00249,Se m hizo un nudo en el estómago con este video.,0,1,0,0,1,0
esp_train_track_a_00250,Deley que pasa todo eso ¿a quien no? Y lo más peor es quemarse,0,1,0,0,0,0
esp_train_track_a_00251,Calla te tu i tu ermano son peores cantan peor que los @<username> que diferentes me de sus crito😡😠😡,1,1,0,0,0,0
esp_train_track_a_00252,Ame esta canción no la dejo de escuchar #sofami,0,0,0,1,0,0
esp_train_track_a_00253,Que asco de cansion me dieron nausias con la naris de conejo,1,1,0,0,0,0
esp_train_track_a_00254,Todo lo que dicen es cierto lo unico que es mentira es que los polinecios son peores que ustedes.,1,1,0,0,0,0
esp_train_track_a_00255,Me gusta como cantan soy Ayelen Comina,0,0,0,1,0,0
esp_train_track_a_00256,Que asco el comunismo,0,1,0,0,0,0
esp_train_track_a_00257,como ae atreven a sacar a los @<username> hermosos los odio,1,1,0,0,0,0
esp_train_track_a_00258,Me encanto esta cancion.saludos desde santa cruz-Bolivia,0,0,0,1,0,0
esp_train_track_a_00259,Jajajaj 🤣me encantó ❤️,0,0,0,1,0,1
esp_train_track_a_00260,Si me encuentro una araña así me muero porque me dan mucho miedo,0,0,1,0,0,0
esp_train_track_a_00261,pobre niña XD,0,0,0,1,0,0
esp_train_track_a_00262,Tremendo tema ya me volví loca cuando dijo omg me parezco a nose quien,0,0,0,1,0,1
esp_train_track_a_00263,Muy bien explicado!,0,0,0,1,0,0
esp_train_track_a_00264,Sies malo con él pobre perro 😡,1,0,0,0,1,0
esp_train_track_a_00265,Tengo miedo de ponerle me gusta . y que me aparezca ese tipo :C,0,0,1,0,0,0
esp_train_track_a_00266,lo odio me ca en mal,1,1,0,0,0,0
esp_train_track_a_00267,Luego de escucharlo me vino la ligera impresión de que equivoqué de carrera.,0,1,0,0,0,1
esp_train_track_a_00268,Estoy mal o el tigre es Juan😂❤️😎,0,0,0,1,0,0
esp_train_track_a_00269,"Con esa inestabilidad que esta creando petro, los compradores tienen temor.",0,1,1,0,0,0
esp_train_track_a_00270,Qué triste! 😓 *inserta meme VAMOS POR EL CAMBIO 🙏,0,0,0,0,1,0
esp_train_track_a_00271,no puedo dejar de escucharlo me encanta los amo y por sierto odio a los @<username>,0,1,0,1,0,0
esp_train_track_a_00272,Me puse a llorar como si no ubiera un mañana y toda mi familia se rieron de mi 😢😍😙😘😚😻💑❤💙💚💛💜💓💔💕💖💗💘💝💞💟,0,0,0,0,1,0
esp_train_track_a_00273,Los odio como les dicen eso a los @<username>,1,1,0,0,0,0
esp_train_track_a_00274,Pobre del q estaba con el dentista☺😱😨,0,0,1,0,1,0
esp_train_track_a_00275,Son muy malos los hairert,1,1,0,0,0,0
esp_train_track_a_00276,"Que feo lo que hizo Pol Pot, muy triste. Saludos desde Costa Rica",0,0,0,0,1,0
esp_train_track_a_00277,Es un fenómeno que se está presentando en varias ciudades del mundo. Los lugareños la estan viendo grave.,0,0,1,0,1,0
esp_train_track_a_00278,El juego más insano que jamás ❌ haya visto en mi vida 😂😂,0,0,1,1,0,1
esp_train_track_a_00279,"Explicas muy bien, te estoy entendiendo",0,0,0,1,0,0
esp_train_track_a_00280,"Tiene razón, esos trajes son una porquería",1,1,0,0,0,0
esp_train_track_a_00281,Si amas a tu patria Venezuela regresa a tu venezuela y lucha por su libertad. Tu ere FEO,1,1,0,0,0,0
esp_train_track_a_00282,Acabo de recapacitar cuando la cantaba y ahora me da un putazo de Cringe 💀,1,0,0,0,0,0
esp_train_track_a_00283,Mas miedo me da cuando veo doctop por la noche,0,0,1,0,0,0
esp_train_track_a_00284,oye que flipante eh😂😂,0,0,0,1,0,1
esp_train_track_a_00285,Perdón pero tus vídeos me dan asco 🙁🤮 estoy viendo en cuarentena,1,1,0,0,0,0
esp_train_track_a_00286,en mi opinion con autotune o sin autotune le ganaria a Bad Bunny Xd,0,0,0,1,0,0
esp_train_track_a_00287,"Me sorprende la cámara, ari no se mueve",0,0,0,0,0,1
esp_train_track_a_00288,El mejor regalo de la mamá el es un genio el abuelo. Ayude molo el abuelo jenio 😎,0,0,0,1,0,0
esp_train_track_a_00289,La mejor canción que e escuchado,0,0,0,1,0,0
esp_train_track_a_00290,Like si te dió miedo la película de niño,0,0,1,0,0,0
esp_train_track_a_00291,Pobre ellos no tienen la culpa No al maltrató animal😭😭😭,0,0,0,0,1,0
esp_train_track_a_00292,Se le cumplio el sueño de nando somos 10millones de aventurerosa fue facilito papa,0,0,0,1,0,0
esp_train_track_a_00293,Y el municipio bien gracias 😢,0,0,0,0,1,0
esp_train_track_a_00294,antes me gustaban sus videos peor ultimamente estan muy asquerosos... ._. y ya no dan risa,0,1,0,0,0,0
esp_train_track_a_00295,A la verg* 😅 esto da mas miedo q los videos de dross 😨,0,0,1,0,0,0
esp_train_track_a_00296,Si estan feos no mamen jajajaa,0,1,0,1,0,0
esp_train_track_a_00297,"Porque será 😂😂... Prostitución, drogas por todas partes... Una delicia para los gringos y europeos .",0,1,0,1,0,0
esp_train_track_a_00298,"Y la famosa frase chocante , mediocre y estúpida.perder es ganar un poco.",1,1,0,0,0,0
esp_train_track_a_00299,jaja me dio risa con el i.c.k.k.c.k,0,0,0,1,0,0
esp_train_track_a_00300,Pendejos los que odian a @<username>,1,1,0,0,0,0
esp_train_track_a_00301,Lo que pienso es que vamos a morir,0,0,1,0,0,0
esp_train_track_a_00302,"Que buena canción, espero que su próximo lanzamiento sea desde un rascacielos",0,0,0,1,0,0
esp_train_track_a_00303,No me lo esperaba para nada .__.,0,0,0,0,0,1
esp_train_track_a_00304,Dios que temazo estoy flipando!,0,0,0,1,0,1
esp_train_track_a_00305,yo vi un video que da mucho miedo,0,0,1,0,0,0
esp_train_track_a_00306,Las otras redes lo hacen y no nos regalan nada. Que buen servicio 🎉,0,0,0,1,0,0
esp_train_track_a_00307,son ideas mias o @<username> anda muy progre?,0,0,0,0,0,1
esp_train_track_a_00308,Casi lloro cuando le diste el sombrero a Aladin,0,0,0,0,1,0
esp_train_track_a_00309,Alguien me explica por que en el minuto @<username> le baja el cierre no hay que subirlo,0,0,0,0,0,1
esp_train_track_a_00310,Te amo luisisho,0,0,0,1,0,0
esp_train_track_a_00311,los mexicanos hacian meme de todo lo que peña nieto hacia y nosotros si que somos atrasados en eso eh,1,1,0,0,0,0
esp_train_track_a_00312,jaja tengo miedo de voltear :v,0,0,1,1,0,0
esp_train_track_a_00313,lo dejo mas claro que mi vida,0,0,0,1,0,0
esp_train_track_a_00314,que insoportable odio tus videos ahg nunca seras el mejor,1,1,0,0,0,0
esp_train_track_a_00315,No puedo creer q mi comentario aiga salido,0,0,0,0,0,1
esp_train_track_a_00316,Alguien dijo puerto rico ese es mi país❤️,0,0,0,1,0,0
esp_train_track_a_00317,Este video es la cuspide de La Ley del Martillo en @<username> Gracias.,0,0,0,1,0,1
esp_train_track_a_00318,que asco de video,0,1,0,0,0,0
esp_train_track_a_00319,Necesitamos más corridos del cuy❤️,0,0,0,1,0,0
esp_train_track_a_00320,Yoloriana es real omg no no lo puedo creer no no no es la mejor candion,0,0,0,0,0,1
esp_train_track_a_00321,WOW!!! 😮ES EL COLMO DEL SINISMO!!!😮,0,0,0,0,0,1
esp_train_track_a_00322,Pobresito ya no quiero ver mas 😢😭,0,0,0,0,1,0
esp_train_track_a_00323,amo tus vídeos @<username>,0,0,0,1,0,0
esp_train_track_a_00324,Que ya nadie se acuerda que dijo que iba a destruir a la humanidad,0,0,1,0,0,0
esp_train_track_a_00325,:c no saludastes como siempre que paso? Eso me preocupa mucho :'c,0,0,1,0,1,1
esp_train_track_a_00326,"Buenazo. como diria esa man de Ecuador tiene talento . "" ESTAS PERDIENDO PLATA""",0,0,0,1,0,1
esp_train_track_a_00327,Ustedes son los que son como estúpidos son orribles,1,1,0,0,0,0
esp_train_track_a_00328,"Un horror de mal gusto, es lo más feo que he visto en los juegos Olímpicos.",0,1,0,0,0,0
esp_train_track_a_00329,No ahas caso a esos comentarios!!!,0,1,0,0,0,0
esp_train_track_a_00330,Ya van 12 días en tendencia en México omg. 😱😱😱,0,0,0,0,0,1
esp_train_track_a_00331,Los que dicen que se mueran que se mueran ellos...😠😠😠😤😤😤👿👿👿,1,1,0,0,0,0
esp_train_track_a_00332,De verdad @<username> y Amara se pasaron Este roast esta super 😀😜 Me encanto ☺👍💞,0,0,0,1,0,1
esp_train_track_a_00333,Es un hipocrita.? ya junto dinero 🤩,0,0,0,0,0,1
esp_train_track_a_00334,Me asombre mucho cunado contaste eso,0,0,0,0,0,1
esp_train_track_a_00335,La rompiste una vez más .!!! 🇪🇨🇪🇸,0,0,0,1,0,1
esp_train_track_a_00336,Los odio a ellos,1,1,0,0,0,0
esp_train_track_a_00337,quiero que cren un canal de los morales me gusta la serie,0,0,0,1,0,0
esp_train_track_a_00338,Los Dos enserio son muy estúpido y tontos,1,1,0,0,0,0
esp_train_track_a_00339,"Wow, que loco que haya fallecido la arquitecta 😢",0,0,0,0,1,1
esp_train_track_a_00340,"Jajajajajajajajajaja ya raya en lo patético vivanco, no se como no le da vergüenza lo que acaba de hacer",0,1,0,1,0,0
esp_train_track_a_00341,Esos sinvergüenzas. Que defienden a esos asesinos. Son de la mis ma calańa.,1,1,0,0,0,0
esp_train_track_a_00342,@<username> buena la actuación de tu amigo...😂✨❤️,0,0,0,1,0,0
esp_train_track_a_00343,Que gente maldita sólo se aprovechan de los perros por ser debiles,1,1,0,0,0,0
esp_train_track_a_00344,que buena cansion ami👍,0,0,0,1,0,0
esp_train_track_a_00345,😱 Pensé que mariana y @<username> se Iván a besar Like si crees que yoloriana existe,0,0,0,0,0,1
esp_train_track_a_00346,Es que es 1 swow de reprabados ajenos son ustedes estupidos ustedes,1,1,0,0,0,0
esp_train_track_a_00347,Porque no encontré estos videos 3 semana antes de dejar cálculo :'c,0,0,0,0,1,0
esp_train_track_a_00348,"Yo soy judío me da miedo esto,",0,0,1,0,0,0
esp_train_track_a_00349,Vienes y me cagas,1,0,0,0,0,0
esp_train_track_a_00350,"Yo como mexa digo que hay que aceptar la critica, no hay que ser soberbios. Total de que 😂",0,0,0,1,0,0
esp_train_track_a_00351,síii ya somos 100 M de views no puedo creer vamos,0,0,0,0,0,1
esp_train_track_a_00352,"Aah... Ahora sí después de más de un año de ese escándalo, me queda claro. ¡Gracias!",0,0,0,1,0,1
esp_train_track_a_00353,Es un asco tu canal es mejor el bicho 🤮,1,1,0,0,0,0
esp_train_track_a_00354,Me encanto siempre le echan ganas a todo los @<username> y lo mejor es q soy gaticornio y tericola♥♥♥♡♡♡:-) :-D;-),0,0,0,1,0,0
esp_train_track_a_00355,Que buenos tiempos con el diego :'),0,0,0,1,1,0
esp_train_track_a_00356,La gentrificación es un peligro.,0,1,1,0,0,0
esp_train_track_a_00357,No es justo que insulten a otros yutubers,1,0,0,0,0,0
esp_train_track_a_00358,Con lo primero que aprendo algo,0,0,0,1,0,1
esp_train_track_a_00359,Esta muy padre la canción pero me rompió el corazón el final Me pasó lo mismo,0,0,0,0,1,0
esp_train_track_a_00360,Cómo aparecio kevlex no lo puedo creer me quedé impresionada,0,0,0,0,0,1
esp_train_track_a_00361,Idiotas # los odios ijos de #,1,1,0,0,0,0
esp_train_track_a_00362,Estos yankees están bien locos!!,0,0,0,0,0,1
esp_train_track_a_00363,Estos youtubers valen la pena♥️♥️ no esos que se maquillan como esos kelev o como sea,0,1,0,1,0,0
esp_train_track_a_00364,Gerardo :Cuidado me rayas el carro con las muelas...,0,0,0,0,0,1
esp_train_track_a_00365,Que pasó en el Salvador? Estaba de moda ser pandillero o que? Hay que ser muy estúpido,1,1,0,0,0,0
esp_train_track_a_00366,Si yo fuera presidente construiría un campo de concentración para narcos en México y quemarlos a todos y torturarlos🔥,1,0,0,0,0,0
esp_train_track_a_00367,Ay no Qué miedo yo hago todo eso,0,0,1,0,0,0
esp_train_track_a_00368,"Por fin, llegó la hora en donde el malo será castigado, nadie se escapa de la justicia divina.",1,0,0,1,0,0
esp_train_track_a_00369,El unico tipo honesto entre tantas viboras,0,0,0,1,0,1
esp_train_track_a_00370,Me da mas miedo yutube kids,0,0,1,0,0,0
esp_train_track_a_00371,No la critique la gritaron por su embarazo y el segundo ya basta,1,1,0,0,0,0
esp_train_track_a_00372,Esa película me daba miedo 👁️👄👁️,0,0,1,0,0,0
esp_train_track_a_00373,Me da miedo la cara de la bruja,0,0,1,0,0,0
esp_train_track_a_00374,Y ya somos 12 millones.❤ Te amo @<username>,0,0,0,1,0,0
esp_train_track_a_00375,Odio al retrasado de @<username> perome en canto la parodia,1,1,0,0,0,0
esp_train_track_a_00376,Vaya! Que locura esa gente. Estaba a punto de morir desangrando con la vena del cuello cortada,0,0,0,0,0,1
esp_train_track_a_00377,Hola @<username> pídele a Sofía castro que sea tu novia,0,0,0,1,0,0
esp_train_track_a_00378,Jajajaj que caso ya espero la tercera parte éxitos @<username>,0,0,0,1,0,0
esp_train_track_a_00379,Y el guepardo que posición ocupa?😳,0,0,0,0,0,1
esp_train_track_a_00380,"O,O por dios @<username> nunca creí que cantabas tan impresionante mente bien estoy en shok",0,0,0,0,0,1
esp_train_track_a_00381,que feo en verdd que tristeza.. saludos desde cancun @<username>,0,0,0,0,1,0
esp_train_track_a_00382,Matare a todos los malditos que abandonan a los perros los matareee!!!😠😠😠,1,1,0,0,0,0
esp_train_track_a_00383,Que perro miedo!,0,0,1,0,0,0
esp_train_track_a_00384,Para cuando estará en spotify???,1,0,0,0,1,0
esp_train_track_a_00385,que hermosa cancion la amo y a ustedes los amo,0,0,0,1,0,0
esp_train_track_a_00386,Profe tengo un examen en 6 horas deseeme suerte Dios lo bendiga por enseñarme :(,0,0,1,0,1,0
esp_train_track_a_00387,"Mañana tengo prueba y tengo miedo de sacarla mal, Te entiendo mejor que a mi profesora de matemáticas",0,0,1,0,0,0
esp_train_track_a_00388,"Uff entre más avanzaba el video mejor se ponía, temazo 👌",0,0,0,1,0,1
esp_train_track_a_00389,no lo puedo creer llege tenparano,0,0,0,1,0,1
esp_train_track_a_00390,Son youtubers o tontos pobresitos no tiene dinero por eso venden libretas😹😹😹😎😎,0,1,0,1,0,0
esp_train_track_a_00391,nadie los quiere dan asco se tratan de copiar a los @<username>,0,1,0,0,0,0
esp_train_track_a_00392,Que hermoso video ami! Me hizo llorar,0,0,0,1,1,0
esp_train_track_a_00393,Que tristeza más triste es saber de las personas que les quitaron sus vidas 💔💔,0,0,0,0,1,0
esp_train_track_a_00394,"La verdad México tiene muy bonitos trajes tradicionales en los que se pudieron haber inspirado, no estos.están feos.",0,1,0,0,0,0
esp_train_track_a_00395,Yo soy su supsiscrota de los @<username> y de ustedes que pesar de ustede ustedes son los estúpidos,1,1,0,0,0,0
esp_train_track_a_00396,Lloré un mar de lágrimas los amo sean pareja,0,0,0,1,1,0
esp_train_track_a_00397,"Cagas de nervios, los ecuatorianis no somos siegos él ponia ordenes a los mentirosos",1,1,0,0,0,0
esp_train_track_a_00398,JAJA el mejor mijo son un cague de risa !!,0,0,0,1,0,0
esp_train_track_a_00399,La espera que desespera porque cada capítulo me intriga más y más lo máximo,0,0,1,0,0,0
esp_train_track_a_00400,Esto me hizo llorar bai,0,0,0,0,1,0
esp_train_track_a_00401,😳😳😳 ¿Que acabo de ver? ¿Tenía que darme risa?,0,0,0,0,0,1
esp_train_track_a_00402,Que chingón es este vídeo En verdad ❤,0,0,0,1,0,0
esp_train_track_a_00403,Profe me salvo El año,0,0,0,1,0,0
esp_train_track_a_00404,Los. polinesios. son. mejor. Estúpidos,1,1,0,0,0,0
esp_train_track_a_00405,Esa película da más miedo que mi abuela en tanga,0,0,1,0,0,0
esp_train_track_a_00406,Son unos estúpidos Y su canal es una mierda estúpidos Y siempre siempre van a ser estúpidos!,1,1,0,0,0,0
esp_train_track_a_00407,Mentiroso las papas no salen de un árbol,1,1,0,0,0,0
esp_train_track_a_00408,me da asco su cutis del que te escribio eso por que tu cutis es linda @<username>,0,0,0,1,0,1
esp_train_track_a_00409,Que terrible!!! Tenía un mejor concepto de éste señor Freile pero al escucharle me da escalofrío...,0,1,1,0,0,0
esp_train_track_a_00410,Cuando tu tío te pone corazón -tengo miedo Pero es tu tío @<username> --sustos que dan gustos,0,0,1,0,0,0
esp_train_track_a_00411,Hoy estuve viendo el noticiero y @<username> Rodríguez sale en la televisión no me lo puedo creer,0,0,0,0,0,1
esp_train_track_a_00412,Me saco una lagrima haber vuelto escuchar esta cancion 🤧,0,0,0,0,1,1
esp_train_track_a_00413,Los perros son la alegria de la vida igual que todos los animales. Pobre perrito😟 maldito dueño😡,1,0,0,0,1,0
esp_train_track_a_00414,Tengo miedo mi mamá es doctora y trabaja de noche,0,0,1,0,0,0
esp_train_track_a_00415,Que chuchas hicieron!!! pero q veeergaaa!!!,1,0,0,0,0,1
esp_train_track_a_00416,Es que si están feos vv 😂,0,1,0,1,0,0
esp_train_track_a_00417,Q triztesa me da escucharla q nostalgia cuando los tiempos eran creo q buenos😔😔,0,0,0,0,1,0
esp_train_track_a_00418,Un Caballero y un Señor Periodista. Ese colombiano puede sentirse culpable y debe enmendar SUS errores,1,0,0,0,0,0
esp_train_track_a_00419,"estaba sufriendo porque no entendía y este vídeo me fue muy útil, ¡muchas gracias",0,0,1,1,0,0
esp_train_track_a_00420,"los hater son horriblesy estudios lo único que saben es decir comentarios malos ,feos y horribles 😈😈😈😬😡😠😕😯😣😤",1,1,0,0,0,0
esp_train_track_a_00421,"No mames, qué asco.",0,1,0,0,0,0
esp_train_track_a_00422,"Me caes mal y tu también Juan , la cara de travesti eres tu no sabes maquillar",1,1,0,0,0,0
esp_train_track_a_00423,"Imposible no ser fan de ese hombre, es increible el cambio tan enorme que logro en el salvador",0,0,0,1,0,1
esp_train_track_a_00424,que Amara es muy rara con cara de rana!!! LOS AMO. Esta genial el video y todo el esfuerzo,0,0,0,1,0,0
esp_train_track_a_00425,@<username> no lo puedo creer ya somos 15 millones Like si tú eres lindura de corazón,0,0,0,1,0,1
esp_train_track_a_00426,perdón por mi comentario de cuando cocinas kim😖😖😖,0,0,0,0,1,0
esp_train_track_a_00427,Esta canción es muy bella me llegó al kokoro y me quedé sin palabras 😍😍,0,0,0,1,0,0
esp_train_track_a_00428,Yo le tengo miedo a los alacranes,0,0,1,0,0,0
esp_train_track_a_00429,no saben es sufrido mucho yo porque mis diez perros los sacaron a otro lugar andén de ver que sufro,0,0,0,0,1,0
esp_train_track_a_00430,Más me dolía tu indiferencia jajaj🤣,0,0,0,1,0,0
esp_train_track_a_00431,Wau si que es realmente perturbador,0,0,0,0,0,1
esp_train_track_a_00432,Creo que este va a ser el peor año :(,0,0,0,0,1,0
esp_train_track_a_00433,No lo puedo creer mi tiktoker favorito estaba en este programa oh,0,0,0,0,0,1
esp_train_track_a_00434,No me gustan los iPhone que asco,0,1,0,0,0,0
esp_train_track_a_00435,"Muchas gracias se entiende muy bien, esta penas para llevarle a mi hija.",0,0,0,1,0,0
esp_train_track_a_00436,¿Crisis? ¿esos estafadores están en crisis?,1,1,0,0,0,1
esp_train_track_a_00437,El que vea eso no se por que sigue haciendo daños a los demás esa vaina es es miedo,0,0,1,0,0,0
esp_train_track_a_00438,Los 2 son estúpidos y tontos,1,1,0,0,0,0
esp_train_track_a_00439,No tengo palabras para tanta perfeccion,0,0,0,1,0,1
esp_train_track_a_00440,Que casualidad que atrapan al mayo al final de este sexenio y luego estados unidos por algo sera ...😊,0,0,0,1,0,1
esp_train_track_a_00441,Me dolio en el cora el final,0,0,0,0,1,0
esp_train_track_a_00442,Que es lo que le pasa a ese hijuepetro? Ya me da es como miedo ese man.,1,1,1,0,0,0
esp_train_track_a_00443,Si alguna persona está viendo esto y maltrata a los perros váyase a la chinita,1,1,0,0,0,0
esp_train_track_a_00444,@<username> soy fan tuyo y la canción es increíble 🤩🤩🤩,0,0,0,1,0,0
esp_train_track_a_00445,El guerrillero petro es lo peor que le ha pasado a Colombia,1,1,0,0,0,0
esp_train_track_a_00446,Yo tengo un problema con eso 😊😑😥😣😤😢😕,1,0,0,0,1,0
esp_train_track_a_00447,:( cuando ella llora que.. pena..!!,0,0,0,0,1,0
esp_train_track_a_00448,Tontos los que escriben,1,1,0,0,0,0
esp_train_track_a_00449,Q pena Q penisima jajajajaja 😂😂😂 buenísimo ❤❤👌,0,0,0,1,0,0
esp_train_track_a_00450,😭 no tengo palabras de lo triste que estoy 😢,0,0,0,0,1,0
esp_train_track_a_00451,Me está dando miedo,0,0,1,0,0,0
esp_train_track_a_00452,"Me gusta mucho la canción 😭💘, saludos desde Chile 🇨🇱!!",0,0,0,1,0,0
esp_train_track_a_00453,Esta es la primera vez que veo este video y me esta dando miedo,0,0,1,0,0,0
esp_train_track_a_00454,Eso tuvo que doler :v,0,0,0,0,1,0
esp_train_track_a_00455,Qué asco es @<username> Aventuras 🤮🤮🤮,0,1,0,0,0,0
esp_train_track_a_00456,Un no que miedo estar ahí de solo ver eso sentí una sensación extraña,0,0,1,0,0,0
esp_train_track_a_00457,me da miedo apretar en el boton de ME GUSTA o.O,0,0,1,0,0,0
esp_train_track_a_00458,"JAJAJA COMO ODIO A LS GENTE QUE HABLA ASI! Tonti, bobii jajaja vomitaré",1,1,0,0,0,0
esp_train_track_a_00459,Yo llore cuando lo abandonan,0,0,0,0,1,0
esp_train_track_a_00460,Que mido no me lo puedo creer,0,0,1,0,0,1
esp_train_track_a_00461,Tenaz...la incidencia están mal.,0,1,0,0,0,0
esp_train_track_a_00462,la cancion mas hermosa de todas yoloriana es real ♡♡♡♥♥♥,0,0,0,1,0,0
esp_train_track_a_00463,Pobrecito a mi me iso llorar horrible😥😢😢😭,0,0,0,0,1,0
esp_train_track_a_00464,Me da miedo el último tramo de el video,0,0,1,0,0,0
esp_train_track_a_00465,A los tiempos que me e reído a tope con @<username>,0,0,0,1,0,0
esp_train_track_a_00466,Se arruino mi infancia😭😭,0,0,0,0,1,0
esp_train_track_a_00467,Me encantan los yolos aventuras,0,0,0,1,0,0
esp_train_track_a_00468,wowowowow no lo puedo crer yoloriana es realmente increible que guardado se lo tenian,0,0,0,0,0,1
esp_train_track_a_00469,Te odio eres castroso y tu voz esta bien fea te odio,1,1,0,0,0,0
esp_train_track_a_00470,Wow me quede muy sorprendida con esta teoria 😱😯😯😯😱,0,0,0,0,0,1
esp_train_track_a_00471,WOW está increíble la canción,0,0,0,1,0,1
esp_train_track_a_00472,Todo está por derrumbarse...,0,0,1,0,1,0
esp_train_track_a_00473,prefiero los @<username> piensa que son adultos solo son niños estupidos,1,1,0,0,0,0
esp_train_track_a_00474,¡LOS AMO NI SE VA PASAR DE MODA ESTO! 😍,0,0,0,1,0,0
esp_train_track_a_00475,Olvídate de los heiters son. Tontos,1,1,0,0,0,0
esp_train_track_a_00476,te amo @<username> nunca cambies,0,0,0,1,0,0
esp_train_track_a_00477,Pobre perrito yo me lo ubiera quedado,0,0,0,0,1,0
esp_train_track_a_00478,Esperemos que el gobierno regale armas de guerra a toda la población para que se defiendan de estos locos.,1,1,1,0,0,0
esp_train_track_a_00479,", nadie te quiere con esa canción estúpida",0,1,0,0,0,0
esp_train_track_a_00480,Me asusta escuchar todo esto... Soy venezolana...,0,0,1,0,0,0
esp_train_track_a_00481,Es él tema mas hermosa del mundo.. No puedo dejar de escuchar Mor Mor Mor Mor❤😍,0,0,0,1,0,0
esp_train_track_a_00482,A chichico le volvió a crecer él cabello :0 que alguien me explique como !Tengo miedo! :v,0,0,1,0,0,1
esp_train_track_a_00483,Me asustó pero el mundo verdadero,0,0,1,0,0,0
esp_train_track_a_00484,"No se porque no me sabia esto, esta bien facil xD buen video :3",0,0,0,1,0,0
esp_train_track_a_00485,"Dia 2 y no me la creo aun, esto es un sueño cierto?😭❤",0,0,0,0,1,1
esp_train_track_a_00486,"Wow!! Es hermoso la canción, letra, lugar donde se desarrolla! La amé❤😍",0,0,0,1,0,1
esp_train_track_a_00487,Ya me muero de curiosidad,0,0,0,1,0,1
esp_train_track_a_00488,Lo estamos bajando! Jajajaja,0,0,0,1,0,0
esp_train_track_a_00489,ya tengo 22 años y todabia me da miedo esa peli,0,0,1,0,0,0
esp_train_track_a_00490,Y tú cantas mucho peor pendejos,1,1,0,0,0,0
esp_train_track_a_00491,Me dan asco porque se comparan con los polinecios,0,1,0,0,0,0
esp_train_track_a_00492,"Lomito? Por favor dejen de denigrar a los perritos, llámenmele como es debido, canes o perros",0,1,0,0,0,0
esp_train_track_a_00493,"*me encanto , lo ame , me fascino , me todo wow felicidades @<username> te amo*",0,0,0,1,0,1
esp_train_track_a_00494,"tanto miedo a la comisión de la verdad, será porque tienen algo que esconder",0,0,1,0,0,0
esp_train_track_a_00495,Son estupidos nos ponen neuroticos me se la corio y la bailo,1,0,0,0,0,0
esp_train_track_a_00496,Menos mal que no les dimos TODO EL PODER,0,0,0,1,0,0
esp_train_track_a_00497,ojala en Mexico hicieran lo mismo con el lobo mexicano,0,0,0,0,1,0
esp_train_track_a_00498,Que hermoso 😭 voa a llorar,0,0,0,1,1,0
esp_train_track_a_00499,Pinche jente que los mata vanllase al infierno,1,1,0,0,0,0
esp_train_track_a_00500,jaJaja... No puede ser que cruel! jaJaja,0,0,0,1,0,1
esp_train_track_a_00501,Está bien el vídeo pero tú forma de hablar me pone nervioso,0,0,1,0,0,0
esp_train_track_a_00502,si eres mejor que mi profesora margarita alias ongito benenoso,0,0,0,1,0,0
esp_train_track_a_00503,Fua no exploto el orno por que por las latas 😮,0,0,0,0,0,1
esp_train_track_a_00504,"Excelente profe, súper claro",0,0,0,1,0,0
esp_train_track_a_00505,Jajajaja que asco de video,0,1,0,0,0,0
esp_train_track_a_00506,Tu eres perfecto como eres te @<username>,0,0,0,1,0,0
esp_train_track_a_00507,Los odio parareses gey qué onda ni si quiera saben bailar,1,1,0,0,0,0
esp_train_track_a_00508,Meda tristeza ojala los que hacen eso se mueran en vez de ellos,1,0,0,0,1,0
esp_train_track_a_00509,llore como nunca :'(,0,0,0,0,1,0
esp_train_track_a_00510,Ustedes ni enanos par ese y los PL asen mejores vídeos que ustedes estupido .,1,0,0,0,0,0
esp_train_track_a_00511,"Ya me da miedo que empiece otro mes, por que se pone peor",0,0,1,0,0,0
esp_train_track_a_00512,Se asombran demasiado y sin ir más lejos en Ucrania esta pasando lo mismo y nadie hace nada al respecto,1,0,0,0,0,1
esp_train_track_a_00513,Sonido qlo molestoso de la camara.,1,1,0,0,0,0
esp_train_track_a_00514,Por dios ni cuanto autotun en la voz de @<username> por dios /me encanto ❤,0,0,0,1,0,1
esp_train_track_a_00515,"cada vez que abro esta huevada, lo nombran a Correa, ya hasta cansa.",1,1,0,0,0,0
esp_train_track_a_00516,Me caen mal los @<username>,0,1,0,0,0,0
esp_train_track_a_00517,Que terror con estos vehículos pesados,0,0,1,0,0,0
esp_train_track_a_00518,Estos ya se creen cantantes q asco,0,1,0,0,0,0
esp_train_track_a_00519,Es el mejor roast dem mundo! 😙,0,1,0,0,0,0
esp_train_track_a_00520,"Hasta ahora se de el , pero el cáncer es una mierda",1,1,0,0,0,0
esp_train_track_a_00521,Oiga por que no maduran;son mas tontos,1,1,0,0,0,0
esp_train_track_a_00522,Me da mas miedo el PRI xD,0,0,1,0,0,0
esp_train_track_a_00523,Los @<username> son mucho mejores que ustedes no soy Hater pero me gustan los @<username> y Leslie es mi favorita,0,1,0,1,0,0
esp_train_track_a_00524,@<username> yo cuando ago roast peleas con mi hermana siempre le digo tu vete a la digo omg jajaa,0,0,0,1,0,1
esp_train_track_a_00525,mañana hay examen... ¡TENGO MIEDO!,0,0,1,0,0,0
esp_train_track_a_00526,que miedo y eso que ni soy de ese lugar :'v,0,0,1,0,0,0
esp_train_track_a_00527,"Jajajaa que horrible, no sentirán pena",0,1,0,0,0,0
esp_train_track_a_00528,¿Qué carajos acabo de ver? Xdxdxdxdxd,0,0,0,1,0,0
esp_train_track_a_00529,No sé si sigo dormida o sigo soñando,0,0,0,0,0,1
esp_train_track_a_00530,No es Chileno?.,0,0,0,0,0,1
esp_train_track_a_00531,@<username> te extrano mucho por que te vas 😭,0,0,0,0,1,0
esp_train_track_a_00532,Asi es como cada vez van cagando mas el mundo con estas mierdas,1,1,0,0,0,0
esp_train_track_a_00533,Te lo mereces #linduramayor en poco tiempo has logrado mucho . Exitos y Bendiciones en tu carrera para largo ❤,0,0,0,1,0,0
esp_train_track_a_00534,Omg que miedo ne dio mala espina #RaroYExtraño,0,0,1,0,0,1
esp_train_track_a_00535,Yo estuve cotizando y me sorprendio que la vivienda esta mas cara que en bogota .,0,0,0,0,0,1
esp_train_track_a_00536,me mori de miedo,0,0,1,0,0,0
esp_train_track_a_00537,Y ese sembrador de odio es periodista??,0,1,0,0,0,1
esp_train_track_a_00538,amo esta cancion,0,0,0,1,0,0
esp_train_track_a_00539,Esto da miedo Porque sabran que tiene potencial militar (combate y asalto),0,0,1,0,0,0
esp_train_track_a_00540,"Que mal., pésimo el señor disque periodista",0,1,0,0,0,0
esp_train_track_a_00541,No podría creer que cantaban tan hermoso,0,0,0,1,0,1
esp_train_track_a_00542,Esto merece billones de likes está que arde!,0,0,0,1,0,0
esp_train_track_a_00543,"Soy el único que se pone nerviosoh, cada ves, que cosmopolis pone una pausah?😂",0,0,1,1,0,0
esp_train_track_a_00544,Dios qué te hice para que ni una mosca se me acerque,0,0,0,0,1,1
esp_train_track_a_00545,Como doria nando lloreee a la melga,0,0,0,0,1,0
esp_train_track_a_00546,Nunca conocí a este brother pero igual lo siento mucho,0,0,0,0,1,0
esp_train_track_a_00547,Es l aprimera vez que veo uno de tus videos y me encanto y solo por este ya me susucribi 😉,0,0,0,1,0,0
esp_train_track_a_00548,Sera que de verdad pueda a ver una chispita,0,0,0,0,0,1
esp_train_track_a_00549,está de lo mejor este sketch jajjajaja,0,0,0,1,0,0
esp_train_track_a_00550,Por qué mierda no han hecho más sketch con este personaje jajajaja!?,1,0,0,1,0,0
esp_train_track_a_00551,Muy triste la historia del perrito,0,0,0,0,1,0
esp_train_track_a_00552,"Wow no me lo creo espere tanto :""3",0,0,0,0,0,1
esp_train_track_a_00553,Por que la gente es tan desalmada de hacerle algo asi a un perro indefenso,1,1,0,0,1,0
esp_train_track_a_00554,"Ja ja este botija si q esta loca, por Correa,",0,1,0,1,0,0
esp_train_track_a_00555,Me da miedo su voz porque cada vez que termina la frase la alarga y da miedo,0,0,1,0,0,0
esp_train_track_a_00556,"jajajajjajaja Genial!! da miedo el ""yo ya estoy""",0,0,1,1,0,0
esp_train_track_a_00557,Maldito los haters o como se escriba y fernanfloo se copia de @<username> #PUTOSHATERS,1,1,0,0,0,0
esp_train_track_a_00558,Bien dicho sin pruebas y compara EL GOBIERNO DE CORREA FUE DE DELICUENTES,1,1,0,0,0,0
esp_train_track_a_00559,Yo sabía que aleja y @<username> no Ivan a durar nada Aleja es una porqueria,0,1,0,0,0,0
esp_train_track_a_00560,"VAMOS POR LAS 100,000,000 REPRODUCCIONES.🤤❤🤔😻",0,0,0,1,0,1
esp_train_track_a_00561,No sabe cuánto me ayuda para poder explicar a mi hijo pequeño gracias,0,0,0,1,0,0
esp_train_track_a_00562,Todo lo que dice es real 😊😅😝 es una gran mierda,1,1,0,0,0,0
esp_train_track_a_00563,Me siento mal por averle dado una vista mas a esta pndeja,0,1,0,0,1,0
esp_train_track_a_00564,Me dió en la vena,0,0,0,0,1,0
esp_train_track_a_00565,Me encantó muchísimo la clase,0,0,0,1,0,0
esp_train_track_a_00566,Roban muy mal los contenidos,1,1,0,0,0,0
esp_train_track_a_00567,Ufff que canción,0,0,0,0,0,1
esp_train_track_a_00568,Ustedes tampoco pendejos y inútiles,1,1,0,0,0,0
esp_train_track_a_00569,wow esta genial me encanto no me lo puedo sacar de mi cabeza,0,0,0,1,0,1
esp_train_track_a_00570,La mejor canción de mi vida,0,0,0,1,0,0
esp_train_track_a_00571,Enserio existe gente que ve y le gusta este tipo de mierda?,1,1,0,0,0,1
esp_train_track_a_00572,que asco de roast atte los haters,1,1,0,0,0,0
esp_train_track_a_00573,Ya Le tengo Miedo Al mar😭😢😕😮,0,0,1,0,0,0
esp_train_track_a_00574,Da mucho miedo de el video que se ha hecho 👎,0,0,1,0,0,0
esp_train_track_a_00575,La peor canción es una mierda,0,1,0,0,0,0
esp_train_track_a_00576,No puedo creer que no es tendencias si es es la mejor cancion,0,0,0,0,0,1
esp_train_track_a_00577,que miedo #rayito,0,0,1,0,0,0
esp_train_track_a_00578,Like si crees que es gracioso,0,0,0,1,0,0
esp_train_track_a_00579,No puedo creer que llegara a un millon de likes,0,0,0,0,0,1
esp_train_track_a_00580,Callate porque los @<username> son mejores que ustedes,1,1,0,0,0,0
esp_train_track_a_00581,Se me salieron las lagrimas,0,0,0,0,1,0
esp_train_track_a_00582,Es muy triste,0,0,0,0,1,0
esp_train_track_a_00583,¡No! ¿Dónde esta el niño? Su cara expresaba más terror... jajajaja,0,0,1,1,0,1
esp_train_track_a_00584,Tal vez este loco pero pude sentir tristeza de todos :'v,0,0,0,0,1,0
esp_train_track_a_00585,Lo pongo de alarma y casi rompo mi teléfono 🙀,0,0,0,0,0,1
esp_train_track_a_00586,No que no revivan tengo miedo los quiero conocer pero no quiero lo odio a los dinosaurios 😭😭,0,0,1,0,0,0
esp_train_track_a_00587,Los que peor cantan son ustedes son unos inmaduros,1,1,0,0,0,0
esp_train_track_a_00588,Ay aunque el vídeo ya allá pasado me hizo llorar 😭,0,0,0,0,1,0
esp_train_track_a_00589,Hay pa que nos dices ya tengo miedo 😐😣😞😒,0,0,1,0,0,0
esp_train_track_a_00590,Soy tu fan los quiero jukilop espero y un día conocerte a ti @<username>,0,0,0,1,0,0
esp_train_track_a_00591,Es la peor cagada,0,1,0,0,0,0
esp_train_track_a_00592,México es muy peligroso,0,0,1,0,0,0
esp_train_track_a_00593,todavía no la supero,0,0,0,0,0,1
esp_train_track_a_00594,jajaja es verdad -.+? madre mía realidad,0,0,0,1,0,0
esp_train_track_a_00595,Lo más triste es que hay Alemanes que sienten orgullo por esto,0,1,0,0,1,0
esp_train_track_a_00596,Amo todas las canciones pero mas me gusto esta yoloriana por siempre no se separen nunca,0,0,0,1,0,0
esp_train_track_a_00597,"Empezó un poco mal el video. Una infracción es muy tenue SON DELITOS, CRÍMENES lo que cometieron",1,0,0,0,0,0
esp_train_track_a_00598,Me encanta esta parte,0,0,0,1,0,0
esp_train_track_a_00599,Lo ame y los amo,0,0,0,1,0,0
esp_train_track_a_00600,QUE DIABLOS ES LO QUE ACABO DE VER?,0,0,0,0,0,1
esp_train_track_a_00601,Porque mierda esta esto en tendencia? Me huele a botardos,1,1,0,0,0,0
esp_train_track_a_00602,Medio ganas de llorar 😭😢,0,0,0,0,1,0
esp_train_track_a_00603,Qué triste es saber todos estos que sucedió en la segunda guerra mundial 😭😭,0,0,0,0,1,0
esp_train_track_a_00604,Que bonita canción lástima que @<username> y Soni le hicieron baño a Mariana 💔,0,0,0,0,1,0
esp_train_track_a_00605,"Cómo cuando es buena la pauta, te vuelves ciego ante la realidad y tratas de defender lo indefendible.",0,1,0,0,0,0
esp_train_track_a_00606,No me kiero morir con uno de esos animales,0,0,1,0,0,0
esp_train_track_a_00607,No estubo mal amigo estubo súper bien tu familia es primero ante estos desgraciados,1,0,0,0,0,0
esp_train_track_a_00608,El video mas triste que he visto hoy.bss #Luisito,0,0,0,0,1,0
esp_train_track_a_00609,Guau que miedo hacerlo,0,0,1,0,0,1
esp_train_track_a_00610,La Gente pendeja cuando no tiene creatividad 🤣🤣🤣,0,0,0,1,0,0
esp_train_track_a_00611,¿no te da miedo que la gente explote? xd,0,0,1,0,0,0
esp_train_track_a_00612,No tengo palabras para explicar lo increíble que estuvo la cancion,0,0,0,1,0,1
esp_train_track_a_00613,Los odio malditos y porsierto son los peores YouTubers del mundo,1,1,0,0,0,0
esp_train_track_a_00614,Da mas miedo la chica de @<username> Hoy en el 2019 😰😰😰,0,1,1,0,0,0
esp_train_track_a_00615,Me hiso llorar por que mi abuelo se murió 😭,0,0,0,0,1,0
esp_train_track_a_00616,Que asco xd TODOS LOS QUE ESTAN SUSCRITOS A ESTE CANAL *todo bien en casa ?*,0,1,0,0,0,0
esp_train_track_a_00617,"los haters son unos tontos, que bueno que nunca te dejaste llevar por esos envidiosos ❤❤👍👍",1,1,0,1,0,0
esp_train_track_a_00618,Que bella es mi España...con tanto patrimonio cultural e histórico ❣,0,0,0,1,0,0
esp_train_track_a_00619,"Jajaja. Que buen vídeo, me hiciste la noche en esta cuarentena.",0,0,0,1,0,0
esp_train_track_a_00620,Con esto sólo queda darle los Santos Óleos al Licenciado Cuántico!,0,1,0,0,0,0
esp_train_track_a_00621,Que miedo no me quiera topar con la avispa de. Mar😨,0,0,1,0,0,0
esp_train_track_a_00622,Debido más bien a la irresponsabilidad de sus actos.lo que hacen por fama ...,1,0,0,0,0,0
esp_train_track_a_00623,WTF!! ya somos 11M vamos por más+,0,0,0,0,0,1
esp_train_track_a_00624,Yo tuve pesadillas de esa película luego me empezó a gustar y después me dió miedo otra vez 😂👍,0,0,1,1,0,0
esp_train_track_a_00625,sus videos me siguen salvando de apuros profe :') me acomodo mas con usted que con mi profesora :(,0,0,0,1,1,0
esp_train_track_a_00626,Esa película me asustaba y lo sigue haciendo,0,0,1,0,0,1
esp_train_track_a_00627,@<username> pajariyo que susto vi llegar el fin del rey palomo valla cosa perturbadora,0,0,1,0,0,1
esp_train_track_a_00628,No entiendo cómo de chico no me daba miedo y ahora no duermo,0,0,1,0,0,0
esp_train_track_a_00629,Que susto Qué paso con los Querubines? :(,0,0,1,0,1,1
esp_train_track_a_00630,Acá los que vieron el logo de el barça en una jarra 👇,0,0,0,1,0,0
esp_train_track_a_00631,Que feo roast):,0,1,0,0,1,0
esp_train_track_a_00632,Gracias ya me dolia la cabeza >:'v,0,0,0,1,0,0
esp_train_track_a_00633,Se me ha caído el corazón a pedazos. ☹️😭😭😿🙀,0,0,0,0,1,0
esp_train_track_a_00634,Me quedé con ganas de que va a pasar. Despues,0,0,0,0,0,1
esp_train_track_a_00635,No puedo creer que este video fue en junio y ahora en agosto ya a aumentado 2 M,0,0,0,0,0,1
esp_train_track_a_00636,Que asco jajajaja México cada vez más naco 😂😅😢,0,1,0,1,0,0
esp_train_track_a_00637,Estoy en las olimpiadas de matemáticas y tengo miedo,0,0,1,0,0,0
esp_train_track_a_00638,Aqui los que creen que sus videos dan gringe y dan asco,1,1,0,0,0,0
esp_train_track_a_00639,"Ay, a mi me dan miedo.",0,0,1,0,0,0
esp_train_track_a_00640,"Ahh pero cuando el gobierno decreta emergencia, tumban el decreto",1,1,0,0,0,0
esp_train_track_a_00641,Me gusto mucho el roast hay marina tu eres mas hermoza que katye angel ❤❤✌👍,0,0,0,1,0,0
esp_train_track_a_00642,Ni como defenderlos están dela vrga 😂,0,1,0,1,0,0
esp_train_track_a_00643,Que feos trajes wacatela me dan asco..😖😖😖,0,1,0,0,0,0
esp_train_track_a_00644,Ojala se valla al infierno las personas que hacen eso,1,0,0,0,0,0
esp_train_track_a_00645,Esa era la sorpresa de lo de instagram OMG!!,0,0,0,0,0,1
esp_train_track_a_00646,Te quedó muy bonito te AMO mucho,0,0,0,1,0,0
esp_train_track_a_00647,que miedo no se como llegue aca,0,0,1,0,0,1
esp_train_track_a_00648,La mejor banda de México,0,0,0,1,0,0
esp_train_track_a_00649,Lo aterrador es que fue hace poco,0,0,1,0,0,0
esp_train_track_a_00650,gran temazo el cual esta detallado el amor cuando no te valora. felicitaciones mi pana sigue tu camino bendiciones,0,0,0,1,0,0
esp_train_track_a_00651,Con razón mis compañeros son estúpidos si se quedan hasta las 4 de la mañana,0,1,0,0,0,0
esp_train_track_a_00652,demasiado bonita cacion cada ves que la escucho me pongo a llorar,0,0,0,0,1,0
esp_train_track_a_00653,No entiendo como una niña de 9 años le molesta viajar,1,1,0,0,0,0
esp_train_track_a_00654,son estúpidos nos ponen neoroticos,1,1,0,0,0,0
esp_train_track_a_00655,Hola yo lo quiero que sepas que mi hermana le tiene miedo a las mariposas y pajaros,0,0,1,0,0,0
esp_train_track_a_00656,"Son la muerte, pilas en un año o menos para que saquen los tronchos de LASSO !!",1,1,0,0,0,0
esp_train_track_a_00657,#sofami plis agan un teem los @<username> mucho a los dos me encanto mor mua,0,0,0,1,0,0
esp_train_track_a_00658,Extraño a ese Germán,0,0,0,0,1,0
esp_train_track_a_00659,Ralf! No me lo puedo creer!! Hace tiempo que no me salías en videos,0,0,0,1,0,1
esp_train_track_a_00660,Felisidades ya somos 11 millones😙😙,0,0,0,1,0,0
esp_train_track_a_00661,Estan criticando a Los polinecios . de seguro se lo debol beran ellos a ustedes,1,1,0,0,0,0
esp_train_track_a_00662,De solo ver el vídeo siento que me da comezón en todo el cuerpo,0,1,0,0,0,0
esp_train_track_a_00663,"Lo peor es el desgaste político que se marco Petro, PONIENDO EN RIESGO LAS OTRAS REFORMAS.",1,1,0,0,0,0
esp_train_track_a_00664,Porque hay gente. Tan envidiosas que le paran dando dislikes ? 19K ei diablo,0,1,0,0,0,1
esp_train_track_a_00665,Molotov es la mejor banda que ha existido en México,0,0,0,1,0,0
esp_train_track_a_00666,Me gusto mucho @<username> te quedo muy bonito😍😘😗,0,0,0,1,0,0
esp_train_track_a_00667,Esta chever esta serie felicidades..,0,0,0,1,0,0
esp_train_track_a_00668,Correa ordeno comprar esos productos y se robo la mitad de la plata,1,1,0,0,0,0
esp_train_track_a_00669,no puedo creer que panda se revelara en el,0,0,0,0,0,1
esp_train_track_a_00670,"Mientras no usen los arcillos, pueden ser todo lo pendejos que quieran",1,1,0,0,0,0
esp_train_track_a_00671,Tengo miedo! Sentí que algo toco mi pie! Y mi mamá me pego por gritar,0,0,1,0,0,0
esp_train_track_a_00672,No me canso de escucharlo,0,0,0,1,0,0
esp_train_track_a_00673,Que espantoso y Asqueroso como puede a ver gente tan Marrana totalmente monstruoso,1,1,0,0,0,0
esp_train_track_a_00674,YOLORIANA ES REAL no lo puedo creer me quedé en shock la BESO,0,0,0,0,0,1
esp_train_track_a_00675,"Igual que instragam que te mete publicidad y te roba info, en Temu recibo más por lo mismo.",0,1,0,0,0,0
esp_train_track_a_00676,"Esta muy cabrona la cumbia, felicitaciones!",0,0,0,1,0,1
esp_train_track_a_00677,Hermoso lo ame cantan hermoso,0,0,0,1,0,0
esp_train_track_a_00678,"Menos mal que se fue, y que se le olvide el camino a Colombia",0,1,0,0,0,0
esp_train_track_a_00679,nunca querre ir a ustraulia tengo miedo y e visto vídeos muy feos de ese país 😥,0,0,1,0,0,0
esp_train_track_a_00680,Y a mí que me importa la opinión de esa ridícula española,1,1,0,0,0,0
esp_train_track_a_00681,Me siento triste por el tiburon 😢,0,0,0,0,1,0
esp_train_track_a_00682,"GRACIAS, GRACIAS, GRACIAS. ME SALVASTE LA VIDA.",0,0,0,1,0,0
esp_train_track_a_00683,Dios que Hermosos!!!,0,0,0,1,0,1
esp_train_track_a_00684,esto esmuy triste no sebale que le hisieron eso alas personas por se judias 😯😮😭😿,0,0,0,0,1,0
esp_train_track_a_00685,Pero como ago la operación si no tengo o no puedo utilizar la calculadora 😢,0,0,0,0,1,0
esp_train_track_a_00686,Que clase de weex es eso!,0,0,0,0,0,1
esp_train_track_a_00687,Me ayudo bastante esto!,0,0,0,1,0,0
esp_train_track_a_00688,Me gusta la vieja con cara de mia khalifa,0,0,0,1,0,0
esp_train_track_a_00689,like si les dio miedo,0,0,1,0,0,0
esp_train_track_a_00690,Que miedo son muy venenonos 😨😨😨😱,0,0,1,0,0,0
esp_train_track_a_00691,Es muy bueno explicando,0,0,0,1,0,0
esp_train_track_a_00692,Lo que pasa es el turismo por prostitución y drogas.,0,1,0,0,0,0
esp_train_track_a_00693,"Como que polémica?? Que parte de esto tiene... Ugh, en qué mundo vivimos?",1,1,0,0,0,1
esp_train_track_a_00694,Ya 11 millones supero a juan de dios😱😱😱😍,0,0,0,0,0,1
esp_train_track_a_00695,Me encanto el video es el mejor video #Mor,0,0,0,1,0,0
esp_train_track_a_00696,Esto si va a ser una película de verdad o va a ser la misma mierda que hizo Wismichu.,1,1,0,0,0,0
esp_train_track_a_00697,Me parece una falta de respeto que esta obra maestra solo tenga 24M >:v,0,0,0,0,0,1
esp_train_track_a_00698,Este video me da una gran sensación de nostalgia 😓,0,0,1,0,1,0
esp_train_track_a_00699,se superaron esta diper wow like si piensas lo mismo,0,0,0,1,0,1
esp_train_track_a_00700,Sois los mejores 👌🌍 os amo ❤ les ha quedado una canción super super chida 👌👑 💙💙💙💜💜💜,0,0,0,1,0,0
esp_train_track_a_00701,"No puedo creer que esto tenga más likes, que otras cosas más importantes",1,0,0,0,0,1
esp_train_track_a_00702,LLEGAMOS A LOS 50 M!!! FELICIDADES GERMANNN,0,0,0,1,0,0
esp_train_track_a_00703,Queee? Carne de perro 🐶!! qué ascooo!!! 😫🤮,0,1,0,0,0,0
esp_train_track_a_00704,Malditos los que comentaron todo eso malo like si lo crees,1,1,0,0,0,0
esp_train_track_a_00705,Me encantoo Yolorianaa por siempre,0,0,0,1,0,1
esp_train_track_a_00706,Me gustaría que lo pasen por la tele ❤se ve bien producido,0,0,0,1,0,0
esp_train_track_a_00707,Malditas las personas que los maltratan al mejor amigo del hombre,1,1,0,0,0,1
esp_train_track_a_00708,? qué está locos,0,0,0,0,0,1
esp_train_track_a_00709,Dios mio no puedo creer que las personas vean esto vine por Nicolás jajajaja,0,0,0,1,0,1
esp_train_track_a_00710,Pobre @<username> queria el beso y desapareció Mariana,0,0,0,0,1,0
esp_train_track_a_00711,Dan asco ovio que son mejores que los @<username>,0,1,0,0,0,0
esp_train_track_a_00712,Que miedo ni loca me voy para allá 😱😱,0,0,1,0,0,0
esp_train_track_a_00713,Creo que yoloriana es real tengo nervios,0,0,1,0,0,0
esp_train_track_a_00714,Pobre nando se cedo con ambre😊😮❤,0,0,0,0,1,0
esp_train_track_a_00715,Son lo maximooo chikos..,0,0,0,1,0,0
esp_train_track_a_00716,tengo miedo ahora gracias,0,0,1,0,0,0
esp_train_track_a_00717,"Esto se va a descontrolar!!, sólo queda un minuto, no puedo esperar",0,0,0,1,0,1
esp_train_track_a_00718,"Que maravilla de video 👏👏👏, tienen toda la razón..",0,0,0,1,0,0
esp_train_track_a_00719,quieren ser los @<username> pero tristemente no lo son,1,1,0,0,1,0
esp_train_track_a_00720,"ven a México,,👍😍Me encantó 💓🙌",0,0,0,1,0,0
esp_train_track_a_00721,@<username> los pioneros del chisme.,0,1,0,0,0,0
esp_train_track_a_00722,Lo espere más que mi propia canción jajajaja,0,0,0,1,0,0
esp_train_track_a_00723,Los @<username> son mejores que ustedes estúpidos al talento les falta,1,1,0,0,0,0
esp_train_track_a_00724,"Que asco Tik Tok, es para básicos!!!",0,1,0,0,0,0
esp_train_track_a_00725,Pasense por mi canal y suscribete li AMAS a @<username>,0,0,0,1,0,0
esp_train_track_a_00726,¿ Y qué de malo tiene eso ?,0,0,0,0,0,1
esp_train_track_a_00727,"Eso me encanta de los burros que van como loco,terminan hechos mierda",0,0,0,1,0,0
esp_train_track_a_00728,Te amo @<username> sos lo mejor gracias por tus maravillosos vídeos amo esta canción,0,0,0,1,0,0
esp_train_track_a_00729,Me pongo a llorar con esa cancion 😔😔,0,0,0,0,1,0
esp_train_track_a_00730,Facilito papa yme creo mexicano jajaj🤣🤣🤣💦,0,0,0,1,0,0
esp_train_track_a_00731,Videaso y temon!! Un poco mas de autotune y listo 😁,0,0,0,1,0,1
esp_train_track_a_00732,Me muero Dios mío me encanto,0,0,0,1,0,0
esp_train_track_a_00733,Estoy harto de las matemáticas,1,1,0,0,0,0
esp_train_track_a_00734,es feo todo,0,1,0,0,0,0
esp_train_track_a_00735,"no entiendo por que el profe no pone en el titulo,despejar x D; me complique todo este tiempo jajajja",0,0,0,1,0,0
esp_train_track_a_00736,esa gente que se burlo se merece el infierno,1,0,0,0,1,0
esp_train_track_a_00737,@<username> tu canción estuvo muy padre te quiero mucho,0,0,0,1,0,0
esp_train_track_a_00738,Aaaa los amooo y amooo la cancion te amo los amo ah,0,0,0,1,0,0
esp_train_track_a_00739,Solo entre a este video porque queria sentir pena ajena... hay no ya me salio una carie #QUE ASCO,1,1,0,0,0,0
esp_train_track_a_00740,Que pena iyo nunca le aria eso a mi perro,0,0,0,0,1,0
esp_train_track_a_00741,Que tontos los que le dieron👎,1,1,0,0,0,0
esp_train_track_a_00742,"Despues del Film ""Un chien Andaluz"" esto es lo mas bizarro que he visto.",0,1,0,0,0,1
esp_train_track_a_00743,Este video me sirvió demasiado,0,0,0,1,0,0
esp_train_track_a_00744,Con todo el respeto tengo mis serias dudas.,0,1,0,0,0,1
esp_train_track_a_00745,"Eso sí que da miedo, Antes de cometer un crimen se la pensarán más de dos veces, Bravo Bukele🫡",0,0,1,0,0,0
esp_train_track_a_00746,"no mames wey te pasaste, me enamoré de la canción, la quiero tener en mi lista de canciones 😍",0,0,0,1,0,0
esp_train_track_a_00747,Me encanta la canción @<username> te amo soy Sara estas linda,0,0,0,1,0,0
esp_train_track_a_00748,Sofía es bien fea es una estupida,1,1,0,0,0,0
esp_train_track_a_00749,Omg me muero quedo increíble,0,0,0,0,0,1
esp_train_track_a_00750,Correa es hipócrita a niveles que nadie supera,1,1,0,0,0,0
esp_train_track_a_00751,"Waoo me encantó, y más aún el vídeo 😉",0,0,0,1,0,1
esp_train_track_a_00752,Faltó el perro jajaja,0,0,0,1,0,0
esp_train_track_a_00753,Pobre Juanito sin saber que hacer,0,0,0,0,1,0
esp_train_track_a_00754,me encanto la canscion y el canbio de lok de mariana los amo,0,0,0,1,0,0
esp_train_track_a_00755,Jajaja y la parte del,0,0,0,1,0,0
esp_train_track_a_00756,like si quieres que venja a NL.😉😉😉,0,0,0,1,0,0
esp_train_track_a_00757,"descubrió que el agua moja, y eso no es solo aquí",0,1,0,0,0,1
esp_train_track_a_00758,"Clarísimo... se fue xq no le tocó la troncha, aunque lo disfrace como quiera...",0,1,0,0,0,0
esp_train_track_a_00759,Hacerle caso ese sin vergüenza lo peor que a tenido el país,1,1,0,0,1,0
esp_train_track_a_00760,que wea el agua estoy flipandooOOo,0,0,0,1,0,1
esp_train_track_a_00761,me asuste por el titulo,0,0,1,0,0,0
esp_train_track_a_00762,Vos me pones margarina y yo te dejo es un asco,1,1,0,0,0,0
esp_train_track_a_00763,Like si te dio pena la del bebé que se ahoga,0,0,0,0,1,0
esp_train_track_a_00764,Y lo peor !!!es q es verdad jajajaja,0,0,0,1,0,0
esp_train_track_a_00765,Y la cara de amy me da caries,0,1,0,0,0,0
esp_train_track_a_00766,Maldito es todo infantili cometa si es todo infantil y no madura,1,1,0,0,0,0
esp_train_track_a_00767,"muy bueno, me dejas con ganas de visitar",0,0,0,1,0,0
esp_train_track_a_00768,Los amo❤ merecen mas,0,0,0,1,0,0
esp_train_track_a_00769,shit es mierda,1,1,0,0,0,0
esp_train_track_a_00770,Malditos asesinos 😭 los voy a matar con mis propias manos ya tienen su dia señalado 🤬🗡,1,0,0,0,0,0
esp_train_track_a_00771,Ojalá que Trump destruya todos los carteles de México.,1,0,0,0,0,0
esp_train_track_a_00772,Esto si es LaBosta!,0,0,0,1,0,0
esp_train_track_a_00773,Que asco los dos 🤢,0,1,0,0,0,0
esp_train_track_a_00774,Jajajaj por fin en mi hermoso pais espero la hayas pasado genial,0,0,0,1,0,0
esp_train_track_a_00775,"Fua,si estamos tan emocionadxs con esto imaginense con el roast de Mariana. A mueroo",0,0,0,1,0,1
esp_train_track_a_00776,"2018 y me sigue dando miedo :,v",0,0,1,0,0,0
esp_train_track_a_00777,Buen tema... Pero no te queda Kike... saludos.!🔥,0,1,0,0,0,0
esp_train_track_a_00778,mm que lindo me encanto muucho,0,0,0,1,0,1
esp_train_track_a_00779,No puede ser no lo puedo crer qué yoloriana se está arruinando por qué,0,0,0,0,0,1
esp_train_track_a_00780,Vieja fea y ridicula,1,1,0,0,0,0
esp_train_track_a_00781,Que asco y miedo solo eso esta en austraila tengo miedo,0,1,1,0,0,0
esp_train_track_a_00782,No digan eso me hacen llorar,0,0,0,0,1,0
esp_train_track_a_00783,Como le faltan el respeto a los @<username> son mejores que ustedes😡,1,1,0,0,0,0
esp_train_track_a_00784,"Es poco,sin unos buenos músicos.",0,1,0,0,0,0
esp_train_track_a_00785,OMG me mori con la peppa de atras,0,0,0,0,0,1
esp_train_track_a_00786,"Jummm y eso que es el gobierno del cambio y de la austeridad, del cambio pero para empeorar 😢",0,1,0,0,1,0
esp_train_track_a_00787,Eres mentiroso si nunca tomo agua no seguiria viva 😒,1,1,0,0,0,0
esp_train_track_a_00788,Te quedo increíble @<username>,0,0,0,1,0,1
esp_train_track_a_00789,hasta que al fin salio gg muy bueno :) lo mas esperado,0,0,0,1,0,0
esp_train_track_a_00790,Que no puede ser,0,0,0,0,0,1
esp_train_track_a_00791,Emm me da miedo morir nd mas vi el vídeo y me paso eso x la mente,0,0,1,0,0,0
esp_train_track_a_00792,Esto es una falta de respeto a la canción original 🤣🤣🤣,1,1,0,1,0,0
esp_train_track_a_00793,Odio pero odio a la gente que vota a los perros como si nada 😡😭😡😭😡,1,0,0,0,1,0
esp_train_track_a_00794,Ua hace tiempo que salio esto y todavia me hace reir,0,0,0,1,0,0
esp_train_track_a_00795,Que groseros las presonas que critican a AEME,1,0,0,0,0,0
esp_train_track_a_00796,"por que esta mierda tiene tantas vistas ,._.,",1,1,0,0,0,0
esp_train_track_a_00797,El mencho debe estar temblando,0,0,1,0,0,0
esp_train_track_a_00798,Wow me sorprendió el final yoloriana es reaaal,0,0,0,0,0,1
esp_train_track_a_00799,"Si usted no existiera no se que seria de mi vida, desde la prepa me ha ayudado mucho ♥",0,0,0,1,0,0
esp_train_track_a_00800,Mañana tengo una evaluación y me siento super estresada por que no entiendo 😤😤,1,1,1,0,0,0
esp_train_track_a_00801,Siempre diva sigue así @<username> bailas excelente estás hermosa al igual que kima las dos son preciosas,0,0,0,1,0,0
esp_train_track_a_00802,Oommggg el beso me volví loca es verdad o mentira estoy sdoñando,0,0,0,0,0,1
esp_train_track_a_00803,Maricaaa no puedo dejar de escucharla! Why?,0,0,0,1,0,1
esp_train_track_a_00804,Valió la pena la espera? Valió cada maldito srgundo,0,0,0,1,0,0
esp_train_track_a_00805,que increible esta cosa si . jajaj,0,0,0,1,0,0
esp_train_track_a_00806,si es de verdad la teoria pues me da escalofrio,0,0,1,0,0,1
esp_train_track_a_00807,Si están espantosos 😮,0,1,0,0,0,1
esp_train_track_a_00808,Oh 😯 rayos ⚡️‼️ no me lo puedo quitar de la cabeza,0,0,0,0,0,1
esp_train_track_a_00809,No puedo mas con esto,1,0,0,0,1,0
esp_train_track_a_00810,No mames! De 2018 xd cuando paso tanto tiempo?,0,0,0,0,0,1
esp_train_track_a_00811,Luisillo: Eso casi me mata! 🤣🤣🤣,0,0,0,1,0,0
esp_train_track_a_00812,Hay que feo video son unos pelotudos,1,1,0,0,0,0
esp_train_track_a_00813,La escucho miles de veces ya.Me la se entera,0,0,0,1,0,0
esp_train_track_a_00814,Cada vídeo que documentas es realmente increíble.,0,0,0,0,0,1
esp_train_track_a_00815,Veo esto y digo. Tengo que ir y verlo bien ácido. Impresionante wey,0,0,0,0,0,1
esp_train_track_a_00816,Que asco .rimas más forzadas más no se puede Mil veces Ariana Grande thank u next.,1,1,0,0,0,0
esp_train_track_a_00817,Que patéticos esos pu están más chidos lospolinesios,1,1,0,0,0,0
esp_train_track_a_00818,Esta chévere la canción pero me da un poco de inquietud el maquillaje,0,0,1,1,0,1
esp_train_track_a_00819,Me da mas miedo el pez piedra y la serpiente,0,0,1,0,0,0
esp_train_track_a_00820,Me pregunto cómo corrió sin zapatillas..eso..es increíble ...Dios mío..esta chica es de acero,0,0,0,0,0,1
esp_train_track_a_00821,Que pena medio que te rechasaran asi,0,0,1,0,1,0
esp_train_track_a_00822,dejen de comercializar no sean vendidos de mierda,1,1,0,0,0,0
esp_train_track_a_00823,Todos menos tu lo siento :(,0,0,0,0,1,0
esp_train_track_a_00824,ME ENCANTA 💕😙 HACEN UN BUEN DUO 😊 DEBERIAN CANTAR JUNTOS 😉 BENDICIONES Y LES DESEO LO MEJOR PARA USTEDES SON LO MEJOR 😊💕😙,0,0,0,1,0,0
esp_train_track_a_00825,No me creo lo que acavo de VER 😱,0,0,0,0,0,1
esp_train_track_a_00826,Wow me sorprendió lo de los tacos,0,0,0,0,0,1
esp_train_track_a_00827,como que somos estupidos,1,1,0,0,0,0
esp_train_track_a_00828,"De por si da miedo vivir en México, ahora en USA un terror 😧",0,0,1,0,0,0
esp_train_track_a_00829,La policía en México siempre ha sido un chiste bola de puercos inútiles,1,1,0,0,0,0
esp_train_track_a_00830,Mi infancia quedo arruinada =(,0,0,0,0,1,0
esp_train_track_a_00831,Ojalá los despidan !,1,0,0,0,0,0
esp_train_track_a_00832,Ustedes son peor porque los @<username> son mejores son tontos oque 👅👌👌👎👆👎👎👎👆,1,1,0,0,0,0
esp_train_track_a_00833,Que Dios todo Poderoso continúe derramando su Gracia sobre usted y bendiga su familia por tanta ayuda que nos da.,0,0,0,1,0,0
esp_train_track_a_00834,"No mames, es el peor Roast Yourself que eh escuchado, no se como llegue a esta💩.",0,1,0,0,0,0
esp_train_track_a_00835,WoW. la canción más increíble like si eres fan de ami. o de amara,0,0,0,1,0,1
esp_train_track_a_00836,odio alas perreras y alos que los matan,1,1,0,0,0,0
esp_train_track_a_00837,@<username> recibió la censura de donde menos se lo esperaban 😂.,0,0,0,1,0,0
esp_train_track_a_00838,parece que el mafioso mas mafioso que decia la Jueza Collantes era Rommy Vallejo y no PPSesa,1,1,0,0,0,1
esp_train_track_a_00839,una mujer enojada es el mayor miedo de los hombres,0,0,1,0,0,0
esp_train_track_a_00840,¡Que chido es el mejor ROAST que e escuchando! Lo veo miles de veces,0,0,0,1,0,0
esp_train_track_a_00841,En vez de reirme... casi lloro... Es justo lo q nos pasa cuando vemos a nuestra ex pareja... q sad😭😢,0,0,0,0,1,0
esp_train_track_a_00842,Qué capo sos!!! Miré una cantidad de videos y solo la tuya entendí👏,0,0,0,1,0,1
esp_train_track_a_00843,"Buenisismo, no lo puedo creer. Están melos, sisa sisa.",0,0,0,0,0,1
esp_train_track_a_00844,Da más que miedo horror,0,0,1,0,0,0
esp_train_track_a_00845,yo no quiero morir con 8 años,0,0,1,0,0,0
esp_train_track_a_00846,Que cosa tan ridicula cantando son peor :los odio a los @<username>,1,1,0,0,0,0
esp_train_track_a_00847,Única rola chingona que se carga este we,1,0,0,1,0,1
esp_train_track_a_00848,Lo noto triste y decaido,0,0,0,0,1,0
esp_train_track_a_00849,Ala madre q asco y crueldad en ese pueblo,1,1,0,0,0,0
esp_train_track_a_00850,Callate eres el peor YouTuber amara no debería estar con rigo,1,1,0,0,0,0
esp_train_track_a_00851,Jajajajaja buenísimo hermano sigue así con esta serie,0,0,0,1,0,0
esp_train_track_a_00852,@<username> aventuras es una mierda y me +asturbo con las fotos de mariana,0,1,0,0,0,0
esp_train_track_a_00853,Son estupidos nos ponen neuroticos,1,1,0,0,0,0
esp_train_track_a_00854,me encanto la cancion son los mejores estoi triste por i que nunca los vere en la vida real,0,0,0,1,1,0
esp_train_track_a_00855,"buenisimo, los cultivos son un problema estructural.",0,1,0,0,0,1
esp_train_track_a_00856,Los muertos son de Petro por no actuar..,1,1,0,0,0,0
esp_train_track_a_00857,Te odio eres el peor youtuber 😈😈,1,1,0,0,0,0
esp_train_track_a_00858,@<username> aventuras son lo mejor usted as son mi ispirasion los amo,0,0,0,1,0,0
esp_train_track_a_00859,Que asco los veo pero tampoco sean tan payasos,1,1,0,0,0,0
esp_train_track_a_00860,yo era un niño super feliz. Y pasaron 9 años. Y asta que cresi. Mi vida fue un ascooo.,0,1,0,0,1,0
esp_train_track_a_00861,Me miedo mas miedo la araña,0,0,1,0,0,0
esp_train_track_a_00862,Llegue temprano no lo puedo creer,0,0,0,1,0,1
esp_train_track_a_00863,Pues sí parece que lo estoy copiando Leslie estúpidos bastardos,1,1,0,0,0,0
esp_train_track_a_00864,Qué crueldad pobre gente,0,0,0,0,1,0
esp_train_track_a_00865,Excelente explicación lo entendí bien ❤❤❤,0,0,0,1,0,0
esp_train_track_a_00866,Que estupidez a y son estupidos,1,1,0,0,0,0
esp_train_track_a_00867,es uno de los videos mas raro de @<username> que he visto.. creo que el mas raro...,0,1,0,0,0,1
esp_train_track_a_00868,No entiendo porque en vez de regalarlo lo abandonan!!!,1,1,0,0,0,0
esp_train_track_a_00869,Cómo van A decir Que Los @<username> No Saben Cantar Y que Son Ridículos?😒🖕🏾,1,1,0,0,0,0
esp_train_track_a_00870,Son muy groseros con los @<username> y no dicen eso,1,1,0,0,0,0
esp_train_track_a_00871,Nooo mamen que fea canción y qe pedo con su nariz 😐😮😨,1,1,0,0,0,1
esp_train_track_a_00872,dame un corazoncito pls los amo,0,0,0,1,0,0
esp_train_track_a_00873,Yo vi esto cuando tenia 6años y me daba miedo q la bruja venga por mi,0,0,1,0,0,0
esp_train_track_a_00874,"Eso es vivir del arte, por eso y mas son la Vergara",0,0,0,1,0,0
esp_train_track_a_00875,"En ese momento @<username> supo lo que era cancer de pulmon!!! Estos indues se comen hasta las moscas, que asco!!",0,1,0,0,0,0
esp_train_track_a_00876,ME PARECE FALSO ESTE ALCALDE DE GUAYAQUIL,0,1,0,0,0,0
esp_train_track_a_00877,No puedo creer que este toxo aquí veo sus vídeos,0,0,0,0,0,1
esp_train_track_a_00878,"Lo que da mas miedo de la película es la música :""v",0,0,1,0,0,0
esp_train_track_a_00879,Esta muy bonita la cancion amii el final estuve re lindo,0,0,0,1,0,1
esp_train_track_a_00880,Cierto!! da pena esa ortografia.,0,1,0,0,1,1
esp_train_track_a_00881,a quella gente q le dijo eso muy sucio,0,1,0,0,0,0
esp_train_track_a_00882,Que miedo siempre me amanezco 😬😬😬,0,0,1,0,0,0
esp_train_track_a_00883,Y el hijo dónde está??? Puro amarillismo!!!,1,1,0,0,0,0
esp_train_track_a_00884,¡Esta Tarde Tenemos Que Ganar!,0,0,0,1,0,0
esp_train_track_a_00885,Está increíble no lo puedo creer,0,0,0,0,0,1
esp_train_track_a_00886,Sis videos apestan como sj cara y son es#,1,1,0,0,0,0
esp_train_track_a_00887,Pendejos estupidos parese que no sonpendejos,1,1,0,0,0,0
esp_train_track_a_00888,Ese gordito me da miedo ;-;,0,0,1,0,0,0
esp_train_track_a_00889,Y vamos para peor.,1,1,0,0,1,0
esp_train_track_a_00890,Hay no! Que ascoo! 😖😝,0,1,0,0,0,0
esp_train_track_a_00891,quien lloro por su ex yo si,0,0,0,0,1,0
esp_train_track_a_00892,Ati si se te entiende gracias !,0,0,0,1,0,0
esp_train_track_a_00893,Está canción me hace llorar,0,0,0,0,1,0
esp_train_track_a_00894,Que asco yo odio a los cienpies 😱🤢🤮😡,1,1,0,0,0,0
esp_train_track_a_00895,tengo miedo y eso que vivo en argentina,0,0,1,0,0,0
esp_train_track_a_00896,"No puedo creer que escuchaba esto, pero que más xd",0,0,0,0,0,1
esp_train_track_a_00897,kevlex en la portada yo: ke tengo q verrr esto!!!:),0,0,0,0,0,1
esp_train_track_a_00898,"@<username> que buenos son tus contenidos de YouTube, me encantas!! Sigue así!! 💋💋",0,0,0,1,0,1
esp_train_track_a_00899,Esta hermoso los amoo me encantó que hermoso 😍😋🥀🥀 que suyas au,0,0,0,1,0,0
esp_train_track_a_00900,Me encanta xD,0,0,0,1,0,0
esp_train_track_a_00901,ma ra vi llo so! :D me gustó mucho jajaja,0,0,0,1,0,1
esp_train_track_a_00902,Maten a los mexicanos matatarores,1,1,0,0,0,0
esp_train_track_a_00903,"Te felicito @<username> eres una gran persona!! Con la ayuda de Dios seguiras triunfando, y siguiendo tus sueños!!Te queremos mucho❤🎉🎊",0,0,0,1,0,0
esp_train_track_a_00904,Son estúpidos tienen Cara de cerdo,1,1,0,0,0,0
esp_train_track_a_00905,".,__,. me descuide un segundo y me confundi en todo",0,0,0,0,0,1
esp_train_track_a_00906,Que crueldad más grande...conmueve el alma.😭😭😭,0,0,0,0,1,0
esp_train_track_a_00907,yo antes le tenia miedo a las vacunas pero ahora un poco nomas,0,0,1,0,0,0
esp_train_track_a_00908,no me voy a suscribir a Manuel tengo miedo la verdad,0,0,1,0,0,0
esp_train_track_a_00909,No son haters son que quieren atención miran tus vídeos asique 🤣 son unos retrasados los haters,0,1,0,1,0,0
esp_train_track_a_00910,Que miedo siempre me acuesto a las 4 o 5 am asi que chaooo,0,0,1,0,0,0
esp_train_track_a_00911,Excelente! Guerra a los narcos.,0,0,0,1,0,0
esp_train_track_a_00912,Llore en la parte donde essta tristeee,0,0,0,0,1,0
esp_train_track_a_00913,Yoloriana es real aaa no lo puedo creer,0,0,0,1,0,1
esp_train_track_a_00914,"Muy cruel el video luisito, pobres aves y pobre perro 😢",0,1,0,0,1,0
esp_train_track_a_00915,"Me sirvió muchisimo,apenas ahora lo estoy viendo ya que mañana me voy a ala secundaria",0,0,0,1,0,0
esp_train_track_a_00916,"no puede ser, por este video se quién ganó los millones en videos que aún no había visto 🥲",0,0,0,0,0,1
esp_train_track_a_00917,Que triste cancion pero que bueno que se reconciliaron,0,0,0,0,1,0
esp_train_track_a_00918,"Tu contenido es buenísimo, pero tu voz... me desespera, no se por que la alargas",0,1,0,0,0,0
esp_train_track_a_00919,"No se que es peor, el fanatismo religioso o el politico",0,1,0,0,0,0
esp_train_track_a_00920,Que porqueria no te da asco Paisano hacer este tipo de porq... fea entrevista,0,1,0,0,0,0
esp_train_track_a_00921,ME AYUDA MUCHO ESOS EJERCICIOS,0,0,0,1,0,0
esp_train_track_a_00922,😢Lo peor es que tie e razon 😮,0,0,0,0,1,1
esp_train_track_a_00923,"YA DEJEN DE HACER MAMADAS , POR ESO MEXICO NO PROGRESAAA",1,1,0,0,0,0
esp_train_track_a_00924,Sin palabras! Este sin vergüenza de Correa se pasó.,0,1,0,0,0,1
esp_train_track_a_00925,No puedo creer que no te conocia ha cido un gran error,0,0,0,0,1,1
esp_train_track_a_00926,La mejor película de Ecuador 😍,0,0,0,1,0,0
esp_train_track_a_00927,Que paso con sarmiento angulo no contó esta parte y el queda impune por ser burgués,1,1,0,0,0,0
esp_train_track_a_00928,Jajajajja buem video Este correa es un payaso 🤡 DE CIRCO no tiene nada que hacer,0,1,0,1,0,0
esp_train_track_a_00929,Es la pareja que más me da asco,0,1,0,0,0,0
esp_train_track_a_00930,Lo amo y amo sus vídeos son los mejores capitan💖💜💚💜💚💖💖,0,0,0,1,0,0
esp_train_track_a_00931,Me da miedo la muerte de todos 🥺🥺más la de Javier sus ojos,0,0,1,0,1,0
esp_train_track_a_00932,me gusta sus canciones,0,0,0,1,0,0
esp_train_track_a_00933,Qué poca madre tiene el ser humano...🙅😫,1,1,0,0,1,0
esp_train_track_a_00934,Que bien ese @<username> .. la marcaste y la rompiste bro,0,0,0,1,0,1
esp_train_track_a_00935,Me encantó el de panda y los otros tambien,0,0,0,1,0,0
esp_train_track_a_00936,entendi super bien tengo que entregar un trabajo y no entendia nada ahora veo que es super facil gracias,0,0,0,1,0,0
esp_train_track_a_00937,Me cata. La canción. Los. Amo. @<username> aventuras. Amo. A mariana. A panda. A. Yolo. A nado. Los amo,0,0,0,1,0,0
esp_train_track_a_00938,Me encanto te amo puedes eso y mucho más 😍😍❤️,0,0,0,1,0,0
esp_train_track_a_00939,Le tengo miedo a la basura es normal que me de miedo esta basura ??,0,1,1,0,0,0
esp_train_track_a_00940,😭que pena me hiso llorar pobrecito like si amas a los perros,0,0,0,0,1,0
esp_train_track_a_00941,Lo escucho 24/7 me la se de memoria y la canto asta quedarme sin saliva jeje🤣🤣🤣 LA AMO ❤🥰🥰❤🥰🥰❤🥰,0,0,0,1,0,0
esp_train_track_a_00942,no eres el unico yo le entiendo mas al @<username>,0,0,0,1,0,0
esp_train_track_a_00943,Muy linda su canción,0,0,0,1,0,0
esp_train_track_a_00944,Dos éxitos primero la broma a Margarita lugue y este temazo lo máximo,0,0,0,1,0,0
esp_train_track_a_00945,que vomito es esto,0,1,0,0,0,0
esp_train_track_a_00946,Amo es un fracasado pero lo amo💚💚💛💛💜💜💓💓💕💕💖💖💗💗💘💘💝💝💞💞💟💟💙💙❤❤ y es un marsiano👽👽,0,0,0,1,0,0
esp_train_track_a_00947,Que pena ahora que @<username> ya no es lo mismo se quedan sin ideas,0,0,0,0,1,0
esp_train_track_a_00948,Este vídeo me llegó al corazón :') ♡,0,0,0,1,1,0
esp_train_track_a_00949,muy buenas explicaciones ;v,0,0,0,1,0,0
esp_train_track_a_00950,"Porque será, los extranjeros buscando drogas y prepagos",0,1,0,0,0,1
esp_train_track_a_00951,Todas mienten y ninguna se arrepiente 😢,0,0,0,0,1,0
esp_train_track_a_00952,Que feo te odio amara y @<username> Rodríguez idiota,1,1,0,0,0,0
esp_train_track_a_00953,Esta es una porquería está Esta tan mensa,1,1,0,0,0,0
esp_train_track_a_00954,Pobre chichico siempre lo golpean😂😂😂,0,0,0,1,0,0
esp_train_track_a_00955,Lo lamento los amo,0,0,0,1,0,0
esp_train_track_a_00956,Alv jaja yo me cagaria del miedo,0,0,1,0,0,0
esp_train_track_a_00957,"Jajajaja mamá luchona... Morí!!! Conozco a unas cuantas, cuando estaba en el colegio, y mi novio el peor egresado",0,0,0,1,0,0
esp_train_track_a_00958,Según te da miedo estar ahí pero bn que estas facturando..,1,0,0,0,0,0
esp_train_track_a_00959,Yo tengo miedo a esos animales me dio cosa y uva a gomitar🤢,0,1,1,0,0,0
esp_train_track_a_00960,"jajajaja al final dice música en la descripción y vas a la descripción y no hay no existe, estoy flipando",0,0,0,1,0,1
esp_train_track_a_00961,jajaja termine llorando ... ojala y esto pasara con ... :'(,0,0,0,0,1,0
esp_train_track_a_00962,Es hora de que los querubines vuelvan los extrañamos chicos son una bestia juntos...,0,0,0,0,1,0
esp_train_track_a_00963,La cuarentena me esta matando quiero salir😋😋😋🙄,0,1,0,0,0,0
esp_train_track_a_00964,Ala q hicieron q me quede casi con un pattus por eso😮,0,0,1,0,0,1
esp_train_track_a_00965,Dios mio que loco esta el mundo,0,0,0,0,0,1
esp_train_track_a_00966,Tu contenido da asco,0,1,0,0,0,0
esp_train_track_a_00967,La verdad que están bien gachos😁,0,0,0,1,0,0
esp_train_track_a_00968,Los @<username> cantan mejor por que ustedes son sordos y tontos,1,1,0,0,0,0
esp_train_track_a_00969,NO PUEDO CREER QUE TODAVÍA ME LO SEPA DE MEMORIA,0,0,0,0,0,1
esp_train_track_a_00970,Nadie supero este juente q viva Ecuador carajo,0,0,0,1,0,1
esp_train_track_a_00971,Pero si los mismos paisas son los que ocasionan eso ¿de quienes o eran las casa o apartamentos?,0,0,0,0,0,1
esp_train_track_a_00972,Jajaja... excelente video me he reído rey cuy!...,0,0,0,1,0,0
esp_train_track_a_00973,Jaja no puede faltar el paranoico.,0,0,0,1,0,0
esp_train_track_a_00974,"Que triste video me impactó 😢 se k existía eso campos de concentración ,pero cuanta malda.",0,0,1,0,1,0
esp_train_track_a_00975,Y vendrán cosas peores,0,1,0,0,0,0
esp_train_track_a_00976,medio mucha pena cuando te botaron,0,0,0,0,1,1
esp_train_track_a_00977,Wow que preocupado estoy,0,0,0,0,0,1
esp_train_track_a_00978,"Nos vamos a Marte, por que éste planeta ya lo tenemos muy destruido.⚠️💀",1,0,0,0,0,0
esp_train_track_a_00979,este vídeo me puso muy triste gracias por la inf.,0,0,0,0,1,0
esp_train_track_a_00980,Como es posible que en una semana suba 1 millon ! Wow,0,0,0,0,0,1
esp_train_track_a_00981,"oh!! por dios me he contagiado, le he dado a me gusta xD",0,0,0,1,0,0
esp_train_track_a_00982,Que miedo.simplemente no deberidn de ir...viendolo en cuarentena 2020,0,0,1,0,0,0
esp_train_track_a_00983,Jajajaja y todo ese kinder que ?? A claro como nadamás a niñitos convenses con tus mentiras titere,1,1,0,0,0,0
esp_train_track_a_00984,Se comportan como unos bebes retardados,1,1,0,0,0,0
esp_train_track_a_00985,Mi infancia destruida. Yo sólo quería un poco de queso =( Lol.,1,1,0,0,1,0
esp_train_track_a_00986,me encanta esta cansion,0,0,0,1,0,0
esp_train_track_a_00987,El empleado del mes da miedo,0,0,1,0,0,0
esp_train_track_a_00988,"¨estamos bien "" video a lo bad bunny . temazo @<username> !!! pegando ..!!",0,0,0,1,0,1
esp_train_track_a_00989,Que mas esperan de la mascota de la maldad.👹,0,1,0,0,0,0
esp_train_track_a_00990,"Cada video nuevo me preocupa mas,coñooo Esto da mas miedo que archivos miedooo",0,0,1,0,0,1
esp_train_track_a_00991,la cara de ese wey si q da miedo! ¡Yo ya stoy! o.O,0,0,1,0,0,1
esp_train_track_a_00992,"Me encanta, me gusta mucho, me fascina. 💘💘",0,0,0,1,0,0
esp_train_track_a_00993,Que asco algunas cosillas :v,0,1,0,0,0,0
esp_train_track_a_00994,"La escuchado como 10 veces y la sigo repitiendo OC, OC",0,0,0,1,0,0
esp_train_track_a_00995,Al fin cayó ese perro 😂 Ismael Campuzano Garcia 😂,0,1,0,1,0,0
esp_train_track_a_00996,@<username> te amo por siempre yo siempre voy a esta viva y nunca inviva I love you so muchos 😘😍👑,0,0,0,1,0,0
esp_train_track_a_00997,Y que ases tu @<username> y eso de que México es el mayor de eso eso es mentira,1,1,0,0,0,0
esp_train_track_a_00998,Esto es un peligro.NO ESTOY DE ACUERDO Y NO VOY APOYAR,1,1,0,0,0,0
esp_train_track_a_00999,mañana tengo que hacer un examen pa quedar en la escuela estoy muy nervioso,0,0,1,0,0,0
esp_train_track_a_01000,que miedo tengo aracnofobia,0,0,1,0,0,0
esp_train_track_a_01001,Y tonto el que lo lea menos @<username>,1,0,0,0,0,0
esp_train_track_a_01002,Los iPhones son una mierda se rompen de nada,1,1,0,0,0,0
esp_train_track_a_01003,Esta canción esta súper buena,0,0,0,1,0,0
esp_train_track_a_01004,"Te pasaste Boscán, excelente trabajo y muy veraz la exposición de cómo operaban esos mamarrachos de la SENAIN.",0,0,0,1,0,1
esp_train_track_a_01005,"Exijo mi corazón, o el mío se romperá",0,0,0,0,1,0
esp_train_track_a_01006,"¿Cómo que perdimos? Ganamos la guerra carajo, si perdimos territorio fue por los giles de los políticos.",1,1,0,0,0,0
esp_train_track_a_01007,Que señora canción hasta me hizo llorar 😢,0,0,0,0,1,0
esp_train_track_a_01008,Hasta muy poco castigo reciben x los crimenes cometidos😅,1,0,0,0,0,0
esp_train_track_a_01009,Que horror Cn estas personas están mas perdidas q nada,1,1,0,0,0,0
esp_train_track_a_01010,"Yo sigo escuchándolo en septiembre de 2020 y nunca pasa de moda, me encanta yoloriana ❤️",0,0,0,1,0,0
esp_train_track_a_01011,Que buena salchipapa hijueeepuuu. #ElViejo 🤣🤣,0,0,0,1,0,1
esp_train_track_a_01012,Odio a las perreras,1,1,0,0,0,0
esp_train_track_a_01013,tengo miedo de que ese inodoro me empieze a grabar y despues me tire un blackmail,0,0,1,0,0,0
esp_train_track_a_01014,que mal momo :V,0,1,0,0,0,0
esp_train_track_a_01015,Se supone que lo queremos por que es muy gracioso,0,0,0,1,0,0
esp_train_track_a_01016,"No me canso de verlo... amo éste video, mi preferido del canal ❤ amo a Raúl ❤",0,0,0,1,0,0
esp_train_track_a_01017,Todos los chicheros de mi Ecuador estan con miedo ya jajaja,0,0,1,1,0,0
esp_train_track_a_01018,Dios santo! Me sangran los oídos y soy lindura 🤦🏽‍♀️🤣❤️,0,1,0,0,0,1
esp_train_track_a_01019,te odio fracasado,1,1,0,0,0,0
esp_train_track_a_01020,Wow si el de amara y el de @<username> me impresiono este me dio un paro cardiaco!!,0,0,0,1,0,1
esp_train_track_a_01021,🖕🏻🖕🏻🖕🏻🖕🏻🖕🏻🖕🏻🖕🏻🖕🏻🖕🏻🖕🏻🖕🏻🖕🏻🖕🏻🤬 lo odio hijos de,1,1,0,0,0,0
esp_train_track_a_01022,like si crees que son unos retrasados que no tienen nd mas que hacer,1,1,0,0,0,0
esp_train_track_a_01023,Me salió el resultado ❤,0,0,0,1,0,0
esp_train_track_a_01024,la pareja de atrás El hombre mandando a la mujer a la friendzone😂😂,0,0,0,1,0,0
esp_train_track_a_01025,no puedo con las matematicas,0,1,0,0,1,0
esp_train_track_a_01026,No se como la gente es tan estúpida y le da dislikes al video,1,1,0,0,0,0
esp_train_track_a_01027,Viéndolo desde España..me he quedado intrigado si lo llevan preso porq ahí seguro paga piso @<username>,0,0,0,0,0,1
esp_train_track_a_01028,Ja!! Que tramposo !!!,0,0,0,1,0,1
esp_train_track_a_01029,Me enamore de esta músicas. más más más cada dia sumamos más ya somos 10 millones . 😍😍😍🎈😙 felicidades lindura mayor 💗,0,0,0,1,0,0
esp_train_track_a_01030,pelotudos son una mierda,1,1,0,0,0,0
esp_train_track_a_01031,Creo que me acabo de arruinar la infancia :v,0,0,0,0,1,0
esp_train_track_a_01032,QUE GRACIOSO JAJJAAJA,0,0,0,1,0,0
esp_train_track_a_01033,Siento que tengo cierta fobia a los robots me dan mucho miedo,0,0,1,0,0,0
esp_train_track_a_01034,MULTA ! POR USAR LOS SIMBOLOS PATRIOS ! Cuánto ignorante haciendo videos !!!,1,1,0,0,0,1
esp_train_track_a_01035,"Y el cinturón de seguridad?, lo trae de adorno. Yo creo que hasta puede perder el trabajo.",1,1,0,0,0,0
esp_train_track_a_01036,por que veo esto si nunca podre viajar :(,0,0,0,0,1,0
esp_train_track_a_01037,A la yugular...q miedo,0,0,1,0,0,0
esp_train_track_a_01038,Oo me sorprendio la berdad es que no,0,1,0,0,0,1
esp_train_track_a_01039,Muy buena tu explicación . No había entendido nada hasta que te encontré. Gracias,0,0,0,1,0,0
esp_train_track_a_01040,Alta nostalgia me da esto,0,0,0,0,1,0
esp_train_track_a_01041,"Ya los narcos de hoy son bien chivatones, no hay un código como antes.",0,1,0,0,0,0
esp_train_track_a_01042,Que triste lo que vivieron esas personas explotadas,0,0,1,0,1,0
esp_train_track_a_01043,Me encanto la canción y @<username> canta muy lindo 😂😍😘,0,0,0,1,0,0
esp_train_track_a_01044,Excelente vídeo! Ya me suscribí 💞,0,0,0,1,0,0
esp_train_track_a_01045,En ves de miedo da asco 🤮,0,1,0,0,0,0
esp_train_track_a_01046,despues de hacer ese video del chavo tienen el descaro de hacer otro video !!!,0,1,0,0,0,0
esp_train_track_a_01047,A mi me da Miedo la Bruja Nomas,0,0,1,0,0,0
esp_train_track_a_01048,Ustedes son feos y engreídos y estúpido s,1,1,0,0,0,0
esp_train_track_a_01049,Temazooo Con esta si bailo kike💗💗💗🇪🇨,0,0,0,1,0,0
esp_train_track_a_01050,"BUENARDOOO,COMO PARA PONERLA EN EL PARLANTE A TODO VOLUMEN,PARA EL PUEBLO QUE LO ESCUCHE JAJAJA",0,0,0,1,0,0
esp_train_track_a_01051,No puedo con esto 😂😂😂,0,0,0,1,0,0
esp_train_track_a_01052,Que seria de su vida sin Correa. Pobre hombre.,0,1,0,0,0,0
esp_train_track_a_01053,"Nosotros solo decimos ""pobre perrito"" pero no hacemos nada por darle una mejor vida",1,0,0,0,0,0
esp_train_track_a_01054,Me encanta la voz de @<username>,0,0,0,1,0,0
esp_train_track_a_01055,A la mierda con los haders,1,1,0,0,0,0
esp_train_track_a_01056,Qué te pasó México? Tienes potencial y no lo aprovechas 😢,0,0,0,0,1,1
esp_train_track_a_01057,Wow temardo por dios esta canción va a superar jefes de YouTube,0,0,0,0,0,1
esp_train_track_a_01058,Lo logré pero lo malo es que llovió en Argentina y bolivia en nuestro país😢😭,0,0,0,0,1,0
esp_train_track_a_01059,Que asco esta mierda no me representa,1,1,0,0,0,0
esp_train_track_a_01060,idiotas. A. Todos. los. Que. Se. Rieron. De. Ti,1,1,0,0,0,0
esp_train_track_a_01061,Me da mucho miedo de solo ver a esos delincuentes 😮😮,0,0,1,0,0,0
esp_train_track_a_01062,me gusta mucho mucho el video no paro de escuchar,0,0,0,1,0,0
esp_train_track_a_01063,Tienen cara de tontos A i si tienen talentos son estúpidos pero ustedes mas,1,1,0,0,0,0
esp_train_track_a_01064,Como rayos se me pegó esta canción,0,0,0,0,0,1
esp_train_track_a_01065,Deberías a ser un roast yourself feo y mentiroso,1,1,0,0,0,0
esp_train_track_a_01066,"Gran reacción jajajaja, se salvó de milagro.",0,0,0,1,0,1
esp_train_track_a_01067,Wow eso si es una triste noticia que a cualquiera puede pasar no somos imortales,0,0,0,0,1,1
esp_train_track_a_01068,Jajajajaja amo esta canción deberías hacer la 2 la 3 y la 1.5k,0,0,0,1,0,1
esp_train_track_a_01069,Kevblex nooo me la creo weyyy no puedo creer que kevblex estaba en @<username> nooo,0,0,0,1,0,1
esp_train_track_a_01070,Súper buena la explicación 👌👌👌,0,0,0,1,0,0
esp_train_track_a_01071,La mejorr los amoo #sofami like si quieres q sea una pareja 😍,0,0,0,1,0,0
esp_train_track_a_01072,Te juro q a la profe no le entendia pero ahors entiendo todo mucisimas gracias🥰,0,0,0,1,0,0
esp_train_track_a_01073,Felicidades German. 🎉🎊,0,0,0,1,0,0
esp_train_track_a_01074,y tu eres estupido,1,1,0,0,0,0
esp_train_track_a_01075,Tanto miedo que le tienen al comunismo y ellos mismos montaron la KGB Colombiana.,1,1,0,0,0,0
esp_train_track_a_01076,Está súper chido los amo corazón por favor 🙏,0,0,0,1,0,0
esp_train_track_a_01077,probe el video en velocidad lenta y me dio miedo,0,0,1,0,0,0
esp_train_track_a_01078,"Harta demencia es el de guayaquil, no copien ya les pego lo copion de Moran el más copion.",0,1,0,0,0,0
esp_train_track_a_01079,Soy el único que cuando le escucha cada vez más llora,0,0,0,0,1,0
esp_train_track_a_01080,Si estamos solo o no ambas noticias serian aterradoras,0,0,1,0,0,0
esp_train_track_a_01081,Gracias estaba buscando el vídeo casi no lo encuentro tengo miedo de reprobar el año,0,0,1,0,0,0
esp_train_track_a_01082,de que mierda se trata este vídeo ridículo???,1,0,0,0,0,1
esp_train_track_a_01083,Y Gual mente huelen a caca,1,1,0,0,0,0
esp_train_track_a_01084,Jamas me imagine ver la cara del dueño de todo México,0,0,0,0,0,1
esp_train_track_a_01085,Que mierda esto no es un roast acaso no saben lo que es,1,1,0,0,0,0
esp_train_track_a_01086,Lo siento por jd kim😢,0,0,0,0,1,0
esp_train_track_a_01087,Pero ¿que significa esto?,0,0,0,0,0,1
esp_train_track_a_01088,"#NoAlSuicidio no mas vidas perdidas ya sea por cuestiones familiares, amorosas o escolares ejem bullyng",0,0,0,0,1,0
esp_train_track_a_01089,Ay pobre aleja pero que bueno,0,0,0,0,1,0
esp_train_track_a_01090,Re turbio que miedo,0,0,1,0,0,0
esp_train_track_a_01091,los mejores momentos,0,0,0,1,0,0
esp_train_track_a_01092,Jaja morí que éxito por Dios😂😂😙,0,0,0,1,0,1
esp_train_track_a_01093,"Se lo compartí con mi amiga , y ella lloro igual que yo. Pobrecito 😭",0,0,0,0,1,0
esp_train_track_a_01094,"ustedes cantab recontra peor que horible canción , que asco",1,1,0,0,0,0
esp_train_track_a_01095,Me gusta la canción mucho,0,0,0,1,0,0
esp_train_track_a_01096,me gusta cuando dice @<username> rodiguezz jaja,0,0,0,1,0,0
esp_train_track_a_01097,"Sii me lo esperaba, los vi asi en teamqueen y yo como omg!",0,0,0,1,0,1
esp_train_track_a_01098,"Tremenda basura, ese tal nando insulto mi orgullosa nacionalidad mexicana",1,1,0,0,0,0
esp_train_track_a_01099,"es uno de sus mejores videos, es bastante verídico, así se siente uno cuando pasa eso",0,0,0,1,0,0
esp_train_track_a_01100,Esta novela. Me deja pensativo y preocupado. Quedo. Como cuando miraba la casa de papel 🤔,0,0,1,0,0,1
esp_train_track_a_01101,"Este valeverguista sigue con correa jajaja, no lo superan",1,1,0,0,0,0
esp_train_track_a_01102,Me encantan ustedes dos juntos los shippeo mor!!!,0,0,0,1,0,0
esp_train_track_a_01103,Está muy triste 😭 el vídeo,0,0,0,0,1,0
esp_train_track_a_01104,Lo bueno que EU no es nada peligroso.,0,0,0,1,0,0
esp_train_track_a_01105,Mas miedo me da la decadencia 💀,0,0,1,0,0,0
esp_train_track_a_01106,Pobre cachorro la animales no emrecen eso 😭,0,0,0,0,1,0
esp_train_track_a_01107,Jajajajaj me encanto!!!,0,0,0,1,0,0
esp_train_track_a_01108,Que hermoso @<username> nosotros tabn te queremos y esto apenas comiensa seremos mas y mas linduras :),0,0,0,1,0,0
esp_train_track_a_01109,Hermoso video puedo sacar una coreografía con esta música @<username>,0,0,0,1,0,0
esp_train_track_a_01110,"Estámos rodeados de estos idiotas, maldita sea..",1,1,0,0,0,0
esp_train_track_a_01111,Yo me siento mal por @<username> eres el youtuber fav y también me encantó el roast aeme,0,0,0,1,1,0
esp_train_track_a_01112,Buen video @<username> 🖒 buscando si no a comentado sergio ramirez jajajaja,0,0,0,1,0,0
esp_train_track_a_01113,te odio y. a tu erma,1,1,0,0,0,0
esp_train_track_a_01114,Estos perros esi son quriendo quedar bien cib otros,1,1,0,0,0,0
esp_train_track_a_01115,Me dio miedo con solo verlos,0,0,1,0,0,0
esp_train_track_a_01116,"Y bueno, esto solo corrobora la porquería que es Ecuavisa y lo mafioso que es el Partido Social Cristiano.",1,1,0,0,0,0
esp_train_track_a_01117,Son un asco,0,1,0,0,0,0
esp_train_track_a_01118,estupidos son ustedes y tu hermano pequeño parese estupido,1,1,0,0,0,0
esp_train_track_a_01119,A mi me dan mucho miedo las personas de Honduras🤕😝😟♀,0,0,1,0,0,0
esp_train_track_a_01120,tengo miedo a darle like al video !!!,0,0,1,0,0,0
esp_train_track_a_01121,"Triste y lamentable nuestra estupidez como seres humanos ,te felicito por este video @<username> ,de verdad te deja pensando ...",0,0,0,0,1,1
esp_train_track_a_01122,Mas miedo me da cuando un bts se me aserca,0,0,1,0,0,0
esp_train_track_a_01123,Que miedo. Debieron pensar que habría una erupción; esa que sabemos está por suceder. Que miedo...,0,0,1,0,0,0
esp_train_track_a_01124,Esto me intereza mucho!!!,0,0,0,1,0,1
esp_train_track_a_01125,Odio a las personas que hacen eso,1,0,0,0,0,0
esp_train_track_a_01126,Que sad me hizo llorar todo es culpa del padre,0,0,0,0,1,0
esp_train_track_a_01127,Que coño con su cancion💩,1,1,0,0,0,0
esp_train_track_a_01128,El mejor vlogger del mundo y no lo dejan grabar la mejor cultura.. que poca madre..,1,0,0,0,0,0
esp_train_track_a_01129,Papurri esa canción está epicarda,0,0,0,1,0,1
esp_train_track_a_01130,Lo volví a ver después de dos años y casi lloro :'v,0,0,0,0,1,0
esp_train_track_a_01131,"Me estoy confundiendo y espantando :,c",0,0,1,0,0,0
esp_train_track_a_01132,Wow y guag osea lo que acabo de ver es enserio wow wow no lo puedo creer,0,0,0,0,0,1
esp_train_track_a_01133,Vieron el.golpe de Will Smith yo quedé como 😮😮😮,0,0,0,0,0,1
esp_train_track_a_01134,Son una desgracia ... la verdad los peores periodistas ...,1,1,0,0,0,0
esp_train_track_a_01135,¡no mames que sigue en tendencias! ¡Wo esto es mas de lo que yo esperaba,0,0,0,0,0,1
esp_train_track_a_01136,Más chimbo es reaccionar a esta bobada,0,1,0,0,0,0
esp_train_track_a_01137,Que rayos fue esto,0,0,0,0,0,1
esp_train_track_a_01138,Y ustedes actauan como bobos,1,1,0,0,0,0
esp_train_track_a_01139,Facilito papa . Y haci bemos como @<username> aventuras conquisto el 2019!! Felicitacione apurris !!!,0,0,0,1,0,0
esp_train_track_a_01140,son malos se burlan de los @<username> que malos yutubers,1,0,0,0,0,0
esp_train_track_a_01141,Yo me cago de miedo con esta pelicula,0,0,1,0,0,0
esp_train_track_a_01142,Que feo me hizo llorar por que yo tengo uno 🐕🐶🐩,0,0,0,0,1,0
esp_train_track_a_01143,A nosotros los mexicanos no nos caería en gracia que vinieran otros a cambiar nuestras costumbres y nuestro idioma .,1,0,0,0,0,0
esp_train_track_a_01144,Ps soy pobre y no lo tengo,0,0,0,0,1,0
esp_train_track_a_01145,Este vídeo me tocó mucho el corazón la crueldad humana puede ser tan grande aveces que es inimaginable,0,0,1,0,1,0
esp_train_track_a_01146,Que mrd de canción mejor sigan en prepa que dan asco,1,1,0,0,0,0
esp_train_track_a_01147,"Mucha suerte y éxito lindura , me encanto tu vídeo (soy una lindura desde tus primeros vídeos :)",0,0,0,1,0,0
esp_train_track_a_01148,Juro que llore,0,0,0,0,1,0
esp_train_track_a_01149,"A lo bien, medellin esta caro para vivir😅😢",0,1,0,0,1,0
esp_train_track_a_01150,Porque ya no haces videos ??? Te echo de menos 😞😭😭❤️❤️,0,0,0,0,1,0
esp_train_track_a_01151,No puedo dejar de ver este vídeo lo amo mi roas es demasiado épico,0,0,0,1,0,0
esp_train_track_a_01152,es muy triste no me justaria estar ay,0,0,1,0,1,0
esp_train_track_a_01153,mas claro no lo has podido decir preciosa,0,0,0,1,0,0
esp_train_track_a_01154,Es q si están bien feitos !,0,1,0,0,0,1
esp_train_track_a_01155,A no ustedes son mui feos no me gusta sus videos guacala,0,1,0,0,0,0
esp_train_track_a_01156,Con razón los profesiones de hoy son muy preparados pero los que saldrán en el futuro me preocupa :(,0,0,1,0,1,0
esp_train_track_a_01157,Todos los días literal hay tiroteos,0,1,1,0,0,0
esp_train_track_a_01158,Cuando lo puso en su cuello sintio el verdadero terror,0,0,1,0,0,0
esp_train_track_a_01159,Dios mio que aterrador,0,0,1,0,0,0
esp_train_track_a_01160,Me encanta esta canción está súper genial 😃,0,0,0,1,0,0
esp_train_track_a_01161,Porque carajo nunca llego temprano,1,0,0,0,0,0
esp_train_track_a_01162,Eso es culpa de Uribe jajajaja que miedo 😂😂,0,0,1,1,0,0
esp_train_track_a_01163,Que lo vuelvan a reelegir esta dando ejemplo a mandatarios latinos!!!,0,0,0,1,0,0
esp_train_track_a_01164,Son malos los odios mejor tratense bien con los @<username> los odios no me suscribire sus videos son pateticos,1,1,0,0,0,0
esp_train_track_a_01165,esta cancion da mas asco que @<username> troll,0,1,0,0,0,0
esp_train_track_a_01166,Tontos los odios tu emana es fea sus videos apestan,1,1,0,0,0,0
esp_train_track_a_01167,Que triste que no se pueda dar un me encanta me encantó este vídeo lo ame ♡♡♡,0,0,0,1,1,0
esp_train_track_a_01168,Xdxd me muero,0,0,0,1,0,0
esp_train_track_a_01169,juajuajuajuajuajua muyy bueno!!!,0,0,0,1,0,0
esp_train_track_a_01170,WTF me dio miedo like para que la chica de ojos de cristal venga por ti,0,0,1,0,0,0
esp_train_track_a_01171,A mí me dio más pena y quién le y que nos le dio,0,0,1,0,1,0
esp_train_track_a_01172,Wow asombroso estuvo ese video No puedo creerlo,0,0,0,0,0,1
esp_train_track_a_01173,Pero que caraj...😂,0,0,0,1,0,0
esp_train_track_a_01174,jajajajajajajajaja me gusta y el final fue epico,0,0,0,1,0,0
esp_train_track_a_01175,Una combinación perfecta de alegría y miedo a la misma vez.😂😮,0,0,1,1,0,0
esp_train_track_a_01176,Muy buena rola 😊❤ éxitos totales mi buen,0,0,0,1,0,0
esp_train_track_a_01177,Tube miedo cuando bi esto asta escribo mal,0,0,1,0,0,0
esp_train_track_a_01178,te odio soni por arruinar todo,1,1,0,0,0,0
esp_train_track_a_01179,Merecen cobrar más y vale la pena lo mejor que hay en México,0,0,0,1,0,0
esp_train_track_a_01180,Viendo esto me doy cuenta de lo caro que es Uruguay!!,0,0,0,0,0,1
esp_train_track_a_01181,Me sorprendi wey rimama mucho omg,0,0,0,0,0,1
esp_train_track_a_01182,ESTE ES EL PROGRAMA MAS FEO QUE HE VISTO SOLO 3 MINUTOS YA ME VOY,0,1,0,0,0,0
esp_train_track_a_01183,"Me gustaría que regresen los dinosaurios ,pero me daría miedo",0,0,1,0,0,0
esp_train_track_a_01184,me da ansiedad ver cómo muerde la comida xd,0,0,1,0,0,0
esp_train_track_a_01185,Felicidades @<username> soy lindura y haci como tu dices vamos por mas a festejar ❤🎉🎊🎈 saludos lindura,0,0,0,1,0,0
esp_train_track_a_01186,Que asco ya vuelvo a escuchar mas esa música,0,1,0,0,0,0
esp_train_track_a_01187,Te amii estuvo re lindo tu video lo re amee éxito totall,0,0,0,1,0,0
esp_train_track_a_01188,Que mal ya no tienes la misma cantidad de visitas:/,0,0,0,0,1,0
esp_train_track_a_01189,"Y COMO SE COMO NO VA A CONTESTAR, ERES UN FARSANTE",1,0,0,0,0,0
esp_train_track_a_01190,Tengo mucho miedo bueno ya se me va a pasar xD,0,0,1,0,0,0
esp_train_track_a_01191,Raro q se le haya escapado a la policía. que novedad!,0,1,0,0,0,1
esp_train_track_a_01192,de todas las canciones de @<username> esta es la que mas asco me dio,1,1,0,0,0,0
esp_train_track_a_01193,Son estupidos no me gusta esa parte areli,1,1,0,0,0,0
esp_train_track_a_01194,😝 Que patetico es AEME me dan ganas De vomitar,0,1,0,0,0,0
esp_train_track_a_01195,Que patético EA aeme son estúpido,1,1,0,0,0,0
esp_train_track_a_01196,Vaya que la naturaleza es sorprendente.,0,0,0,0,0,1
esp_train_track_a_01197,Las personas que son haci se van pa el infiernos malditos maltrata perros,1,1,0,0,0,0
esp_train_track_a_01198,Aburrido que asco y ustedes,1,1,0,0,0,0
esp_train_track_a_01199,Mas miedo me da el SDT 7,0,0,1,0,0,0
esp_train_track_a_01200,me da miedo boludo perdon por la palabra pero me da miedo,0,0,1,0,0,0
esp_train_track_a_01201,Que bonito los amo,0,0,0,1,0,0
esp_train_track_a_01202,Un par de pendejos con un chingo de autotune,1,1,0,0,0,0
esp_train_track_a_01203,#sofami me encanto la cancion,0,0,0,1,0,0
esp_train_track_a_01204,"Super, excelente video, gracias",0,0,0,1,0,0
esp_train_track_a_01205,Descarado este Correa💩 Muy bien @<username> Eduardo Vivanco.,1,1,0,0,0,0
esp_train_track_a_01206,Te queremos mucho💜,0,0,0,1,0,0
esp_train_track_a_01207,"Si esta película arruinó mi vida, ahora está peor... y yo que pensaba que terminaba bien, jaja",0,0,1,0,1,0
esp_train_track_a_01208,Pues la. Verdad si estan feos,0,1,0,0,0,0
esp_train_track_a_01209,te amo mucho @<username> y ami😇😇😇,0,0,0,1,0,0
esp_train_track_a_01210,Me la acabé de ver me dio miedo y ella si salio,0,0,1,0,0,0
esp_train_track_a_01211,"El inefable Correa, decía que la gente sin experiencia le castiga la boca cuando la hermana lo pierde todo.",1,1,0,0,0,0
esp_train_track_a_01212,es una canción inventada o se la copiaron a los chilenos?😐,0,0,0,0,0,1
esp_train_track_a_01213,"Nunca en la vida, odiamos a petro",0,1,0,0,0,0
esp_train_track_a_01214,Que triste lo que les pasa a los peritos,0,0,0,0,1,0
esp_train_track_a_01215,Idiota se habré por ariba,1,1,0,0,0,0
esp_train_track_a_01216,Que asco que estos canales tengan que mostrar estas caras para tener vistas🤢,1,1,0,0,0,1
esp_train_track_a_01217,Yo cuando vi este video pobre juanito,0,0,0,0,1,0
esp_train_track_a_01218,y creen que una persona estando asi durante decadas se va a reformar? ya mejor la pena de muerte.,1,0,0,0,0,0
esp_train_track_a_01219,Yo aquí llorando como si no hubiese otro mañana ;—;,0,0,0,0,1,0
esp_train_track_a_01220,Me encanta creo que yo soy 5 millones de vidtas jajajaj los amo morchis 😄#ami😍😍😍,0,0,0,1,0,0
esp_train_track_a_01221,"Como ,? Eso es culpa de Quintero??? 😂",0,0,0,1,0,1
esp_train_track_a_01222,Qué nervios! A un día de las elecciones!,0,0,1,0,0,0
esp_train_track_a_01223,Todavía no empieza y ya le di like :v,0,0,0,1,0,0
esp_train_track_a_01224,Me encanto! Son los mejores :3,0,0,0,1,0,0
esp_train_track_a_01225,Este vídeo es el mejor que he visto No puedo creerlo,0,0,0,1,0,1
esp_train_track_a_01226,Es pésimo y no critiquen a los @<username>,1,1,0,0,0,0
esp_train_track_a_01227,Estamos muy anciosos,0,0,0,0,0,1
esp_train_track_a_01228,"por estas tonterías es que no quiero vivir solo, temo mucho a cagarla muy estúpidamente :(",0,0,1,0,1,0
esp_train_track_a_01229,Buena mi cholos con esa frase donde pisa un cuy niuna rata la borra jjaja exitos compas,0,0,0,1,0,1
esp_train_track_a_01230,Nmss lo peor esque tiene unchingo de visitas esta mierda,1,1,0,0,0,0
esp_train_track_a_01231,Siento que la canción duro muy poquito,0,1,0,0,1,0
esp_train_track_a_01232,Gracias por defenderlo ❤,0,0,0,1,0,0
esp_train_track_a_01233,chch. que miedo ese gordo jajajjajajaja,0,0,1,1,0,0
esp_train_track_a_01234,Son unos tontos ¿por qué? Tiene rason hay que ayudarlos,1,0,0,0,0,0
esp_train_track_a_01235,Ami. Te amo mucho me divierte tus videos 😊 @<username> @<username> @<username> a💌i,0,0,0,1,0,0
esp_train_track_a_01236,"Son un estúpidos , chingados y pendejos show de mensos",1,1,0,0,0,0
esp_train_track_a_01237,Ustedes son estúpidos son caca son loa peores yutuber,1,1,0,0,0,0
esp_train_track_a_01238,Esto apesta y quiero llamar la atencion,1,1,0,0,0,0
esp_train_track_a_01239,GRACIAS POR LA EXPLICACIÓN PORQUE NO LE ENTENDÍ AL PROFE PERO YA SE ME DESPEJARON ALGUNAS DUDAS😃😃,0,0,0,1,0,0
esp_train_track_a_01240,Wow les quedó ESPECHIAL lo amooo,0,0,0,0,0,1
esp_train_track_a_01241,"No , me quedé en shok con ese beso 😳😳😨😨, creo que me va a dar un ataque",0,0,0,0,0,1
esp_train_track_a_01242,dios mio que buen tema,0,0,0,1,0,1
esp_train_track_a_01243,Llame desus cridi feos buros idiotas,1,1,0,0,0,0
esp_train_track_a_01244,Que triste... Like si lloraste,0,0,0,0,1,0
esp_train_track_a_01245,BIEN CESAR RONH ACABASTE CON EL CAUDILLO ECUADOR TE ADMIRA POR TENER LOS PANTALONES BIEN PUESTOS,0,0,0,1,0,0
esp_train_track_a_01246,No puedo creer que esta poronga tenga mas de 100 millones de visitas,0,0,0,0,0,1
esp_train_track_a_01247,JAJJAJAJAJA ME HICISTE EL DIA CON ESTE VIDEO,0,0,0,1,0,0
esp_train_track_a_01248,Like si te dio miedo la bruja.,0,0,1,0,0,0
esp_train_track_a_01249,que chistoso te amo a mi rodrges,0,0,0,1,0,0
esp_train_track_a_01250,Hipócritas en los videoss son ustedes,1,1,0,0,0,0
esp_train_track_a_01251,Señor ud me da miedo tienes el mismo estilo físico de @<username>,0,0,1,0,0,0
esp_train_track_a_01252,Y de verdad ésto es lo que Colombia debe mostrar al mundo ya no más con estos personajes,1,1,0,0,0,0
esp_train_track_a_01253,esto es mas falso que tu masculinidad..!!,0,1,0,0,0,0
esp_train_track_a_01254,@<username> es el unico q esta en la frienzon 😂😂😂,0,0,0,1,0,0
esp_train_track_a_01255,si a amara no le gusta el agua son unos mentirosos,1,1,0,0,0,0
esp_train_track_a_01256,El vídeo mas jodidamente random que he visto en mi corta y jodida vida xd,0,0,0,1,0,0
esp_train_track_a_01257,El impetuo y coraje de la juventud... Bien hiciste x defender a tu familia,0,0,0,1,0,1
esp_train_track_a_01258,Cada mamada que asemos le cuesta a nuestro pobre mundo,1,1,0,0,1,0
esp_train_track_a_01259,Odio este video porque habla mal de los @<username> no estén criticando que los pueden denunciar,1,1,0,0,0,0
esp_train_track_a_01260,wao que miedo .,0,0,1,0,0,1
esp_train_track_a_01261,CREEMOS QUE YA PASAMOS ESTA ETAPA PERO LA SOCIEDAD NUNCA APRENDERA DE SUS ERRORES.😧,0,1,0,0,0,1
esp_train_track_a_01262,No me esperaba ese final 😂😂😂,0,0,0,1,0,1
esp_train_track_a_01263,"y cuando ese llanto empeso,no volvio a parar :""(",0,0,0,0,1,0
esp_train_track_a_01264,Será verdad que pasa cosas terribles si preguntamos la hora en un sueño? PONGAMOSLO A PRUEBA!,0,0,1,0,0,1
esp_train_track_a_01265,Vivanco trolleando a los políticos!!! 😂😂😂,0,0,0,1,0,0
esp_train_track_a_01266,al que mate un perro lo mato,1,0,0,0,0,0
esp_train_track_a_01267,voy a morir con esto,0,0,1,0,0,0
esp_train_track_a_01268,Felicidades a los dos por fin acaban de confesar su amor por el otro los quiero mucho ❤ YOLORIANA,0,0,0,1,0,0
esp_train_track_a_01269,"Mañana entro a trabajar y ya me dió miedo, gracias mijines 👏",0,0,1,0,0,0
esp_train_track_a_01270,No mames me dio mucho miedo,0,0,1,0,0,1
esp_train_track_a_01271,Meda miedo solo de pensarlo,0,0,1,0,0,0
esp_train_track_a_01272,Que porquería. Enserio a eso le llaman canción?,1,1,0,0,0,0
esp_train_track_a_01273,Alv que suerte por 1 punto,0,0,0,0,0,1
esp_train_track_a_01274,Ojalá petro deje el vaper de una vez y despierte de ese sueño húmedo que vive en su cabeza.,1,1,0,0,0,0
esp_train_track_a_01275,El orgullo y el egoísmo a dónde vamos a parar 😢,0,1,0,0,1,0
esp_train_track_a_01276,Los @<username> son mejor u cantan mas vomitó me dan asco amara y amy,1,1,0,0,0,0
esp_train_track_a_01277,@<username> eres el mejor te amo me encantó tu roast 🖤🖤🖤 Like si @<username> es tu youtuber favorito🖤🖤,0,0,0,1,0,0
esp_train_track_a_01278,Esto es insólito,0,0,0,0,0,1
esp_train_track_a_01279,Bueno ya no saben como matar a los humanos estan locos,0,0,1,0,0,0
esp_train_track_a_01280,"Te amo te sueño por las noches, que sería de mí vida sin ti...",0,0,0,1,0,0
esp_train_track_a_01281,Un Super like a esta excelente explicación,0,0,0,1,0,0
esp_train_track_a_01282,Aparte que no s dejan sin efectivo en el cajeros porque al cambio se lo llevan todo,1,0,0,0,0,0
esp_train_track_a_01283,México sale Ganando! Cuanta Agua Requieren sus Fábricas del Egocéntrico ese🤣,0,1,0,1,0,1
esp_train_track_a_01284,"Mí mamá la odia y todos mis amigos, dicen que me metí con ella por despecho, y tienen razon. 😂😂😂",0,0,0,1,0,0
esp_train_track_a_01285,"Pero dejalo hablaar chuchaa, que desesperación...",1,1,0,0,0,0
esp_train_track_a_01286,wtf que acabo de ver,0,0,0,0,0,1
esp_train_track_a_01287,Te odio y le diré a @<username> que te copiaste de el😤😤😡😡😬😬,1,1,0,0,0,0
esp_train_track_a_01288,Por fin llego Rafael.,0,0,0,1,0,1
esp_train_track_a_01289,lo siento mi cuarto esta ocupado jajajajaja me muero que cabrones :'(,0,0,0,1,1,0
esp_train_track_a_01290,Pienso que es una pérdida de tiempo darle pantalla a RC. ya el man es nadie... y así debe quedar..,1,1,0,0,0,0
esp_train_track_a_01291,El profesor es mani cagado :v,0,1,0,0,0,0
esp_train_track_a_01292,Creo q kima y tu nose me da lastima dejar a juanito,0,0,0,0,1,0
esp_train_track_a_01293,Esto me ase llorar 🥺😭😔,0,0,0,0,1,0
esp_train_track_a_01294,Son de lo peor no hablen de los @<username> asi👎,1,1,0,0,0,0
esp_train_track_a_01295,Pues ellos no son los perros aquí los perros son ustedes que maltratan a los perros like. Si me apoyas🙎🙎🙎,1,0,0,0,0,0
esp_train_track_a_01296,Muchas grasias por esta cancion @<username> eres muy bonito de echo tengo una hermana que es de tu edad,0,0,0,1,0,0
esp_train_track_a_01297,Lo siento Quelesbijequesonfeos lo siento mucho,1,0,0,0,1,0
esp_train_track_a_01298,Este video es el más asqueroso de youtube y los @<username> son mejores q ustedes,0,1,0,0,0,0
esp_train_track_a_01299,Kevlexd es un hipócrita PREFIERO MIL VECES AL ROD V:,0,1,0,0,0,0
esp_train_track_a_01300,Los @<username> son mejores que ustedes Ustedes son basuras,1,1,0,0,0,0
esp_train_track_a_01301,"Este castigo lo esperaba en la primera vuelta electoral, así que lo tomare pero me ofende muchísimo.",1,1,0,0,0,0
esp_train_track_a_01302,Gracias por tu mensaje .Cuánta tristeza😔,0,0,0,0,1,0
esp_train_track_a_01303,Yo opino que me importa una mierda la vida del chucho,1,1,0,0,0,0
esp_train_track_a_01304,Vivanco eres vergüenza de Lora,0,1,0,0,0,0
esp_train_track_a_01305,En un país serio ya estaría en la cárcel este señor!,1,0,0,0,0,1
esp_train_track_a_01306,"Me cae bien el pullo... obviamente pau es la más, digamos que me caen bien los dos",0,0,0,1,0,0
esp_train_track_a_01307,"Me encanta, me encanta, me encanta, son tan divertidos, entretenidos, contagiosos y buenas personas, un super abrazo cosmico desde Guatemala",0,0,0,1,0,0
esp_train_track_a_01308,El video más randón que e visto XD,0,0,0,1,0,1
esp_train_track_a_01309,son tan estupidos,1,1,0,0,0,0
esp_train_track_a_01310,Me da risa y poco miedo cuando el dice yo ya estoy,0,0,1,1,0,0
esp_train_track_a_01311,Hmmm la verdad los @<username> son mejores y de verdad dan pena,0,1,0,0,1,0
esp_train_track_a_01312,"La verdad no peca pero incomoda! Bueno a muchos no nos incomoda, sí están horrorosos!",0,1,0,0,0,0
esp_train_track_a_01313,"Bendiciones mi rey, gracias a vos no me llevo matemática este año 🙏🏼👑",0,0,0,1,0,0
esp_train_track_a_01314,like si crees si los que dijieron matate son tontos,1,1,0,0,0,0
esp_train_track_a_01315,No puedo creerlo que tenga una hija que energia 😮,0,0,0,0,0,1
esp_train_track_a_01316,Es mejor el rap de fernanfloo que mierda 💩 Fernan brilla más que tu,1,1,0,0,0,0
esp_train_track_a_01317,Me dejo mas confundido de lo que estaba antes de escuchar y ver este video 🤣,0,0,0,1,0,1
esp_train_track_a_01318,Que asco de Rous está todo cagado,0,1,0,0,0,0
esp_train_track_a_01319,Mentiroso te voy a dejar de seguir 😢😡,1,1,0,0,1,0
esp_train_track_a_01320,Que porquería xd es el mejor,0,1,0,1,0,0
esp_train_track_a_01321,Que pedazo de m1erda me salio . La peor basura que vi . Youtube definitivamente esta roto,1,1,0,0,0,0
esp_train_track_a_01322,Ay dios no lo puedo dejar de cantar ni de escuchar dioss!,0,0,0,1,0,1
esp_train_track_a_01323,"Me recuerda a La Ladrona De Libros,no man yo llore muchísimo,se los recomiendo!",0,0,0,0,1,0
esp_train_track_a_01324,Me encanta su cansion,0,0,0,1,0,0
esp_train_track_a_01325,Con él puesto uno tengo miedo,0,0,1,0,0,0
esp_train_track_a_01326,"Tanta hambre en el mundo y contratando a estos precios lo va que puedes escuchar por Spotify, no entretenido.",0,1,0,0,0,0
esp_train_track_a_01327,no le hagas caso a los haters son unos tontos,1,1,0,0,0,0
esp_train_track_a_01328,la canción está que flipa,0,0,0,1,0,0
esp_train_track_a_01329,No empezo y ya le di like Hagan el Detras de camaras,0,0,0,1,0,0
esp_train_track_a_01330,"@<username> esta decayendo... este video es solo unchiste malo y destructivo. tomen partido, si es que son tan sinceros...",0,1,0,0,0,0
esp_train_track_a_01331,Pobre gente inocente en aquellos tiempos:(,0,0,0,0,1,0
esp_train_track_a_01332,Me muero EL BESO,0,0,0,0,0,1
esp_train_track_a_01333,Aa me encantó la canción la amo 😍,0,0,0,1,0,0
esp_train_track_a_01334,Horripilante tradición de pesca 😢👎🏻 y lo del perro espantoso. Lo único bonito es el paisaje.,0,1,1,0,1,0
esp_train_track_a_01335,@<username> Rodriges meprobocan naucias y sus videos son un asco y tu hermana la copio a lessli,0,1,0,0,0,0
esp_train_track_a_01336,Ja ja ja ja ja ja no me importa la canción estúpidos los odio,1,1,0,0,0,0
esp_train_track_a_01337,Son estúpidos nos ponen neorocticos xdd,1,1,0,0,0,0
esp_train_track_a_01338,Pobres perritos ojala no existan esas personas que los maltratan,1,0,0,0,1,0
esp_train_track_a_01339,Muy hermoso gesto de tu parte ayudar a las personas que más lo necesitan.,0,0,0,1,0,0
esp_train_track_a_01340,Me encanto el pelo de mariana yoloriana es real papu jeje,0,0,0,1,0,0
esp_train_track_a_01341,hola te quiero mucho eres el mejor,0,0,0,1,0,0
esp_train_track_a_01342,"LO TENIA O NO LO TENIA? SE HIZO BOLAS EL PANA , MUCHO GUARO",0,1,0,0,0,1
esp_train_track_a_01343,Esto me asusta porque el paramilitarismo es en su mayoría sus seguidores,0,0,1,0,0,0
esp_train_track_a_01344,"Tristemente le doy la razón, ojalá no vuelvan a contratar a los diseñadores.",0,1,0,0,1,0
esp_train_track_a_01345,lo unico que me dio miedo fue la nueva madre 😔👊,0,0,1,0,0,0
esp_train_track_a_01346,Me hiso llorar la canción que se escucha de fondo,0,0,0,0,1,0
esp_train_track_a_01347,Ustedes son estupidus no insulten a los @<username> son mejores que hustedes farsantes tienen mas seguidores que hustedes,1,1,0,0,0,0
esp_train_track_a_01348,triste... aunque sabemos que no podemos ayudarlos a todos los perros abandonados 😢...,0,0,0,0,1,0
esp_train_track_a_01349,Ay me ISO llorar está muy bonita la canción me ISO llorar 😭,0,0,0,0,1,0
esp_train_track_a_01350,Pobres bebés me puse a llorar me partió el corazón 💔🧓🏼,0,0,0,0,1,0
esp_train_track_a_01351,Me encanta la cancion 😻,0,0,0,1,0,0
esp_train_track_a_01352,"Que ridículo es tu video, mira esto a ver si te vas desasnado",1,1,0,0,0,0
esp_train_track_a_01353,creo que ahora no podre dormir por el miedo ;(,0,0,1,0,0,0
esp_train_track_a_01354,Ay no que triste 😢 Like si quieres que esto acabe,0,0,0,0,1,0
esp_train_track_a_01355,@<username> no es asi es bueno los que disen eso de @<username> son pendejos,1,1,0,1,0,0
esp_train_track_a_01356,Más miedo me dá Kunno,0,0,1,0,0,0
esp_train_track_a_01357,Dios mio me muero me la escuchado mas de 10 veces,0,0,0,1,0,1
esp_train_track_a_01358,Me quede sin palabras es genial,0,0,0,1,0,1
esp_train_track_a_01359,nunca faltan los dispuestos a todo.jajajaja.sos lo maximo,0,0,0,1,0,0
esp_train_track_a_01360,😢😭que triste ! Y un poco lindo asta que pasa lo feo 😢😭por que mundo porque !😢😭,0,0,0,0,1,0
esp_train_track_a_01361,me encanto el videooop,0,0,0,1,0,0
esp_train_track_a_01362,ajajajaj que asco!,0,1,0,1,0,0
esp_train_track_a_01363,Ya me da pena de todos los animalitos en general 😔,0,0,0,0,1,0
esp_train_track_a_01364,Me dio un poco de miedo pero me gusto la canción,0,0,1,0,0,0
esp_train_track_a_01365,Me dan asco los que insultan a @<username>,1,1,0,0,0,0
esp_train_track_a_01366,"Buena explicación profe, por fin mi hijo está entendiendo",0,0,0,1,0,0
esp_train_track_a_01367,Te amo mucho @<username> y a amara que linda,0,0,0,1,0,0
esp_train_track_a_01368,Me encanto tu vídeo @<username> te Amo mucho 😘,0,0,0,1,0,0
esp_train_track_a_01369,AMO TUS CANCIONES @<username> SON GENIALES!😍,0,0,0,1,0,0
esp_train_track_a_01370,Por qué veo ésto? Le tengo pánico a las arañas ahora siento que están por todas partes,0,0,1,0,0,0
esp_train_track_a_01371,Bu ni quién los quiera 😂😂,0,1,0,1,0,0
esp_train_track_a_01372,Jjja se lucieron con el tema @<username> sigue asi 😉😉,0,0,0,1,0,0
esp_train_track_a_01373,Sos mas feos que la mierda,1,1,0,0,0,0
esp_train_track_a_01374,"Y pensar que es asi, es la cruel realidad",1,0,0,0,0,0
esp_train_track_a_01375,Porque tienen perros y luego los botan yo apoyo para que esto se acabe y igual con los gatos,1,0,0,0,0,0
esp_train_track_a_01376,Fallo no te corto el pellejo,1,0,0,0,0,0
esp_train_track_a_01377,Un disparo en la pierna? 👀 Me sorprende que no le hayan metido 30 tiros,0,0,0,0,0,1
esp_train_track_a_01378,Hpta que buen video. Me lo he visto como 4 veces jajajajaa..,0,0,0,1,0,1
esp_train_track_a_01379,Amy Rodríguez eres bien mentiroso cuando te iba a cortar el dedo lo escondiste detrás de tu espalda,1,1,0,0,0,0
esp_train_track_a_01380,"la gente que dice eso son muy bobos y tontos , son muy chevre sus videos☺️☺️☺️",1,1,0,1,0,0
esp_train_track_a_01381,Que miedo me quedé así 😱😨😵,0,0,1,0,0,0
esp_train_track_a_01382,También ...será un gran .ladrón y un gran.ladron .como su padre ...sin moral .un despreciable ...ser al tiempo...,0,1,0,0,0,0
esp_train_track_a_01383,Si es sierto son estúpidos,1,1,0,0,0,0
esp_train_track_a_01384,Like si Te daba miedo La mama con Botones y la bruja :v,0,0,1,0,0,0
esp_train_track_a_01385,Esta película me gusta.. Pero ni miedo da,0,0,0,1,0,0
esp_train_track_a_01386,"Lo siento mucho Ami, no me gusto tanto :(",0,1,0,0,1,1
esp_train_track_a_01387,La verdad es que unas persona no tienen corazon y es triste que ayga perros en la calle 😢😢😢,0,0,0,0,1,0
esp_train_track_a_01388,A quien más le😭😭 da ganas de llorar al que ya Yoloriana estará se parados por un tiempo,0,0,0,0,1,0
esp_train_track_a_01389,enserio mi perro a muerto todos estan llorando :(,0,0,0,0,1,0
esp_train_track_a_01390,Yo amo tanto a @<username> pero ella ya no es igual 😩❤,0,0,0,0,1,0
esp_train_track_a_01391,Lo siento México pero es cierto tienen la riqueza cultural más espectacular del mundo y eso es muy básico,0,1,0,0,1,0
esp_train_track_a_01392,"esta super linda la coreo me encanta mamá fuerte , responsable pero siempre sexi",0,0,0,1,0,0
esp_train_track_a_01393,¡Qué asco! Gente que en la vida lograría algo si no es por la izquierda.,1,1,0,0,0,0
esp_train_track_a_01394,A mi se me dificulta dormir porque sufro de ansiedad..,0,0,1,0,0,0
esp_train_track_a_01395,"Yo era feliz, ahora soy poco hombre.",0,0,0,0,1,0
esp_train_track_a_01396,Los tiempos cambian y si tu no cambias...estas muerto.,0,1,0,0,0,0
esp_train_track_a_01397,Hasta a mí me dolió la inyección 😭,0,0,1,0,1,0
esp_train_track_a_01398,Ya castro mucho con su canción fea.😒,0,1,0,0,0,0
esp_train_track_a_01399,@<username> y amara son unos tontos de ablar. De los @<username> ustedes son de los s peores youtuber,1,0,0,0,0,0
esp_train_track_a_01400,No dejo de cantar cada minuto lo repito el vídeo😃💕❤️🎉🎊🎆🎵🎶🎼🎙️🎧🎤,0,0,0,1,0,0
esp_train_track_a_01401,"Es una bomba de tiempo, hasta cuando está dormido, que miedo...",0,0,1,0,0,1
esp_train_track_a_01402,Por que siempre las canciones de @<username> terminan tan tenebroso ya tengo miedo 😨,0,0,1,0,0,1
esp_train_track_a_01403,veo esto siempre que estoy triste,0,0,0,0,1,0
esp_train_track_a_01404,Wow!! No tenia idea de nada de eso,0,0,0,0,0,1
esp_train_track_a_01405,Te odio Nando Cómo puedes hacer eso a tu hermano @<username> todos tus vídeos ya no te daré likes solo,1,1,0,0,0,0
esp_train_track_a_01406,La peor porquería que veo ¡,0,1,0,0,0,0
esp_train_track_a_01407,"Bien Brow, Bien dicho. Un poco de lagrimas, pero asi es cómo debemos seguir",0,0,0,0,1,0
esp_train_track_a_01408,@<username> estoy asombrada solo 2 años y 11 millones de suscriptores wow😮,0,0,0,0,0,1
esp_train_track_a_01409,Les odio a los Emo y a los Otakus,1,1,0,0,0,0
esp_train_track_a_01410,Está muenisima me volví loco,0,0,0,1,0,0
esp_train_track_a_01411,que triste saber eso 😱toda la crueldad que existe en este mundo 😭 te amo @<username>,0,0,0,0,1,0
esp_train_track_a_01412,Tu. Dejarías. Que. ASE. Eso. Yo. No. Que. Triste. :'( 😢😢😢😕😤,1,0,0,0,1,0
esp_train_track_a_01413,ecuador es una mierda men,0,1,0,0,0,0
esp_train_track_a_01414,jajajjaja que miedo ensero . :S que miedo jajajjajaja gracias a Dios no tengo amigos asi jajjajaj,0,0,1,1,0,0
esp_train_track_a_01415,chile viña del mar plz te quiero mucho!,0,0,0,1,0,0
esp_train_track_a_01416,Que miedo ir a México En México matan En México están locos.,0,1,1,0,0,0
esp_train_track_a_01417,lloré de la emisión más más😢😢😢,0,0,0,1,1,1
esp_train_track_a_01418,Me apunto! Esta buenísimo!,0,0,0,1,0,1
esp_train_track_a_01419,me encanta que también te guste CNCO,0,0,0,1,0,0
esp_train_track_a_01420,Pobre perrito que triste vídeo 😿😿😢😢😢,0,0,0,0,1,0
esp_train_track_a_01421,Esa seria me deba miedo Aunque nunca entendi nada,0,0,1,0,0,0
esp_train_track_a_01422,Amaba a esta @<username> la d ahora me da asco mentirosa y manipulada por juan,1,1,0,0,0,0
esp_train_track_a_01423,Que asco ese we,1,1,0,0,0,0
esp_train_track_a_01424,Amara casi se cae ten cuidado y no es verdad hagan el love yourself y el detrás de cámara,0,0,1,0,0,0
esp_train_track_a_01425,Gracias así entendí mejor 👍,0,0,0,1,0,0
esp_train_track_a_01426,@<username> : !!!TODOS SUSCRITOS!!! Yo: ya estoy,0,0,0,0,0,1
esp_train_track_a_01427,Justo vengo del vídeo de lethal crysis y esto es increíble.,0,0,0,0,0,1
esp_train_track_a_01428,we no me abia dado cuenta de que la cara de Yoongi esta aqui a,0,0,0,0,0,1
esp_train_track_a_01429,Uno de los mejores videos que e visto😂😂😂❤️,0,0,0,1,0,0
esp_train_track_a_01430,Los youtubers mas pendejos que he visto,0,1,0,0,0,0
esp_train_track_a_01431,No amos un número no somos un like somos más que un intentó tonto de instagram,1,1,0,0,0,0
esp_train_track_a_01432,"¿Y eso qué?, ¿Ahora es más importante la ropa?, ni que vayan a ir a una pasarela 😂😅",0,1,0,1,0,0
esp_train_track_a_01433,Los odio #aemeapesta,1,1,0,0,0,0
esp_train_track_a_01434,Los valen! Pudieron haber dado mas. Respetos para esta mega banda,0,1,0,0,0,1
esp_train_track_a_01435,Esta muy hermoso el video ; felicidades @<username> 💕💕,0,0,0,1,0,0
esp_train_track_a_01436,me dio mucho miedo porque la bruja tambien era la otra mama´,0,0,1,0,0,0
esp_train_track_a_01437,Que miedo ese cura,0,0,1,0,0,0
esp_train_track_a_01438,ese flash recardago se paso de troll carajo,0,1,0,1,0,1
esp_train_track_a_01439,"Lo peor de nuestra sociedad en reunión... Que paso con el loco, por que no estuvo ahi... jajajajaja",0,1,0,1,0,1
esp_train_track_a_01440,q asco el qse come los mocos,0,1,0,0,0,0
esp_train_track_a_01441,les quedo muy bonita y me encanto,0,0,0,1,0,0
esp_train_track_a_01442,@<username> yo sé talvez nunca te podré conocer pero te no @<username> estoy llorado. Quisiera conocerte pero estamos muy lejos,0,0,0,0,1,0
esp_train_track_a_01443,Soy un niño tengo miedo,0,0,1,0,0,0
esp_train_track_a_01444,Estamos en agosto y sigo confiando que yoloriana es real Que mal que todo se arruino por una vesina,0,0,0,0,1,0
esp_train_track_a_01445,me pone nervioso como escribe con la zurda,0,1,1,0,0,0
esp_train_track_a_01446,los de ustedes son peor bu abajo fuera los odio,1,1,0,0,0,0
esp_train_track_a_01447,como que son muy estupidos,1,1,0,0,0,0
esp_train_track_a_01448,"La punta no está afiliada y la otra parte si, se piensan q somos tontos??😂",1,1,0,0,0,0
esp_train_track_a_01449,Todos los Haters comentando cosas negativas y aún así vieron el vídeo. Me dan pena 😂😌,0,0,0,0,1,0
esp_train_track_a_01450,Q triste tam soy de quito y me iva a la playa psero dijeron q mo,0,0,0,0,1,0
esp_train_track_a_01451,"Estoy en septimo grado y ya doy esto,me duele la cabeza por el estres",0,1,0,0,0,0
esp_train_track_a_01452,Dios mío cuánto talento... <3,0,0,0,1,0,1
esp_train_track_a_01453,"Vea usted, este guagua ha estado mamando a diestra y siniestra. Nos salió mamador bravo!",1,1,0,0,0,0
esp_train_track_a_01454,like si piensas que eran novios antes de ver el de tras de camaras si quedan como novios ee💛,0,0,0,1,0,0
esp_train_track_a_01455,Que asco que esta mierda sea el video mas visto de colombia en 2018,1,1,0,0,0,0
esp_train_track_a_01456,"Nos estamos comiendo al mundo 🌎 a grandes bocanadas, esa es una triste realidad. 😢",0,0,0,0,1,0
esp_train_track_a_01457,Ag que asco me da esto:),0,1,0,0,0,0
esp_train_track_a_01458,Te amo @<username> y si vamos por más y espero que pronto yegemos a ser mil millones de más personas,0,0,0,1,0,0
esp_train_track_a_01459,Esot es lo peor que he visto que asco me da este morro,0,1,0,0,0,0
esp_train_track_a_01460,Hermosa 😍 felicidades y que sigas creciendo 😘 se te quiere lindura mayor ❤ saludos desde Ecuador 🌈😘❤,0,0,0,1,0,0
esp_train_track_a_01461,esta es la primera vez que la escucho y me encanta 😄,0,0,0,1,0,0
esp_train_track_a_01462,Eso es @<username> vamos para el millon buena kike! 😱,0,0,0,1,0,1
esp_train_track_a_01463,"Estaba almorzando mientras veía tu vídeo y de pronto sales barriendo popó. Alv que asco :""V.",0,1,0,0,0,1
esp_train_track_a_01464,el lerdín pues quien más!!!,0,1,0,0,0,0
esp_train_track_a_01465,Idiota de los que hablan mal de ti,1,1,0,0,0,0
esp_train_track_a_01466,Solo con ver los ojos me dan miedo peor va a ser la película ;-;,0,0,1,0,0,0
esp_train_track_a_01467,"No me asombraría que quiera ir a Mexico, alla se van todos los narcos a asilarse como los correistas.",1,1,0,0,0,0
esp_train_track_a_01468,Es increíble lo que hace,0,0,0,0,0,1
esp_train_track_a_01469,Ésto huele a laboratorios coimeros?!!!,0,1,0,0,0,1
esp_train_track_a_01470,Que carajos con ese final fue perturbador,0,1,0,0,0,0
esp_train_track_a_01471,y porque ventus videos si no les gustan los haters,1,0,0,0,0,1
esp_train_track_a_01472,No lo puedo creer keblex esta ay,0,0,0,0,0,1
esp_train_track_a_01473,no me puedo creer q se hallan hecho una cancion mis dos youtubers favoritos,0,0,0,0,0,1
esp_train_track_a_01474,QUE BIEN EXPLICA EL PROFE:3,0,0,0,1,0,1
esp_train_track_a_01475,Son unos estupidos los dos,1,1,0,0,0,0
esp_train_track_a_01476,Bien!! estaremos pendientes!,0,0,0,1,0,1
esp_train_track_a_01477,Y pensar que cuenta el triple contratar a la basura de peso pluma 😂,0,1,0,1,0,1
esp_train_track_a_01478,"Wey eres mexicano, deja de quejarte de que la comida pica, nos avergüenzas.",1,1,0,0,0,1
esp_train_track_a_01479,El narcopresidente estará muy preocupado,0,1,0,0,0,0
esp_train_track_a_01480,Que asco me da que la tauromaquia se tome como referencia Española...,1,1,0,0,0,0
esp_train_track_a_01481,"¡Clarisimo! grande @<username> sos excelente explicando, que dios bendiga tu vida¡!",0,0,0,1,0,1
esp_train_track_a_01482,"Pobre gente, controlados como zombie, bueno el comunismo así es, dictadores.",1,0,0,0,1,0
esp_train_track_a_01483,La cuarentena me afectó tanto que volvi a mi pasado oscuro que me arrepiento de que exista ;-;,0,0,0,0,1,0
esp_train_track_a_01484,Hola @<username> eres mi youtuber favorito y chistoso !!! ...,0,0,0,1,0,0
esp_train_track_a_01485,Tengo miedo :'c. Y me dan miedo los botones aiuda,0,0,1,0,0,0
esp_train_track_a_01486,Me encantó pensé que yo lo sé iba a besar con mariana los amo,0,0,0,1,0,0
esp_train_track_a_01487,Que asco este vídeo,0,1,0,0,0,0
esp_train_track_a_01488,"El vuelton que dio jaja, la amo 💗",0,0,0,1,0,0
esp_train_track_a_01489,Los subsi dios fueron dadas a personas que no po necesitaban.,1,1,0,0,0,0
esp_train_track_a_01490,20 millones de vistas no lo puedo creer😱,0,0,0,0,0,1
esp_train_track_a_01491,Esta fea la situación,0,1,0,0,0,0
esp_train_track_a_01492,Yo también soy fan del presidente Bukele. Dios los bendiga y guarde de todo peligro. Amén,0,0,0,1,0,0
esp_train_track_a_01493,Mi sueño es verlos a ustedes en persona los amo abrakadabra adiosss ❤💙,0,0,0,1,0,0
esp_train_track_a_01494,Es el peor vídeo e mi vida aem es un asco,0,1,0,0,0,0
esp_train_track_a_01495,Me da pena agena esta baina.,0,1,0,0,0,0
esp_train_track_a_01496,Eres el mejor @<username> te quiero mucho eres muy gracioso y divertido,0,0,0,1,0,0
esp_train_track_a_01497,Pues es que si están bien horribles😢,0,1,0,0,1,0
esp_train_track_a_01498,yo viendo que todos los youtubers cambiaron,0,0,0,0,0,1
esp_train_track_a_01499,Te queremos @<username> eres la mejor,0,0,0,1,0,0
esp_train_track_a_01500,Te cagaste Se cago Nos cagamos…,0,0,1,0,0,0
esp_train_track_a_01501,el poder de la mujer. dan miedo,0,0,1,0,0,1
esp_train_track_a_01502,@<username> :llegando con el gran exito diciembre:esta si es musica no huevdas llegaras lejos @<username>,0,0,0,1,0,1
esp_train_track_a_01503,"no, yolo, en verdad te odiamos por eres un misógino de primera",1,1,0,0,0,0
esp_train_track_a_01504,Esto es estúpido infantil,1,1,0,0,0,0
esp_train_track_a_01505,Las que critican pura gorda y de salario minimo,1,1,0,0,0,0
esp_train_track_a_01506,Son unos tóxicos y además soy team #Lospolinesios 🙄,0,1,0,0,0,0
esp_train_track_a_01507,"Por un demonio, lo que faltaba¡!",1,0,0,0,0,1
esp_train_track_a_01508,Son los mejores sigan así que aguante @<username> aventuras,0,0,0,1,0,0
esp_train_track_a_01509,"Osea no MMS wey, tengo un chingo de miedo :'v,",0,0,1,0,0,0
esp_train_track_a_01510,No quiero q traten mal alos perros me duele el corazon cuando veo eso 😢,0,0,1,0,1,0
esp_train_track_a_01511,"hermosa mujer dios. me encanto, ya 11 millones y muchos mas",0,0,0,1,0,1
esp_train_track_a_01512,Murió haciendo lo que más le gusta 😂,0,0,0,1,0,0
esp_train_track_a_01513,Pero que espanto🤢🤢🤢,0,1,0,0,0,0
esp_train_track_a_01514,quien mierda es mox?,1,0,0,0,0,1
esp_train_track_a_01515,Idiotas. Estúpidos. Ustedes,1,1,0,0,0,0
esp_train_track_a_01516,Tengo miedo(literal) Like si te pasa lo mismo Tambien like si no es tu cumpleaños,0,0,1,0,0,0
esp_train_track_a_01517,Yo tengo miedo de perderme en el airopuerto 😭,0,0,1,0,0,0
esp_train_track_a_01518,Yo ya estoy me da miedo ver atras,0,0,1,0,0,0
esp_train_track_a_01519,me asusté con el PILAS :u,0,0,1,0,0,0
esp_train_track_a_01520,Son muy tontos cara pitos,1,1,0,0,0,0
esp_train_track_a_01521,Las matanzas solo respondes a un único precedente. Uribe tiene miedo...,0,1,1,0,0,0
esp_train_track_a_01522,Estan peor los de España 🤢🤮,0,1,0,0,0,0
esp_train_track_a_01523,Te amo @<username> Rodríguez y escuchó todos los días la canción de Abrakadabra 🎩,0,0,0,1,0,0
esp_train_track_a_01524,Estidos ustedes con ese vídeo ridículos,1,1,0,0,0,0
esp_train_track_a_01525,🤔Será esto culpa de Petro también?? 😂,0,0,0,1,0,1
esp_train_track_a_01526,Ay yoloriana es real siii.estoy emosionada,0,0,0,1,0,0
esp_train_track_a_01527,Por qué las malas palabras?,0,1,0,0,0,1
esp_train_track_a_01528,Cada vez estamos peor 😢 porque nuestro gobierno no da solución a estos atropellos a los ciudadanos honestos hasta cuando 😡,1,1,0,0,1,0
esp_train_track_a_01529,No sé muchachos eso de tomarle fotos a una loli en un baño con lo ofendido q todos son últimamente,0,1,0,0,0,0
esp_train_track_a_01530,No lo puedo creer se separan y regresan y no son novios es lo que pienso,0,0,0,0,0,1
esp_train_track_a_01531,"Que feo que enseñe a robar , esto ven niños",1,1,0,0,0,0
esp_train_track_a_01532,Ahora tengo miedo de clicarle megusta al video por si aparece un personaje de esos.. jajajajja xD,0,0,1,1,0,0
esp_train_track_a_01533,El final me saco unas lagrimas bien echo @<username>,0,0,0,1,1,1
esp_train_track_a_01534,Eres algo que empieza con la p..,1,0,0,0,0,0
esp_train_track_a_01535,@<username> te gusta Taylor Swift que hay muchos cuadros de Taylor Swift,0,0,0,1,0,1
esp_train_track_a_01536,Hasta que no se erradiquen todos estos movimientos de izquierda no vamos a mejorar en nada el Ecuador,1,1,0,0,1,0
esp_train_track_a_01537,Que bella @<username> te quiero soy tu fan 😘😘,1,0,0,0,0,0
esp_train_track_a_01538,"Viendo esto uno se pregunta , podemos ser tan mierdas como humanidad ?",1,1,0,0,0,0
esp_train_track_a_01539,"En la viña del Señor, cada loco/a, suelto !!",0,1,0,1,0,0
esp_train_track_a_01540,Caras de tontos los polinecios son mejores que ustedes,1,1,0,0,0,0
esp_train_track_a_01541,Si ya esta en otro país no lo van a encontrar jamás.,0,0,0,0,0,1
esp_train_track_a_01542,nando yo tengo miedo de asercarme ahi por q es re largo y tu te vas a. tirar,0,0,1,0,0,0
esp_train_track_a_01543,jajaja me dio miedo poner me gusta,0,0,1,1,0,0
esp_train_track_a_01544,Sólo pudo decir gracias,0,0,0,1,0,0
esp_train_track_a_01545,oh Dios! nunca me había puesto a pensar en eso! XD,0,0,0,1,0,1
esp_train_track_a_01546,Que asco que para resca comida de la pantuflas soy de peru🇱🇻,0,1,0,0,0,0
esp_train_track_a_01547,El agua: che soy o estoy drogado es mas falso que la mier..,1,1,0,0,0,0
esp_train_track_a_01548,hay gente que ama a un man que le saca los packs a las mujeres ? Que asco,0,1,0,0,0,0
esp_train_track_a_01549,Wey enserio se cago de miedo con esa risa 😂 jajaja se traumo creo 😂,0,0,0,1,0,0
esp_train_track_a_01550,😐 que esto es lo más raro que vi,0,1,0,0,0,1
esp_train_track_a_01551,Que estoy flipando tio!,0,0,0,0,0,1
esp_train_track_a_01552,Laik si crees que el video musical de @<username> es una mierda,1,1,0,0,0,0
esp_train_track_a_01553,Que gasto innecesario. Para eso la pena de muerte.,0,1,0,0,0,0
esp_train_track_a_01554,@<username> al que menos le da duro es a Juanpa. Pullita enmermeladita santista. Incendiarios de pura bulla.,1,0,0,0,0,0
esp_train_track_a_01555,que buena explicacion,0,0,0,1,0,0
esp_train_track_a_01556,Dios!!! Q brutal xd pero es la repera,0,0,0,1,0,1
esp_train_track_a_01557,uyy más de acuerdo no podría estar,0,0,0,0,0,1
esp_train_track_a_01558,"No, mejor me quedo en las casitas echas de popis<3",1,0,0,0,0,0
esp_train_track_a_01559,pobre sitas personas ..no me imagino todo lo q sufrieron...:'(,0,0,0,0,1,1
esp_train_track_a_01560,que se balla a la mierda,1,1,0,0,0,0
esp_train_track_a_01561,En Argentina aaa plis like para q @<username> lo vea y si tu tambien lo quieres,0,0,0,1,0,0
esp_train_track_a_01562,Aahh grito ame la canción y el pelo de Mariana y lo mejor es que se besan los aamo ❤️💙❤️💙,0,0,0,1,0,1
esp_train_track_a_01563,92 millones de visitas no lo puedo creer,0,0,0,0,0,1
esp_train_track_a_01564,Me da pena que en mi país Perú coman cuy pero en si es muy bueno para la salud 😥😥😥,0,0,0,0,1,0
esp_train_track_a_01565,Ay que pto miedo y mas si yo soy aranofofia,0,0,1,0,0,0
esp_train_track_a_01566,me encanto su explicacion,0,0,0,1,0,0
esp_train_track_a_01567,estoy apunto de volar a cdmx y estoy super nerviosa espero no perderme,0,0,1,0,0,0
esp_train_track_a_01568,uy mi amor como.esta rika regañame.todo bloque quiera,0,0,0,1,0,0
esp_train_track_a_01569,Que miedo el tipo no tiene cejas,0,0,1,0,0,0
esp_train_track_a_01570,Este mmvrg esta obsesionado con correa porque será que de lasso no dice nada?,1,1,0,0,0,0
esp_train_track_a_01571,AME ESTE VIDEO Y A UDS TAMBIEN LO MEJOR DEL 2019,0,0,0,1,0,0
esp_train_track_a_01572,Ya da asco este tipo colgándose en cosas asi!!!,0,1,0,0,0,0
esp_train_track_a_01573,usted el una porquería,1,1,0,0,0,0
esp_train_track_a_01574,Primera ves que entiendo matemáticas 😢.,0,0,0,1,1,1
esp_train_track_a_01575,Ahora se va y habría coronado esa vuelta.. y como siempre ¿Que va a pasar?….NA DA,1,1,0,0,0,0
esp_train_track_a_01576,Que lastima que es actriz ya no volvio,0,0,0,0,1,0
esp_train_track_a_01577,Me da risa que no comprenden de que trata un roast 🙄 se tienen que tirar a ustedes mismos no defenderse,1,1,0,0,0,1
esp_train_track_a_01578,da mucho miedo pero puede ser cierto,1,0,0,0,1,0
esp_train_track_a_01579,Tengan cuidado con Rodrigo de Vigo por qué reaccióno a su vídeo y se volvió loco cuidado por favor 🙏,0,0,1,0,0,0
esp_train_track_a_01580,Muchas Gracias por la explicación,0,0,0,1,0,0
esp_train_track_a_01581,El video mas estupido que he visto es este!! que cochinadaaa.,1,1,0,0,0,0
esp_train_track_a_01582,Esta maldita vieja... cada dia me enamora mas :(,0,0,0,0,1,0
esp_train_track_a_01583,Mierda no puedo parar de verlo! xD,0,0,0,1,0,0
esp_train_track_a_01584,Traumaron mis pocos recuerdos de la infancia aaa,0,0,1,0,1,0
esp_train_track_a_01585,Lo siento juanito,0,0,0,0,1,0
esp_train_track_a_01586,Hermoso 😍 llore cuánto los escuché,0,0,0,1,1,0
esp_train_track_a_01587,ustedes sion de lo peor,1,1,0,0,0,0
esp_train_track_a_01588,Me encanto esta súper padre,0,0,0,1,0,1
esp_train_track_a_01589,Pobrecitos los perritos 😢😭😢😢,0,0,0,0,1,0
esp_train_track_a_01590,Odio a los heires,1,1,0,0,0,0
esp_train_track_a_01591,"Que miedo, esperemos que no pase de ahí 🙏🏻",0,0,1,0,0,0
esp_train_track_a_01592,Al chile la morra del vestido rosita que sale casi al final me da Miedo :v,0,0,1,0,0,0
esp_train_track_a_01593,Anga pobre perito a mi me iso llorar,0,0,0,0,1,0
esp_train_track_a_01594,Jajajajajaja un cague de risa este vídeo queremos la segunda parte con el mor8,0,0,0,1,0,0
esp_train_track_a_01595,"El mejor presidente de la historia de Colombia Álvaro Uribe Vélez, jueces comprados por Cepeda y el petro cacas.",0,1,0,0,0,0
esp_train_track_a_01596,Me caga la gente que responde sus propios comentarios,1,1,0,0,0,0
esp_train_track_a_01597,Que Miedo Que Les Tengo Siento Que Una Araña Esta En Mi Espalda 😫😫,0,0,1,0,0,0
esp_train_track_a_01598,ustedes son los peores cantan feo lo odie,1,1,0,0,0,0
esp_train_track_a_01599,Me puse a llorar cuando lo vi,0,0,0,0,1,0
esp_train_track_a_01600,no mames casi me cago del susto :'v,0,0,1,0,0,0
esp_train_track_a_01601,Porque nooo :c Cagaron el video con kevlex,1,0,0,0,1,0
esp_train_track_a_01602,"Hoy me sentía triste porque casi matan a mi perrito, escuche esta canción y ya no me sentía tan triste❤",0,0,0,1,1,0
esp_train_track_a_01603,Me encantó los amoo! 💖,0,0,0,1,0,0
esp_train_track_a_01604,pobrecitos perritos ay que cuidarlos con mucho cariño y amor😢😢,0,0,0,0,1,0
esp_train_track_a_01605,EL QUE LE DIO NO ME GUSTA ES UN INVIDIOSO,1,1,0,0,0,0
esp_train_track_a_01606,El chita yo lo creía el animal más rápido del 🌎 que increíble 😂,0,0,0,1,0,1
esp_train_track_a_01607,Esto es una basura,0,1,0,0,0,0
esp_train_track_a_01608,Ya es tendencia #13 en Chile no lo puedo creer,0,0,0,0,0,1
esp_train_track_a_01609,Me da asco la letra de tu cancion...🤮,0,1,0,0,0,0
esp_train_track_a_01610,Like si kas musicas de @<username> la escuchas dos veces y ya te la saves😂❤💖,0,0,0,1,0,0
esp_train_track_a_01611,JAJAJAJAJA. Ay no puedo con esto,0,0,0,1,0,0
esp_train_track_a_01612,NO VOY ALA COCINA OSINO ME DA MIEDO DE QUE SALGA UN VICHO DE ESTOS,0,0,1,0,0,0
esp_train_track_a_01613,Me hizo llorar quiero adoptar 20 perros para que ya no sufran,0,0,0,0,1,0
esp_train_track_a_01614,Que los haters se mueran @<username> no,1,1,0,0,0,0
esp_train_track_a_01615,Muy peligroso las puntas que sobresalen del reloj,0,0,1,0,0,0
esp_train_track_a_01616,Te cagaste de miedo @<username>,0,0,1,0,0,0
esp_train_track_a_01617,YA LITERALMENTE ME TENÍA QUE SUSCRIBIR ME ENCANTO COMO EXPLICAS😆,0,0,0,1,0,0
esp_train_track_a_01618,"Estoy alegre por la cancion, y triste al saber que mariana ya no vive en la misma casa. 😔",0,0,0,1,1,0
esp_train_track_a_01619,No me gusta tu roast es horrible la letra dedícate a otra cosa porque la música no te queda,1,1,0,0,0,0
esp_train_track_a_01620,TUS NOTICIAS HACEN QUE JORGITO YUNDA SE PONGA A LLORAR POR LE ESTAS HACIENDO PERSECUCION POLITICA A SU HIJO REGUETONERO,0,1,0,0,0,0
esp_train_track_a_01621,"neta pinches mentirosos, utilice todos los métodos y ninguno me lo quito",1,1,0,0,0,0
esp_train_track_a_01622,Bueno el video ! Triste lo qué pasó !,0,0,0,0,1,0
esp_train_track_a_01623,Se ríe del miedo y de los nervios 😂😂😂,0,0,0,1,0,0
esp_train_track_a_01624,Pero como asi? No pues que era culpa de Petro?,0,0,0,0,0,1
esp_train_track_a_01625,Que horribles personas ojala tambien los maten,1,1,0,0,0,0
esp_train_track_a_01626,100 Millones de Vistas NO ME LO CREO :D,0,0,0,0,0,1
esp_train_track_a_01627,Estoy sorprendido por esta prisión 😮,0,0,0,0,0,1
esp_train_track_a_01628,Esto es una mierda.,1,1,0,0,0,0
esp_train_track_a_01629,😍😍😍😘😗😗😘😚😙😙😍😍😍😄 los amo denme un ❤,0,0,0,1,0,0
esp_train_track_a_01630,Pta yo llore porque si soy un novio asi :(,0,0,0,0,1,0
esp_train_track_a_01631,Son un asco y no saben horribles como yutubers envidiosos por que ellos tienen más suscriptores que ustedes🤬👎,1,1,0,0,0,0
esp_train_track_a_01632,En el minuto dijo memame,0,0,0,0,0,1
esp_train_track_a_01633,Este chupamedias de laso ya no lo defiende😅,0,1,0,1,0,0
esp_train_track_a_01634,pendejos de mierda sucanal no deveria es sintieran,1,1,0,0,0,0
esp_train_track_a_01635,@<username> el video no está mal la miniatura me asusta,0,0,1,0,0,0
esp_train_track_a_01636,habia personas que las quemaban vivas,0,0,1,0,1,1
esp_train_track_a_01637,Wow nunca habia escuchado tanta vrdad en una canción!!!,0,0,0,0,0,1
esp_train_track_a_01638,Ya me dio miedo y eso q ni siquiera vivo en australio,0,0,1,0,0,0
esp_train_track_a_01639,Ay no que miedo y yo tengo un rottweiler,0,0,1,0,0,0
esp_train_track_a_01640,Que asco de canción les tienen envidia a los @<username> este show me sabe a cartón,1,1,0,0,0,0
esp_train_track_a_01641,el comentario de encuentra el garito eñs muy estupido oseáa,1,1,0,0,0,0
esp_train_track_a_01642,"Cruzcampo y tapas del sur, mal ejemplo chavalote",1,0,0,0,0,0
esp_train_track_a_01643,Lo peor es que si es cierto,0,0,0,0,0,1
esp_train_track_a_01644,Mujeres enfermas y amargadas la criican!🤦🏻‍♀️,1,1,0,0,0,0
esp_train_track_a_01645,😂😂💜💜! Por fin Valio la pena la espera.,0,0,0,1,0,0
esp_train_track_a_01646,No agasajar caso a los malos comentarios lo único que importa que tu disfrutes😊,0,0,0,1,0,0
esp_train_track_a_01647,No mames que acabo de ver,0,0,0,0,0,1
esp_train_track_a_01648,Que pesar con los perritos,0,0,0,0,1,0
esp_train_track_a_01649,No lo puedo creer bb esta es la cncion de 10 millones y por dios ya somos 11 millones,0,0,0,0,0,1
esp_train_track_a_01650,"Los tiempos de la 4T, puro chafa , fraude y robo.",1,1,0,0,0,0
esp_train_track_a_01651,Pero porque le salió 17 alguien me pueda explicar porfavor,0,0,0,0,0,1
esp_train_track_a_01652,este we explica mejor que todos mis profesores juntos,0,0,0,1,0,0
esp_train_track_a_01653,Este video APESTA a dinero de Bukele hahaha. No es queja.,0,1,0,0,0,0
esp_train_track_a_01654,Te sientes desanimado 😑 osea así 😖,0,1,0,0,1,0
esp_train_track_a_01655,creen un canal de los morales sus videos son estraordinarios,0,0,0,1,0,0
esp_train_track_a_01656,Me dio escalofrios y mirando a todos lados 😣,0,0,1,0,0,0
esp_train_track_a_01657,por la guardia! (lo apuñalan),0,0,0,0,0,1
esp_train_track_a_01658,Por que insultan a los polinesios.,1,0,0,0,0,0
esp_train_track_a_01659,"1 sola frase salio de mi boca. ""Que asco hijos de pucta""",1,1,0,0,0,0
esp_train_track_a_01660,"Porque hablan mal de los @<username> , está mal 😡😠🤬, son mejor es que ustedes al menos.😡😡😠",1,1,0,0,0,0
esp_train_track_a_01661,Me muero de risa,0,0,0,1,0,0
esp_train_track_a_01662,Ya toda ea generación está muerta Como el padrino de amado Carrillo se Metieron donde nunca los llamaron,0,1,0,0,1,0
esp_train_track_a_01663,Awww 🤗 que tierno y está muy lindo tu cabello 👌,0,0,0,1,0,0
esp_train_track_a_01664,ese man en serio da miedo...,0,0,1,0,0,0
esp_train_track_a_01665,soy el unico que lloro 😭😭,0,0,0,0,1,0
esp_train_track_a_01666,Esta muy tristes y muy fuerte esta realidad,0,0,0,0,1,0
esp_train_track_a_01667,Hoy es mi examen y etoy nervioso,0,0,1,0,0,0
esp_train_track_a_01668,Pobre Juanito no sabia donde esconderse 😂❤,0,0,0,1,1,0
esp_train_track_a_01669,Wow como isieron que bad Bunny apareciera,0,0,0,0,0,1
esp_train_track_a_01670,Este es El mejor reaccionando a el don vrgs jajajjaa,0,0,0,1,0,0
esp_train_track_a_01671,"Y por los lados del Pacto, también hay impresentables y congresistas con bajo nivel intelectual.",0,1,0,0,0,0
esp_train_track_a_01672,Me encanta no paro de escucharlo😄😍,0,0,0,1,0,0
esp_train_track_a_01673,Lloré cuando la vi,0,0,0,0,1,0
esp_train_track_a_01674,Sos un pelotudo y boludo,1,1,0,0,0,0
esp_train_track_a_01675,Siento que nisiquiera la vergüenza de presidente que tenemos ha hecho tanto como tu. Grande Kike!¡❤,0,1,0,1,0,0
esp_train_track_a_01676,Hayy no cuando dice que hay que hacer ciertas cositas me preocupa mas :(,0,0,1,0,1,0
esp_train_track_a_01677,Me encanta este video 😂😂😂,0,0,0,1,0,0
esp_train_track_a_01678,QUE CANCION MAS MIERDA CON LOS Q CANTAN😂😂,0,1,0,0,0,0
esp_train_track_a_01679,Wow. con estos vestidos. ustedes dos se ven impresionantes,0,0,0,0,0,1
esp_train_track_a_01680,"No sé pero quedé con traumas,nunca volveré a ve a la película de la misma manera... Te @<username> 💓",0,0,1,1,0,0
esp_train_track_a_01681,Averiguen lo que puede pasar con las CBDC... Eso es peor,1,1,0,0,0,0
esp_train_track_a_01682,Es un don del Señor de que lo eléctrico a mí me dio mucho miedo,0,0,1,0,0,0
esp_train_track_a_01683,"Las mafias guajiras están por encima del estado colombiano, lamentablemente. 😢😢",1,1,0,0,1,0
esp_train_track_a_01684,Like si lloraste que se pueda esa gente como odio a esa gente 😭😭😭😖😖,1,1,0,0,1,0
esp_train_track_a_01685,Me llegó al corazón la parte de los perritos @<username> eres un ejemplo a seguir 😭,0,0,0,1,1,0
esp_train_track_a_01686,Yo estoy muy triste de que amo ya no haga videos,0,0,0,0,1,0
esp_train_track_a_01687,Que triste lo bueno es que alcance a anotar las placas,0,0,0,0,1,0
esp_train_track_a_01688,"Mierda, en serio no puedo moverme! Sin duda eso me causo un ataque de risa.",0,0,0,1,0,1
esp_train_track_a_01689,Ya no es gracioso 😐 con estos personajes nuevos no son graciosos,0,1,0,0,0,0
esp_train_track_a_01690,Te adoro esta canción me llegó al corazón me identifique y se ahora que mis sueños se cumpliran,0,0,0,1,0,0
esp_train_track_a_01691,❤😍Me encanta no la puedo dejar de escuchar😍❤,0,0,0,1,0,0
esp_train_track_a_01692,Yo en todo caso uso mi celular para llamar😀😀,0,0,0,1,0,0
esp_train_track_a_01693,si son un poco estúpido,1,1,0,0,0,0
esp_train_track_a_01694,Vomo acen que aga la divasa ay chama no puedo creer,0,0,0,0,0,1
esp_train_track_a_01695,te quiero amara y @<username>,0,0,0,1,0,0
esp_train_track_a_01696,Imagínense un feat con Peso Pluma y Milo Mae...de locos pero háganlo posible 🤠🤠,0,0,0,0,0,1
esp_train_track_a_01697,Ojalá y no el único que arrodillo a las presuntas FARC narcoterroristas...,1,1,0,0,0,0
esp_train_track_a_01698,Se me quedó en la cabeza!!! AIUDA!!!,0,0,0,0,0,1
esp_train_track_a_01699,No puedo creer que estén apunto de llegar a los 10M,0,0,0,0,0,1
esp_train_track_a_01700,Solo le interesa el dinero y engañar a la gente,1,1,0,0,1,0
esp_train_track_a_01701,A mi no me dejan ver coraline que porque da mucho miedo A,0,0,1,0,0,0
esp_train_track_a_01702,.y terminan por quebrar en lo que menos se piensa!!,1,0,0,0,0,1
esp_train_track_a_01703,Los @<username> son hermanos y son originales y tienen 5 canales y ustedes 3 que asco me da aeme,1,1,0,0,0,0
esp_train_track_a_01704,Tu que sabes tu no sabes nada Tu lo unico que haces es vendernos humo,1,1,0,0,0,0
esp_train_track_a_01705,que mal que critiquen y los @<username> son mejores que ustedes ¡¡que mal en serio,1,1,0,0,0,0
esp_train_track_a_01706,Soy el éxito!,0,0,0,1,0,0
esp_train_track_a_01707,Son estupidos Nos ponen neuroticos se me pego es parte increible roast,1,1,0,0,0,0
esp_train_track_a_01708,"Siempre el mejor, me saco de una tragedia 😢❤",0,0,0,1,1,0
esp_train_track_a_01709,Con razón a los ecuatorianos no nos toman enserio :(,0,0,0,0,1,0
esp_train_track_a_01710,Yo vi la peli 😱😱😬 y daba un poco de miedo 😶😶,0,0,1,0,0,1
esp_train_track_a_01711,guacala que asco 😵😶😖😨,0,1,0,0,0,0
esp_train_track_a_01712,"si llegue a saber algo de eso, los metían y los quemaban a todos",0,0,0,0,1,0
esp_train_track_a_01713,@<username> te juro que se me cayerin mas de mil lagrimas ame el mensaje que trasmitiste ❤😢,0,0,0,1,1,0
esp_train_track_a_01714,Que miedo da la perte donde aparecen los hermanos malvados,0,0,1,0,0,0
esp_train_track_a_01715,Más de 24 millones de views!!! No lo puedo creer 😱💕 y ya somos más de 12 millones 😱😱💕💕,0,0,0,1,0,1
esp_train_track_a_01716,NO NO ERAS EL UNICO Q NO PODIA TIRAR MUENTRAS VIVIAS AQUI :0 *Momento de trauma* ?),0,0,1,0,0,1
esp_train_track_a_01717,A EL SEÑOR ESTO LE QUEDO GRANDE,1,1,0,0,0,0
esp_train_track_a_01718,Te amo mucho 💕,0,0,0,1,0,0
esp_train_track_a_01719,OMG Me quedé en shock Asombroso,0,0,0,0,0,1
esp_train_track_a_01720,Te extraño mucho kim😢,0,0,0,0,1,0
esp_train_track_a_01721,Lo más horrible de este canal el canal de @<username> Rodríguez,0,1,1,0,0,0
esp_train_track_a_01722,Que bueno que no va a sentir presión en una de las carreras más difíciles 😢,0,0,0,0,1,0
esp_train_track_a_01723,Me encanto el musical te amo @<username>,0,0,0,1,0,0
esp_train_track_a_01724,COMO QUE ESTA ZAYN?!!!,0,0,0,0,0,1
esp_train_track_a_01725,O sea si dejan grabar un video pornografico que asco de CDMX pero no dejan pasar un cachorro???,1,1,0,0,0,1
esp_train_track_a_01726,me asombro como Canto Nando y @<username>,0,0,0,0,0,1
esp_train_track_a_01727,Todos los tontos weys que dijieron cosas malas que se mueran ya👿👿👿,1,1,0,0,0,0
esp_train_track_a_01728,Y que raro que en la Costa los políticos se roban demasiado dinero 😮,0,0,0,0,0,1
esp_train_track_a_01729,"que flipante eh, que interesante eh, no mames eh @<username> Habla ndo",1,0,0,0,0,0
esp_train_track_a_01730,Si que me he gozado y deleitado con el temazo 🔥 👌 no he parado de reír,0,0,0,1,0,0
esp_train_track_a_01731,Los únicos estúpidos que hay aquí son ustedes,1,1,0,0,0,0
esp_train_track_a_01732,"Al igual que al padre Chucho, a mí me preocupa el mundo que le estoy dejando a mis hijos",0,0,1,0,0,0
esp_train_track_a_01733,"Están mal, esos policías",1,1,0,0,0,0
esp_train_track_a_01734,Que bonito me encanta 😉😊😊😁,0,0,0,1,0,0
esp_train_track_a_01735,We esta canción es asombrosa,0,0,0,1,0,1
esp_train_track_a_01736,"Me encantó que visitaras mi pais!!! Porque tener a @<username> en Ecuador, es chido!",0,0,0,1,0,0
esp_train_track_a_01737,No puedo creer que haiga elejido a messi,0,0,0,0,0,1
esp_train_track_a_01738,Wey estoy llorando,0,0,0,0,1,0
esp_train_track_a_01739,No puedo superar que le llamaba a la Kerly jajaja 😂 buen video,0,0,0,1,0,0
esp_train_track_a_01740,Me dan pena. Los estúpidos son ustedes,1,1,0,0,0,0
esp_train_track_a_01741,Que bien las vacaciones,0,0,0,1,0,0
esp_train_track_a_01742,@<username> tus vídeos me dan asco ustedes son tontos y ustedes estúpida y tu también😈😬😈,1,1,0,0,0,0
esp_train_track_a_01743,Le tenia miedo a las arañas y ahora les tengo mas miedo 😣,0,0,1,0,0,0
esp_train_track_a_01744,Más miedo. Me da cuando viene mi tio,0,0,1,0,0,0
esp_train_track_a_01745,Otro festejo ya somos 11millones yay,0,0,0,1,0,1
esp_train_track_a_01746,Esta canción es pegadiza La *¡AMO!*,0,0,0,1,0,0
esp_train_track_a_01747,Están bien retrasados parecen penes locos,1,1,0,0,0,0
esp_train_track_a_01748,Es mi profe favorito sino fuera por este medio quedaría pegada en cualquier ramo de cálculos ❤,0,0,0,1,0,0
esp_train_track_a_01749,yo es que es muy iinfantil y inmaduro,0,1,0,0,0,0
esp_train_track_a_01750,"*si esto es verdad, tengo que decir que tengo miedo*",0,0,1,0,0,0
esp_train_track_a_01751,me emocionee demasiado te amo,0,0,0,1,0,0
esp_train_track_a_01752,Ustedes me dan asco de vida celosos por sus vídeos chidos a amara vómito y a @<username> el pendejo 🖕🖕🖕,0,1,0,0,0,0
esp_train_track_a_01753,todos esos comentarios malos son mentiras,0,1,0,0,0,0
esp_train_track_a_01754,"¡excelente! 👏👏 Ya estaba esperando un video tuyo de este tema, enserio 😘",0,0,0,1,0,0
esp_train_track_a_01755,"Galápagos yo se que esta lejos pero valdrá la pena que vengas :""",0,0,0,1,0,0
esp_train_track_a_01756,Que se vaya al infierno padre de mierda,1,1,0,0,0,0
esp_train_track_a_01757,"Te felicito,te quiero mucho @<username> vas a llegar muy lejos",0,0,0,1,0,0
esp_train_track_a_01758,Llorando el pana 😂😂😂,0,0,0,1,0,0
esp_train_track_a_01759,de echo si son estupidos,1,1,0,0,0,0
esp_train_track_a_01760,Me das miedo 😨 quitatelo,0,0,1,0,0,1
esp_train_track_a_01761,ya no tines argumento bueno y el loco que ama y su familia desapareció,1,1,0,0,0,0
esp_train_track_a_01762,Ustedes son los peores para cantar tontos,1,1,0,0,0,0
esp_train_track_a_01763,"Tengo miedo! Tengo miedo! No no no, tengo miedo! Y que bueno que existen los medios de comunicación, tengo miedo!",0,0,1,0,0,0
esp_train_track_a_01764,Ay dios q cosa es esto,0,0,0,0,0,1
esp_train_track_a_01765,Que carajos!? Como termine viendo esto!? 😂 ta buena a decir verdad 😂,1,0,0,0,0,0
esp_train_track_a_01766,Me muero si pruebo esto,0,1,1,0,0,0
esp_train_track_a_01767,"Ustedes son los peores los @<username> son los mejores , cantando estúpidos inmaduros ( Ustedes)",1,1,0,0,0,0
esp_train_track_a_01768,Dios @<username> digo ostia no me lo esperana JAJAJAJ,0,0,0,1,0,1
esp_train_track_a_01769,"Damn! Ahora que veo esto, la pelí se torna algo tetrica y ahora si da miedo haha",0,0,1,0,0,0
esp_train_track_a_01770,"La mayoría de Latinoamérica esta cortada,con la misma tijera! Corrupción escandolosa,masacres,narcotráfico, narcos,pandillas,líderes ambientales asesinados, etc etc que lindo este continente!",1,1,0,0,0,0
esp_train_track_a_01771,Wow qué linda yo cumplo el tres de diciembre😆😅😂,0,0,0,0,0,1
esp_train_track_a_01772,Otro video estupido y sin gracia!! @<username> ya fue!!,1,1,0,0,0,0
esp_train_track_a_01773,me encanto no me la puedo sacar de la cabeza <3,0,0,0,1,0,1
esp_train_track_a_01774,Que mierda les pasa a los españoles sin ofender a nadie,1,1,0,0,0,0
esp_train_track_a_01775,Me dio miedo y mucha tristeza por @<username> cuando se congeló,0,0,1,0,1,0
esp_train_track_a_01776,"Si antes tenía un poquito de miedo, ahora estoy perturbatronix",0,0,1,0,0,0
esp_train_track_a_01777,los que te escribieron eso son los peores terrícolas eso es todo mentira like si piensan lo mismo,1,1,0,0,0,0
esp_train_track_a_01778,Que bonita canción 💖💖💖😍😍😍💖,0,0,0,1,0,0
esp_train_track_a_01779,Esa mamada de cancion no mames q porqueria vean este video si quieren dearrea con cancer,1,1,0,0,0,0
esp_train_track_a_01780,Esa vieja no se le acerca a las uñas de los pies a Trump.,1,1,0,0,0,0
esp_train_track_a_01781,🥺😭 que triste pero hay mucha gente mala en este mundo,0,0,0,0,1,0
esp_train_track_a_01782,yo llore cuando te hackearon el canal ahora otrabes llore😢,0,0,0,0,1,0
esp_train_track_a_01783,alos que le digieron esas cosas a @<username> son unos unos idiotas,1,1,0,0,0,0
esp_train_track_a_01784,Si Dios se muere nosotros nos morimos muchos años antes,0,0,1,0,0,0
esp_train_track_a_01785,Que intriga a ver qué pasará en ese próximo capítulos de esos Morales 😂😂😂,0,0,0,1,0,1
esp_train_track_a_01786,La culpa es de nosotras. Por ser mujeres... Mundo de mierda.,1,0,0,0,0,0
esp_train_track_a_01787,Me encanta como canta Sofía 💖💖😝😝😍😍,0,0,0,1,0,0
esp_train_track_a_01788,pero y que hago si es un numero muy alto,0,0,0,0,0,1
esp_train_track_a_01789,Yo tambien quiero ser yotuber pero me da miedo,0,0,1,0,0,0
esp_train_track_a_01790,@<username> esta en mi ciudad madre mia eso no me lo esperaba,0,0,0,0,0,1
esp_train_track_a_01791,Porque te comportas como pendejo,1,1,0,0,0,0
esp_train_track_a_01792,estos vagos si son retrasados,1,1,0,0,0,0
esp_train_track_a_01793,Justamente el ejercicio que necesitaba :),0,0,0,1,0,0
esp_train_track_a_01794,Con los ambulantes agachan los cuernos verdad cabrones !,1,1,0,0,0,0
esp_train_track_a_01795,Como odio a las perdonas q hacen eso me dan asco,1,1,0,0,0,0
esp_train_track_a_01796,me iso llorar la parte de donde dise mama tenia razon,0,0,0,0,1,0
esp_train_track_a_01797,se me explotaron los oidos con el intro bajale please,0,1,0,0,0,0
esp_train_track_a_01798,Me da asco mi generación 😔,0,1,0,0,0,0
esp_train_track_a_01799,AEME el MEJOR canal del mundo!!😘,0,0,0,1,0,0
esp_train_track_a_01800,"Yo me cago, mi mayor miedo son los cuchillo y navajas",0,0,1,0,0,0
esp_train_track_a_01801,La verdad el reggaeton me parece una mierda pero cada quien,0,1,0,0,0,0
esp_train_track_a_01802,Que chinguen su madre todos los que abandonen a sus perros perdón por mis palabras,1,1,0,0,0,0
esp_train_track_a_01803,No me gustó 😥😢 esperaba mucho este video y siento que no tiene ritmo 😣😓,0,1,0,0,1,0
esp_train_track_a_01804,que mierda ni yo drogada escucho esta mierda :v,1,1,0,0,0,0
esp_train_track_a_01805,Es el vídeo más Freak que he visto nunca.,0,1,0,0,0,1
esp_train_track_a_01806,GRACIAS LO AMOO,0,0,0,1,0,0
esp_train_track_a_01807,miley cirus es la reyna del twerk,0,0,0,1,0,0
esp_train_track_a_01808,Me alegra q hayas ido a Ecuador mis orígenes 👍😁,0,0,0,1,0,0
esp_train_track_a_01809,@<username> nos gobiernan mafiosos . Y votaste por duque y hablaste mal Petro care monda .l.,1,1,0,0,0,0
esp_train_track_a_01810,@<username> y amara son estupidos no se metan con los polinesios😡,1,1,0,0,0,0
esp_train_track_a_01811,Me da asco @<username> seme ase que le apesta la boca,0,1,0,0,0,0
esp_train_track_a_01812,Para esto espere m qué 💩 mierda,1,1,0,0,0,0
esp_train_track_a_01813,Le tengo mucho miedo y eso que tengo nueve :v,0,0,1,0,0,0
esp_train_track_a_01814,MUCHAS GRACIAS NO PODÍA COMPRENDER ESTO LAS MATEMÁTICAS NO SE ME DAN PERO GRACIAS YA PUDE ENTENDERLO,0,0,0,1,0,0
esp_train_track_a_01815,No se los demás peroe hizo llorar 😢,0,0,0,0,1,0
esp_train_track_a_01816,"Me encanta esta canción es súper pegajosa,me gusta mucho 🎶🎶🤗",0,0,0,1,0,0
esp_train_track_a_01817,Eres mi YouTube favorito te quiero mucho @<username> que Dios te bendiga y a toda tu familia siempre,0,0,0,1,0,0
esp_train_track_a_01818,"Los amo tanto, son lo mejor del mundo mundial 😙💕",0,0,0,1,0,0
esp_train_track_a_01819,en serio wow no puedo creerlo,0,0,0,0,0,1
esp_train_track_a_01820,Jajaa me cago de risa lo del vigilante aereo,0,0,0,1,0,0
esp_train_track_a_01821,"Por que hay oportunidad a tan poquitos ,😢",0,0,0,0,1,0
esp_train_track_a_01822,lol no pense que seria tan sorprendente y exelente whattt me voy a desmayar,0,0,0,0,0,1
esp_train_track_a_01823,No manches esta peor ustedes no manche se ve tonto ustedes son estupidos y ni se noma asta para cantar🙄🙄🐸,1,1,0,0,0,0
esp_train_track_a_01824,"Muy claro todo , gracias .",0,0,0,1,0,0
esp_train_track_a_01825,"Señores la edicion del video, cortando al maximo las pausas, es desesperante en mi opinion. Revisar aquello",0,1,0,0,0,0
esp_train_track_a_01826,Que bien ya se como es eso,0,0,0,1,0,0
esp_train_track_a_01827,Mañana tengo que rendir previas de primer año :v que miedo,0,0,1,0,0,0
esp_train_track_a_01828,"Medellin es una cuidad muy insegura, cuidado los turistas",0,0,1,0,0,0
esp_train_track_a_01829,Lo Amo estubo muy hermosos,0,0,0,1,0,0
esp_train_track_a_01830,Vuelven a matar un perrito y juro que mató a quien lo mato,1,0,0,0,0,0
esp_train_track_a_01831,no sonó muy bien en inglés eso... bastante perturbador,0,1,0,0,0,0
esp_train_track_a_01832,Justo lo que necesitaba para mi examen!!,0,0,0,1,0,0
esp_train_track_a_01833,Solo llaman la morbosidad y ni dicen lo que publican muy mal,0,1,0,0,0,0
esp_train_track_a_01834,Que se muera mexico😡,1,0,0,0,0,0
esp_train_track_a_01835,Yo si estoy de acuerdo con esa constituyente hay mucha ratas en el gobierno.,1,1,0,0,0,0
esp_train_track_a_01836,Uy que chimba y los falsos positivos de una vez,1,1,0,0,0,1
esp_train_track_a_01837,MUY BUEN VIDEO OJALA TODOS LOS PERIODISTAS PENSARAN COMO TU,0,0,0,1,0,0
esp_train_track_a_01838,Yo prefiero morir antes de hacerle a un perro maldigo con todo mi corazón a las personas que hacen eso.,1,1,0,0,0,0
esp_train_track_a_01839,Esto me está preocupando mucho.,0,0,1,0,0,0
esp_train_track_a_01840,Son unos tontos los @<username> son geniales ustedes son bavosos,1,1,0,0,0,0
esp_train_track_a_01841,Y tu que haz hecho de bueno para criticar y no se haga que bien pagado ha de estar..,1,1,0,0,0,0
esp_train_track_a_01842,😭😭 eso es sierto me iso llorar,0,0,0,0,1,0
esp_train_track_a_01843,Yo creo que ellos son los pendejos y imbeciles,1,1,0,0,0,0
esp_train_track_a_01844,Si los selis fueran oro serias millonario con esas manías papi ya me estas cansando,1,1,0,0,0,0
esp_train_track_a_01845,La primera me dejo impactado 😲😲😲,0,0,0,0,0,1
esp_train_track_a_01846,Me encanta Jaja :),0,0,0,1,0,0
esp_train_track_a_01847,Si es la triste verdad Pero en el resto del mundo también vive con estos problemas,0,0,0,0,1,0
esp_train_track_a_01848,No deja de asombrarme la cara lavada de Correa. Campeón de los caretucos.,0,1,0,0,0,1
esp_train_track_a_01849,"*Yolo* a me partió el corazón 😓💔 *Mariana* me encantó, pero me causa melancolía",0,0,0,0,1,0
esp_train_track_a_01850,Que pasa si la X está abajo?,1,0,0,0,0,0
esp_train_track_a_01851,🙁🙁🙁🐶🐶🐕🐕🐩🐈🐱🐱🐈😖😖😭 Qué triste que pena pobre perritos me hicieron llorar,0,0,0,0,1,0
esp_train_track_a_01852,"Un shot cada vez que digan ""la"" y ""mor"" :p",1,0,0,0,0,0
esp_train_track_a_01853,Pues sera peligroso pero amlo se tiene que ir,0,0,1,0,0,0
esp_train_track_a_01854,Que pena por el perrito,0,0,0,0,1,0
esp_train_track_a_01855,Me encantó creo que no estoy equivocada pero tu cumple fue el el 18 sábado de mayo te felicito,0,0,0,1,0,0
esp_train_track_a_01856,le di me gusta con miedo de que me fuesen a escupir e.e,0,0,1,0,0,0
esp_train_track_a_01857,Estaba suga de BTS!!! OMG,0,0,0,0,0,1
esp_train_track_a_01858,no importa lo que digan yo te @<username> mil .. eres el mejor,0,0,0,1,0,0
esp_train_track_a_01859,"Me asuste re feo Cuando vi a la niña con los rasguños:, v",0,0,1,0,1,0
esp_train_track_a_01860,Que bien explica 💖👌,0,0,0,1,0,1
esp_train_track_a_01861,Te amo @<username> eres la mejor te amoo mucho y eres hermosa,0,0,0,1,0,0
esp_train_track_a_01862,Amara fue la única que se dio cuenta de lo que sufría @<username>,0,0,0,0,1,1
esp_train_track_a_01863,son estupidos :),0,1,0,0,0,0
esp_train_track_a_01864,"No mames que asco, mejor ve a repartir unos pantojasos",0,1,0,0,0,0
esp_train_track_a_01865,Jajajaja y tiene razón 🤣 parece la forma en que iría vestido un Streamer a una boda 💒 jajajajaja,0,1,0,1,0,0
esp_train_track_a_01866,no da miedo pero te conviertes en peruano XD,0,0,0,1,0,0
esp_train_track_a_01867,Deja de reírte merlina maldito,1,0,0,0,0,0
esp_train_track_a_01868,recuerdo que mi hermana me escondió mi celular y estuve llorando porque no lo encontraba,0,0,0,0,1,0
esp_train_track_a_01869,Dios mío falta muy poco para LOS 18 M 🥳🥳,0,0,0,0,0,1
esp_train_track_a_01870,no me gusta que se metan con los @<username>,1,0,0,0,0,0
esp_train_track_a_01871,No lo conocía pero el mensaje me partió el corazón sentí un nudo en la garganta,0,0,0,0,1,0
esp_train_track_a_01872,que hermosa ahora ya vgeo me hiciste llorar,0,0,0,1,1,0
esp_train_track_a_01873,es el mejor explicando <3,0,0,0,1,0,0
esp_train_track_a_01874,que asco los frijoles,0,1,0,0,0,0
esp_train_track_a_01875,odio a los que le dijeron eso a ami😡,1,1,0,0,0,0
esp_train_track_a_01876,Quien dijo que @<username> y amara son estupidos los haters son estupidos,1,1,0,0,0,0
esp_train_track_a_01877,@<username> soy tu fan número 1 y estaré muy triste si te mueres,0,0,0,1,1,0
esp_train_track_a_01878,Por eso te votaron de la TV... Odiador,1,1,0,0,0,0
esp_train_track_a_01879,A las personas que los maltratan no les guataria que los tratarán así,1,0,0,0,1,0
esp_train_track_a_01880,Bonito lugar Honduras lastima.los lideres lo destruyen todo,0,0,0,1,1,0
esp_train_track_a_01881,"La verdad, es que luego de ver Este video me esta doliendo mucho el pecho...",0,0,1,0,1,1
esp_train_track_a_01882,🤮🤮que asco da @<username> o como se escriba me vale,0,1,0,0,0,0
esp_train_track_a_01883,Que miedo me dio miedo like si no quieres que te pase eso,0,0,1,0,0,0
esp_train_track_a_01884,gracias profe me lo aprendi al 100 lastima que no expliquen tan bien en mi colegio,0,0,0,1,1,0
esp_train_track_a_01885,Yo odio @<username> aventuras me tienen asta las pelotas con su canal😈,1,1,0,0,0,0
esp_train_track_a_01886,Estoy flipando! Como puede que siga con cerebro?,0,0,0,0,0,1
esp_train_track_a_01887,el padre está asustado como todos !🇨🇴,0,0,1,0,0,0
esp_train_track_a_01888,Primero los locos de alcaeda( o como se escriba prrs) y ahora los mismos estadounidenses,1,0,0,0,0,1
esp_train_track_a_01889,También salió los increíbles,0,0,0,0,0,1
esp_train_track_a_01890,"Me encanto este video, ademas @<username> esta divina, me encanta como canta!!!",0,0,0,1,0,1
esp_train_track_a_01891,Gracias entendí bien,0,0,0,1,0,0
esp_train_track_a_01892,TE AMO! FELICIDADES @<username> SALUDITOS DESDE MÉXICO ♡♡♡,0,0,0,1,0,0
esp_train_track_a_01893,Me caer mal cuando dicen o 😫,1,1,0,0,0,0
esp_train_track_a_01894,me sirve de mucho ademas es al único que le entiendo mi profa me tiene con dolor de cabeza,0,1,0,1,0,0
esp_train_track_a_01895,Amo todas sus hermosas canciones los amo y esperó un día conocerlo un día😘❤💖,0,0,0,1,0,0
esp_train_track_a_01896,Ustamente tengo lección de eso :),0,0,0,1,0,0
esp_train_track_a_01897,"Un BUKELE para ARGENTINA ., que encarcele delincuentes .y politicos para limpiar este bendito pais !!",0,1,0,1,0,0
esp_train_track_a_01898,"Siempre la misma mierda, canción 😶",1,1,0,0,0,0
esp_train_track_a_01899,Y yo viendolo a la 1 de la mañana :v,0,0,1,0,0,0
esp_train_track_a_01900,Prefiero ser un huevo podrido ante de estar suscrito a esta mierda,1,1,0,0,0,0
esp_train_track_a_01901,Pues lo unico bueno fue el mensaje cristiano en la inauguración,0,0,0,1,0,0
esp_train_track_a_01902,Soy nueva supcritora,0,0,0,1,0,0
esp_train_track_a_01903,Estúpidos. Y el. Terrícola es guey atentamente. Ios. Fans. De. Polo. Guerra. Quieren guerra. Tendran,1,1,0,0,0,0
esp_train_track_a_01904,@<username> me encanta esta canción la puedo escuchar 24/7,0,0,0,1,0,0
esp_train_track_a_01905,"EL MEJOR PRESIDENTE QUE HA TENIDO ECUADOR, PARA LOS QUE LES DUELE.",1,1,0,1,0,0
esp_train_track_a_01906,"Me encantó no puedo dejar de repetirlo mor,mor,mor.😘😘😘",0,0,0,1,0,0
esp_train_track_a_01907,Díganme q no soy la única que cuando escucho está canción le dolió el corazóncito 😩😭,0,0,0,0,1,0
esp_train_track_a_01908,Like si crees que lo que insultan a @<username> son perdedores,0,1,0,0,0,0
esp_train_track_a_01909,"Que miedo, justo hoy me compraron celu nuevo 0.o",0,0,1,0,0,0
esp_train_track_a_01910,Yo creo que la princesita Kima ganó pero es una ternura ver a Juanito jugando a las escondidas 😍🥰🤴🏻👸🏻👸🏻,0,0,0,1,0,0
esp_train_track_a_01911,Wow no puedo dejar de escucharla wow no puedo,0,0,0,0,0,1
esp_train_track_a_01912,Par mí que es un rey y pendego,1,1,0,0,0,0
esp_train_track_a_01913,"Lloro al ver esto, cuando todos estaban juntos, y ahora no😔😭",0,0,0,0,1,0
esp_train_track_a_01914,banda me trolearon no lo busquen :triste:,0,0,0,0,1,0
esp_train_track_a_01915,Tengo miedo llevo casi 3 años asiendo eso ademas de que tengo 15 años,0,0,1,0,0,0
esp_train_track_a_01916,Me pille con esta basura navegando por Youtube y al verlo me dió una gana de vomitar alto asco,1,1,0,0,0,0
esp_train_track_a_01917,Qué cinico el rafiña!!,1,1,0,0,0,0
esp_train_track_a_01918,Están demorados para encarcelar al MATARIFE!,1,0,0,0,0,0
esp_train_track_a_01919,Los que critican son estupidos,1,1,0,0,0,0
esp_train_track_a_01920,"😂 tienen razón, súper ridículos..ese fucsia insistente para igualar hombres y mujeres 😂",0,1,0,1,0,0
esp_train_track_a_01921,q rayos fue eso,0,0,0,0,0,1
esp_train_track_a_01922,Son unos tornados y te odio Sofía sale bien y rara,1,1,0,0,0,0
esp_train_track_a_01923,Ahí está su puerco AMLO y sus abrazos!,1,1,0,0,0,0
esp_train_track_a_01924,Los maldigo a los que asen eso,1,0,0,0,0,0
esp_train_track_a_01925,Dios tus videos si son basura,1,1,0,0,0,0
esp_train_track_a_01926,Está canción da un asco que te cagas y maldigo a quien me paso el link de está reverendísima mamada,1,1,0,0,0,0
esp_train_track_a_01927,Ecsplicas muy bien. ahora ya me saco 10 en los escamenes siempre,0,0,0,1,0,0
esp_train_track_a_01928,pobre niño un traumado mas,0,0,0,0,1,0
esp_train_track_a_01929,En ese momento @<username> sintió el verdadero terror,0,0,1,0,0,0
esp_train_track_a_01930,"El mejor publicista de Correa es Vivanco… lo ama , lo suena , lo odia , no lo supera….",0,1,0,0,0,0
esp_train_track_a_01931,"Yo le tengo miedo a la película, es un trauma.",0,0,1,0,0,0
esp_train_track_a_01932,Más más aceite que tiene que poner tu zapato en los juguetes la lagua❤,0,0,0,1,0,0
esp_train_track_a_01933,Exelente video.. gracias..,0,0,0,1,0,0
esp_train_track_a_01934,que cancion mas triste,0,0,0,0,1,0
esp_train_track_a_01935,Que mal se ve esa niña diciendo malas palabras,0,1,0,0,0,0
esp_train_track_a_01936,el nivel de feik de esto es impresionante,0,1,0,0,0,1
esp_train_track_a_01937,Ay no! Una persona tan dulce? No es posible,0,0,0,0,0,1
esp_train_track_a_01938,wow @<username> me encanta tu cancion el primer dia que la subiste ya me la habia aprendido es hermosaaa,0,0,0,1,0,1
esp_train_track_a_01939,El que lo saco fue la mafia de colombia,0,1,0,0,0,0
esp_train_track_a_01940,En mi diario yo escribo tu nombre. Tu nombre Tu nombre Tu nombre,0,0,0,1,0,0
esp_train_track_a_01941,Huy allallay que miedo pobre coraline,0,0,1,0,1,0
esp_train_track_a_01942,Esto me rompe el corazón malditos ojalá re encarnen en uno de ellos 😣,1,0,0,0,1,0
esp_train_track_a_01943,lo siento me pase,0,0,0,0,1,0
esp_train_track_a_01944,"Si, están muy feos.",0,1,0,0,0,0
esp_train_track_a_01945,Me ido llorar la canción,0,0,0,0,1,0
esp_train_track_a_01946,@<username> me gusta alguien que. Se llama edson Raúl @<username> r,0,0,0,1,0,0
esp_train_track_a_01947,Me da miedo la gente de hay.,0,0,1,0,0,0
esp_train_track_a_01948,No lo savia es impresionante 🤯💥😱,0,0,0,0,0,1
esp_train_track_a_01949,Wey yo no dormi una noche asta el dia siguiente 😟 tengo miedo,0,0,1,0,0,0
esp_train_track_a_01950,14 en tendencia en mexico omg felicidades :D te @<username>,0,0,0,1,0,1
esp_train_track_a_01951,Malditos que pusieron no megusta,1,1,0,0,0,0
esp_train_track_a_01952,"No puedo creerlo , parece que el ritual si funciono 😶",0,0,0,0,0,1
esp_train_track_a_01953,Luisillo: que dato perturbador!,0,0,0,0,0,1
esp_train_track_a_01954,5 años Ecuador vive una dictadura criminal,1,1,0,0,1,0
esp_train_track_a_01955,Tengo miedo!! >:C Aparte son las Ya no voy a poder ir al baño sola :'u,0,0,1,0,1,0
esp_train_track_a_01956,Glacala esa canción que asco,0,1,0,0,0,0
esp_train_track_a_01957,que buena pareja son la mejor pareja,0,0,0,1,0,0
esp_train_track_a_01958,Ay Dios creo que pronto los veré ❤❤❤,0,0,0,1,0,0
esp_train_track_a_01959,Dislike por el final de mierda !!,1,1,0,0,0,0
esp_train_track_a_01960,Ya repeti la cancion como 3 veses😀♥️ poder yoloriana mucha suerte y espero verlos aqui en cordoba argentina,0,0,0,1,0,0
esp_train_track_a_01961,"jajaja lo del doctor estaba geniiial, hasta me repetí esa escena jaja",0,0,0,1,0,0
esp_train_track_a_01962,Los Amo ❤❤,0,0,0,1,0,0
esp_train_track_a_01963,Papas que crecen en árboles que sigue ¿plátanos que crecen bajo tierra?,1,0,0,0,0,1
esp_train_track_a_01964,La nacional está en crisis por tanto guerrilleros. Progres y mamertos.,1,1,0,0,0,0
esp_train_track_a_01965,Agan otra cancion,0,0,0,1,0,0
esp_train_track_a_01966,Pienso que es pesado entrar a ese lugar donde mucha gente padeció su muerte.,0,0,1,0,1,0
esp_train_track_a_01967,Que miedo 😳😲🙏gracias a Dios no perdió la vida 🙏,0,0,1,0,0,1
esp_train_track_a_01968,Aeme me da asco por estar dancing los odio y yo amo a los @<username>,1,1,0,0,0,0
esp_train_track_a_01969,Te amo a mi,0,0,0,1,0,0
esp_train_track_a_01970,"Buenazo el video, sigue adelante Kike!! 😎🎶",0,0,0,1,0,1
esp_train_track_a_01971,FUE UNA BUENA DECISION. EL YA NO ESTÁ APTO PARA DIRIGIR A ESA GRAN NACIÓN .,0,0,0,1,0,0
esp_train_track_a_01972,Bueno se va santos y vuelve sr matanza en forma de marrano,1,1,0,0,0,0
esp_train_track_a_01973,No me lo creo chucha mijos se cumplió,0,0,0,0,0,1
esp_train_track_a_01974,No lo puedo creer mucho tiempo deseando que yoloriana sea real y ahora se cumplo🥺🥺🥺,0,0,0,0,0,1
esp_train_track_a_01975,por fin entendi :),0,0,0,1,0,1
esp_train_track_a_01976,Sus videos son estúpidos,1,1,0,0,0,0
esp_train_track_a_01977,creo que vi a suga a me estoy volviendo loca,0,0,0,1,0,1
esp_train_track_a_01978,VALIO LA PENA ESPERAR YA LA ESCUCHO MAS DE 20 VECES BUEN DUO SUEGRO Y YERNO ZAPATIANDO,0,0,0,1,0,0
esp_train_track_a_01979,"Esto si es talento, no lo que hace esa tal mickaela abigail 😂",0,0,0,1,0,0
esp_train_track_a_01980,me dejaron sin la última parte de la infancia que tenía,0,0,0,0,1,0
esp_train_track_a_01981,Santo Dios qué se ciente allí adentro?si lo de verlos da miedo,0,0,1,0,0,1
esp_train_track_a_01982,Like si viniste por el comentario de fernan😊,0,0,0,1,0,0
esp_train_track_a_01983,Uy no Luís🤢🤢🤢 Ya este vídeo rebasa los límites🤢 No puedo 😨🤮🤮🤮,0,1,0,0,0,0
esp_train_track_a_01984,Me encanta los videos,0,0,0,1,0,0
esp_train_track_a_01985,Me caos bien pero ahora pienso que son puros tontos y weones,1,1,0,0,0,0
esp_train_track_a_01986,Alguien vio la pelicula del niño con pijama a rayas??? Es super triste lo que pasaba en ese momento,0,0,0,0,1,0
esp_train_track_a_01987,Llore denuevo😐😳😳😳hay dios espere tanto esto que no me lo creo😭♥,0,0,0,1,1,1
esp_train_track_a_01988,Jajajaja...el viejo: mi amigas brujas como voz...🤣🤣🤣... con este vídeo hasta se me olvidó q estamos en cuarentena...🤣👌,0,0,0,1,0,0
esp_train_track_a_01989,Muchos amigos mios son fans suyos incluyendome son increíbles los amo saludos desde Perú,0,0,0,1,0,0
esp_train_track_a_01990,te quedo hermoso y vamos por mas mas mas,0,0,0,1,0,0
esp_train_track_a_01991,Los que espían son las empresas Américas para su gobierno y está demostrado.,0,1,0,0,0,0
esp_train_track_a_01992,Soy yo o dio mas miedo que criche 😐😥,0,0,1,0,0,0
esp_train_track_a_01993,Que truco tan épico ni el espejo pudo cactar el momento fue tan rápido dios mio,0,0,0,1,0,1
esp_train_track_a_01994,esto enseña bien👍,0,0,0,1,0,0
esp_train_track_a_01995,Wow Gracias estaba asustada,0,0,1,0,0,1
esp_train_track_a_01996,Se prendió está vaina 🔥🔥💯💯💯💥,0,0,0,1,0,0
rus_train_track_a_00001,"…каждый индивидуум есть продукт не только существующих отношений, но и истории этих отношений.",0,0,0,0,0,0
rus_train_track_a_00002,Ужасно противно,0,1,0,0,0,0
rus_train_track_a_00003,Охуеть я в шоке Пойду выпью что нибудь,0,0,0,0,0,1
rus_train_track_a_00004,Так спина болит( ужас(((,0,0,0,0,1,0
rus_train_track_a_00005,"леха,мне страшно",0,0,1,0,0,0
rus_train_track_a_00006,Этот успокаивающий чай такая дрянь на запах. Валерьянка,0,1,0,0,0,0
rus_train_track_a_00007,"Завтра к.р. по алгебре, а я в этой теме на шарю #пиздецблизок",0,0,1,0,0,0
rus_train_track_a_00008,"""В нашей жизни всегда есть люди, которых мы избегаем, и есть другие, ради встречи с которыми мы изменяем маршрут.""",0,0,0,0,0,0
rus_train_track_a_00009,"Жуйк, тут меня два человека спрашивают, какие книжки самим почитать, чтоб изучить C/C++ и Java. В принципе, мне есть, что сказать",0,0,0,0,0,0
rus_train_track_a_00010,"Проснулась раньше будильника, выспалась и готова к трудовому будню. #доброеутро",0,0,0,1,0,0
rus_train_track_a_00011,хватит меня мучать !!!!!!!,1,0,0,0,0,0
rus_train_track_a_00012,я шо ле?:D,0,0,0,0,0,1
rus_train_track_a_00013,"Которую ночь снится, что боюсь высоты и стою на высокой крыше. И ощущения самые ужасные во сне, никогда еще так страшно н",0,0,1,0,0,0
rus_train_track_a_00014,теперь я с ужасом представляю себя таким лет так в 40,0,0,1,0,0,0
rus_train_track_a_00015,Нам понравилось✌️давайте еще  @ 5 Трамвай,0,0,0,1,0,0
rus_train_track_a_00016,"Недавно проснулась, самочувствие отвратительное, температура. Голова как будто тонну весит, еле хожу.",0,0,0,0,1,0
rus_train_track_a_00017,"По твитам догадываюсь о каком сериале идет речь. Это было несложно, АИУ",0,0,0,0,0,0
rus_train_track_a_00018,ТП в жуйке это отвратительно.,0,1,0,0,0,0
rus_train_track_a_00019,"О неееет,Воскресенье((((А в понедельник 3 русских....",0,0,0,0,1,0
rus_train_track_a_00020,"Я уже привыкла к этому человеку. Каждый день. И мысли, мысли...!!!! ))))",0,0,0,1,0,0
rus_train_track_a_00021,уроки уже давно сделала вот сижу лазию по страницам вк,0,0,0,0,0,0
rus_train_track_a_00022,"Как жаль, что каждому терпению приходит конец, я сегодня сорвалась на лучшую подругу, и потеряла ее...так больно.../пустота/...=,(((",0,0,0,0,1,0
rus_train_track_a_00023,я готова взорваться от злости!,1,0,0,0,0,0
rus_train_track_a_00024,"вооу, ты тоже красила волосы в фиолетовый? А ты тоникой или краской?..;э",0,0,0,0,0,1
rus_train_track_a_00025,"Вообще я удивлен тому, как хорошо работает голосовой поиск, он у меня даже ""тубулоинтерстициальный нефрит"" сразу распозна",0,0,0,0,0,1
rus_train_track_a_00026,Я собрал 77 465 золотых монет! Кто из вас сможет больше?,0,0,0,1,0,0
rus_train_track_a_00027,Колледж просто в 1000000 раз лучше школы!!!! :Р завидуйте мне :),0,0,0,1,0,0
rus_train_track_a_00028,"ненавижу, когда волосы впитывают запах еды",1,1,0,0,0,0
rus_train_track_a_00029,в поисковике набери искомое и выдадут всё.,0,0,0,0,0,0
rus_train_track_a_00030,"дожили, мне страшно.",0,0,1,0,0,0
rus_train_track_a_00031,"Сукааа:((( почему так плохо, отстань от меня, пожалуйста",1,0,0,0,1,0
rus_train_track_a_00032,-32 и можно не идти в школу!радость,0,0,0,1,0,0
rus_train_track_a_00033,Да Я боюсь ходить на алгебру,0,0,1,0,0,0
rus_train_track_a_00034,не зря сидела и смотрела всю гонку ),0,0,0,1,0,0
rus_train_track_a_00035,#милашка#10_01#спасибовсем#заэмоции#люблювас,0,0,0,1,0,0
rus_train_track_a_00036,"ненависть - это так просто: вот ты, вот я. и я тебя НЕНАВИЖУ.",1,0,0,0,0,0
rus_train_track_a_00037,Меня  эта лысая и голая недозима. Где снег? Где мороз? Я скоро декабрь от марта отличить не смогу.,1,1,0,0,0,0
rus_train_track_a_00038,"@<username> ну я же человек, а ты ненавидишь людей, но при этом ты общаешься со мной, где логика?",1,0,0,0,0,0
rus_train_track_a_00039,"По сути, автомные края и области, имеют больше возможностей, согласно Конституции.",0,0,0,0,0,0
rus_train_track_a_00040,"Как я боюсь сдавать кровь с вены, я так долго упрашивала медсестру этого не делать",0,0,1,0,0,0
rus_train_track_a_00041,??????чточточто???,0,0,0,0,0,1
rus_train_track_a_00042,"Ненавижу, сука, ебучую физику!",1,1,0,0,0,0
rus_train_track_a_00043,"наверное, лучшая возможность узнать можешь ли ты доверять человеку - просто довериться ему.",0,0,0,0,0,0
rus_train_track_a_00044,когда то мы должны были хлебнуть этого говна(((,0,0,0,0,1,0
rus_train_track_a_00045,Хочу скорее завтра.Снова красивые ногти.:333 #красота#сегдня#завтра#ура,0,0,0,1,0,0
rus_train_track_a_00046,"От просмотра фильма нимфоманка я проблевалась черной нефтью, мерзкий фильм как и сама героиня",0,1,0,0,0,0
rus_train_track_a_00047,#Воспоминания2013Года меня засосала однокашка #пиздец #онастремнаяцелуется,0,1,0,0,0,0
rus_train_track_a_00048,Историю устно на 5 сдала,0,0,0,1,0,0
rus_train_track_a_00049,бляяяяяяяяять сдохнуть можно,1,0,0,0,0,0
rus_train_track_a_00050,как хорошо по субботам не учиться,0,0,0,1,0,0
rus_train_track_a_00051,Говорят про английского философа.Зовут его ДжонЛокк.,0,0,0,0,0,0
rus_train_track_a_00052,"Какого хрена ты в моем доме ведешь себя так, как будто находишься в своем?",1,0,0,0,0,0
rus_train_track_a_00053,Почему я об этом знаю? Лучше бы не знала: (((,0,0,0,0,1,0
rus_train_track_a_00054,ну вот скоро Новый Год;3 Всех с наступающим! #НовыйГод,0,0,0,1,0,0
rus_train_track_a_00055,"Не виделись с Кириллом десять лет, и тут встретились #встреча #вау #школа #москва",0,0,0,1,0,1
rus_train_track_a_00056,"вот же С*КА!! после такого так и хочется настукачить, но впереди еще экзамен! >_<",1,0,0,0,0,0
rus_train_track_a_00057,"Надо попробовать заснуть. А то,я что-то очень плохо себя чувствую..(((",0,0,0,0,1,0
rus_train_track_a_00058,Мысль о смерти страшнее смерти #читаювзаимно,0,0,1,0,0,0
rus_train_track_a_00059,хорошее утро хороший день  хороший вечер  А ВСЕ ПОТОМУ ЧТО НЕ ПРОСПАЛА!!!,0,0,0,1,0,0
rus_train_track_a_00060,"меня трясет , один и тот же сон повторяется каждый день- *последний день , последнее касание* /////",0,0,1,0,0,0
rus_train_track_a_00061,"лента, я пошел,вернусь через пару часиков хх",0,0,0,0,0,0
rus_train_track_a_00062,"Мамочка с работы пришла,конфет принеслаа)",0,0,0,1,0,0
rus_train_track_a_00063,"Кладу х.й на ваши обещанья и слова, ибо нехуй раскидываться всем этим.",1,0,0,0,0,0
rus_train_track_a_00064,О а ты слышал что мы с классом в питер поедем? Круть!,0,0,0,1,0,0
rus_train_track_a_00065,всё так. я тоже впечатлен поведением укр. церкви в текущей ситуации,0,0,0,0,0,1
rus_train_track_a_00066,Пожалуй пойду почитаю,0,0,0,0,0,0
rus_train_track_a_00067,Ты всегда можешь положиться на пол.,0,0,0,0,0,0
rus_train_track_a_00068,#наконец то дома( жутко болит голова((( на работу рано аааа,0,0,0,0,1,0
rus_train_track_a_00069,"У каждого из нас будет тот, кто примет всех наших тараканов и подружит их со своими",0,0,0,0,0,0
rus_train_track_a_00070,День скучный(((,0,0,0,0,1,0
rus_train_track_a_00071,Ну я просто обожаю свою семью !!!!,0,0,0,1,0,0
rus_train_track_a_00072,Да блин!!! Ну Детка ты должна зажжжжечь),0,0,0,1,0,0
rus_train_track_a_00073,я уже реально боюсь его,0,0,1,0,0,0
rus_train_track_a_00074,Читай побольше,0,0,0,0,0,0
rus_train_track_a_00075,Microsoft выпустила простой конструктор для Windows,0,0,0,0,0,0
rus_train_track_a_00076,"да я сам в шоке, уже сколько челов из Брянска нашёл, прям уже перестаю верить, что живу в дне",0,0,0,0,0,1
rus_train_track_a_00077,Было приятно когда увидела,0,0,0,1,0,0
rus_train_track_a_00078,"Может, хотя бы твиттер по-новогоднему оформить.",0,0,0,0,0,0
rus_train_track_a_00079,Скучаю:(((((((,0,0,0,0,1,0
rus_train_track_a_00080,"Ггг, делала щас реферат по ОБЖ. Блин, он задает нам одни рефераты, а на уроках мы пишем по 10 страниц.",1,0,0,0,0,0
rus_train_track_a_00081,сука мне телефон не сделали(((,1,0,0,0,1,0
rus_train_track_a_00082,"мне очень страшно,мне капец,как страшно",0,0,1,0,0,0
rus_train_track_a_00083,"Каждый ребенок будет делать это ясно и безошибочно, если только ты действительно наблюдаешь и слушаешь.",0,0,0,0,0,0
rus_train_track_a_00084,"да что за херня, почему те, кто по субботам никогда не работают отдыхают 3 дня, а те, кто по субботам всю жизнь учится отдыхают 2 дня?",1,0,0,0,0,0
rus_train_track_a_00085,"Менделеев это тот кто своим дибильным сном,сделал АЛКАШАМИ миллионы!!!",1,0,0,0,0,0
rus_train_track_a_00086,Надо еще идти В.В. сдавать историю,0,0,0,0,0,0
rus_train_track_a_00087,"Юнна, ты всё больше удивляешь меня своими достижениями)",0,0,0,1,0,1
rus_train_track_a_00088,"Люди,отличная новость.4,7,школы закрыли на карантин. /  /_краснокаменск",0,0,0,1,0,0
rus_train_track_a_00089,Вообще нежданно,0,0,0,0,0,1
rus_train_track_a_00090,"Надоело уже быть ""крошкой"" и ""маленьким солнышком"". Я не настолько младше тебя ._.",1,0,0,0,0,0
rus_train_track_a_00091,надо скачать,0,0,0,0,0,0
rus_train_track_a_00092,Ураа. Вернули старый дизайн твиттера,0,0,0,1,0,0
rus_train_track_a_00093,"Если у Вас есть действующая подписка, пожалуйста, войдите в свой личный кабинет.",0,0,0,0,0,0
rus_train_track_a_00094,"Отвечай, мудак",1,0,0,0,0,0
rus_train_track_a_00095,Тупая информатика,1,0,0,0,0,0
rus_train_track_a_00096,"Нужно анализировать использование тех или иных средств, создавать условия, чтобы команды могли сами пополнять свои бюджеты.",0,0,0,0,0,0
rus_train_track_a_00097,"Ты меня хотел поцеловать... я сказала потом... блин, а потом я заболела...((( #FOLLOW",0,0,0,0,1,0
rus_train_track_a_00098,"на улице просто красота!так шикарно!как никогда!как же я люблю зиму!стояла на улице 40 минут и любовалась этой красотой,пока не окоченела!!)",0,0,0,1,0,0
rus_train_track_a_00099,я взываю к духу КИЛЛДЖОЯ что бы он пришёл и сжёг их всех на ритуальном костре!!!!!!!!!!!!!!!!!!!!!!!!!!!!!!!!!,1,0,0,0,0,0
rus_train_track_a_00100,"Ураа, у меня попался железный человек.",0,0,0,1,0,0
rus_train_track_a_00101,"Музыка единственный всемирный язык, его не надо переводить, на нем душа говорит с душою.",0,0,0,0,0,0
rus_train_track_a_00102,"Мужчины !!! Прекратите ковырять в носу в своих авто, это отвратительно! Причем статус не влияет на быдловскую привычку)))",0,1,0,0,0,0
rus_train_track_a_00103,Юмор - это спасательный круг на волнах жизни.,0,0,0,0,0,0
rus_train_track_a_00104,Начались долгожданные выходные;-),0,0,0,1,0,0
rus_train_track_a_00105,"Чтобы заработать на новую Ладу, нужно работать. Чтобы заработать на новый BMW нужно думать.",0,0,0,0,0,0
rus_train_track_a_00106,У меня уже руки трясутся когда пишу сообщения,0,0,1,0,0,0
rus_train_track_a_00107,"и что вы думаете? мы блять пошли в магаз, купили колу за двадцатку и дописали ей!!",1,0,0,0,0,0
rus_train_track_a_00108,Какой хороший день,0,0,0,1,0,0
rus_train_track_a_00109,Позорище.,1,1,0,0,0,0
rus_train_track_a_00110,#ru_ff Я в ужасе от завтрашнего дня.,0,0,1,0,0,0
rus_train_track_a_00111,"Шлейф впечатлений вчерашнего дня протянется, наверно, до следующих выходных",0,0,0,0,0,0
rus_train_track_a_00112,большинство гопников(фанатов )  со столицы меня тупо пугают до ужаса.,0,0,1,0,0,0
rus_train_track_a_00113,"подсела жирная вонючая баба, пожирающая пирожки... Фуу, бляять",0,1,0,0,0,0
rus_train_track_a_00114,Так Виктор Янукович будет охранять Центральную избирательную.,0,0,0,0,0,0
rus_train_track_a_00115,ого! как так... зачем тогда ложиться?))),0,0,0,0,0,1
rus_train_track_a_00116,Каждый день мне звонит какой-то неизвестный номер. Мне уже жить страшно становится.,0,0,1,0,0,0
rus_train_track_a_00117,вот теперь все правильно,0,0,0,0,0,0
rus_train_track_a_00118,Все актуальные кишат спойлерами ааааа. #злость,1,0,0,0,0,0
rus_train_track_a_00119,Следуй за Мной 5 летие,0,0,0,0,0,0
rus_train_track_a_00120,"Планы могут меняться и к лучшему, так? Утомительные поиски приводят к цели рано или поздно.",0,0,0,0,0,0
rus_train_track_a_00121,"спасибо мои дорогие и любимые Ангарские друзья,что завете гулять,что не даете скучать,да идите вы нахуй!",1,0,0,0,0,0
rus_train_track_a_00122,"Познать ее человек может, только находясь в состоянии особого вдохновения.",0,0,0,0,0,0
rus_train_track_a_00123,"#Голос ""Ура! Наргиз!!! Драаааааааайв!!!!!!:))))))",0,0,0,1,0,0
rus_train_track_a_00124,согласна((( жалко очень,0,0,0,0,1,0
rus_train_track_a_00125,"Сука, ты уже сам себя бесишь! Либо ты живёшь сейчас, либо иди к хуям собачьим!",1,0,0,0,0,0
rus_train_track_a_00126,ну и хуй с ним с Тунисом,1,0,0,0,0,0
rus_train_track_a_00127,"Выпивая, девушки, - контролируйте себя! На вас мерзко смотреть.",0,1,0,0,0,0
rus_train_track_a_00128,я лечусь ужасной гадостью. почему все эти порошки такие противные???,0,1,0,0,0,0
rus_train_track_a_00129,"о боже,ты их видела за сбером как они катали на тачках и Рыжий или Квадрат валили боком *ОО* я права??",0,0,0,0,0,1
rus_train_track_a_00130,"В первую очередь мы и займемся раскрытием художественного зрения, а также будем учиться рисовать не объектами и формами, а линиями и...",0,0,0,0,0,0
rus_train_track_a_00131,"Хочется почувствовать себя нормальной, но когда я смотрю в зеркало, отвращение снова возвращается.",0,1,0,0,0,0
rus_train_track_a_00132,ПЯТУЮ ЛАБУ ПО ФИЗИКЕ ЗАКРЫЛА!!!,0,0,0,1,0,0
rus_train_track_a_00133,"#ExaBeliebers меня аж паника охватила,когда он у меня грузиться перестал",0,0,1,0,0,0
rus_train_track_a_00134,"Сидим с Анастасией в ресторане и тут парень за соседним столиком делает предложение своей девушке, я в шоке, это безумно мило",0,0,0,0,0,1
rus_train_track_a_00135,"так плохо, когда нет кому выговорится(((",0,0,0,0,1,0
rus_train_track_a_00136,Все-таки Веня меня любит.,0,0,0,1,0,0
rus_train_track_a_00137,"офгиеть она уже АКТ написала, я шоке Оо",0,0,0,0,0,1
rus_train_track_a_00138,в смысле???,0,0,0,0,0,1
rus_train_track_a_00139,"господи, знали бы вы как я вас люблю!!!",0,0,0,1,0,0
rus_train_track_a_00140,Офигенный день!! год и 7 с самым любимым,0,0,0,1,0,0
rus_train_track_a_00141,Двоюродный племянник сидит и рисует фломастерами. Ох как по нервам скребет,1,1,0,0,0,0
rus_train_track_a_00142,"Ждем продолжение. Посмотрим, что будет дальше.",0,0,0,0,0,0
rus_train_track_a_00143,у утепления действительно длительные сроки эксплуатации,0,0,0,0,0,0
rus_train_track_a_00144,Выходные!!! Ехууу!!!,0,0,0,1,0,0
rus_train_track_a_00145,У меня до сих пор пивом руки пахнут. Фи,0,1,0,0,0,0
rus_train_track_a_00146,"Чтобы сохранить любовь, нужно что-то еще, кроме любви.",0,0,0,0,0,0
rus_train_track_a_00147,у меня тоже самое((((((( я боюсь в тц в такое время ходить(,0,0,1,0,0,0
rus_train_track_a_00148,Боюсь довериться.,0,0,1,0,0,0
rus_train_track_a_00149,Просто научитесь обращать внимание на знаки. Жизнь дает вам подсказки.,0,0,0,0,0,0
rus_train_track_a_00150,"не любишь ты меня,падло:(((*(*:??*::;%?*(:*()?97890768679",1,0,0,0,1,0
rus_train_track_a_00151,"Однако, latitude научился определять location по IP с невероятно высокой точностью — не до дома, конечно, но район правил",0,0,0,0,0,0
rus_train_track_a_00152,Перевод совершенствует родной язык переводчика.,0,0,0,0,0,0
rus_train_track_a_00153,"Бесит когда говорят, что гиа хуйня по сравнению с егэ",1,0,0,0,0,0
rus_train_track_a_00154,больше всего боюсь потерять родных. а остальное не так уж важно.,0,0,1,0,0,0
rus_train_track_a_00155,Славик....я боюсь....а сегодня как бы душа тянется в подвал,0,0,1,0,0,0
rus_train_track_a_00156,И снова облом((( А я так надеялась на конец света... Печально.,0,0,0,0,1,0
rus_train_track_a_00157,адская боль(((,0,0,0,0,1,0
rus_train_track_a_00158,"сейчас четверг 0:04 и я осознал, что у нас 4 физ-ры на неделе:0 #пиздецвнезапно",0,0,0,0,1,1
rus_train_track_a_00159,ничего себе!,0,0,0,0,0,1
rus_train_track_a_00160,"Ни фига вы не покрасите, идите отсюда!",1,0,0,0,0,0
rus_train_track_a_00161,"Еду к любимому а потом с ним на фотосет❤️ хороший выходной, а главное поддержка любимго всем хорошего дня",0,0,0,1,0,0
rus_train_track_a_00162,Не забудьте скачать новые шаблоны бизнес-схем в библиотеке бизнес-методик CloudBPM. Добавлены бизнес-процессы электронного документооборота,0,0,0,0,0,0
rus_train_track_a_00163,"Это уже ненормально, что каждый день вызывает такое отвращение",0,1,0,0,0,0
rus_train_track_a_00164,"как хочется наглотаться какого ни будь яда и уйти из этого поганого мира, а дома только аспирин........",0,0,0,0,1,0
rus_train_track_a_00165,так противно...может на хер удалиться ото всюду..сбежать от этого бреда...,0,1,0,0,0,0
rus_train_track_a_00166,Саааашка приехал ко мнееее)) #давноневиделись,0,0,0,1,0,0
rus_train_track_a_00167,#пиздецнеожиданно похоже на первоапрельскую шутку. Но это серьезно так #jailbreak для ios7 ВЫШЕЛ ДА,0,0,0,0,0,1
rus_train_track_a_00168,О ДАААА!!,0,0,0,1,0,0
rus_train_track_a_00169,"Нуууу ;;( Не хочу завтрашний день >><< Такое отвращение ;( Чувствую, что тупость будет (",0,1,0,0,1,0
rus_train_track_a_00170,"чистить снег не очень, если честно....(((п)",0,0,0,0,1,0
rus_train_track_a_00171,"Спасибо, дорогие мои @<username> и av_mohov !!! #книга #подарок",0,0,0,1,0,0
rus_train_track_a_00172,"фу,так противно",0,1,0,0,0,0
rus_train_track_a_00173,чувствую новый год будет полнейшим дерьмом...,0,0,0,0,1,0
rus_train_track_a_00174,Спели ужасно!!!Зато 1 место),0,0,0,1,0,0
rus_train_track_a_00175,Надо будет скачать всю коллекцию Властелина колец и пересмотреть на ТВ,0,0,0,0,0,0
rus_train_track_a_00176,до сих пор руки дрожат.,0,0,1,0,0,0
rus_train_track_a_00177,"Обалдеть, ребят, айфон рекламируют по телеку! Я афигел просто о_О",0,0,0,0,0,1
rus_train_track_a_00178,"Фу, такая тварь двуличная, даже противно",1,1,0,0,0,0
rus_train_track_a_00179,"кстати,все равно мы молодцы!! наша группа заняла второе место в олимпиаде) пиздюки первые :С",0,0,0,1,0,0
rus_train_track_a_00180,В нашем колледже туалетная бумага как наждачка. Заебала,1,1,0,0,0,0
rus_train_track_a_00181,"блииин, нафига эти пробные экзамены вообще  в нужны! #страшно  #скоро",0,0,1,0,0,0
rus_train_track_a_00182,"Наш аэропорт с каждым годом все хуже и хуже, пиздец какой-то",1,1,0,0,0,0
rus_train_track_a_00183,"Мне было так противно, я чуть не вышвырнул тебя отсюда!",1,1,0,0,0,0
rus_train_track_a_00184,"Следите за нашими новостями в твиттере, чтобы всегда быть в курсе последних поступлений товаров, а также акций",0,0,0,0,0,0
rus_train_track_a_00185,Отъебись от меня в мой законный выходной!,1,0,0,0,0,0
rus_train_track_a_00186,ну хоть убейте..опять не могу голосовать(((,0,0,0,0,1,0
rus_train_track_a_00187,"мдааа уж...странно,как она в модели попала???",0,0,0,0,0,1
rus_train_track_a_00188,ну шо ж ви дівчата мене так огорчаєте(((,0,0,0,0,1,0
rus_train_track_a_00189,"отвратительно, когда люди просто без причины, забывают старых друзей, переключаясь на новых",1,1,0,0,0,0
rus_train_track_a_00190,"Моя сестра эгоистка >< у меня завтра зачет,а она меня отвлекает разговорами >< заткните ее,ибо у меня не получается!!",1,0,0,0,0,0
rus_train_track_a_00191,"Кто выпускает Сванидзе на федеральные каналы?!!!!!! Сердючке,на майдан его и больше не пускать в страну!",1,1,0,0,0,0
rus_train_track_a_00192,просто грустно. #пиздецкакважно,0,0,0,0,1,0
rus_train_track_a_00193,"блин, я была уверена что это моя :(((",0,0,0,0,1,0
rus_train_track_a_00194,особенно  когда эти мудаки начинают  играть ночью -_-,1,1,0,0,0,0
rus_train_track_a_00195,"Предновогоднего настроения как-то нет, теракты в Волгограде, ужас. #Волгоград #мывместе",0,0,1,0,1,0
rus_train_track_a_00196,Наконец сегодня вышла прогуляться  Погода замечательная!!!,0,0,0,1,0,0
rus_train_track_a_00197,"О Господи, то офигенное чувство когда сделала все уроки",0,0,0,1,0,0
rus_train_track_a_00198,"Мой голос!!! Нееет, он пропал!!! Верните мне мой голос!!!(((",0,0,0,0,1,0
rus_train_track_a_00199,Ворую конфеты из новогоднего подарка:) #маленькоесчастье,0,0,0,1,0,0
rus_train_track_a_00200,а еще мне нужно делать химию,0,0,0,0,0,0
rus_train_track_a_00201,А мы пошли #фейерверк запускать))#новый год #праздник #алкоголь @ Лесок,0,0,0,1,0,0
rus_train_track_a_00202,"Внося разнообразие в свою жизнь, убедитесь, сможете ли вы его вынести.",0,0,0,0,0,0
rus_train_track_a_00203,новость дня. я вроде как остаюсь одна дома.... breaaaaaaaaaaaath!!!!!!,0,0,0,1,0,1
rus_train_track_a_00204,С первым снегом! Троекратное ура,0,0,0,1,0,0
rus_train_track_a_00205,Аааа отличное настроение с утраа. По телику американский Винни Пух идёт #ярааад,0,0,0,1,0,0
rus_train_track_a_00206,вот теперь мне страшно :с,0,0,1,0,0,0
rus_train_track_a_00207,я боюсь((,0,0,1,0,0,0
rus_train_track_a_00208,суди блять по опыту!,1,0,0,0,0,0
rus_train_track_a_00209,"Знаете,не ожидал что сай меня крышевать будет! Все так хорошо сложилось в мою пользу,что я в шоке !",0,0,0,0,0,1
rus_train_track_a_00210,"лучше я убью себя чем так , я так не хочу бля(((",0,0,0,0,1,0
rus_train_track_a_00211,Иногда нужно просто подождать до завтра.,0,0,0,0,0,0
rus_train_track_a_00212,"пока ехала в маршрутке, увидела двух молодых баб,они были очень противны, зато худючие!",0,1,0,0,0,0
rus_train_track_a_00213,"Гений указывает дорогу, талант идёт по ней.",0,0,0,0,0,0
rus_train_track_a_00214,С сегодняшнего дня уроки по 45 минут.  #печально,0,0,0,0,1,0
rus_train_track_a_00215,"главное, чтоб не из филармонии. Этих я реально боюсь",0,0,1,0,0,0
rus_train_track_a_00216,"что за???????????они издеваются,какого черта у меня в одноклассниках наклейка мопса!!!!!!!!!!!!",1,0,0,0,0,1
rus_train_track_a_00217,Я ненавижу свою бессонницу !!! Не надо бы было эти 2 недели засыпать в 3 ночи(( теперь привычка((((((((((,1,0,0,0,1,0
rus_train_track_a_00218,Сегодня на удивление приличный выпуск @<username> Обычное унылое гавно с пережевыванием Мозякина и Еременко на ОИ14 вроде закончили.,0,0,0,0,0,1
rus_train_track_a_00219,скааа  мне так страшнооо  опять мы провалимся  пичаль  беда  нереально страхово  впервые так  #mtvstars One Direction,0,0,1,0,1,0
rus_train_track_a_00220,"Теории представляют собой не ответы на загадки, а ответы, на которых мы можем успокоиться. У. Джемс",0,0,0,0,0,0
rus_train_track_a_00221,"-z nt,z k.,k.!!! -язык переключи, дура. #SLEDUI",1,1,0,0,0,0
rus_train_track_a_00222,Кажется пора валить из дома... (((,0,0,0,0,1,0
rus_train_track_a_00223,"Это пиздец ваще, эту суки которые заносили диван весь пол мне испачкали с ковром, потом мне мыть #пиздец",1,0,0,0,0,0
rus_train_track_a_00224,"ПИТЕРЦЕВ, ВИКА, САША.. МНЕ НЕ ХВАТАЕТ ТЕХ РАЗГОВОРОВ :(       Я СКУЧАЮ ПО ВАМ ((((",0,0,0,0,1,0
rus_train_track_a_00225,"так паршиво, когдв человек опускается на твоих глазах",0,1,0,0,1,0
rus_train_track_a_00226,Ипать мне страшноо.,0,0,1,0,0,0
rus_train_track_a_00227,"Мне страшно, я не хочу терять тебя, я не хочу ничего без тебя",0,0,1,0,0,0
rus_train_track_a_00228,Поэтому мы пишем все в форме ЕГЭ,0,0,0,0,0,0
rus_train_track_a_00229,"У каждого есть такой человек, к которому просто тянет,  без всякой на то причины.©",0,0,0,0,0,0
rus_train_track_a_00230,"Мне очень страшно Мне никогда не было так страшно , как сейчас И теперь я понимаю тех, кого тошнит от страха",0,0,1,0,0,0
rus_train_track_a_00231,"Меня так бесит то, что я картавлю.  И вообще произношение ужасное. :с",1,0,0,0,0,0
rus_train_track_a_00232,Мы стараемся предоставлять нашим киноманам каждый фильм только хорошего качества и собирать наиболее интересные и актуальные материалы.,0,0,0,0,0,0
rus_train_track_a_00233,Подожгла себе волосы на #НовыйГод #Пиздец,0,0,0,0,1,0
rus_train_track_a_00234,"Вот нахера ставить лайк,если смысл поста все равно не знаешь,так как его может понять только один человек!",1,0,0,0,0,0
rus_train_track_a_00235,"плохо, меня всю трясет, руки холодные, скоро умру с: а ты как?",0,0,1,0,0,0
rus_train_track_a_00236,IBS разработала типовое решение для защищенное доступа к приложениям Oracle E-Business Suite,0,0,0,0,0,0
rus_train_track_a_00237,а кто?!,0,0,0,0,0,1
rus_train_track_a_00238,Сегодня так хорошо,0,0,0,1,0,0
rus_train_track_a_00239,Ииии я все-таки купила лиск с саундтреком! !!!!,0,0,0,1,0,0
rus_train_track_a_00240,ненавижу!!!,1,0,0,0,0,0
rus_train_track_a_00241,"ого я даже мечтать о таком не могла! я в шоке)) Боже как же ты меня любишь, я явно не заслуживаю такого...",0,0,0,1,0,1
rus_train_track_a_00242,"мне страшно подумать о том, что человек, к которому я безумно привязан, может спокойно обойтись без меня",0,0,1,0,0,0
rus_train_track_a_00243,"Как же заебал этот мейл.ру, ебаное говно, ужалил отовсюду, всё равно встроено в поисковике, хуже вируса блять.",1,1,0,0,0,0
rus_train_track_a_00244,Ребятки порадовали!!!! Молодцы!!!! #красныекрылья #цска #баскетбол #победа #ура…,0,0,0,1,0,0
rus_train_track_a_00245,"Post Prefix и Suffix – можно добавить постоянный текст, который будет присутствовать во всех анонсах",0,0,0,0,0,0
rus_train_track_a_00246,"Невозможно скрыть любовь там ,где она есть, и невозможно показать, где её нет.",0,0,0,0,0,0
rus_train_track_a_00247,"Таким образом, дрессировка, как правило, является завершающей фазой научения.",0,0,0,0,0,0
rus_train_track_a_00248,"В общем, я говорю, что секс - отвратительная вещь, а он говорит, что это нормально. Идиот мерзкий",1,1,0,0,0,0
rus_train_track_a_00249,Он вышел!! Я дождалась. Это просто шикарный шедевр # Tropico,0,0,0,1,0,0
rus_train_track_a_00250,"Тяжело, сука, вытягивать аттестат, когда учителя привыкли,что ты пиздабол",1,0,0,0,0,0
rus_train_track_a_00251,ктоо?!!,0,0,0,0,0,1
rus_train_track_a_00252,Слепили:3 #снеговик #завод1мая #зимниизабавы,0,0,0,1,0,0
rus_train_track_a_00253,"В эти минуты в Сирии идет война. Жестокая война. Гибнут мирные граждане, женщины и дети. Это кошмар",0,0,0,0,1,0
rus_train_track_a_00254,"Всеее! Теперь можно считать, что каникулы официально начались! *_* Ура! #праздник #каникулы",0,0,0,1,0,0
rus_train_track_a_00255,"Ииихааа!!! Сессия закрыта, долгов нет, на степуху прошёл, впереди экватор и целая неделя дебоша, пьянства и разврата! Вот",0,0,0,1,0,0
rus_train_track_a_00256,Все имеет свой смысл. Все закономерно.,0,0,0,0,0,0
rus_train_track_a_00257,Вы уже достали лезть к Хаззовской.Она вам ничего не сделала!!!! Отстанте от нее!!!!,1,0,0,0,0,0
rus_train_track_a_00258,И Я ЛЮБЛЮ ЕГО! МОЁ СЕРДЦЕ ВЫРЫВАЕТСЯ ИЗ ГРУДИ!!,0,0,0,1,0,0
rus_train_track_a_00259,"Так все, я пошел.",0,0,0,0,0,0
rus_train_track_a_00260,Россия может быть включена в систему доставки eBay,0,0,0,0,0,0
rus_train_track_a_00261,"однако, если речь идет о математических приказах и древних телекоммуникациях, то вы вполне можете справиться курсовыми установками.",0,0,0,0,0,0
rus_train_track_a_00262,"в комиксе она умела летать((( неужели так сделали только потому, чтобы не снимать 4го Айронмена?(( был бы такой задел на будущее!",0,0,0,0,1,1
rus_train_track_a_00263,"воу о_О не, этого я не знала. серьезно",0,0,0,0,0,1
rus_train_track_a_00264,а еще я безумно хочу гулять... по Питеру. много. больше всего хочется в лес... но щас не могу.. :(((((((((((,0,0,0,0,1,0
rus_train_track_a_00265,заебали уже!!,1,0,0,0,0,0
rus_train_track_a_00266,"Ааа я сейчас иду по темному городу,мне страшно :с",0,0,1,0,0,0
rus_train_track_a_00267,у него такой голос тут детский еще совсем,0,0,0,0,0,0
rus_train_track_a_00268,ужас-ужас.....людям погулять не дадут......ужас,0,0,1,0,1,0
rus_train_track_a_00269,"Счастный, я тебя ненавижу, ты ебаное, опущенное чмо, желаю тебе сдохнуть, хуйло!!!",1,0,0,0,0,0
rus_train_track_a_00270,мне стремно и страшно девочки,0,0,1,0,0,0
rus_train_track_a_00271,За слова ответишь уёбок!,1,0,0,0,0,0
rus_train_track_a_00272,я бы посоветовал vkontakte.ru для залогиненного юзера вешать ajax updater каждые 30 сек для проверки наличия новых мессаг,0,0,0,0,0,0
rus_train_track_a_00273,Ух ты! Я почти 100!,0,0,0,1,0,1
rus_train_track_a_00274,"Техносеть, иди нахуй",1,0,0,0,0,0
rus_train_track_a_00275,Как то пичально(((,0,0,0,0,1,0
rus_train_track_a_00276,наконец-то мы прошлись по магазинам и накупили себе шмоток,0,0,0,1,0,0
rus_train_track_a_00277,Опять обломала. Все меня динамят. #пиздец,0,0,0,0,1,0
rus_train_track_a_00278,Ебаные веганы! Стульчик мне сломали!,1,0,0,0,0,0
rus_train_track_a_00279,"История показывает, что сильный редко обладает чувством меры и талантом видеть далёкую перспективу.",0,0,0,0,0,0
rus_train_track_a_00280,"нашла песню которую искала года пол, тащусь от нее..Ахха",0,0,0,1,0,0
rus_train_track_a_00281,Составляю список усовершенствований для производителя.,0,0,0,0,0,0
rus_train_track_a_00282,"На дорогах вообще невозможно пройти, и + еще эти мрази школу не отменяют, хотя сами к 3 уроку где-то приходят ><\r",1,0,0,0,0,0
rus_train_track_a_00283,"Я только зашел в твитер, и получил порцию счастья, и деда и папу порадовался,  БИАТЛОНИСТЫ КРАСАВЦЫ ПЕРВОЕ МЕСТО В МЕДАЛЬНОМ ЗАЧЕТЕ",0,0,0,1,0,0
rus_train_track_a_00284,"жаль, была там на прошлой неделе, а тебя еще не было за барной стойкой(((",0,0,0,0,1,0
rus_train_track_a_00285,"в таком возрасте еще. Это так ужасно. Страшно.  Не бросай его только. Может, ты и будешь тем, кто вытащит его.",0,0,1,0,0,0
rus_train_track_a_00286,Получил все зачеты #напьюсь,0,0,0,1,0,0
rus_train_track_a_00287,"неа, как раз-таки именно сейчас мне нужен контакт чтобы договориться о встрече((( так что он вообще не во время...",1,0,0,0,1,0
rus_train_track_a_00288,дааа?? у нас тожеее))),0,0,0,0,0,1
rus_train_track_a_00289,мат.анализ ебаный,1,0,0,0,0,0
rus_train_track_a_00290,На завтра ничего не задавали *_*,0,0,0,1,0,0
rus_train_track_a_00291,а мне никто не пишет(((,0,0,0,0,1,0
rus_train_track_a_00292,"человек,на которого плевало общество",0,1,0,0,0,0
rus_train_track_a_00293,Неужели это правда?!,0,0,0,0,0,1
rus_train_track_a_00294,Преодолевают трудности только дураки. Умные люди их обходят.,0,0,0,0,0,0
rus_train_track_a_00295,"Она не отвечает, все видимо из-за меня. Задротил и настраивал, не уделил время ей. :( @<username>",0,0,0,0,1,0
rus_train_track_a_00296,За-е-ба-ли!  Мне скайп более не нужен. Идите на хуй.,1,0,0,0,0,0
rus_train_track_a_00297,"мне страшно смотреть ""Воображариум""  психике слишком тяжело",0,0,1,0,0,0
rus_train_track_a_00298,"Сложность устройств Apple, их закрытость как для общественности, так и для пользователей - известна с давних пор",0,0,0,0,0,0
rus_train_track_a_00299,"Боюсь, родители не отпустят меня в Питер. Хотя похоже всё так и будет :с",0,0,1,0,1,0
rus_train_track_a_00300,Заставила себя учить семинар:(((( еще и история:((( блинблинблин,0,0,0,0,1,0
rus_train_track_a_00301,интересно в кого она такая??,0,0,0,0,0,1
rus_train_track_a_00302,"Заебись в маршутке. Одной бухой, вторая лука наелась #пиздец",1,1,0,0,0,0
rus_train_track_a_00303,Бесит уже такое его настроение,1,0,0,0,0,0
rus_train_track_a_00304,"я боюсь ее губы. Такое ощущение, что она меня убьет",0,0,1,0,0,0
rus_train_track_a_00305,"руки трясутся, сердце вылетает из груди!",0,0,1,0,0,0
rus_train_track_a_00306,"Он так написал, аж страшно стало",0,0,1,0,0,0
rus_train_track_a_00307,как вы меня бесите со своими психами. #пиздецбесит,1,0,0,0,0,0
rus_train_track_a_00308,"охуеть,сама ты еблан,ты читать умеешь,я тебя вообще ни в чем не обвиняла, не один мой твит не был про тебя конкретно",1,0,0,0,0,0
rus_train_track_a_00309,"#Вдетстве, когда надо мной пролетала стая ворон, садилась на землю, так как боялась, что в школе буду двоечницей.",0,0,1,0,0,0
rus_train_track_a_00310,боже как у меня все болит от вчерашнего вечера((((,0,0,0,0,1,0
rus_train_track_a_00311,РУССКИЕ ПИЗДУЮТ В РОССИЮ! ЗЕМЛЯ КАК ПУСТЫНЯ! украине украина! ЧО ВЫ С ПУТЬКАМИ ЗА МОРЕ И ФЛОТ ИПЕТЕ СТРАНУ ЦЕЛУЮ? АЛЛЕ!,1,0,0,0,0,0
rus_train_track_a_00312,"Люблю тебя!!!Я не скрываю,не могу я без тебя...И ты прекрасно это знаешь....",0,0,0,1,0,0
rus_train_track_a_00313,"Как меня бесят комментарии типа :""ты мой красавчик.,а ты моя куколка.."",ну сошлись два уебища и сошлись,остальным зачем это читать?!",1,0,0,0,0,0
rus_train_track_a_00314,бесят люди которые считают своим долгом лезть туда куда их не просят,1,0,0,0,0,0
rus_train_track_a_00315,Корпоратив! Полига Гагарина классная!!!!!!!,0,0,0,1,0,0
rus_train_track_a_00316,"Не успела проснуться,а столько новостей,и все такие чудесные! И за окном снеееег! Счастье есть!",0,0,0,1,0,0
rus_train_track_a_00317,В Швеции разработали самоочищающуюся посуду,0,0,0,0,0,0
rus_train_track_a_00318,Я с трудом могу смотреть на себя в зеркало без чувства отвращения.,0,1,0,0,0,0
rus_train_track_a_00319,о блять бесишь!!!!,1,0,0,0,0,0
rus_train_track_a_00320,Бесят ворчливые консъержки в гардеробе.им даже перчатки из застегнутых карманов вытаскивать надо.они всегда чем-то недовольны #мгсу,1,0,0,0,0,0
rus_train_track_a_00321,#Сука #пиздец #дебил #рак! Я ненавижу информатика!,1,0,0,0,0,0
rus_train_track_a_00322,Мне так мерзко видеть как беременные женщины бухают,1,1,0,0,0,0
rus_train_track_a_00323,Как же вы меня бесите!,1,0,0,0,0,0
rus_train_track_a_00324,"Путин неумен и до смерти напуган Украиной, а страх – плохой советчик: писатель Борис Акунин",0,0,1,0,0,0
rus_train_track_a_00325,Разбила свой телефон. #Пиздецянеудачница,0,0,0,0,1,0
rus_train_track_a_00326,Вот Рима коза! не проверила тесты!!!!,1,0,0,0,0,0
rus_train_track_a_00327,"С днём рождения, бабуль!!! На ещё один год старше..) 71",0,0,0,1,0,0
rus_train_track_a_00328,Почему все тау нечестно(((,0,0,0,0,1,0
rus_train_track_a_00329,"Сегодня днем мне поступил звонок от Саши...спросил люблю ли я его..сообщил что приедет,ахаа ну посмотрим !!!!",0,0,0,1,0,0
rus_train_track_a_00330,Боже мой . Это было последние лето:(((((((,0,0,0,0,1,1
rus_train_track_a_00331,В нем есть ответ на все твои вопросы.,0,0,0,0,0,0
rus_train_track_a_00332,"Сука ебаные льды!!!!! Лежу на снегу,лень вставать",1,0,0,0,0,0
rus_train_track_a_00333,- Фу! Я выгляжу как свинья!,0,1,0,0,0,0
rus_train_track_a_00334,"надеюсь, получится а то я пизды от мамы за наеб получу",0,0,1,0,0,0
rus_train_track_a_00335,иногда приходит ощущение что я - запасной вариант. #бесит,1,0,0,0,0,0
rus_train_track_a_00336,"А не пойти бы вам всем нахуй ! Я блять ничего делать не буду ! ЗАЕБАЛИ !!!! Суки , чтоб вы нахуй все съебались из жизни , я вас ненавижу",1,0,0,0,0,0
rus_train_track_a_00337,иди в жопу,1,0,0,0,0,0
rus_train_track_a_00338,воу-воу! ты на прессуху с Путиным аккредитовался что ли?,0,0,0,0,0,1
rus_train_track_a_00339,"Все события на свете - ответы на молитвы, в том смысле, что Господь учитывает все наши истинные нужды",0,0,0,0,0,0
rus_train_track_a_00340,Ты теперь точно в края перевернул моё мнение о тебе. Фу. ты мерзок. пошёл нах,1,1,0,0,0,0
rus_train_track_a_00341,Капец:(((( горло болит::(((,0,0,0,0,1,0
rus_train_track_a_00342,мерзкая баба хотела уехать без собаки. надеюсь ее сейчас сожрет кто-нибудь. очень раздражающий персонаж,1,1,0,0,0,0
rus_train_track_a_00343,"Исправлена ошибка чтения квитанций. Все кто получил квитанции в декабре теперь могут их прочитать, распечатать и сохранить.",0,0,0,0,0,0
rus_train_track_a_00344,женщина?!,0,0,0,0,0,1
rus_train_track_a_00345,"Завтро зарплата , #радость",0,0,0,1,0,0
rus_train_track_a_00346,"Сижу и жру пельмени, пока гости не пришли. Худший НГ эвер.",0,0,0,0,1,0
rus_train_track_a_00347,Я никакая!!!!! Ненавижу болеть((((,1,0,0,0,1,0
rus_train_track_a_00348,В неё они должны облачаться во время официальных мероприятий,0,0,0,0,0,0
rus_train_track_a_00349,"фуу противно когда люди курят траву.Они мне кажутся такими мямлями,как тесто.Ни рыба,ни мясо.У которых нет мозгов,просто т-у-п-ы-е!",1,1,0,0,0,0
rus_train_track_a_00350,Вау! Да еще же 75 твитов! #Farsafchegg20000,0,0,0,0,0,1
rus_train_track_a_00351,пошла ты,1,0,0,0,0,0
rus_train_track_a_00352,это есть только в тебе!:)))*,0,0,0,1,0,0
rus_train_track_a_00353,Я слишком боюсь игл чтобы себе набивать :с,0,0,1,0,0,0
rus_train_track_a_00354,СУКА ПИДОР НЕНАВИЖУ,1,0,0,0,0,0
rus_train_track_a_00355,"Следим сегодня за погодой, разгоняем туман. Ведь по приметам, если на Спиридона светит солнце, то дни на Святках будут ясными",0,0,0,0,0,0
rus_train_track_a_00356,Проболтали с Катей 4 часа ))),0,0,0,1,0,0
rus_train_track_a_00357,Или убейте меня или отселите отсюда. #пиздец,1,0,0,0,0,0
rus_train_track_a_00358,"Мне похую на эти замечания.Тебя вот вообще никак не ебёт и не должно ебать!Тебе какое дело?пиздец блять,пристал,как банный лист",1,0,0,0,0,0
rus_train_track_a_00359,У меня обостренное чувство справедливостия очень боюсь за своих близких..И не люблю летать!,0,0,1,0,0,0
rus_train_track_a_00360,Бесят вечноноющие люди!,1,1,0,0,0,0
rus_train_track_a_00361,только что написали самостоятельную по русскому,0,0,0,0,0,0
rus_train_track_a_00362,"Только тот, кто работает знает цену выходным.",0,0,0,0,0,0
rus_train_track_a_00363,"Мы всегда знаем, какой путь является самым лучшим, но следуем по наиболее привычному...",0,0,0,0,0,0
rus_train_track_a_00364,что за хрень ты несешь?,1,0,0,0,0,1
rus_train_track_a_00365,Завтра в школуууу!!!((( нехааааачу!,0,0,0,0,1,0
rus_train_track_a_00366,Опасаюсь последствий этого звонка.,0,0,1,0,0,0
rus_train_track_a_00367,"Чтобы найти с человеком общий язык, иногда надо уметь  помолчать.",0,0,0,0,0,0
rus_train_track_a_00368,меня всю трясет,1,0,1,0,0,0
rus_train_track_a_00369,"и тут на тебе. реально страшно, к чему это может привести, если власть не возьмется за голову",0,0,1,0,0,0
rus_train_track_a_00370,люди такие добрые! я просто поражаюсь. реально добрые,0,0,0,0,0,1
rus_train_track_a_00371,Тигруууля,0,0,0,1,0,0
rus_train_track_a_00372,Вот  это поворот !!!,0,0,0,0,0,1
rus_train_track_a_00373,"Пэйпал рекламирует Стим, вау.",0,0,0,0,0,1
rus_train_track_a_00374,"Но они будут постоянно видеться друг с другом — следовательно, и мы тоже.",0,0,0,0,0,0
rus_train_track_a_00375,"Ретвитнула Дайо, чтобы хоть где-то он у меня был.",0,0,0,0,0,0
rus_train_track_a_00376,"В общем и в целом, я довольна всем",0,0,0,1,0,0
rus_train_track_a_00377,Назову так свою автобиографию.,0,0,0,0,0,0
rus_train_track_a_00378,Кованые изделия на заказ,0,0,0,0,0,0
rus_train_track_a_00379,Да отъебись ты от меня уже!!!!!,1,0,0,0,0,0
rus_train_track_a_00380,нравлюсь гею #пиздецнахуй,0,1,0,0,0,0
rus_train_track_a_00381,"вау, не думала, что войду в этот список с: Спасибо, милая:*",0,0,0,1,0,1
rus_train_track_a_00382,Обслуживающие организации докладвают по каждому случаю конкретно,0,0,0,0,0,0
rus_train_track_a_00383,Как же заебывает нытье людей,1,0,0,0,0,0
rus_train_track_a_00384,Я отвратительна сама себе.,0,1,0,0,0,0
rus_train_track_a_00385,полы помыла папа подскользнулся и упал и вывехнул ногу :D(((,0,0,0,0,1,0
rus_train_track_a_00386,вот так и проверяется дружба.,0,0,0,0,0,0
rus_train_track_a_00387,Жизнь кончена. Это потеря потерь. Я умываю руки. Позор мне до конца моих дней!!!,0,0,0,0,1,0
rus_train_track_a_00388,"Прежде, чем подумать, подумай — стоит ли думать.",0,0,0,0,0,0
rus_train_track_a_00389,"Жизнь заключается не в том, чтобы заполучить козырные карты, но в том, чтобы хорошо сыграть теми, которые есть.",0,0,0,0,0,0
rus_train_track_a_00390,Главное не забыть название,0,0,0,0,0,0
rus_train_track_a_00391,"Ну конечно же. Деньги за ремонт взяли, ноут мне ТИПА починили, но ничего не изменилось. Где-нибудь существуют нормальные конторы?!!!",1,0,0,0,0,0
rus_train_track_a_00392,"напечатаю обьявление "" проститутка на ночь"" напишу номер своего друга и расклею его по всему городку. ибо нехуй быть таким говном поганым.",1,1,0,0,0,0
rus_train_track_a_00393,#20FactsAboutMe #20 я боюсь зубных врачей,0,0,1,0,0,0
rus_train_track_a_00394,смотрю серхъествественное.чет мне страшно,0,0,1,0,0,0
rus_train_track_a_00395,"Ух ты,бля -10 на улице",0,0,0,0,0,1
rus_train_track_a_00396,"Каковы сани, таковы и сами (и наоборот).",0,0,0,0,0,0
rus_train_track_a_00397,Шеепса забанили? Да ладно? За что???,0,0,0,0,0,1
rus_train_track_a_00398,"Что так быстро летит время, ничего не успеваю :( Для чего вообще купил ежедневник... #паника",0,0,0,0,1,0
rus_train_track_a_00399,Бесит нахрен :о я могу взорваться и обматерить,1,0,0,0,0,0
rus_train_track_a_00400,Чемпионы!!! @ Daugai,0,0,0,1,0,0
rus_train_track_a_00401,"Меня читает @<username> !! Воу, воу! Что случилось с этой планетой??:)",0,0,0,0,0,1
rus_train_track_a_00402,"Прежде чем советоваться с прихотью, посоветуйся со своим кошельком. Б. Франклин",0,0,0,0,0,0
rus_train_track_a_00403,"Дуриан просто воняет, хуже я ничего не чувствовал",0,1,0,0,0,0
rus_train_track_a_00404,всмысле!?!?!?!?!,0,0,0,0,0,1
rus_train_track_a_00405,"Если хотите посетителей на сайт, да еще плюс чтобы они кликали по рекламе регестрируемся в этой системе   , открываем бра",0,0,0,0,0,0
rus_train_track_a_00406,Удивляюсь. Как из этого террориста вылепить можно?,0,0,0,0,0,1
rus_train_track_a_00407,"ух, даже не верится, что я предыдущий твит не редактируя сразу в 140 символов уместила",0,0,0,1,0,1
rus_train_track_a_00408,"делай, ваши проблемы мне на них писать. и, да, ты, наверное, этого очень хочешь #бесит",1,0,0,0,0,0
rus_train_track_a_00409,Нет настроения(((,0,0,0,0,1,0
rus_train_track_a_00410,США опасаются новых кадров «Аль Каиды» #новости,0,0,0,0,0,0
rus_train_track_a_00411,Голос в прямом эфире - это БОМБА!!!! ДрайвоВО!!!,0,0,0,1,0,0
rus_train_track_a_00412,пхахха спасибо!!,0,0,0,1,0,0
rus_train_track_a_00413,"бесит, когда долго обсуждают одно и тоже,  перемусоливают одну тему тысячу раз, ненавижу это",1,1,0,0,0,0
rus_train_track_a_00414,Желаем всем Улётного Нового Года 2014 и приятных путешествий! #полёт,0,0,0,1,0,0
rus_train_track_a_00415,офигеть!!! что-то серьезное?,0,0,0,0,0,1
rus_train_track_a_00416,Такая песня у Наргиз!!! ААА!!! #Голос,0,0,0,1,0,0
rus_train_track_a_00417,"системность, экономическая грамотность, нацеленность на результат 4",0,0,0,0,0,0
rus_train_track_a_00418,Рок-это жизнь!! Нет слов!!!!!! Наргиз!!!!!! Нет слов! У меня столько эмоций никогда не было!!!!!!,0,0,0,1,0,0
rus_train_track_a_00419,мне страшно от скорости с которой проносится время,0,0,1,0,0,0
rus_train_track_a_00420,так что это еще норма,0,0,0,0,0,0
rus_train_track_a_00421,"У меня юбилей счастливого числа - 3 подписчика, я так рад но не могу передать все свои эмоции ;) #праздник",0,0,0,1,0,0
rus_train_track_a_00422,Проспорила. Выпила. Голова болит((((,0,0,0,0,1,0
rus_train_track_a_00423,"Пароль от Вконтактика забыла(как завела), кэш обновила, привязанную симку потеряла - я опять без Вконтактика :D Вконтакте #паранойя",0,0,0,0,1,0
rus_train_track_a_00424,Просто я ещё на концерте твой телефон записал,0,0,0,0,0,0
rus_train_track_a_00425,"Как человека можно назвать этим именем. Звучит, как кусок дерьма.",1,1,0,0,0,0
rus_train_track_a_00426,как так вообще?!!,0,0,0,0,0,1
rus_train_track_a_00427,немного даже страшно выходить из дома,0,0,1,0,0,0
rus_train_track_a_00428,"Кстати, кто знает, как правильно пишется слово ""алюминиевый""? Я в школе давно учился, а столкнулся — и был удивлён.",0,0,0,0,0,1
rus_train_track_a_00429,да я сама испугалась хд,0,0,1,0,0,0
rus_train_track_a_00430,Подожди еще немного. Совсем чуть-чуть и ты услышишь его голос.,0,0,0,0,0,0
rus_train_track_a_00431,Мартин с Колошко встречается.Я в шоке.ААХа Они под руку на улице ходит. аахахах,0,0,0,0,0,1
rus_train_track_a_00432,"Маленькие машины работают лучше больших, потому что в последних сильнее трение. Так же и относительно государств.",0,0,0,0,0,0
rus_train_track_a_00433,"Да да!!! ДА, ДЕТКА!!! ДААА!!!!! ОНИ ВЫШЛИ В М.О.Л.О.Д.Е.Ж.К.У!!@<username> #молодежка",0,0,0,1,0,0
rus_train_track_a_00434,"Я боюсь геометрии, как огня. Это тот самый предмет, по которому я всегда ни черта не понимаю.",0,0,1,0,0,0
rus_train_track_a_00435,123 логика сдохни нахуй,1,0,0,0,0,0
rus_train_track_a_00436,Забронировал билеты на хоббита #ура #исполнениежеланий #премьера #гики #гикпорно #пацанскаятуса #дтп,0,0,0,1,0,0
rus_train_track_a_00437,"Аааааа меня бесит, что везде этот мейнстрим!!!",1,0,0,0,0,0
rus_train_track_a_00438,Теперь дома есть Wi-Fi :) #быстрыйинтернет,0,0,0,1,0,0
rus_train_track_a_00439,"Всё дело в обществе, в окружении",0,0,0,0,0,0
rus_train_track_a_00440,"если собрать весь смех, который звучал у нас в команте, то можно создать вечный двигатель^^",0,0,0,1,0,0
rus_train_track_a_00441,"Едем с папой на машине, а на встречу 3 машины кока-колы. Праздник к нам приходит!!",0,0,0,1,0,1
rus_train_track_a_00442,"Да, хаски и в Италии живут, и даже в Африке. Это одна из пород, которая приспосабливается",0,0,0,0,0,0
rus_train_track_a_00443,Мда уж. Дрожащими руками пишу бля хд,0,0,1,0,0,0
rus_train_track_a_00444,"так вот в один из таких вечером я остался дома вместе с этим алкашем мне было страшно, я ревел я звоню отцу и говорю, мне страшно че делать",0,0,1,0,0,0
rus_train_track_a_00445,неожиданно :З,0,0,0,0,0,1
rus_train_track_a_00446,АААА ЛЕНТА У МЕНЯ ИДЕТ СНЕЕЕЕЕГ!!!!!!!!,0,0,0,1,0,0
rus_train_track_a_00447,"иди к черту, правда мне одиноко и, наверное, отвратительно на душе.",1,0,0,0,1,0
rus_train_track_a_00448,@<username> Фрэндзона заебала :(((,1,0,0,0,1,0
rus_train_track_a_00449,"Блин, я как бабка старая =_= и чувак сглазил мои коленки, они теперь сука болят!!",1,0,0,0,1,0
rus_train_track_a_00450,АААА...Я С ПОДРУГОЙ ПОЗНАКОМИЛАСЬ С МАНЬЯКОМ.ОН У МЕНЯ ПРОСИЛ НОМЕР НО Я НЕ ДАЛА.#ПИЗДЕЦ.,0,0,1,0,0,0
rus_train_track_a_00451,Сегодня супер свадьба #тверь #россия #невеста #смех #семья #счастье #wed #wedday #wedding,0,0,0,1,0,0
rus_train_track_a_00452,"Меня пугает, когда в 00:00 по всем каналам Януковича показывают Это как в фильмах, когда злодей захватывает телевидение и п…",0,0,1,0,0,0
rus_train_track_a_00453,Сказали что на ЕГЭ в нашей шк  камеры в каждом кабинете поставят #пиздец #армия,0,0,1,0,0,0
rus_train_track_a_00454,Самый отвратительный день был вчера. За помню этого отвратительного человека на долго!,0,1,0,0,0,0
rus_train_track_a_00455,Ого! Так это родители Камбербэтча играли родителей Шерлока?,0,0,0,0,0,1
rus_train_track_a_00456,возьмите несколько выборов теорий или центров лиц.,0,0,0,0,0,0
rus_train_track_a_00457,Неужели я её закончил :D Сколько сил потрачено ахах Радости всем #OneDirection,0,0,0,1,0,1
rus_train_track_a_00458,"мерзкое чувство, когда человек, которого ты любишь, нравится еще кому-то.",0,1,0,0,1,0
rus_train_track_a_00459,"Выходя из комнаты, вы включаете динамики на полную громкость, чтобы не пропустить момент, когда придет новая почта.",0,0,0,0,0,0
rus_train_track_a_00460,Женщины на 8 марта ждут от мужчин цветов и внимания,0,0,0,0,0,0
rus_train_track_a_00461,"А вообще-то я не пью.Нет, правда.Алкоголь - горький и невкусный.И от него чувствуешь себя куском дерьма.",0,1,0,0,0,0
rus_train_track_a_00462,"Именно поэтому пытаюсь всегда вслушиваться в мельчайшие детали песни, чтобы потом наиболее полно ее воспроизвести в своей голове",0,0,0,0,0,0
rus_train_track_a_00463,Парковка в центре Екатеринбурга будет бесплатной только 15 минут,0,0,0,0,0,0
rus_train_track_a_00464,Потравили тараканов - появились клопы. Как же бесят насекомые(((,1,1,0,0,0,0
rus_train_track_a_00465,"закопай долевую информацию, мы захватим ее на консультационном пути.",0,0,0,0,0,0
rus_train_track_a_00466,хуже выходных и быть не может (((,0,0,0,0,1,0
rus_train_track_a_00467,троцкая дала в нос с кулока((((( больно однако....,0,0,0,0,1,0
rus_train_track_a_00468,Ода..5 за самостоялкуу !!!!!     #ура,0,0,0,1,0,0
rus_train_track_a_00469,"Выиграл билет на ночь в Кино!! Спасибо за помощь, за репосты и лайки друзья!!",0,0,0,1,0,0
rus_train_track_a_00470,"Я просто удивляюсь,что некоторые вещи создали и придумали люди,потому что это ахиренно.",0,0,0,1,0,1
rus_train_track_a_00471,"Ненавижу, когда твой бывший друг начинает тусить с тем, кого вы вдвоём поливали жидким калом.",1,1,0,0,0,0
rus_train_track_a_00472,"в пятницу иди в школу на 2 урока, #радость",0,0,0,1,0,0
rus_train_track_a_00473,Бесит все!!!,1,0,0,0,0,0
rus_train_track_a_00474,"Терпеть не могу свой голос. Невыразительный, скучный, иногда придурочно гнусавый. Если кричу, так это звучит мерзко и пронзительно.",0,1,0,0,0,0
rus_train_track_a_00475,боюсь обращаться к людям по именам.,0,0,1,0,0,0
rus_train_track_a_00476,"Большой ,жирный , уродливый зад",0,1,0,0,0,0
rus_train_track_a_00477,Путин наших задавит. Безнадега. Люди боятся. Слишком зашуганный и задушенный народ мы стали.,0,0,1,0,1,0
rus_train_track_a_00478,"День начался проооосто ужасно!Всё через жопу,вот просто всё! Блять.",1,0,0,0,1,0
rus_train_track_a_00479,"Стойкое ощущение, что кроме шлюхи ничего дельного из меня не выйдет #шлюха #пиздец #конец #безысходность #тлен #боль",0,0,1,0,1,0
rus_train_track_a_00480,"бля, где бы ты не был, везде эти ебаные гимназисты. беситбесит",1,0,0,0,0,0
rus_train_track_a_00481,Че за привычка не снимать рюкщаки в маршрутке?стоит уебище в дредах возле меня _бл*так еще три меня...,1,0,0,0,0,0
rus_train_track_a_00482,"мне страшно из-за экзаменов. я боюсь не сдать, все провалить и стать никем. это естественный страх, но меня это никак не…",0,0,1,0,0,0
rus_train_track_a_00483,"«О любопытстве», 3",0,0,0,0,0,0
rus_train_track_a_00484,"одна девочка из моей школы, с которой я и не общалась толком, сейчас сказала, что у меня шикарная улыбка *_*",0,0,0,1,0,0
rus_train_track_a_00485,"Ненавижу сидеть в парикмахерской и целый час смотреть на свое зализанное, бесчелчатое лицо в анфас в зеркало.",1,1,0,0,0,0
rus_train_track_a_00486,Неожидала от неё такого,0,0,0,0,0,1
rus_train_track_a_00487,"Табель забрала, перемену отдежурю и попрусь домой ^^   #безудержноевеселье",0,0,0,1,0,0
rus_train_track_a_00488,Твое сегодняшнее поведение меня убила((((,0,0,0,0,1,0
rus_train_track_a_00489,"Тут действую иные законы. Если есть какие то добавочные платежи, которые добавляют стоимость к 1 000р за км - это должен быть указано в",0,0,0,0,0,0
rus_train_track_a_00490,"У каждого своя история, в твою видимо не вписалась",0,0,0,0,0,0
rus_train_track_a_00491,А вчера гадали с Шашковой!главное что сказали нам духи-я переведусь на бюджет после этой сессии:),0,0,0,1,0,0
rus_train_track_a_00492,"Бесит ! Читает , НО НЕ ОТВЕЧАЕТ !!!!",1,0,0,0,0,0
rus_train_track_a_00493,"Блять, ненавижу 30 декабря любого года",1,0,0,0,0,0
rus_train_track_a_00494,"Посыпались предложения, как с помощью тех или иных технических",0,0,0,0,0,0
rus_train_track_a_00495,"Учись опускаться до уровня тех, среди которых находишься.",0,0,0,0,0,0
rus_train_track_a_00496,Пиздец.. Нет у меня больше ноута!!сука,1,0,0,0,0,0
rus_train_track_a_00497,"О нем!!Боже!!Сегодня что не песня, то разрыв просто!!!!",0,0,0,1,0,0
rus_train_track_a_00498,штаааааа????,0,0,0,0,0,1
rus_train_track_a_00499,Только что узнала что Энгельсткий автобус взорван #теракт я уже боюсь,0,0,1,0,0,0
rus_train_track_a_00500,"Не слушайте тех, кто хорошо о вас отзывается.  Вы как были ничтожными кусками говна, так ими и останетесь.",0,1,0,0,0,0
rus_train_track_a_00501,моя тяга к курению меня пугает,0,0,1,0,0,0
rus_train_track_a_00502,очень крутая серия! Только я её не досмотрела из за проблем с интернетом... #злость,1,0,0,0,0,0
rus_train_track_a_00503,Ура долгожданный айфон у меня )))),0,0,0,1,0,0
rus_train_track_a_00504,СПЛОШНАЯ ПОЕБЕНЬ ПОЕБЕНЬ ПОЕБЕНЬ,1,0,0,0,0,0
rus_train_track_a_00505,"Волшебный день, чудесный вечер✨",0,0,0,1,0,0
rus_train_track_a_00506,"Человек, которому вы / нужны,всегда найдет способ быть / рядом.",0,0,0,0,0,0
rus_train_track_a_00507,"он сказал что его во мне все устраивает, меня это пугает",0,0,1,0,0,0
rus_train_track_a_00508,"У всех в группе есть долбаёб, который не хочет сваливать с пары, тем самым всех подставляя. Ненавижу таких уёбков.",1,0,0,0,0,0
rus_train_track_a_00509,"пробовал, не сработало",0,0,0,0,0,0
rus_train_track_a_00510,а еще у меня совершенно не получились сайки. и вообще я не умею замешивать тееесто (((((,0,0,0,0,1,0
rus_train_track_a_00511,завтра будет трудный день... весь день сидеть с этим терминатором(((,0,0,0,0,1,0
rus_train_track_a_00512,"Ну вот и пятница, и очень удачный день!!! Жизнь прекрасна! Всем хорошо доработать, а мы гулять! Всех…",0,0,0,1,0,0
rus_train_track_a_00513,"Почему все тащатся от этого гнусного ""Шерлока""? Говно же лютое.",0,1,0,0,0,0
rus_train_track_a_00514,"Все сегодняшние планы нарушились,зато хоть зарплату забрал,хотя и там не обошлось без говна и плохо,что ее всю придется отдать(((",0,0,0,0,1,0
rus_train_track_a_00515,о боже... Аля Киркоров))),0,0,0,0,0,1
rus_train_track_a_00516,наконец-то мою диииночку увидела)!! ^_^ <3,0,0,0,1,0,0
rus_train_track_a_00517,ого!!!,0,0,0,0,0,1
rus_train_track_a_00518,"Да-да это правда!!!Мне даже не много обидно,что на родине ты бываешь редко(((",0,0,0,0,1,0
rus_train_track_a_00519,бляяя опять не выспался((((((((,0,0,0,0,1,0
rus_train_track_a_00520,Надя лох бесит,1,0,0,0,0,0
rus_train_track_a_00521,ты меня напугал я чуть не заплакал,0,0,1,0,0,0
rus_train_track_a_00522,"Гори все синем пламенем,гори!!!",1,0,0,0,0,0
rus_train_track_a_00523,"Я дома и от меня воняет блевотиной. Сходила на утренник к сестре, блин. т_т",0,1,0,0,1,0
rus_train_track_a_00524,"Бесят мужики, которые идут по дороге и харкаются, смаркаются, а ты значит обходи это все. В глаз себе харкани мудила ебаная",1,1,0,0,0,0
rus_train_track_a_00525,ЗАВАЛИ Е*АЛО КАКОЙ ТЫ НАХ ГАВНЮК,1,0,0,0,0,0
rus_train_track_a_00526,Я боюсь эту #анжелапедофил  но хочу скачать,0,0,1,0,0,0
rus_train_track_a_00527,Когда животные болеют это самое мерзкое. Хотел же я пойти на ветеринара...,0,1,0,0,1,0
rus_train_track_a_00528,я просто офигел. Шак просто наимилейший ня,0,0,0,1,0,1
rus_train_track_a_00529,"Всегда есть нечто большее, всегда можно сделать маленький шаг вперед - предела нет.",0,0,0,0,0,0
rus_train_track_a_00530,ШТО?!,0,0,0,0,0,1
rus_train_track_a_00531,"Ребят, пожалуйста, никогда не напивайтесь! Особенно мальчики! Это отвратительно выглядит со стороны",0,1,0,0,0,0
rus_train_track_a_00532,В2 сделала Трудно на счет технологий и жизненых ценностей,0,0,0,0,0,0
rus_train_track_a_00533,Для скачки не нужна так же и регистрация на сайте.,0,0,0,0,0,0
rus_train_track_a_00534,так я предполагала,0,0,0,0,0,0
rus_train_track_a_00535,"Дорога пиздец  ,мы ехали ехали и забуксовали и застряли в грязи",1,0,0,0,0,0
rus_train_track_a_00536,Чтобы полностью понять статью о русском языке в Википедии мне пришлось перейти по нескольким ссылкам для пояснения слов.,0,0,0,0,0,0
rus_train_track_a_00537,"Мало того что я потеряла из-за него сережки, он их так и не нашел!!!!:((",1,0,0,0,0,0
rus_train_track_a_00538,"Мой мальчик самый лучший!!даже,когда я расстраиваюсь он поддерживает меня и успокаивает)приятно",0,0,0,1,0,0
rus_train_track_a_00539,буду скучать Серёженька((((как же без братишки(((,0,0,0,0,1,0
rus_train_track_a_00540,Программисты компании внесли множество других исправлений для повышения стабильности и безопасности браузера.,0,0,0,0,0,0
rus_train_track_a_00541,"Господи!! Это ж счастье! Вот вам и Россия. ""Держите, получайте"" - как бы говорят наши спортсмены всем неверующим. Так то!!! #сочи",0,0,0,1,0,0
rus_train_track_a_00542,"Итак, от каждой проданной PlayStation 4 , Sony будет терять около 60 долларов",0,0,0,0,0,0
rus_train_track_a_00543,"Всё, собираться пора",0,0,0,0,0,0
rus_train_track_a_00544,Телефон тупит весь день((( то facebook отпадет... То whatsapp не коннектится,0,0,0,0,1,0
rus_train_track_a_00545,призналась ему...а он теперь не заходит в Он-лайн((( Я скучаю.*,0,0,0,0,1,0
rus_train_track_a_00546,Мне за себя стыдно и мерзапакостно,0,1,0,0,0,0
rus_train_track_a_00547,"текс, кутим из свн вроде как не глючит, а значит, что надо обработать напильничком внешний вид и можно пользоваться",0,0,0,0,0,0
rus_train_track_a_00548,"То чувство,когда понимаешь,что этот Новый Год будет самым скучным...((((",0,0,0,0,1,0
rus_train_track_a_00549,Родители испортили весь субботний вечер;(((,0,0,0,0,1,0
rus_train_track_a_00550,"Теракт на вокзале в Волгограде. По предварительным данным, не менее 18 человек погибли... Жесть...",0,0,1,0,1,0
rus_train_track_a_00551,посоветуйте кинчик или сериал пожалуйста,0,0,0,0,0,0
rus_train_track_a_00552,Где я? Кто я? Это ж ёбаный пиздец какой то!,1,0,0,0,0,1
rus_train_track_a_00553,"Как вообще язык поворачивается такое сказать? Полное отвращение от таких людей. Это все, это клиника",0,1,0,0,0,1
rus_train_track_a_00554,Заехали в живот на физре #ПиздецКакБольно,0,0,0,0,1,0
rus_train_track_a_00555,Сижу в макдаке с какими-то свиньями,1,1,0,0,0,0
rus_train_track_a_00556,"мы выполняем уникальные фарфоровые работы специально для дизайнеров, чтобы создаваемый ими интерьер был на самом деле авторским",0,0,0,0,0,0
rus_train_track_a_00557,Как это больно... Смотреть как ты обнимаешь другую(((,0,0,0,0,1,0
rus_train_track_a_00558,"Q: обжорик ты мой ,любимый,я скучаю(((((((((((((((((((((((((((((((((((((((((((((((((((((((((((((((((((((...  A:",0,0,0,0,1,0
rus_train_track_a_00559,"Я не понимаю, как можно улыбаться человеку, которого не любишь, ради выгоды. Я не умею так. Это мерзко.",0,1,0,0,0,0
rus_train_track_a_00560,ПОСЛЕЗАВТРА ВЫХОДНОООЙ!!!!!!!!!!,0,0,0,1,0,0
rus_train_track_a_00561,Ееееее у меня уже больше 10000 лайков на #ask !!!,0,0,0,1,0,0
rus_train_track_a_00562,Обожаю Наргиз!!!!,0,0,0,1,0,0
rus_train_track_a_00563,"ненавижу тебя телефон! ты такой тупой! тви тупит! как же я хочу тебя разбить! но не могу, ибо у меня номофобия._.",1,0,0,0,0,0
rus_train_track_a_00564,ебануться можно от того как люди верят слухам.,1,0,0,0,0,1
rus_train_track_a_00565,"Нирвана в исполнении Наргиз!!!! Я умир, господа!!! #голос",0,0,0,1,0,0
rus_train_track_a_00566,ОСТАВИТЕ МОЙ СМЕХ. НАЙЛ ЧТО ТЫ ДЕЛАЕШЬ? АХАХАХАХХАХАХАХХАХАХХАХАХАХАХАХАХПХАХАХАХХАХАХАХАХА,0,0,0,1,0,1
rus_train_track_a_00567,какие же все эти тяночки недальновидные,1,0,0,0,0,0
rus_train_track_a_00568,"хуево,когда человек тебе не верит! #блять",1,0,0,0,1,0
rus_train_track_a_00569,мне бы пол памяти сбросить,0,0,0,0,0,0
rus_train_track_a_00570,ооо^^ какая неожиданность:3 надонадо:3,0,0,0,1,0,1
rus_train_track_a_00571,"я стал так методично вычеркивать из своей жизни людей, что мне становится страшно.  такими темпами я скоро останусь один.",0,0,1,0,0,0
rus_train_track_a_00572,Я ТАК РАДА!!!!  #VIXX1STWIN,0,0,0,1,0,0
rus_train_track_a_00573,"Интернет - падла, ну конечно же ты виснешь только когда мне нужно написать сообщение.  .",1,0,0,0,0,0
rus_train_track_a_00574,"Для упрощения жизни себе советую побегать в округе, поискать пещеры и т.",0,0,0,0,0,0
rus_train_track_a_00575,"Крики,шумы,гамы...#пиздец #ужас",0,0,1,0,0,0
rus_train_track_a_00576,"Язык имеет большое значение еще и потому, что с его помощью мы можем прятать наши мысли.",0,0,0,0,0,0
rus_train_track_a_00577,Лучший отдых-смена деятельности.,0,0,0,0,0,0
rus_train_track_a_00578,разобьешь мне сердце-разобью тебе голову!!!,1,0,0,0,0,0
rus_train_track_a_00579,"О, Боже ж ты мой!! Я и не заметила, что последний твитт был 1000! Ну что ж, смело перешагиваю эту цифру и 1001 твитт!",0,0,0,0,0,1
rus_train_track_a_00580,мумия блядь ))))))) сожгите ленина пирамида то и рассыпается в россии а миру то насрать...на мир тоже...,1,0,0,0,0,0
rus_train_track_a_00581,"Даже базового, бесплатного варианта достаточно для того, чтобы быстро поставить водяной знак на множество изображений, не прибегая к сложным",0,0,0,0,0,0
rus_train_track_a_00582,Попроси у меня еще  хоть что-то. Уебище,1,0,0,0,0,0
rus_train_track_a_00583,Запоминается последнее слово,0,0,0,0,0,0
rus_train_track_a_00584,Не терпится порадовать вас новыми песнями. Торопимся,0,0,0,1,0,0
rus_train_track_a_00585,"если у вас есть опыт продаж хоть в одной из областей, то смело можете звонить мне",0,0,0,0,0,0
rus_train_track_a_00586,"Руки трясутся...я дрожу...я боюсь ,что будет потом...",0,0,1,0,0,0
rus_train_track_a_00587,"Вот это песняяяя!!! Давай, Наргиииз",0,0,0,1,0,0
rus_train_track_a_00588,МНЕ КУПИЛИ БАААРБИ!!! А ЗАЧЕМ МНЕ ОНА РАЗБЕРУСЬ ПОТОМ!!!!,0,0,0,1,0,0
rus_train_track_a_00589,Гребанный звонок гдеее ты?!,1,0,0,0,0,0
rus_train_track_a_00590,"И все это наша страна. Мерзкая, сраная страна. Вот так. Они построили ее. А теперь обустраивают.",1,1,0,0,0,0
rus_train_track_a_00591,"проговорили три часа с @<username> ,вспомнили молодость, так безумно скучаю по ней(((",0,0,0,0,1,0
rus_train_track_a_00592,"Ох эта репетиция... Всё,как в первый день!)",0,0,0,1,0,0
rus_train_track_a_00593,У каждого должна быть своя Света.,0,0,0,0,0,0
rus_train_track_a_00594,чтоб обмениваться мыслями и т.п. Вы себе на своей волне - я на своей. Вот и все.,0,0,0,0,0,0
rus_train_track_a_00595,Просто фу фу фу! Ненавижу гомофобов и расистов,1,1,0,0,0,0
rus_train_track_a_00596,Завтра опять ко второму уроку. Надо не забыть.,0,0,0,0,0,0
rus_train_track_a_00597,"Ведь тебе должно быть ясно, что ты никогда не будешь человеком, а меж тем ты только то и делаешь, что пытаешься быть им.",0,0,0,0,1,0
rus_train_track_a_00598,"Всем добра, вкусняшек, хорошего настроения на каринкулах^^",0,0,0,1,0,0
rus_train_track_a_00599,иди нахер)),1,0,0,0,0,0
rus_train_track_a_00600,"Мерзко и противно, когда люди вокруг радуются твоим поражениям.",0,1,0,0,0,0
rus_train_track_a_00601,"капец, мне страшно было",0,0,1,0,0,0
rus_train_track_a_00602,До весны 4 дня!) #весна #ура,0,0,0,1,0,0
rus_train_track_a_00603,Боюсь дышать,0,0,1,0,0,0
rus_train_track_a_00604,Ох....это взырвное выступление!!!!!!!!!—|,0,0,0,1,0,0
rus_train_track_a_00605,хотела бы я иметь имя из 2-3 букв,0,0,0,0,0,0
rus_train_track_a_00606,"Самое невкусное, и блювотное, что я когда-либо пробовала, это пицца с кальмарами.",0,1,0,0,0,0
rus_train_track_a_00607,мне каждый раз в метро страшно спускаться - там же эти люди со мной в одном вагоне могут оказаться,0,0,1,0,0,0
rus_train_track_a_00608,"Блин, блин , блин... подвела человека( ужасно стыдно((((",0,0,0,0,1,0
rus_train_track_a_00609,"Как страшно жить. Теракт в Волгограде. Такое горе. а люди торопились навстречу радости, встретили смерть. Как террористы живут с этим???",0,0,1,0,0,1
rus_train_track_a_00610,#бля #пиздец меня могут лишить новогодней премии,0,0,1,0,1,0
rus_train_track_a_00611,От одного фильма эмоций целый воз!)),0,0,0,1,0,0
rus_train_track_a_00612,так сильно по нему соскучилась! а еще целое лето впереди....без него! грустно(((,0,0,0,0,1,0
rus_train_track_a_00613,"В очередной раз убеждаюсь, что просьба фолловить обратно абсолютно отвратительна. Только говнари так делают",1,1,0,0,0,0
rus_train_track_a_00614,"Это мерзкое чувство, когда не можешь долго уснуть, и залипая в потолок невольно ностальгируешь по каким-то прошедшим веселым моментам жизни",0,1,0,0,0,0
rus_train_track_a_00615,Ну что еще делать на паре? Если очень скучно))) только фильм... Кофе... И хорошее настроение),0,0,0,1,0,0
rus_train_track_a_00616,у меня аж сердце трепещет #Молодежка :)) Ай молодцы)),0,0,0,1,0,0
rus_train_track_a_00617,Прям как в детстве! Здорово!!)),0,0,0,1,0,0
rus_train_track_a_00618,Я ненавижу свою мать!!! Можете осуждать меня  Но я ее ненавижу!!!,1,1,0,0,0,0
rus_train_track_a_00619,"Ска, чем больше вижу их совместок, тем больше она меня раздражает!!!  #невыношу #таких #девочек !!!",1,0,0,0,0,0
rus_train_track_a_00620,Бывают же хорошие такие ) прям настроение улучшилось,0,0,0,1,0,0
rus_train_track_a_00621,"Смерть тем, кто сжигает Коран. Аллах накажет неверных. Воистину Он воздаст. الله عظيم حقا. لا إله إلا الله",1,0,0,0,0,0
rus_train_track_a_00622,Не ожидал такого от тебя.,0,0,0,0,1,1
rus_train_track_a_00623,Я люблю кататься!! B-),0,0,0,1,0,0
rus_train_track_a_00624,"о боже мой, даже не верится, что прошел уже целый год с тех пор как ничего не изменилось.",0,0,0,0,0,1
rus_train_track_a_00625,"Мир уступает дорогу тому, кто знает куда идет.",0,0,0,0,0,0
rus_train_track_a_00626,так что все повозможности описал и фото обязательнол скину .,0,0,0,0,0,0
rus_train_track_a_00627,да идите вы нахуй игнорщики блять,1,0,0,0,0,0
rus_train_track_a_00628,Вся моя лента английская,0,0,0,0,0,0
rus_train_track_a_00629,"Изменять-это фу.. это просто отвратительно, люди, не изменяйте любимым. Никогда не изменю своему мальчику.",0,1,0,0,0,0
rus_train_track_a_00630,Это так страшно видеть в другом человеке - себя.,0,0,1,0,0,0
rus_train_track_a_00631,"Что? Как? Почему? Блять ,я нихуя не понимаю.  Че молчать то, скажи все, да пиздец",1,0,0,0,0,1
rus_train_track_a_00632,продолжается: #курсач наконец-то сдан!!! Мой Бог велик! #универ  #сессия,0,0,0,1,0,0
rus_train_track_a_00633,Город в котором ты живешь.,0,0,0,0,0,0
rus_train_track_a_00634,фу мерзость а клялся что любишь только меня фуу,0,1,0,0,0,0
rus_train_track_a_00635,вы закалены в продажах и ваш девиз: «вложенные усилия должны быть прямо пропорциональны полученному доходу»,0,0,0,0,0,0
rus_train_track_a_00636,"Работать с файлами можно в среде Android, iOS, Linux, Mac OS X, Windows и Windows Phone",0,0,0,0,0,0
rus_train_track_a_00637,Национальный вопрос и задачи коммунистов Краснодарского края по укреплению дружбы народов,0,0,0,0,0,0
rus_train_track_a_00638,НАРГИЗ!!! Очень КРУТО!!!,0,0,0,1,0,0
rus_train_track_a_00639,"Мне кажется, что я никогда не полюблю эту страну, с каждым днем все отвратительнее здесь жить.",0,1,0,0,0,0
rus_train_track_a_00640,"в челябинске эти ебаные выбросы буквально каждую неделю,дышать и выходить на улицу невозможно,такой едкий запах",1,1,0,0,0,0
rus_train_track_a_00641,вау!,0,0,0,1,0,1
rus_train_track_a_00642,"Друзья, я правильно понимаю, что таксономия - это понятие, которое включает в себя и типологию, и классификацию?",0,0,0,0,0,0
rus_train_track_a_00643,"там, конечно, метода командных взаимосвязей, но ведь то, что уже бело, хорошо согласуется с сетью.",0,0,0,0,0,0
rus_train_track_a_00644,Сегодня я видела мозги. Им больше 20 лет. Воняют - жутко.,0,1,0,0,0,0
rus_train_track_a_00645,"воу-воу, а пачиму? 0.о",0,0,0,0,0,1
rus_train_track_a_00646,Валяемся)) #мойсынкрасавчик,0,0,0,1,0,0
rus_train_track_a_00647,Вот дерьмо!!,1,0,0,0,1,0
rus_train_track_a_00648,Бесит обмен лайками,1,0,0,0,0,0
rus_train_track_a_00649,"Довольно отвратительно быть в Москве, а не в Крыму, например, прямо сейчас.",0,1,0,0,1,0
rus_train_track_a_00650,Пришли 2 открытки :) #открытка #марка #посткроссинг #happycard #happy #card #cool #stamp…,0,0,0,1,0,0
rus_train_track_a_00651,Убью водителя и скормлю кондуктору!!!,1,0,0,0,0,0
rus_train_track_a_00652,Пить одеколон ужасно...,0,1,0,0,0,0
rus_train_track_a_00653,"фу, ненавижу ездить к бабушке из-за того, что у меня потом вся одежда, волосы и даже обувь воняет табаком!",0,1,0,0,0,0
rus_train_track_a_00654,"Нет ничего омерзительнее видеть, что неприятные тебе люди любят и восхищаются тем же, что и ты. Вот тебе и последствия масскультуры.",0,1,0,0,0,0
rus_train_track_a_00655,"Сразу такое мерзкое чувство внутри: с одной стороны, хочется переехать бульдозером этих тварей,",1,1,0,0,0,0
rus_train_track_a_00656,Сегодня два моих любимых бренда меня отвратительным образом прокинули.,1,0,0,0,1,0
rus_train_track_a_00657,Осталось чуть подождать,0,0,0,0,0,0
rus_train_track_a_00658,"ваще капееец, мне интересно, как Гела вообще прошел?!",0,0,0,0,0,1
rus_train_track_a_00659,"у меня тоже ) Интересно, а почему в наши дни снова снижение графика?",0,0,0,0,0,1
rus_train_track_a_00660,"Если честно, было страшно обновлять ленту твиттера.",0,0,1,0,0,0
rus_train_track_a_00661,"Жизнь - это здесь и сейчас, а не завтра и потом.",0,0,0,0,0,0
rus_train_track_a_00662,"Все игры на русском языке и работают без регистрации, а так же не требуют активации.",0,0,0,0,0,0
rus_train_track_a_00663,мне тоже не по себе(((,0,0,1,0,1,0
rus_train_track_a_00664,Бляяяя у меня что-то руки трясутся,0,0,1,0,0,0
rus_train_track_a_00665,Не в твоем стиле!Иди нахуй блять осел ебаный.Петух блять!,1,0,0,0,0,0
rus_train_track_a_00666,"Папа до сих пор не пришел с работы( что там за авария такая грандиозная, что их уже 2е сутки не отпускают?(((",0,0,0,0,1,0
rus_train_track_a_00667,"Бля,фу! Ща блювану с такой ситуации",0,1,0,0,0,0
rus_train_track_a_00668,Остальных ждем,0,0,0,0,0,0
rus_train_track_a_00669,Скоро выступление. Я так боюсь.,0,0,1,0,0,0
rus_train_track_a_00670,И так каждый день уже неделю.,0,0,0,0,0,0
rus_train_track_a_00671,"И обалдеть - мне снится, что я дружу с охренительно похожей на себя девушкой с академии! Это не норма",0,0,0,0,0,1
rus_train_track_a_00672,А потом и с ним поговорю,0,0,0,0,0,0
rus_train_track_a_00673,"Конец четверти, даже не верится. Круто",0,0,0,1,0,1
rus_train_track_a_00674,Стратегические объекты нуждаются в определении точного времени,0,0,0,0,0,0
rus_train_track_a_00675,Остаток дня был проведен весело:) спасибо @<username> @<username> @<username> @<username> и еще 8-ми людям,0,0,0,1,0,0
rus_train_track_a_00676,"Жить нужно ради тех,кому ты нужен постоянно,а не временно.",0,0,0,0,0,0
rus_train_track_a_00677,грёбанное обж исправлять аа бесит,1,0,0,0,0,0
rus_train_track_a_00678,Хорошо что я встала сегодня пораньше,0,0,0,1,0,0
rus_train_track_a_00679,"да,так просто всё",0,0,0,0,0,0
rus_train_track_a_00680,"Моё горе не утешить(((( Сегодня умер мой самый любимый зверёк, которого я любила. Мой хомячок - Хома(((((((",0,0,0,0,1,0
rus_train_track_a_00681,"Т.е все ждали полное дерьмо, но это оказалось даже еще хуже.",0,1,0,0,0,0
rus_train_track_a_00682,"Это просто счастье, счастье, счастье",0,0,0,1,0,0
rus_train_track_a_00683,"это ужасно,мне очень страшно!",0,0,1,0,0,0
rus_train_track_a_00684,"Мои твиты повторяются, так же, как и мысли.",0,0,0,0,0,0
rus_train_track_a_00685,"#стихи #Твиттер запустил музыкальный сервис, но он не работает в #России !!! #грусть #печаль #пиздец !!!??????",0,0,0,0,1,0
rus_train_track_a_00686,не спала всю ночь:о теперь как зомби #пиздец #зомби #апокалипсис #недосып,0,0,0,0,1,0
rus_train_track_a_00687,нервничаю больше чем она. какой то сраный экзамен,0,0,1,0,0,0
rus_train_track_a_00688,"Мне так страшно, я не переживу, если буду троечницей.",0,0,1,0,0,0
rus_train_track_a_00689,лучше вообще нахуй молчать обо всём!!,1,0,0,0,0,0
rus_train_track_a_00690,меня вот поражают деятели из мэрии-  брать депутатов  придурков  из Ер и думать что  они могут стать топ-блоггерами? что там Ракова курит?,1,0,0,0,0,1
rus_train_track_a_00691,"Я уныл, я все слил, я плохо прочитал, я отвратителен, я расстроился. Я противен себе",0,1,0,0,1,0
rus_train_track_a_00692,"Приветик, не сплю с 5ти часов. А почему бы и нет?! #НуКошмар",0,0,0,0,1,0
rus_train_track_a_00693,"Воу.Интресно,если ли у меня такой :о Надо будет глянуть",0,0,0,0,0,1
rus_train_track_a_00694,Мультик кончился:::::::((((((((( Нужно начать убираться:::::(((((,0,0,0,0,1,0
rus_train_track_a_00695,"Жизнь - это кросс, в котором каждый стремится вырваться вперёд, чтобы прийти к финишу последним",0,0,0,0,0,0
rus_train_track_a_00696,"Последние несколько дней меня всё и все бесят.Вроде бы все хорошо, но я не могу понять в чем проблема. #ПиздецКакоеНовогоднееНастроение #збс",1,0,0,0,0,0
rus_train_track_a_00697,"у меня руки трясутся, будто я убил кого-то а я всего лишь рассказал стих зато рассказал идеально сука лаж ноги трясутся я…",0,0,1,0,0,0
rus_train_track_a_00698,"Жаль, что народ использую просто на просто, а они этого не понимают(((((",0,0,0,0,1,0
rus_train_track_a_00699,"Далее, я могу настроить свою читалку таким образом чтобы интересные мне ленты были разбиты на категории",0,0,0,0,0,0
rus_train_track_a_00700,Ford поделился планами на сто лет вперед,0,0,0,0,0,0
rus_train_track_a_00701,"Эх...сегодня прекрасная погода! На улице +10! я в шоке...но вообще круто))) иду себе, наушники напялила и иду рэп слушаю))незабываемое чувство",0,0,0,1,0,1
rus_train_track_a_00702,Упаковала подарочки =) #подарки #Новыйгод #Рождество,0,0,0,1,0,0
rus_train_track_a_00703,"В последнее время смотрю сериалы исключительно с сабами, поэтому качаю сериалы с зарубежных торрентов.",0,0,0,0,0,0
rus_train_track_a_00704,"И вот в таком ""режиме"" проходят годы.",0,0,0,0,1,0
rus_train_track_a_00705,Просто мама сырники сделала ☺️☺️☺️☺️☺️,0,0,0,1,0,0
rus_train_track_a_00706,"Аааа!!!краску сюда,обои доклейте,здесь моем,шкафы обклееваем...ааааа!!!кошмар,мы ничего не успеваем... В колледж приезжает ректор из Самары.",0,0,1,0,0,0
rus_train_track_a_00707,Отвратительное. Спасибо сестре. Огромное спасибо >< Очередное воскресенье с настроением в днище. Что может быть лучше?,0,1,0,0,1,0
rus_train_track_a_00708,Спасибо олимпиаде за проебанный зачет.,1,0,0,0,0,0
rus_train_track_a_00709,Я поеду к Ксюхеее :33  #ураураура Еееее:33,0,0,0,1,0,0
rus_train_track_a_00710,"Мы всегда не видим еще, как минимум, одну сторону",0,0,0,0,0,0
rus_train_track_a_00711,❤️Я скоро встречусь со своей любимой сестрой❤️ радости нет предела❤,0,0,0,1,0,0
rus_train_track_a_00712,Тупой день  Самый самый турой #все,1,0,0,0,0,0
rus_train_track_a_00713,"Ты не бренд, а дерьма кусок! Мальчик, попустись! Такой пафос читать противно!!! Фууу",1,1,0,0,0,0
rus_train_track_a_00714,Оооо этот момент когда друг скидывает кучу офигенных песен,0,0,0,1,0,0
rus_train_track_a_00715,"У всех что то рисуется, а у меня что, а у меня бошка болит и ничего второй день не делается(((",0,0,0,0,1,0
rus_train_track_a_00716,Фиксикии!!!) заезды новогоднего вечера!) #нг2014 #нг #новыйгод #ура #праздник #ночь #вечелье…,0,0,0,1,0,0
rus_train_track_a_00717,а еще вокруг меня начинает гореть воздух,1,0,0,0,0,0
rus_train_track_a_00718,#SaveUkraine На улицы выходить страшно! Нельзя допустить войны!,0,0,1,0,0,0
rus_train_track_a_00719,"Ух ты, фотку моей кривой перчаточной кошки лайкнул аккаунт дискавери ченнэл О_о",0,0,0,0,0,1
rus_train_track_a_00720,это же майк,0,0,0,0,0,1
rus_train_track_a_00721,"поражаюсь со студентов,как можно выучить хоть что то за 20 мин?! надеюсь Бог сегодня будит мил ко мне",0,0,0,0,0,1
rus_train_track_a_00722,"Господи,что ж за жывотина такая пробегала вдоль горнолыжной трассы с сумкой в зубах?!!",0,0,0,0,0,1
rus_train_track_a_00723,-Завтра приедет поезд с огнём!! -Он уже 3 как стоит у нас в городе. -норм АХАХАХАХ,0,0,0,1,0,0
rus_train_track_a_00724,Добрая @<username> мне керамического зайца!,0,0,0,1,0,0
rus_train_track_a_00725,Ура!!! Первая победа на выезде!!! Spasibo @<username>,0,0,0,1,0,0
rus_train_track_a_00726,"мало того что мое утро началось с кошмара ,так еще и я не ела вообще ничего (((",0,0,0,0,1,0
rus_train_track_a_00727,"Ни в первом, ни во втором случае такие декларации миссии не являются документом, согласно которому стартап будет жить каждый день.",0,0,0,0,0,0
rus_train_track_a_00728,"Хорошо, что у меня есть такие люди",0,0,0,1,0,0
rus_train_track_a_00729,"ничего, кроме нечто похожего на отвращение я не почувствовала.",0,1,0,0,0,0
rus_train_track_a_00730,"Кто сегодня пьет? Ну ка угадайте, ктоооо сегодня пьет?",0,0,0,1,0,0
rus_train_track_a_00731,мне такую пятерку заебашили на полтетради!,0,0,0,1,0,0
rus_train_track_a_00732,"Каждый день надо делать дело, которое тебя пугает — ЭЛЕОНОРА РУЗВЕЛЬТ",0,0,0,0,0,0
rus_train_track_a_00733,"Ну если не сейчас, то потом",0,0,0,0,0,0
rus_train_track_a_00734,"Бесит когда ""подруги"" пишут себе на стену вк типа ""чмо, уродка, уебанка, убожество :*"" и считают это нормальным, мне противно это.",1,1,0,0,0,0
rus_train_track_a_00735,неземное счастье,0,0,0,1,0,0
rus_train_track_a_00736,"У меня одной появляется отвращение к человеку, который пишет не грамотно?",0,1,0,0,0,0
rus_train_track_a_00737,"ты-мерзкий,как весь мир-мерзкий.",0,1,0,0,0,0
rus_train_track_a_00738,называется я пока не смотрю Однажды... Пэн...отец...Румпеля?!!!!!! теперь я видел все в своей жизни.,0,0,0,0,0,1
rus_train_track_a_00739,друг — это выбранный нами родственник.,0,0,0,0,0,0
rus_train_track_a_00740,"иногда, тебе просто нужно отдохнуть и напомнить себе - кто ты есть и кем хочешь быть",0,0,0,0,0,0
rus_train_track_a_00741,Отвратительно это осознавать,0,1,0,0,0,0
rus_train_track_a_00742,"Хочешь жить, умей крутиться, ну и по возможности не спать. Прояви себя.",0,0,0,0,0,0
rus_train_track_a_00743,Как не думать?! ((( я не могу... Как представляю что они сейчас вместе.. Что он обнимает ее как и меня (( и становится так плохо (,0,0,0,0,1,0
rus_train_track_a_00744,#Голос наргиз рвет!!!,0,0,0,1,0,0
rus_train_track_a_00745,"оо даа,он очень крутой-крутой!!",0,0,0,1,0,0
rus_train_track_a_00746,Бляяяяяяяяя убейте меня,1,0,0,0,1,0
rus_train_track_a_00747,Иди нахуй.,1,0,0,0,0,0
rus_train_track_a_00748,С наступающим Новым Годом!!! #праздник #нг,0,0,0,1,0,0
rus_train_track_a_00749,эта лекция по робототехнике просто убийственно нудная ;((((((((((((((((((((,0,0,0,0,1,0
rus_train_track_a_00750,завтра опять тяжелые будни(((,0,0,0,0,1,0
rus_train_track_a_00751,Фу дура ты мне очень противна,0,1,0,0,0,0
rus_train_track_a_00752,бесит когда выпендриваются(,1,0,0,0,0,0
rus_train_track_a_00753,Только приехала домой- безумно насыщенная ночь!! Ну и как же без…,0,0,0,1,0,0
rus_train_track_a_00754,Просочившаяся из-под двери вонь быстро распространилась по всему зданию.,0,1,0,0,0,0
rus_train_track_a_00755,"Все меньше и меньше настроения, спасибо сессия за это.#сессия #учеба #пиздец",0,0,0,0,1,0
rus_train_track_a_00756,"Аааа до 8 мы точно вместе, урурурусчастье",0,0,0,1,0,0
rus_train_track_a_00757,"Скажи, что ты читаешь, и я скажу, кто ты. Можно составить верное понятие об уме и характере человека, осмотрев его библиотеку.",0,0,0,0,0,0
rus_train_track_a_00758,"@<username> бедные люди это ужасно  людей стараются запугать вот  и все особено  в канун праздников ,а страдают  невинные люди.",0,0,0,0,1,0
rus_train_track_a_00759,шта?! уже воскресение?! да еще и пятое число?! омг,0,0,0,0,0,1
rus_train_track_a_00760,2 дня - 2 теракта..становится страшно выходить на улицу,0,0,1,0,0,0
rus_train_track_a_00761,ПОЧЕМУ Я НА ВЫХОДНЫХ ТАК РАНО ПРОСЫПАЮСЬ?!!! #ска,1,0,0,0,0,0
rus_train_track_a_00762,обогрев зеркала и ближний свет умер(((,0,0,0,0,1,0
rus_train_track_a_00763,"Как же бесят такие уёбки, которые отвечают на уроке вместо меня. Меня же спросили, а не вас.",1,0,0,0,0,0
rus_train_track_a_00764,"Мужики такие из себя:""Женщина на кухню!"" - а на самом-то деле:""Ну, проводи меня..."". Тьфу, лицемеры!",1,1,0,0,0,0
rus_train_track_a_00765,но 418 и 6666 я все равно выделю.,0,0,0,0,0,0
rus_train_track_a_00766,В России создают мобильное приложение проверки лекарств,0,0,0,0,0,0
rus_train_track_a_00767,"Дома , настроя нет , проиграли Славии 2-3 !!!!! #Пиздец",0,0,0,0,1,0
rus_train_track_a_00768,ньукку просто мастер фотошопа!!,0,0,0,1,0,0
rus_train_track_a_00769,"Ну конечно если нету настроения ,надо его испортить всем,,  , #а #я #виновата #потом , #круто",1,0,0,0,1,0
rus_train_track_a_00770,Учимся 31 декабря. #провал #этоненорма #пиздец,1,0,0,0,0,0
rus_train_track_a_00771,А теперь с друзьями#нг#новыйгод#праздник#веселье#улыбка,0,0,0,1,0,0
rus_train_track_a_00772,чегоооо??? Я живее всех живых)),0,0,0,1,0,1
rus_train_track_a_00773,"стало так противно смотреть на тебя, чисто на моих глазах стал дерьмом.",0,1,0,0,0,0
rus_train_track_a_00774,Новые футболки были сюрпризом и обеспечили отличное настроение на весь день #шгд,0,0,0,1,0,0
rus_train_track_a_00775,Я так боялась что мы встретимся в моем дворе и он меня убьет,0,0,1,0,0,0
rus_train_track_a_00776,"Все испытывают страх в тот миг, когда могут изменить свою судьбу.  © Пауло Коэльо «Дьявол и сеньорита Прим»",0,0,1,0,0,0
rus_train_track_a_00777,по информатика контрошка сегодня.ааа.ужасс.рррр,0,0,1,0,0,0
rus_train_track_a_00778,"ЛЮБЛЮ БЕЗУМНО!!!!*** С юбилеем, старушка!)) Обожаю тебя**)))",0,0,0,1,0,0
rus_train_track_a_00779,"Жутко бесит,когда ко мне прислоняются или близко подходят.Вы или мой родственник,или друг,или любовник.Нет?Отойдите подальше!",1,0,0,0,0,0
rus_train_track_a_00780,думаю да. Хотя что душой кривить все уже достало(((: У тебя тоже не фарт?!,0,0,0,0,1,1
rus_train_track_a_00781,"а вообще, если говорить честно, попасть в топ-100 мировых вузов вуз сможет только если составит свой собственный рейтинг",0,0,0,0,0,0
rus_train_track_a_00782,Опишите в 3х буквах ваш стиль управления,0,0,0,0,0,0
rus_train_track_a_00783,МНЕ ОЩИНЬ СТРАШНО,0,0,1,0,0,0
rus_train_track_a_00784,В Москве сильный снегопад. - Блин! Третий раз за день машину откапываю. И опять не моя!!! #RU_FF,1,0,0,0,0,1
rus_train_track_a_00785,"А еще я как-то видела грузовик с надписью ЛЮДИ, а внутри были свалены свиные туши. Мерзость",0,1,0,0,0,0
rus_train_track_a_00786,"Какие доллары стали уродливые, ужас.",0,1,0,0,0,0
rus_train_track_a_00787,"в статье 2 раза упоминается слово досконально, совсем ни к месту. Они сделали свою виртуальную машину на java? Фига",0,0,0,0,0,1
rus_train_track_a_00788,Мама  наказала  так   что теперь не   гулять  не  телефона!!!   Короче  полный  пиздец!(,0,0,0,0,1,0
rus_train_track_a_00789,Как можно быть такой дурой?!!,1,0,0,0,0,1
rus_train_track_a_00790,Бэмби 2 (2006)   аж прослезилась в конце(((,0,0,0,0,1,0
rus_train_track_a_00791,"Уже час сижу без движений и звуков,чтобы никого не разбудить.Как же я ненавижу ночевать в гостях,когда встаю раньше всех.  #гости",1,0,0,0,1,0
rus_train_track_a_00792,Отпустили с семинара✌️,0,0,0,1,0,0
rus_train_track_a_00793,Уснули дохлые кальмары. Воняют.,0,1,0,0,0,0
rus_train_track_a_00794,"есть несколько способов снять жилье в аренду за границей, например, через специализированное агентство или через самостоятельный поиск в интернете",0,0,0,0,0,0
rus_train_track_a_00795,Руки трясуться сильно....,0,0,1,0,0,0
rus_train_track_a_00796,сама в шоке если честно,0,0,0,0,0,1
rus_train_track_a_00797,Чтоо ?,0,0,0,0,0,1
rus_train_track_a_00798,круто погуляли,0,0,0,1,0,0
rus_train_track_a_00799,"Все просто: у власти в стране жестокие гандоны, а ты на них работаешь, мудила.",1,0,0,0,0,0
rus_train_track_a_00800,"Мне приснился сегодня Курт Кобейн. И я теперь как-то ошарашена. Он сказал мне такое, над чем мне реально пришлось задуматься.",0,0,0,0,0,1
rus_train_track_a_00801,"недавно уехал,а я уже безумно скучаю и фиг знает когда мы увидимся((((",0,0,0,0,1,0
rus_train_track_a_00802,"Как  это все же прекрасно.Просыпаешься,а весь двор,наконец-то, усыпан снегом..И снег идет,идет,идет...Ура)#Зима #снег",0,0,0,1,0,0
rus_train_track_a_00803,",у меня через 2часа сессия((пиздец боюсь((((((",0,0,1,0,0,0
rus_train_track_a_00804,Мои ребятушки выиграли кубок!!! молодцы!!!,0,0,0,1,0,0
rus_train_track_a_00805,Острова 2014 скорее всего не будет((((( вот это печаль так печаль...,0,0,0,0,1,0
rus_train_track_a_00806,"Готовила для мамы и папы, накормила, радуюсь",0,0,0,1,0,0
rus_train_track_a_00807,Ахуеть Яна,0,0,0,0,0,1
rus_train_track_a_00808,"Бесит, когда тебе говорят про твой хуевый характер, ну уж извините ..какой есть, не нравится пиздуйте лесом !",1,0,0,0,0,0
rus_train_track_a_00809,"хуя,  я теперь боюсь вообще ездить на общественных транспортах",0,0,1,0,0,0
rus_train_track_a_00810,Как всегда .. Приперлась ... Накормила мандаринами ..И подняла мне настроение до 80-го уровня !!!)))…,0,0,0,1,0,0
rus_train_track_a_00811,Сидеть и есть бабушкины пирожки очень круто!!! Спасибо Ба:3 #Пирожкисчастьеумиление #ПлюсПятьКилограм,0,0,0,1,0,0
rus_train_track_a_00812,вы сегодня учитесь что ли?,0,0,0,0,0,1
rus_train_track_a_00813,"И да,на улице просто пиздец.Такой ветер,что мне кажется мою пятиэтажку унесет",1,0,1,0,0,0
rus_train_track_a_00814,сидим грустим(((,0,0,0,0,1,0
rus_train_track_a_00815,"Елфимов отжег,красавец!!!",0,0,0,1,0,0
rus_train_track_a_00816,Мысль о замужестве пугает. Боязнь не успеть  тоже пугает.,0,0,1,0,0,0
rus_train_track_a_00817,Счастья полные штаны.) пятница вечер глинтвейн и коньки.) открыли сезон!,0,0,0,1,0,0
rus_train_track_a_00818,Как я нервничаю,0,0,1,0,0,0
rus_train_track_a_00819,"— А ты классная, когда пьяная!!! /  / — Да, ты тоже классный, когда Я пьяная !!!",0,0,0,1,0,0
rus_train_track_a_00820,ахаха сама удивляюсь,0,0,0,0,0,1
rus_train_track_a_00821,Безответная любовь...ты одна и он один((( #FF_RU,0,0,0,0,1,0
rus_train_track_a_00822,"ух-ты, что я нашла :) чуть меньше года назад написала заметку об одной компании, и вот теперь я в ней работаю)",0,0,0,1,0,1
rus_train_track_a_00823,"бля что-то я не выспалась вообще((Мамулька разбудила меня блин((( Позже надо будет опять лечь по спать,а то вечером буду как сонное царство*",0,0,0,0,1,0
rus_train_track_a_00824,Дэ!Не ожидала,0,0,0,0,0,1
rus_train_track_a_00825,Внимание!! Инсайт! Уралсиб сегодня-завтра закроют! Вынимайте деньги! RT,0,0,1,0,0,0
rus_train_track_a_00826,Я сегодня елку наряжаю :З,0,0,0,1,0,0
rus_train_track_a_00827,"ты что, покрасилась????!",0,0,0,0,0,1
rus_train_track_a_00828,"Еееааа,наргиз будет кобейна перепевать!!!!!",0,0,0,1,0,0
rus_train_track_a_00829,много репетиций. У меня боязнь сцены.,0,0,1,0,0,0
rus_train_track_a_00830,"Клиент прислал мне НГ подарок! Программисту! Никогда такого не было, прям радость",0,0,0,1,0,1
rus_train_track_a_00831,не люди а свиньи !!!!! злость переполняет !!,1,0,0,0,0,0
rus_train_track_a_00832,"отлично пообщались,что уж там!!",0,0,0,1,0,0
rus_train_track_a_00833,"в школе мне задали вызубрить длинный стих,и он у меня ну никак не запоминался!((( Баб",0,0,0,0,1,0
rus_train_track_a_00834,Из-за них боюсь в школе позорно разрыдаться.,0,0,1,0,0,0
rus_train_track_a_00835,А еще я ненавижу свою школу. Каждый сам за себя и пытается унизить другого. Это мерзко.,1,1,0,0,0,0
rus_train_track_a_00836,"боюсь, что я тебя не встречу,  и встретиться с тобой боюсь.",0,0,1,0,0,0
rus_train_track_a_00837,"наряжаем с Ванечкой комнату, вот оно предновогоднее настроение",0,0,0,1,0,0
rus_train_track_a_00838,"Проебала наушники ,это #пиздец",0,0,0,0,1,0
rus_train_track_a_00839,"какая ужасная запись #versusbattle , отпадает желание смотреть, с одной стороны идея делать батл на открытой площадке хороша…",1,1,0,0,0,0
rus_train_track_a_00840,"Татуаж бровей у неё отвратителен. Зачем в таком возрасте делать?  Понимаю женщины делают.  Ну, а ты. Дура.",0,1,0,0,0,0
rus_train_track_a_00841,Воу.круто,0,0,0,1,0,1
rus_train_track_a_00842,"Впрочем, в любом пункте забора крови вам это все расскажут более подробно.",0,0,0,0,0,0
rus_train_track_a_00843,Я поражаюсь Попову. Идеальное катание и чтение игры. Наш Дацюк.,0,0,0,1,0,1
rus_train_track_a_00844,хули половина моего класса идет в КБК? Нахуй идите,1,0,0,0,0,0
rus_train_track_a_00845,"#COMEBACKHOME я слишком люблю эту тему, поэтому я поражён.",0,0,0,0,0,1
rus_train_track_a_00846,этот день против меня(((,0,0,0,0,1,0
rus_train_track_a_00847,"Жизнь надо прожить так, чтобы об этом знал Google.",0,0,0,0,0,0
rus_train_track_a_00848,юхууууу,0,0,0,1,0,0
rus_train_track_a_00849,Дацюк!? Он всегда сложно приезжал,0,0,0,0,0,1
rus_train_track_a_00850,Ну почему я не сплюююююю(((((,0,0,0,0,1,0
rus_train_track_a_00851,аааааааааааааааааааааааааа Петя не выздоровел!!!!!!!!!((( ааааааааааааааа боже!!!!!!!!!!!! за что(((((((((((((((((( всё равно он идеален!,0,0,0,0,1,0
rus_train_track_a_00852,"Я ненавижу тебя, сука!",1,0,0,0,0,0
rus_train_track_a_00853,убрали поиск персонажей что ли? паника-паника!!! а ведь как удобно было :(,0,0,0,0,1,1
rus_train_track_a_00854,"Как же невозможно жить в этом мире лжи, ненависти и боли...(((",0,0,0,0,1,0
rus_train_track_a_00855,"По русскому еще нужно очень много читать,стараться,да и всем предметам.",0,0,0,0,0,0
rus_train_track_a_00856,нарядили елочку,0,0,0,1,0,0
rus_train_track_a_00857,"щас поменяю оформление,ждите,оцените",0,0,0,0,0,0
rus_train_track_a_00858,У меня только один вопрос: какого хера?,1,0,0,0,0,1
rus_train_track_a_00859,#пятница13  какой ужас.,0,0,1,0,0,0
rus_train_track_a_00860,вы можете использовать книгу в видеонаблюдении связанной разминки.,0,0,0,0,0,0
rus_train_track_a_00861,150 дней до лета,0,0,0,0,0,0
rus_train_track_a_00862,"Лучшее, что можно сделать с хорошим советом, это пропустить его мимо ушей. Он никогда не бывает полезен никому, кроме того, кто его дал",0,0,0,0,0,0
rus_train_track_a_00863,НЕРЕАЛЬНО УСТАЛА ОТ РЕАЛЬНОГО!!!((((((((,0,0,0,0,1,0
rus_train_track_a_00864,"НУ И ЕЗДИ НА СВОЕМ ДИВАНЕ НА РАБОТУ, ОБЬЕБОС!",1,0,0,0,0,0
rus_train_track_a_00865,"завтра не день, а #пиздец просто",0,0,1,0,0,0
rus_train_track_a_00866,"Иди на хуй, короче!",1,0,0,0,0,0
rus_train_track_a_00867,"Мы выглядим как люди,но в душе свиньи которые вечно срут.",0,1,0,0,0,0
rus_train_track_a_00868,"Уйди старушка, я в печааааали!(((((",0,0,0,0,1,0
rus_train_track_a_00869,“Слоненок проплакал 5 часов из-за разлуки с матерью. ” у меня сердце сжалось((((,0,0,0,0,1,0
rus_train_track_a_00870,Вааауу... меня читают рожки единорожка....,0,0,0,1,0,1
rus_train_track_a_00871,"НЕЛЬЗЯ СУКА УДАЛЯТЬ ФОТОГРАФИИ, СЛЫШИШЬ?",1,0,0,0,0,0
rus_train_track_a_00872,"СЕРЬЕЗНО, ЭТО ТЫ?! ВАУ.",0,0,0,0,0,1
rus_train_track_a_00873,Существут 2 вида страусов: серый страус и голубой страус.,0,0,0,0,0,0
rus_train_track_a_00874,"Вау , вау , вау , ты зашил ))",0,0,0,1,0,1
rus_train_track_a_00875,#Школа  #ненавижу,1,1,0,0,0,0
rus_train_track_a_00876,Завтра утром пойду к жучихе:3 Буду у нее прогуливать школу) Затусим так затусим! #трапсодия #каникулы #отдых #…,0,0,0,1,0,0
rus_train_track_a_00877,Так долго ждала этот день и так быстро он пролетел(((((((,0,0,0,0,1,0
rus_train_track_a_00878,Наконец то я дома Как же надоедает каждый день по две пары русского сидеть!!!,1,0,0,1,0,0
rus_train_track_a_00879,"ну вот,""вконтакте""прекратил работать!и как мне слушать ту музыку,которую я не скачала?#пиздец",1,0,0,0,1,0
rus_train_track_a_00880,С самого раннего знакомства с интернетами смайлики у меня какое-то гадостное отторжение вызывали,0,1,0,0,0,0
rus_train_track_a_00881,Вы охерели что ли? Сами то что ничего не делаете?! Знали бы вы сколько мы с этими презентациями мучались. Бесите!!!,1,0,0,0,0,0
rus_train_track_a_00882,Как это чудесно прогуливаться такими зимними вечерами,0,0,0,1,0,0
rus_train_track_a_00883,"у каждого есть цена, просто не каждый называет её сразу",0,0,0,0,0,0
rus_train_track_a_00884,У меня.контрольная.по геометрии. ЧЕТЫРЕ!,0,0,0,1,0,1
rus_train_track_a_00885,"Убейте меня! Работать в субботу утром, да как же тяжело(((",0,0,0,0,1,0
rus_train_track_a_00886,"ДА ТВОЮ МАТЬ!!! ПОЧЕМУ ОПЯТЬ Я? ДА ФААК! НАДО БЫСТРО ЛЕЧИТСЯ, А ТО ОПЯТЬ С ТАНЦЕВ УБЕРУТ К ХЕРАМ!!!",1,0,0,0,0,0
rus_train_track_a_00887,ДЕЛО -  Владельцы Nokia Lumia могут создавать папки,0,0,0,0,0,0
rus_train_track_a_00888,"Это неловкое чувство, когда все давят на тебя и всем насрать на твое мнение",0,0,0,0,1,0
rus_train_track_a_00889,Ставить не более 80.,0,0,0,0,0,0
rus_train_track_a_00890,"Боюсь заходить ВК, ибо политическая обстановка взорвёт мою ленту.",0,0,1,0,0,0
rus_train_track_a_00891,"Ненавижу, когда человек обвиняет тебя в том,что ты с ним не общаешься и забыл его,а на самом деле он сам о тебе забыл и ему б…",1,0,0,0,0,0
rus_train_track_a_00892,Вы берёте взятки!!!,1,0,0,0,0,0
rus_train_track_a_00893,"Женщины живут воспоминаниями. Мужчины-тем, о чем не хотят вспоминать",0,0,0,0,0,0
rus_train_track_a_00894,Что это за фигня от моего имени публикуется??? НЕ ОТКРЫВАЙТЕ! НЕ СКАЧИВАЙТЕ!!!,1,0,0,0,0,1
rus_train_track_a_00895,"Пока мама спала, я помыла голову Чистая голова #радость",0,0,0,1,0,0
rus_train_track_a_00896,Завтра к третьему уроку),0,0,0,1,0,0
rus_train_track_a_00897,"у меня ощущение бывает ,что команды не выигрывают из за моих ставок (фатальное невезение (((",0,0,0,0,1,0
rus_train_track_a_00898,Ура!!! Маршрутные перевозки пассажиров в СПБ  могут национализировать.Подержим первую ласточку деколонизации России!  htt…,0,0,0,1,0,0
rus_train_track_a_00899,"Чуть не блеванула,когда этот уебан обнял меня.",0,1,0,0,0,0
rus_train_track_a_00900,"I have been given a wonderful gift <3 антистрееесс, как давно я об этом мечтала …",0,0,0,1,0,0
rus_train_track_a_00901,"Всё чаще заикаюсь о том, что нужно звать экзорциста. Шестимесячный ребёнок не должен издавать такие звуки. Они пугают ._. #дети, #экзорцист",0,0,1,0,0,0
rus_train_track_a_00902,"вас вообще ебет, куда я их блять трачу?",1,0,0,0,0,0
rus_train_track_a_00903,А у нас нет первого урока #радость,0,0,0,1,0,0
rus_train_track_a_00904,"Oh damn, сегодня ходил к дантисту и он мне показал мои фотки лица сделанные 5 лет назад, я был в шоке",0,0,0,0,0,1
rus_train_track_a_00905,С ужасом жду января.и дело даже в сессии,0,0,1,0,0,0
rus_train_track_a_00906,"где мне взять поручителя для кредита? все или не хотят, или сами должны=(((",0,0,0,0,1,1
rus_train_track_a_00907,"Устала очень-очень,все еще делаю эти зачеты:(((",0,0,0,0,1,0
rus_train_track_a_00908,"У людей существует привычный набор добродетелей, однако каждая устойчивая группа: национальная, религиозная, корпоративная",0,0,0,0,0,0
rus_train_track_a_00909,"Неделя ужаса. Я буду много нервничать и говорить,что меня отчислят:( #зачеты .",0,0,1,0,0,0
rus_train_track_a_00910,Раз уж начал - побеждай.,0,0,0,0,0,0
rus_train_track_a_00911,"Боже, что случилось??",0,0,0,0,0,1
rus_train_track_a_00912,ЧТО?!,0,0,0,0,0,1
rus_train_track_a_00913,"бесит мамина привычка бить меня всем, что под руку попадется",1,0,0,0,0,0
rus_train_track_a_00914,"Начну с восьмерки. Пойму, как соединить обе руки и можно браться за следующие элементы.",0,0,0,0,0,0
rus_train_track_a_00915,Жутко страшно. А когда мне страшно мне никто не напишет,0,0,1,0,0,0
rus_train_track_a_00916,Скучно ((((,0,0,0,0,1,0
rus_train_track_a_00917,"ща покушаю, потом по быстрому сделаю физику с биологией, ещё геометрию надо переписать ойойой",0,0,0,0,0,0
rus_train_track_a_00918,Как мило ❤️,0,0,0,1,0,0
rus_train_track_a_00919,"В каждом случае пациенту можно предложить неоценочное описание, соответствующее конкретной системе убеждения.",0,0,0,0,0,0
rus_train_track_a_00920,"Реябят, всем кому нужно отредактировать какую либо фотографию, картнку, то обращайтесь ко мне. Все подробности в лс.",0,0,0,0,0,0
rus_train_track_a_00921,"Если  ты хотя бы один раз в жизни был в эпицентре землетрясения,никогда уже не забудешь ( Особенно,если была многоэтажка,последний этаж(((",0,0,1,0,1,0
rus_train_track_a_00922,"Это моя жизнь ! Я не понимаю почему все учат меня , как жить .",1,0,0,0,0,0
rus_train_track_a_00923,Что бы ни происходило — все хорошо. Мудрость Дзен,0,0,0,1,0,0
rus_train_track_a_00924,отвратный диджей в фокс кафе. у меня ужасно болят уши от быдло музыки,1,1,0,0,0,0
rus_train_track_a_00925,вот ведь сука. Хотя пиздеж наверное,1,0,0,0,0,0
rus_train_track_a_00926,"за Nirvana респект!!  я за тебя, тетя)) #Голос",0,0,0,1,0,0
rus_train_track_a_00927,"Всё, не надо",0,0,0,0,0,0
rus_train_track_a_00928,Снежану видела сегодня^^,0,0,0,1,0,0
rus_train_track_a_00929,"Попробуй жить так,чтобы ты всегда мог сказать правду.",0,0,0,0,0,0
rus_train_track_a_00930,"Добавлю этот сайт в закладки, завтра будет, что на физике почитать",0,0,0,0,0,0
rus_train_track_a_00931,Я правда боюсь этого.,0,0,1,0,0,0
rus_train_track_a_00932,Напиши мне просто так,0,0,0,0,0,0
rus_train_track_a_00933,"ты еблан,вот что я тебе скажу друг мой Весь в снегу был бля",1,1,0,0,0,0
rus_train_track_a_00934,"Мне настолько страшно,на улицах Киева происходят страшные вещи #euromaidan  #Ukraine #майдан #киев",0,0,1,0,0,0
rus_train_track_a_00935,страшно однако,0,0,1,0,0,0
rus_train_track_a_00936,"пришла АА, сказала, что теперь те, кто идет в 10 сдает лишь один предмет, который нужен в профильном классе #пиздец",1,0,0,0,0,1
rus_train_track_a_00937,"оооууу, что случилось???",0,0,0,0,0,1
rus_train_track_a_00938,больше всего боюсь гражданской войны. А на майдане просто ужас !! Я даже комментировать это не могу!,0,0,1,0,0,0
rus_train_track_a_00939,Можно через скайп,0,0,0,0,0,0
rus_train_track_a_00940,подключения к системе. Этот файл обычно создается такими,0,0,0,0,0,0
rus_train_track_a_00941,"везде это неуважение к нашей истории ФАШИКИ В ПРИБАЛТИКЕ,БАНДЕРОВЦЫ НА УКРАИНЕ А ЗАЩИЩАЛ ВАС КТО БЛЯТЬ",1,0,0,0,0,0
rus_train_track_a_00942,Ноги трясутся,0,0,1,0,0,0
rus_train_track_a_00943,"Мама стакан разбила мой самый любимый ""Сочи 2014"" который мне Аня подарила на др((((((((((((((((((((((((((((((((((((((((((((((((((((((((((((",1,0,0,0,1,0
rus_train_track_a_00944,"воу, неужели в Киеве снег",0,0,0,0,0,1
rus_train_track_a_00945,"Хоспади Иисусе , отвратительный, мерзкий фильм!",0,1,0,0,0,0
rus_train_track_a_00946,"Новости просто кошмарные.  #Шумахер, #Волгоград  Еще в #Саратов оцепили ТЦ Карусель и Детский парк. Хоть не выходи",0,0,1,0,0,0
rus_train_track_a_00947,"Нахуй я это все делал ,",1,0,0,0,0,1
rus_train_track_a_00948,"Ненавижу людей, которые светят телефоном в кинотеатре. Вы возвращаете меня в реальность, суки!",1,0,0,0,0,0
rus_train_track_a_00949,"Опять мама готовит мясо, меня уже тошнит от него",0,1,0,0,0,0
rus_train_track_a_00950,Нашла офигенного парикмахера в Питере. Но блин такого дорогого (((,0,0,0,1,1,0
rus_train_track_a_00951,куда везли...Ровно в два раза дешевле...К сожалению на горе наживаются(((,0,0,0,0,1,0
rus_train_track_a_00952,Ой как страшно!,0,0,1,0,0,0
rus_train_track_a_00953,идите все куда подальше.,1,0,0,0,0,0
rus_train_track_a_00954,"Ебучая бессоница, какого хера, опять как овощ буду в школе, блять",1,0,0,0,0,0
rus_train_track_a_00955,"ААААА БЛЯТЬ!!!! NIRAVANA В ПРОЕКТЕ #Голос !!!!!!! я чуть не ахуел!! спасибо, Агутин!!!",0,0,0,1,0,1
rus_train_track_a_00956,"Поняяяяша, я тебя теряю((((((",0,0,0,0,1,0
rus_train_track_a_00957,"Кому интересны книги по соционике, обращайтесь, те, кто в Курске, большой ассортимент.",0,0,0,0,0,0
rus_train_track_a_00958,Райское наслаждение ❤️,0,0,0,1,0,0
rus_train_track_a_00959,МЕНЯ ИГНОРИТ ВАЛЕРА О_О я именно в шоке,0,0,0,0,0,1
rus_train_track_a_00960,"суки, задолбали их тесты уже! не могут время распределить, а потом 2 попытку не дают ибо 2курс пришел",1,0,0,0,0,0
rus_train_track_a_00961,"Теперь ужасно страшно ездить в метро, не дай бог такому случится! #mtvstars One Direction",0,0,1,0,0,0
rus_train_track_a_00962,все равно иди в жопу,1,0,0,0,0,0
rus_train_track_a_00963,Есть дополнительные возможности генерирования паролей непосредственно в буфер обмена и в файл.,0,0,0,0,0,0
rus_train_track_a_00964,Возможно поеду с друзьями на евро2016  с:,0,0,0,1,0,0
rus_train_track_a_00965,"Арргх!1 Мерзкие, мерзкие тёмные круги вокруг глаз! Насколько ЕЩЁ раньше нужно ложиться, чтобы вас не было?!1 >_<",1,1,0,0,0,0
rus_train_track_a_00966,"У Азарова придумали расплачиваться в трамвае карточкой. БЛЯТЬ,ЧТО? МОЖЕТ БАБУЛЕК С СЕМКАМИ ОБРУДУЕМ ТЕРМИНАЛАМИ? #Азіров #Украина #пиздец",1,0,0,0,0,1
rus_train_track_a_00967,так страшно прожить один вечер без звонка на до боли знакомый и выученный наизусть его номер (с) #FOLLOW,0,0,1,0,0,0
rus_train_track_a_00968,я до сих пор поражаюсь красоте Дэниэла.,0,0,0,0,0,1
rus_train_track_a_00969,"на бабло, которое я в детстве потратила на всякие журнальчики про принцессок, сейчас можно было бы купить остров блять.",1,0,0,0,0,0
rus_train_track_a_00970,"Фактически эти проверки сообщают, будет ли система хотя бы пытаться выполнить некоторое действие; если да, то это еще не означает, что оно б",0,0,0,0,0,0
rus_train_track_a_00971,отъебитесь все,1,0,0,0,0,0
rus_train_track_a_00972,Юююхуууу за Наргиз !!!!!!  #голос,0,0,0,1,0,0
rus_train_track_a_00973,Пиздец в хорошем смысле!! #Голос,0,0,0,1,0,0
rus_train_track_a_00974,Назначают внутрь 1 раз в сутки.,0,0,0,0,0,0
rus_train_track_a_00975,"У меня такое чувство, что новые одноклассники встретят меня как-то гадко и мерзко....Ну ничего хорошего я и не жду, в общем.",0,1,0,0,0,0
rus_train_track_a_00976,"Отвратительная погода. Тепло, но второй день постоянно льет дождь.",0,1,0,0,0,0
rus_train_track_a_00977,Иногда мне страшно смотреть на свою обувь после прогулки. #likeapig,0,0,1,0,0,0
rus_train_track_a_00978,как приятно,0,0,0,1,0,0
rus_train_track_a_00979,"меня называют то Кариной, то Лилей, то Дашей,  но не Кристиной. #бесит",1,0,0,0,0,0
rus_train_track_a_00980,Эта строчка состоит из сорока символов.,0,0,0,0,0,0
rus_train_track_a_00981,Найти вы его можете в папке игры.,0,0,0,0,0,0
rus_train_track_a_00982,"Кто ищет, тот всегда найдёт. И выпьет...",0,0,0,0,0,0
rus_train_track_a_00983,"А также, вы можете посмотреть текстовую трансляцию на нашем сайте.",0,0,0,0,0,0
rus_train_track_a_00984,"С Днём Рождения, Дорогая Диана!) Люблююю❤️ Апашка, ты лучшая!!!",0,0,0,1,0,0
rus_train_track_a_00985,"Еду на автобусе..светофор..бежит мальчик,тут БАЦ!Врезается в столб!!И идёт дальше...;DЯ просто взорвалась от смеха!Хохотала на весь автобус!",0,0,0,1,0,0
rus_train_track_a_00986,"Ну что не видать нам ЛЧ?((( Зенит проиграл, а ждать чуда от ЦСКА это думаю не реально(( Но болеть конечно буду...",0,0,0,0,1,0
rus_train_track_a_00987,"ого.я щас неожиданно подумала а сколько у нас лет с выпуска, если у тебя уже пятерка. Оо",0,0,0,0,0,1
rus_train_track_a_00988,В шоке от погоды!!,1,0,0,0,0,1
rus_train_track_a_00989,"том направлении, чтобы она стала более точной наукой, как математика.",0,0,0,0,0,0
rus_train_track_a_00990,Менин Алтыным пойдет на выпускной!!!! :):):):):):):),0,0,0,1,0,0
rus_train_track_a_00991,пооч я не программист????пж сделайте кто нибудь мне ноут(((((((((,0,0,0,0,1,0
rus_train_track_a_00992,Отвратительно спала :(,0,1,0,0,1,0
rus_train_track_a_00993,"И так страшно было, еще и настроение упало",0,0,1,0,1,0
rus_train_track_a_00994,"Люди, которые бьют бездомных животных - мрази. Сгорите в аду",1,0,0,0,0,0
rus_train_track_a_00995,Как меня все за*бало!!,1,0,0,0,0,0
rus_train_track_a_00996,"И нам всем нужен кто-то, кому можно доверять больше чем самому себе.",0,0,0,0,0,0
rus_train_track_a_00997,совершенно мерзкое настроение..,0,1,0,0,1,0
rus_train_track_a_00998,НЕ-НА-ВИ-ЖУ!!!,1,0,0,0,0,0
rus_train_track_a_00999,"#HappyBirthdayJaredLeto ты мой самый любимый исполнитель, ты научил меня верить в себя. Ты прекрасен!!!!! …",0,0,0,1,0,0
rus_train_track_a_01000,У меня выносит мозг Взрывается голова  Не влюбляйтесь никогда:((((,0,0,0,0,1,0
rus_train_track_a_01001,мразии конченный.... просто терпеть не могу таких людей.,1,1,0,0,0,0
rus_train_track_a_01002,"16ого очень стремный экзамен, мне страшно, поэтому я смотрю друзей и хочу на ручки",0,0,1,0,0,0
rus_train_track_a_01003,Я НЕНАВИЖУ ОБНОВЛЕНИЯ В ТВИИИ!!!!!!!!!!!!!!!!!!!!!!!!!!!!!!!!!!!!!!!!1111!!!!!!!!!!!!!!!1!!!!!!!!!!!!!!!!!!!!!!!!!!!!!…,1,0,0,0,0,0
rus_train_track_a_01004,"И я поражаюсь, что многие не замечают этого.",0,0,0,0,0,1
rus_train_track_a_01005,Илюша меня напугал :с,0,0,1,0,0,0
rus_train_track_a_01006,Во вторник устный зачет по организации #пиздец,0,0,1,0,1,0
rus_train_track_a_01007,"До меня дошли слухи что у меня геометрии/алгебры месяц не будет с: визжу, как сучка",0,0,0,1,0,0
rus_train_track_a_01008,Какие же существуют ебанутые люди которые пьяные творят такую хуетень.,1,1,0,0,0,0
rus_train_track_a_01009,Мне страшно(,0,0,1,0,0,0
rus_train_track_a_01010,Как я пишу: - Никчемные твитты - Отвратительные фанфики.  Как я живу: - Отвратительно отношусь к людям (они заслуживают). - Плохо веду себя.,1,1,0,0,0,0
rus_train_track_a_01011,"о боже,как же вы достали со своим нильсом",1,0,0,0,0,0
rus_train_track_a_01012,"ура! Оленка выиграла!!! уже третий год подряд наш класс побеждает на ""Мисс гимназии"") йоу)",0,0,0,1,0,0
rus_train_track_a_01013,"Перечитываю оригинального #ШХ. Как же канонно Моффат и Гэтисс выполнили свою работу, я в шоке.",0,0,0,0,0,1
rus_train_track_a_01014,Я почему-то очень боюсь,0,0,1,0,0,0
rus_train_track_a_01015,Мечты сбываются! ) #рождество #новый #год,0,0,0,1,0,0
rus_train_track_a_01016,внезапно Оо,0,0,0,0,0,1
rus_train_track_a_01017,"мне страшно, действительно я боюсь того, что может быть со мной дальше. почему это тяжело, просто взять и забыть, как это сделали со мной",0,0,1,0,0,0
rus_train_track_a_01018,"Какого хрена Я не могу заснуть, завтра же на работу;((((",0,0,0,0,1,0
rus_train_track_a_01019,Но как долго будет длится эта дружба - неизвестно. Одно я знаю точно - рано или поздно она закончится и переидет во что-то большее.,0,0,0,0,0,0
rus_train_track_a_01020,"Мама сказала, чтобы пойти на ритм-гитару, нужно сначала на обычную идти",0,0,0,0,0,0
rus_train_track_a_01021,"Какого нахуй? у меня по истории шли одни пятерки и четверки, а она мне тройку поставила, злости не хватает.",1,0,0,0,0,0
rus_train_track_a_01022,как так? приезжала и не увиделись(((( я скучаю по тебе малышка!,0,0,0,0,1,1
rus_train_track_a_01023,Как вы со мной общаетесь?? На меня же смотреть противно...,0,1,0,0,0,1
rus_train_track_a_01024,"пьяная, счастливая мразь. :(",0,1,0,0,0,0
rus_train_track_a_01025,что?! о_О,0,0,0,0,0,1
rus_train_track_a_01026,"Завтра иду в школу, и не дай бог кто-то мне испортит настроение, переебу всех, отвечаю",1,0,0,0,0,0
rus_train_track_a_01027,"Если уж и брать кредит, то лучше в банке на потребительские нужды",0,0,0,0,0,0
rus_train_track_a_01028,"Ого, оказывается в УрФУ тоже есть филологический факультет!",0,0,0,0,0,1
rus_train_track_a_01029,Па выделил нам 2 бутылки шампанского :)  хахахахаахха,0,0,0,1,0,0
rus_train_track_a_01030,"Вчера такой ужастик страшный смотрели, до сих пор от воспоминаний о нем мурашки по коже,и страшно",0,0,1,0,0,0
rus_train_track_a_01031,а я боюсь стоматологов=((((((((((((((((((,0,0,1,0,0,0
rus_train_track_a_01032,счастлив!!!А я не знаю куда себя деть(((откуда столько слёз?Помогите кто нибудь х,0,0,0,0,1,0
rus_train_track_a_01033,"Простуда, иди к черту",1,0,0,0,0,0
rus_train_track_a_01034,сегодня поняла что совсем одинока в этой жизни (((,0,0,0,0,1,0
rus_train_track_a_01035,дерьмово. во всех смыслах.,0,0,0,0,1,0
rus_train_track_a_01036,На работе дурдом.Спасите меня от этого маразма!!!,1,0,0,0,0,0
rus_train_track_a_01037,"Читать книги в оригинале нужно тогда, когда ты владеешь языком в совершенстве. Иначе невозможно оценить его красоты. Бьешься над переводом.",0,0,0,0,0,0
rus_train_track_a_01038,Муж вызвал самого лучшего врача Франции. Тот прописал вонючие травы( что ж будем пить,0,1,0,0,1,0
rus_train_track_a_01039,"Бесят люди, которые едят в общественном транспорте: шаурму, беляши и все что так ""ароматно"" пахнет.  #москва #наболело #транспорт",1,1,0,0,0,0
rus_train_track_a_01040,Хули мне пишут твои друзья!?,1,0,0,0,0,0
rus_train_track_a_01041,Домой. Приводить себя в порядок и продолжение следует,0,0,0,0,0,0
rus_train_track_a_01042,Потому что тогда человек не может тебе написать ни каким образом.,0,0,0,0,0,0
rus_train_track_a_01043,Билеты на руках. Завтра поезд. #Киев #Рената #друзья #Москва #концерт,0,0,0,1,0,0
rus_train_track_a_01044,"Первое впечатление о ""Лолите"" -  педофильская книга. Мерзкая",0,1,0,0,0,0
rus_train_track_a_01045,Я боюсь в шк ходить,0,0,1,0,0,0
rus_train_track_a_01046,"Особенно кстати правильно то, что ничто и никогда не может быть лучше и эффективнее поискового трафикаНикакие маркетинговые ходы.",0,0,0,0,0,0
rus_train_track_a_01047,боююся((,0,0,1,0,0,0
rus_train_track_a_01048,Офигенный день!!☺️ год и 7 с самым любимым,0,0,0,1,0,0
rus_train_track_a_01049,"Боюсь, что этот Новый год пройдет как самый обычный день. И не будет того волшебства, которое было в детстве.",0,0,1,0,1,0
rus_train_track_a_01050,"Да, знаю не твой формат и это то понятно",0,0,0,0,0,0
rus_train_track_a_01051,Рядом с каждым объектом поме щают бирку с номером.,0,0,0,0,0,0
rus_train_track_a_01052,"Потом в метро мерзкий мужик начал надо мной причмокивать, подмигивать и призывно облизываться. Меня чуть не вырвало, выбежала на Аэропорту.",0,1,0,0,0,0
rus_train_track_a_01053,"вау, вот это опыт, такого я еще никогда не делала!!:)",0,0,0,1,0,1
rus_train_track_a_01054,Авто сервис КИА в Туле поменял по гарантии фары на авто!!!! #киарулит #KIA #Туларулит,0,0,0,1,0,0
rus_train_track_a_01055,Поздравляю болельщиков Зенита с победой!!!,0,0,0,1,0,0
rus_train_track_a_01056,Сдала химию на 4) не зря учила вчера),0,0,0,1,0,0
rus_train_track_a_01057,"Ура, по физике нет дз :33",0,0,0,1,0,0
rus_train_track_a_01058,Нужная.,0,0,0,0,0,0
rus_train_track_a_01059,Хорошо бегать по магазинам в осенней куртке - прям европейская зима в Сибири,0,0,0,1,0,0
rus_train_track_a_01060,"Так мерзко от самой себя, что не хочется наливать себе чай. Умри без чая, тряпка.",0,1,0,0,0,0
rus_train_track_a_01061,"792272 я хотел сдавать литературу, но очень сильно боялся, что провалюсь, это очень тяжелый предмет.",0,0,1,0,0,0
rus_train_track_a_01062,Аааа Наргиз Закирова обалденна!!!! Как она мне нравится! Великолепный голос!!!,0,0,0,1,0,0
rus_train_track_a_01063,я не верю чтобы у меня было 43 подписчика?,0,0,0,0,0,1
rus_train_track_a_01064,"Хочу вчерашний день, вернуть того человека который был рядом (((",0,0,0,0,1,0
rus_train_track_a_01065,я боюсь ее,0,0,1,0,0,0
rus_train_track_a_01066,#ужасно  #ненавижу,1,0,0,0,0,0
rus_train_track_a_01067,Все равно вы для меня и для @<username> самые лучшие!! #парапапарам Ван лав,0,0,0,1,0,0
rus_train_track_a_01068,"вау, вот это волосы",0,0,0,0,0,1
rus_train_track_a_01069,"вот он не понимает как я его люблю, и как он мне дорог:(((((",0,0,0,0,1,0
rus_train_track_a_01070,"Это просто пиздец, товарищи. С роду не видала такого стыда и срама. Фу меня тошнит и тянет блевать от этой суеты. Пиздаболы и лицимеры!",1,1,0,0,0,0
rus_train_track_a_01071,"Иногда мне кажется, что я совсем ничего не достиг. Что упущений было больше, чем достижений. Это чувство на столько отвратительно",0,1,0,0,1,0
rus_train_track_a_01072,бесят необязательные люди,1,0,0,0,0,0
rus_train_track_a_01073,"подожди. у меня на рабочем столе осталось одно место. я скажу, когда скачаю",0,0,0,0,0,0
rus_train_track_a_01074,Какой же ебанутый день. Ну пиздец просто!!!!!,1,0,0,0,0,0
rus_train_track_a_01075,"в какой то момент я поняла, что вижу и ""не вижу"" людей, сидящих рядом) и мне стало не по себе",0,0,1,0,0,0
rus_train_track_a_01076,"He бывaeт пoзднo, бывaeт yжe нe нaдo.",0,0,0,0,0,0
rus_train_track_a_01077,Первая медаль Ирины Старых на этапах Кубка мира! :) Ура!!! #biathlon #биатлон,0,0,0,1,0,0
rus_train_track_a_01078,"Ребят, не каждому достается такая возможность, посмотреть, как проносят Олимпийский огонь!! Было незабываемо^^",0,0,0,1,0,0
rus_train_track_a_01079,"ААААА БЛЯТЬ!!!! NIRVANA В ПРОЕКТЕ #Голос !!!!!!! я чуть не ахуел!! спасибо, Агутин!!!",0,0,0,1,0,1
rus_train_track_a_01080,"Смотрю повтор речи Чернышенко... это конечно ужас, тербл, я так говорил на инглише когда мне было 10 !!!  #Олимпиада #Мутко #английский",0,1,0,0,0,0
rus_train_track_a_01081,"Ну вот и пятница 13е: сначала об печь обожглась, а потом ещё руку кипятком ошпарила(((",0,0,0,0,1,0
rus_train_track_a_01082,"долго объяснять:((( все плохо,вот",0,0,0,0,1,0
rus_train_track_a_01083,эти конспекты с химии так не хотят переписываться...(((бее,0,1,0,0,1,0
rus_train_track_a_01084,СЕГОДНЯ ЖЕ @<username> ПРИЕХАЛА!,0,0,0,1,0,0
rus_train_track_a_01085,"Каким бы не было твоё настроение,день остается прежним.",0,0,0,0,0,0
rus_train_track_a_01086,Я очень сильно боюсь,0,0,1,0,0,0
rus_train_track_a_01087,Плохо...очень плохо(((,0,0,0,0,1,0
rus_train_track_a_01088,"ну ничего себе, ты все таки сделала это)",0,0,0,0,0,1
rus_train_track_a_01089,маленькая гнилая пышка #человек_урод #зачем_так_жить #соболезную,0,1,0,0,0,0
rus_train_track_a_01090,"Резин был в Ярославле , а я и не знаю и не сходила на него, вот это вообще печально вышло(((",0,0,0,0,1,0
rus_train_track_a_01091,ну да ладно тепрь надо тысячный не забыть,0,0,0,0,0,0
rus_train_track_a_01092,"видел красную телефонную будку в Костроме,будто побывал в Лондоне..#щастье",0,0,0,1,0,0
rus_train_track_a_01093,Для получения полных текстов газетных публикаций воспользуйтесь платной подпиской,0,0,0,0,0,0
rus_train_track_a_01094,"ЗВОНИТЕ, МЫ ПОМОГАЕМ ОСУЩЕСТВЛЯТЬ МЕЧТЫ!!!! / ТА ""ЖЕЛТЫЙ ЧЕМОДАН"",тел.: (347) 251 20 00,..",0,0,0,1,0,0
rus_train_track_a_01095,"Тошнит, голова болит,  состояние дрянь,  работы дофига......зашибись пятница!!!! (((",0,0,0,0,1,0
rus_train_track_a_01096,Тебе уже даже не надо писать первым. Просто ответь,0,0,0,0,0,0
rus_train_track_a_01097,"Когда читаю ""подслушано"" своей школы всё больше убеждаюсь,что наш класс самый худший.Мы выделяемся своими поступками.",0,0,0,0,1,0
rus_train_track_a_01098,"ТАКОЕ СОСТОЯНИЕ ПОГАНОЕ, ПИЗДЕЦ ПРЯМ",0,0,0,0,1,0
rus_train_track_a_01099,"Потеплело, блин :((((",0,0,0,0,1,0
rus_train_track_a_01100,Урааа!!!! Я записала дикторский!!!!,0,0,0,1,0,0
rus_train_track_a_01101,"Это карма, определенно. Отвратительный день.",0,1,0,0,0,0
rus_train_track_a_01102,"Я вообще в шоке!!!!Как можно выпрашивать ,чтобы за тобой ухаживали и делали романтики???)))",0,1,0,0,0,1
rus_train_track_a_01103,"Меня даже @<username> уже догнала,я обалдела , что мы теперь одного роста.",0,0,0,0,0,1
rus_train_track_a_01104,"Кажется, лицо сводит судорогой отвращения и презрения. А всего-то из дома вышла.",0,1,0,0,0,0
rus_train_track_a_01105,Счастье есть)),0,0,0,1,0,0
rus_train_track_a_01106,"Вообще, где все? В это время мы уж собираемся",0,0,0,0,0,1
rus_train_track_a_01107,Сейчас Любин проверим,0,0,0,0,0,0
rus_train_track_a_01108,Очень жаль=(((И На`Ви задержали..,0,0,0,0,1,0
rus_train_track_a_01109,Грущу(((( муж уехал в командировку((((,0,0,0,0,1,0
rus_train_track_a_01110,"Сегодня я увижу своих дноклассников, надеюсь не блевану.",0,1,0,0,0,0
rus_train_track_a_01111,"когда вы такие свалите то из НАШЕЙ Страны?! Вы так сильно задолбали, что я готов на рукопашную, чтобы искоренить зло",1,0,0,0,0,0
rus_train_track_a_01112,Нахуя сука так делать блять!злости не хватает!,1,0,0,0,0,0
rus_train_track_a_01113,"Аня- сваха??? Не знала, не знала",0,0,0,0,0,1
rus_train_track_a_01114,как же сердце болит от того что ты уже не мой((((,0,0,0,0,1,0
rus_train_track_a_01115,ненавижу таких людей.даже общаться противно. фу,0,1,0,0,0,0
rus_train_track_a_01116,ШТО?,0,0,0,0,0,1
rus_train_track_a_01117,"но иногда ведь видишь человека и понимаешь, что прячется за его маской. И как-то не по себе становится.",0,0,1,0,1,0
rus_train_track_a_01118,"Как же уебанско смотрятся золотые часы вместе с золотым перстнем, просто пздц как дерьмово. Хотя, скорее всего это просто покрашенный металл",0,1,0,0,0,0
rus_train_track_a_01119,Требования: Знание ядра Linux в исходных кодах.,0,0,0,0,0,0
rus_train_track_a_01120,what? Who is it?кто эта какашка????!1!1!,0,1,0,0,0,1
rus_train_track_a_01121,боже мой,0,0,0,0,0,1
rus_train_track_a_01122,"FreeBSD на десктопе. Для полноценной подержки мультимедиа что ставить: i386 или amd64. Интересует звук, драйвера на виден",0,0,0,0,0,0
rus_train_track_a_01123,че? Че?!,0,0,0,0,0,1
rus_train_track_a_01124,"Не пойму, люди которые сравнивают его с Солженицыным - идиоты? Противно читать эту чушь...",0,1,0,0,0,0
rus_train_track_a_01125,Я дома о/ Я устал о/ Я хочу жрать о/ И как обычно... Я ХОЧУ УБИВАТЬ,1,0,0,0,0,0
rus_train_track_a_01126,"я уже 3 год учу музыкальную литературу, а, оказывается, нам такое недоговаривали. Ну это неждан конечно х)",0,0,0,0,0,1
rus_train_track_a_01127,Везет! Его везут!;) #хочувдетство #сын #зима,0,0,0,1,0,0
rus_train_track_a_01128,"НАДОЕЛА!!! Задание выполнено одинакого, но мне пишет не верно, а ей верно. -_-",1,0,0,0,0,0
rus_train_track_a_01129,Я такая заебатая сестра. Самой нравится,0,0,0,1,0,0
rus_train_track_a_01130,"От души! Заебись логика. А брат мой пиздат и охуенен, потому что женится.  Да идите нахуй!",1,0,0,0,0,0
rus_train_track_a_01131,"МАЛФОЙ, У ТЯ ПРЕКРАСНЫЙ ГОЛОС!!!!!!!!!!!!!!!!!!!!!!",0,0,0,1,0,0
rus_train_track_a_01132,Воу) ну ничего себе С:,0,0,0,0,0,1
rus_train_track_a_01133,красотаааа) красотаааа),0,0,0,1,0,0
rus_train_track_a_01134,Обновление Твиттера фигня!!! вот так вот! Никогдааа не обновляейте!! #лохпожизни,1,0,0,0,1,0
rus_train_track_a_01135,Доброе утро! Я выспалась! Спала целую ночь не просыпаясь! #jubilation #happiness,0,0,0,1,0,0
rus_train_track_a_01136,"вообще надо успеть поставить машину на колеса, чтобы она сама передвигалась до следующего четверга",0,0,0,0,0,0
rus_train_track_a_01137,Вы узнаете все мои предпочтения,0,0,0,0,0,0
rus_train_track_a_01138,"Я в шоке  Не знаю даже,что ей сказать",0,0,0,0,0,1
rus_train_track_a_01139,"Боже у меня полный холодильник еды, вкусный ликёр, тёплая постель , есть интернет и я одна дома",0,0,0,1,0,0
rus_train_track_a_01140,А это молочный суп с семгой :)))) ну захотелось мне... #суп #рыба #молоко #вкусно #япсих…,0,0,0,1,0,0
rus_train_track_a_01141,Nissan показал будущее своих моделей на спортивном седане,0,0,0,0,0,0
rus_train_track_a_01142,#смех #выходные,0,0,0,1,0,0
rus_train_track_a_01143,произвели на меня эффект ледяного душа. В моей душе закипала злость. Да по,1,0,0,0,0,0
rus_train_track_a_01144,Геля пришла больная на работу и отказывается идти лечиться. А у многих в кабинете включая меня есть маленькие дети дома. #пиздец,1,0,0,0,0,1
rus_train_track_a_01145,"Никогда не думал, что Слава станет таким уродом. Даже общаться противно.",1,1,0,0,0,0
rus_train_track_a_01146,без тебя моё сердце грустит....(((,0,0,0,0,1,0
rus_train_track_a_01147,Видели какой гол забил суарез?? Я ПОРАЖЕН,0,0,0,0,0,1
rus_train_track_a_01148,"Почему мое жирное мерзкое тело просто не может свалить, оставив мозг.",0,1,0,0,1,0
rus_train_track_a_01149,ебнутые ибо. они там и на своих территориях устраивают зачистки. им много поводов не надо,1,1,0,0,0,0
rus_train_track_a_01150,"Как известно, в русском языке шесть падежей. По одной из версий, именно это количество послужило основанием для введения",0,0,0,0,0,0
rus_train_track_a_01151,@<username> Черепаха-клаустрофоб живёт в ужасе.,0,0,0,0,0,0
rus_train_track_a_01152,НАХУЙ НАХУЙ НАХУЙ,1,0,0,0,0,0
rus_train_track_a_01153,аааааа.......не хочу делать уроки(((,0,0,0,0,1,0
rus_train_track_a_01154,очень нервничаю. спокойно. не сорви операцию:D,0,0,1,0,0,0
rus_train_track_a_01155,"Такими, какие мы есть на самом деле, мы нужны только самим себе.",0,0,0,0,0,0
rus_train_track_a_01156,Обязательно нужно обзвонить с утра полгорода и громко разговаривать у моей двери.,1,0,0,0,0,0
rus_train_track_a_01157,"Брэду Питу - 50 лет,ничего себе!",0,0,0,0,0,1
rus_train_track_a_01158,Злость через край,1,0,0,0,0,0
rus_train_track_a_01159,Оо мой #андроид перестал как черт молниеносно разряжаться. #полные #штаны,0,0,0,1,0,0
rus_train_track_a_01160,бесит все уже,1,0,0,0,0,0
rus_train_track_a_01161,"Великовозрастные, блядь, школьники.  Вот кого ненавижу - так вот их.",1,0,0,0,0,0
rus_train_track_a_01162,Я ТЕБЕ ГЛАЗА ВЫКОЛЮ  ХУЛИ ОНИ ТАКИЕ БЛЯ,1,0,0,0,0,0
rus_train_track_a_01163,"Я закрыла химию на 4,чтоо??я в шоке,это равняется тому,что я сдала физику на 100)",0,0,0,0,0,1
rus_train_track_a_01164,Ну почему тот кто нравится никогда не может быть рядом???? беситбсиит,1,0,0,0,0,0
rus_train_track_a_01165,одно из самых худших зол это чай с сахаром,0,1,0,0,0,0
rus_train_track_a_01166,"Студентов надо пинать ногами, а то от рук отбились!",1,0,0,0,0,0
rus_train_track_a_01167,Вот это поворот. Не ожидала.,0,0,0,0,0,1
rus_train_track_a_01168,"Ухо, блять, горит!",1,0,0,0,0,0
rus_train_track_a_01169,"Меня так бесят,когда ставят Каке-то превосходство над ОЛЛГ,они все такие Белиберы,просто кому-то повезло больше,вот и все.  #followme",1,0,0,0,0,0
rus_train_track_a_01170,#крики #вопли #танцы  У наших мальчиков новый трэк)),0,0,0,1,0,0
rus_train_track_a_01171,"Шикарный вечер, спасибо @<username> за это.",0,0,0,1,0,0
rus_train_track_a_01172,"Для того, чтобы пользоваться всеми функциями сайта, рекомендуем вам войти на сервис.",0,0,0,0,0,0
rus_train_track_a_01173,К Нахову теперь и подходить страшно,0,0,1,0,0,0
rus_train_track_a_01174,"Девушки,как можно требовать что-то от парня? Если он захочет сделать вам подарок,то он сделает! Че выпрашивать-то? Фу,отвратительно.",0,1,0,0,0,0
rus_train_track_a_01175,Мдааа большинство просто забыли или не знали :(((,0,0,0,0,1,0
rus_train_track_a_01176,"Делай больше, чем можешь",0,0,0,0,0,0
rus_train_track_a_01177,"в маршрутке хотел уебать водилу ,за то что он водила....",1,0,0,0,0,0
rus_train_track_a_01178,Господи! И ты не собираешься взять свои слова назад?,0,0,0,0,0,1
rus_train_track_a_01179,При необходимости цифровые изображения могут быть отредактированы в соответствующих программах.,0,0,0,0,0,0
rus_train_track_a_01180,"Доброе утро - это когда по СТС идет ""Вуди и его друзья"" ☀️❄️",0,0,0,1,0,0
rus_train_track_a_01181,"бесит, когда люди начинают говорить, какое ты говно и тд, вы-то, сука, идеальные, я посмотрю, гнилые крысы",1,1,0,0,0,0
rus_train_track_a_01182,"Вы можете менять работу, супругов, или религии, но пока вы не изменитесь внутри, вы будите привлекать тех же людей, и те же обстоятельства.",0,0,0,0,0,0
rus_train_track_a_01183,"Ееееее, я таки нарисовала этого  долбанного микки мауса, я таки молодец!!!",0,0,0,1,0,0
rus_train_track_a_01184,"Конечно как каникулы так сразу -45, а как учимся так -30 учитесь дети, учитесь",1,0,0,0,0,0
rus_train_track_a_01185,"Аааа, как же меня бесят квадратные аватарки во вкладке сообщений в новом vkapp под iOS 7",1,0,0,0,0,0
rus_train_track_a_01186,"Истерика - это когда настолько плохо, что даже самой смешно.....ппц...........(((((((((((((((((((((((((((((((((((((((((",0,0,0,0,1,0
rus_train_track_a_01187,у вооот опяяять. Меня все бесит(((((!!!,1,0,0,0,1,0
rus_train_track_a_01188,Внезапно! В книге по Java мистера Корнелла такое:,0,0,0,0,0,1
rus_train_track_a_01189,"Голосуем за Наргиз!! О боооже, она великолепна. Невероятная песня. #Голос",0,0,0,1,0,0
rus_train_track_a_01190,зашла в тви с компа и офигела ибо новое оформление о.О,0,0,0,0,0,1
rus_train_track_a_01191,"и я больше всего на свете боюсь, что мое желание не исполнится",0,0,1,0,0,0
rus_train_track_a_01192,Подписная кампания продолжается.,0,0,0,0,0,0
rus_train_track_a_01193,То есть тоже был.,0,0,0,0,0,0
rus_train_track_a_01194,Он пришел навестить меня :З,0,0,0,1,0,0
rus_train_track_a_01195,"Наблюдала как мальчик в блокноте рисует, потом его закрыла какая то женщина! #злость",1,0,0,0,0,0
rus_train_track_a_01196,чего?!? Чего она!!?,0,0,0,0,0,1
rus_train_track_a_01197,"Сдала геометрию на 5 :)Я просто в шоке , мозги то есть :))))",0,0,0,1,0,1
rus_train_track_a_01198,Грамотно расставь приоритеты.,0,0,0,0,0,0
rus_train_track_a_01199,"Иными словами, пользователи могут применять программу на планшетах, смартфонах, персональных компьютерах.",0,0,0,0,0,0
rus_train_track_a_01200,"Офигеть, на улице как будто весна",0,0,0,1,0,1
rus_train_track_a_01201,бля... у меня завтра два зачёта а я какого то хера сижу и не готовлюсь..... #пиздецмне,0,0,1,0,1,0
rus_train_track_a_01202,Я перестану трястись хоть когда-нибудь?,0,0,1,0,0,0
rus_train_track_a_01203,так быстро?,0,0,0,0,0,1
rus_train_track_a_01204,"Настолько плохо мне еще не было! Уже час стою у туалета,  все болит,  горло ужасно раздраженно! Ааа сдохнуть лучше",0,0,0,0,1,0
rus_train_track_a_01205,"Музыка - это следы, по которым можно вернутся в разное время жизни..",0,0,0,0,0,0
rus_train_track_a_01206,"-Ты целый день мне помогаешь, почему?  -Просто ты самая лучшая",0,0,0,1,0,0
rus_train_track_a_01207,Побил свой же рекорд!!! Ахуеть!!! 214 980 !!!! #ебатьколотить,0,0,0,1,0,0
rus_train_track_a_01208,"я боюсь стать таким, как взрослые, которым ничто не интересно, кроме цифр.",0,0,1,0,0,0
rus_train_track_a_01209,"мать заебла на счет хаера. ее, видите ли, не устраивает моя челка. либо отпускать, либо срезать по брови, мол, зрение. А ИДИ-КА НАХУЙ, АГА.",1,0,0,0,0,0
rus_train_track_a_01210,Неподдельный страх,0,0,1,0,0,0
rus_train_track_a_01211,"Конечно, давай, выбеси меня!!! Я так это ждала",1,0,0,0,0,0
rus_train_track_a_01212,"Научи меня просто снова чего-то ждать, чем-нибудь согреваться впредь",0,0,0,0,0,0
rus_train_track_a_01213,"чот у меня нос чешется. хочется чихнуть, но не чихается((  #злость",1,0,0,0,0,0
rus_train_track_a_01214,"обожгла язык, дуратская картошка",1,0,0,0,0,0
rus_train_track_a_01215,Девушка с вытравленно-белыми волосами и огромными нарисованными черными бровями.Я ЕЩЕ ЖИТЬ ХОТЕЛА ПОЧЕМУ ТЫ ТАК ЖЕСТОКА И СТРАШНА,0,1,0,0,0,0
rus_train_track_a_01216,Играю с мелким #радость,0,0,0,1,0,0
rus_train_track_a_01217,Бооооже! Мои уши!!! Эта рыжая меня без ножа режет,1,1,0,0,0,0
rus_train_track_a_01218,блин у меня на носу прыщик((((((((((((,0,1,0,0,1,0
rus_train_track_a_01219,"больше не буду дымить, фу эту дрянь, этот запах",0,1,0,0,0,0
rus_train_track_a_01220,Вот это точно правда!!! И очень обидно (((,0,0,0,0,1,0
rus_train_track_a_01221,Я в душ боюсь идти из-за носа :с,0,0,1,0,0,0
rus_train_track_a_01222,"когда я стоял в очереди, одна бабушка убежала с товаром. не заплатив. вот люди пошли.",0,1,0,0,0,0
rus_train_track_a_01223,"Жить нужно легче, жить нужно проще, Все принимая, что есть на свете.",0,0,0,0,0,0
rus_train_track_a_01224,"Неважно знаешь ли ты район, важно знают ли тебя на районе",0,0,0,0,0,0
rus_train_track_a_01225,всё беситбеситбеситбесит!!!,1,0,0,0,0,0
rus_train_track_a_01226,зубная боль не даёт спать((((,0,0,0,0,1,0
rus_train_track_a_01227,"По дневному свету не скажешь, что на его источнике есть пятна.",0,0,0,0,0,0
rus_train_track_a_01228,всё больше удивляюсь новым бредовым рекламам,0,0,0,0,0,1
rus_train_track_a_01229,"Мое высшее счастье, мое полное удовлетворение состоит в том, чтобы читать, гулять, мечтать, думать.",0,0,0,1,0,0
rus_train_track_a_01230,Фууу такая штука противная...беее,0,1,0,0,0,0
rus_train_track_a_01231,@<username> #followback я очень боюсь,0,0,1,0,0,0
rus_train_track_a_01232,"Современный город уродлив не потому, что это город, а потому, что это джунгли…",0,1,0,0,0,0
rus_train_track_a_01233,"Иду в Дом Книги за английскими книженциями, у меня радость",0,0,0,1,0,0
rus_train_track_a_01234,"Утро фи: лампочка перегорела(собираюсь в темноте), живот дико болит и издает звук ""хэлп ми"", только крепко заснула и зазвонил будильник:(((",0,0,0,0,1,0
rus_train_track_a_01235,KYevgeni в следующий раз подумают что им тоже могут ответить достойно,0,0,0,0,0,0
rus_train_track_a_01236,"Не верю своим глазам. 9 утра, а я уже проснулась",0,0,0,1,0,1
rus_train_track_a_01237,"Гражданская война? Надеемся, что нет. С ужасом ждём субботы. #Арзамас",0,0,1,0,0,0
rus_train_track_a_01238,"если бы мне пришлось всю жизнь есть только одно блюдо- это, определенно, были бы макароны с сыром.",0,0,0,0,0,0
rus_train_track_a_01239,Как же хочется его забыть...ааа...не могу так больше(((,0,0,0,0,1,0
rus_train_track_a_01240,как хорошо не ходить в школу.  а болеть - #пиздецкакплохо  :с,0,0,0,0,1,0
rus_train_track_a_01241,"страсти какие, ужас(",0,0,1,0,0,0
rus_train_track_a_01242,"Говорят понедельник день тяжелый , но БЛЯТЬ  не до такой де степени !",1,0,0,0,0,0
rus_train_track_a_01243,Знаете что я больше всего ненавижу в сериалах? 1. Когда меняют главного героя. 2. Когда голоса озвучки меняют,1,0,0,0,0,0
rus_train_track_a_01244,"Когда наступает ночь, всегда есть о чем подумать.",0,0,0,0,0,0
rus_train_track_a_01245,"День окончен, всем сладеньких)",0,0,0,1,0,0
rus_train_track_a_01246,страшноприятно :),0,0,0,1,0,0
rus_train_track_a_01247,"Не ожидала,  конечно :)))))",0,0,0,0,0,1
rus_train_track_a_01248,начать производную версию вы можете с одного контроллера.,0,0,0,0,0,0
rus_train_track_a_01249,"снег пошел... вечером уборкой заниматься в нашем новом жилье... а завтра на работу... ээээх((((( отдыха бы, лежать и ничего не делать...",0,0,0,0,1,0
rus_train_track_a_01250,#голос #волнение #интрига  Наконец-то посмотрела финал! :),0,0,0,1,0,0
rus_train_track_a_01251,Купила идеальные джинсы счастьеохуенноенастроение,0,0,0,1,0,0
rus_train_track_a_01252,"Написал смски,наверное, 20-25 твиттерским",0,0,0,0,0,0
rus_train_track_a_01253,Еще один кулек от Марины и Андрея :3 спасибо вам :3,0,0,0,1,0,0
rus_train_track_a_01254,воу,0,0,0,0,0,1
rus_train_track_a_01255,"Ух ты, обновление 0_0",0,0,0,0,0,1
rus_train_track_a_01256,"Так приятно , когда тебе сушат волосы",0,0,0,1,0,0
rus_train_track_a_01257,Кто в валютах разбирается? К новому году упадет хоть немного или расти будет? А то мне че то совсем печально (((,0,0,0,0,1,0
rus_train_track_a_01258,"хнык, а у меня нет пышных бедер((( меня будут любить только латентные гомосексуалисты((беда-беда",0,0,0,0,1,0
rus_train_track_a_01259,Так страшно проснуться без телефона однажды.,0,0,1,0,0,0
rus_train_track_a_01260,"я в шоке он угадал, какой у меня шампунь)",0,0,0,0,0,1
rus_train_track_a_01261,навалило столько снега!!! Класс!! вот теперь есть чувство зимы))),0,0,0,1,0,0
rus_train_track_a_01262,"Борьбой заниматься не приходилось, но в мальчишеских схватках отработал три приема, которых и хватило на всю оставшуюся жизнь. Нашел",0,0,0,0,0,0
rus_train_track_a_01263,Решила вчера поменять пароль на телефоне. Поменяла. Сегодня весь день ввожу старый. Ну никак к новому не могу привыкнуть.,0,0,0,0,0,0
rus_train_track_a_01264,"Победа,победа и ещё раз победа!!!!))))) #mtvstars One Direction",0,0,0,1,0,0
rus_train_track_a_01265,"Вроде бы и любим друг друга,и быть вместе не можем..Не дай бог вам такое(((",0,0,0,0,1,0
rus_train_track_a_01266,Моя подвеска пришла...=) Спасибо тебе ...=*),0,0,0,1,0,0
rus_train_track_a_01267,"я боюсь рисковать, слишком сильная ангина была",0,0,1,0,0,0
rus_train_track_a_01268,"наступают моменты когда я себя ненавижу, просто напросто презираю в себе все! Хочется вернуться года на 3-4 назад и исправить многие вещи(((",1,0,0,0,0,0
rus_train_track_a_01269,Одела прокуренное платье. Так противно мне,0,1,0,0,0,0
rus_train_track_a_01270,В смысле?,0,0,0,0,0,1
rus_train_track_a_01271,"боюсь вечерами одна по улице ходить, в нашей стране отожмут телефон, изобьют, изнасилуют и убьют нахуй.",0,0,1,0,0,0
rus_train_track_a_01272,"Вот так и хочется выйти на улицу и очень громко крикнуть: ""идите все нахуй!""",1,0,0,0,0,0
rus_train_track_a_01273,"он полностью мне подходит... в нас сколько общего,что это пугает... но чувства...их нет...и это главная проблема(((",0,0,1,0,1,0
rus_train_track_a_01274,Съездила в больницу к офтальмологу проверить зрение. Расстроилась. Ещё ухудшилось(((,0,0,0,0,1,0
rus_train_track_a_01275,"11 ""А"", Я ВАС ОБОЖАЮ!!!  ❤❤❤",0,0,0,1,0,0
rus_train_track_a_01276,"У меня голова,сук,болиит",1,0,0,0,0,0
rus_train_track_a_01277,невозможно дома находится! бесят все! быстрее бы вторник,1,0,0,0,0,0
rus_train_track_a_01278,Любимая приехала #лова_лова,0,0,0,1,0,0
rus_train_track_a_01279,"а мне жить страшно ,люди кругом лживые и бездушные",0,0,1,0,0,0
rus_train_track_a_01280,"Вы не поверите,я сама в шоке,но мама дала мне деньги для сессии",0,0,0,0,0,1
rus_train_track_a_01281,"Люблю свою поликлинику за такое хорошее ко мне отношение,все меня любят",0,0,0,1,0,0
rus_train_track_a_01282,"Во всем доме тепло ,а у меня в спальне холод#бесит",1,0,0,0,1,0
rus_train_track_a_01283,Осталось в это поверить и это сделать.,0,0,0,0,0,0
rus_train_track_a_01284,"Он и без того был мне гадок. Будь он еще заразен, я бы с ним не возилась.",0,1,0,0,0,0
rus_train_track_a_01285,поем и буду одевать потихоньку,0,0,0,0,0,0
rus_train_track_a_01286,"Здоровый крепкий сон - это когда ставишь будильник на повтор через каждые 5 минут, и каждый раз успеваешь заснуть.",0,0,0,0,0,0
rus_train_track_a_01287,3что поместится в 3-х литровую банку на буквуу Д,0,0,0,0,0,0
rus_train_track_a_01288,А вообще мне сегодня на второй урок,0,0,0,0,0,0
rus_train_track_a_01289,"У Фрэнка речь какая-то более невнятная, чем у остальных.",0,0,0,0,0,0
rus_train_track_a_01290,"Палец в фарше, Ужас!!!",0,1,0,0,0,0
rus_train_track_a_01291,"Наверное,наступил уже период,когда хочется быть любимой.",0,0,0,0,0,0
rus_train_track_a_01292,"Да отстаньте вы от меня со своим "" давно повзрослеть нужно"" я сделаю это тогда- когда почувствую, что мне самой это нужно е",1,0,0,0,0,0
rus_train_track_a_01293,А дома то хорошо))#дом #ука #братишка #задор #веселье @ дом Алашпаевых,0,0,0,1,0,0
rus_train_track_a_01294,Песня крутая!!!!))) И Наргиз крутая!!!! Аааааааа  #Голос,0,0,0,1,0,0
rus_train_track_a_01295,"так, а хули мне не исправили двойки по физике?",1,0,0,0,0,0
rus_train_track_a_01296,"Только, нужно перевести на немецкий)",0,0,0,0,0,0
rus_train_track_a_01297,виксы выиграли на мьюзик бэнке?!!! чтооо?!*О* правда?! ААААААААААААААААААААААААААААААААААААААААААААААААА!!!!!!!!!!!!1,0,0,0,0,0,1
rus_train_track_a_01298,Надоело ходить в школу по субботам(((,0,0,0,0,1,0
rus_train_track_a_01299,"ОМГ, ТАМ ЕЩЕ ПРО ФАРМИГУ И ЭВАРДС ЧОТ",0,0,0,0,0,1
rus_train_track_a_01300,Шарыыы #новыйгод,0,0,0,1,0,0
rus_train_track_a_01301,#новыйгод #елка #merrychristmas #newyear мы нарядили елку!!)) сегодня самый…,0,0,0,1,0,0
rus_train_track_a_01302,Ура я сегодня снова увижу тебя!,0,0,0,1,0,0
rus_train_track_a_01303,КАТОК ОТКРЫЛИ!!!!!!!,0,0,0,1,0,0
rus_train_track_a_01304,"Не понимаю каким образом, но удалилась самая важная переписка в моей жизни. С роднулей. Там столько всего крутого было(((( Аж до слез обидно",0,0,0,0,1,1
rus_train_track_a_01305,Завтра здаю зачёт по истории...7 страниц исписала и это ещё не всё....  конецчетверти,0,0,0,0,1,0
rus_train_track_a_01306,Попили горячий чай после холодного подъема в гору,0,0,0,1,0,0
rus_train_track_a_01307,сама в шоке ахах,0,0,0,1,0,1
rus_train_track_a_01308,"Множество информации, отличные уроки, отличные посиделки на ступеньках, отлично проведенное время ^^",0,0,0,1,0,0
rus_train_track_a_01309,"ура!!! У Гарри появилось больше читателей, Ван дюшкиии* люблю вас :3",0,0,0,1,0,0
rus_train_track_a_01310,В РОТ Я ЕБАЛ ЭТО ВСЕ,1,0,0,0,0,0
rus_train_track_a_01311,"Apple опубликовали исходники MacPaint, с которого, считай, начались современные графические редакторы",0,0,0,0,0,0
rus_train_track_a_01312,пойду одна в зал ! меня все бросили !!!,0,0,0,0,1,0
rus_train_track_a_01313,"ненавижу ,когда меня называют курицей><",1,0,0,0,0,0
rus_train_track_a_01314,как? Быть этого не может,0,0,0,0,0,1
rus_train_track_a_01315,"Буду соблюдать пост, всё в жизни же надо попробовать",0,0,0,0,0,0
rus_train_track_a_01316,Стыд. Позор. Господиии....,0,1,0,0,0,0
rus_train_track_a_01317,нам #пиздец сессия на подходке бляяяя думать новое место),0,0,1,0,0,0
rus_train_track_a_01318,Что-то я натупила... Мэган классная!!!! Надо было отстоять очередь на фотку с ней... Эх(((,0,0,0,0,1,0
rus_train_track_a_01319,"Ещё успеем повзрослеть, какое наше время",0,0,0,0,0,0
rus_train_track_a_01320,Иметь хороших друзей - одна из лучших ценностей жизни.,0,0,0,1,0,0
rus_train_track_a_01321,А у нас новый гооод))),0,0,0,1,0,0
rus_train_track_a_01322,Глубокие соболезнования семьям погибших и пострадавших! #Волгоград #Теракт #Срочно,0,0,0,0,1,0
rus_train_track_a_01323,миу ❤️,0,0,0,1,0,0
rus_train_track_a_01324,"ого вроде только недавно в кино крутили, а тут хоп и по телеку сразу ну да, фильм афигительнокрутой",0,0,0,0,0,1
rus_train_track_a_01325,"я бы еще слил с других куплетов,но там все слишком персонализировано, поэтому не подойдет",0,0,0,0,0,0
rus_train_track_a_01326,застрелите меня!!!!,1,0,0,0,0,0
rus_train_track_a_01327,Вакуумный пакет для хранения вещей крутая штука!!!! Так много места в шкафу теперь)))),0,0,0,1,0,0
rus_train_track_a_01328,"бесит когда начинают отвечать моими словами или фразами / БЛЯТЬ, КТО ВАМ РАЗРЕШАЛ ВООБЩЕ",1,0,0,0,0,0
rus_train_track_a_01329,Саакооовиич съеби в сторону,1,0,0,0,0,0
rus_train_track_a_01330,ТЫ все-таки сделал это,0,0,0,0,0,1
rus_train_track_a_01331,Старые AVIшки с кино отлично проигрываются на моём HTC Sensation!!!,0,0,0,1,0,1
rus_train_track_a_01332,"Ну раз уже 6 утра,то посплю в другой раз.",0,0,0,0,0,0
rus_train_track_a_01333,Автобус как ты вовремя!  (@ Остановка «ул. Довженко»),0,0,0,1,0,0
rus_train_track_a_01334,моя способность просыпаться без будильника в задуманное вечером время пугает меня до чёртиков,0,0,1,0,0,0
rus_train_track_a_01335,"Кстати, у нас похолодало, но без снега. Боюсь за цветы на даче, могут погибнуть(((",0,0,1,0,0,0
rus_train_track_a_01336,Аллергия вылезла:((( аааа,0,0,0,0,1,0
rus_train_track_a_01337,"Кроме того, хотели наиграть сочетания, схемы, попробовать новую систему.",0,0,0,0,0,0
rus_train_track_a_01338,"Блин... Чувствую себя отвратно, нет парня никому не нужна... Жизнь говно",0,0,0,0,1,0
rus_train_track_a_01339,"Пришла домой! И оппачки!! мама с детьми дом украшают. Миша сказал что это дед мороз пришел и все украсил, потому что я себя хорошо вела",0,0,0,1,0,1
rus_train_track_a_01340,"Разумеется, вы можете изменить свой мир, если будете над этим работать.",0,0,0,0,0,0
rus_train_track_a_01341,"СУКАСУКАСУКА, ЕБАЛ Я ИХ, ОНИ ОБЯЗАНЫ ПРОВЕСТИ КОНЦЕРТ С РОНДИНЕЛЛИ, ПУСТЬ ТАМ НИКОГО КРОМЕ РОНДИНЕЛЛИ НЕ БУДЕТ.",1,0,0,0,0,0
rus_train_track_a_01342,"Thavorn Palm Beach (Таворн Палм Бич) 4* ОТЕЛЬ ШИКАРНЫЙ, лично там была!!! / О.ПХУКЕТ!!!<br..",0,0,0,1,0,0
rus_train_track_a_01343,"Завтра ко 2 уроку,ура!!!высплюсь",0,0,0,1,0,0
rus_train_track_a_01344,Я больше не могу смотреть еду в Instagrame!,1,0,0,0,0,0
rus_train_track_a_01345,"На сцене вообще страшно было, нога тряслась ((((",0,0,1,0,0,0
rus_train_track_a_01346,так невкусно пожрала,0,1,0,0,1,0
rus_train_track_a_01347,"Нет у нас снега.  Если уж пошло по капле уходить настроение, то  все!((((((((((((((((((((((((((((((((((((((((((",0,0,0,0,1,0
rus_train_track_a_01348,"после того, как сделали заказ- обязательно отпишитесь в теме",0,0,0,0,0,0
rus_train_track_a_01349,"Это история о маленьком, толстом, очкастом мальчике с грязными ногтями. Который оттолкнул меня в сторону, увидев свободное место в автобусе.",0,1,0,0,0,0
rus_train_track_a_01350,идет дифференцированная недвижимость по удалению и лету боевых картинок.,0,0,0,0,0,0
rus_train_track_a_01351,Просто гнилой человек.,0,1,0,0,0,0
rus_train_track_a_01352,"О боже, мне страшно...может быть, я стану судьей и буду лишать таких родительских прав",0,0,1,0,0,0
rus_train_track_a_01353,"Ночью, робко шагая в туалет, боюсь, открыв дверь, увидеть сидящее на толчке неведомое существо.",0,0,1,0,0,0
rus_train_track_a_01354,"Через 30 минут идти к репетитору, не сделал 4 задания, Пишу твиты, и общаюсь с лисицей. Мне #пиздец",0,0,1,0,0,0
rus_train_track_a_01355,"Я никогда не обладала хорошим вкусом в одежде, но как можно было надеть на себя настолько отвратительное платье?",0,1,0,0,0,0
rus_train_track_a_01356,"Папаня сказал,что у меня на ногах начали виднеться мышцы.",0,0,0,1,0,0
rus_train_track_a_01357,Опять забрал системник мать твою! Сразу не мог по человески сделать .,1,0,0,0,0,0
rus_train_track_a_01358,ничего себе) а Никита с Антоном типа?),0,0,0,0,0,1
rus_train_track_a_01359,Чудных сновидений!Спасибо за вечер!,0,0,0,1,0,0
rus_train_track_a_01360,просто умираю хочу в Европу!!!!!,0,0,0,0,1,0
rus_train_track_a_01361,Это просто пиздец!я приебал в эту школу к 8 а нам блять к 9)Класс,1,0,0,0,0,1
rus_train_track_a_01362,ВПХАХАХА!!! НАРГИЗ ТЫ СМОГЛА! РОК РУЛЗ ЗЕ ВОРЛЗ!!! о/ ДАДАДДАДА!!,0,0,0,1,0,0
rus_train_track_a_01363,что то меня опять #все и #вся  какой то #депресс,0,0,0,0,1,0
rus_train_track_a_01364,"Но это не кредит наличными, банк просто переводит денежные средства на счет турфирмы, тем самым обезопасив себя",0,0,0,0,0,0
rus_train_track_a_01365,Экономика душит меня! !!,1,0,0,0,1,0
rus_train_track_a_01366,❤️До Нового года осталось 6 дней!❤️,0,0,0,1,0,0
rus_train_track_a_01367,"Печаль, беда:(((",0,0,0,0,1,0
rus_train_track_a_01368,Microsoft разрешит Nokia создать смартфон на Android,0,0,0,0,0,0
rus_train_track_a_01369,"приперлись бабы из 9 класса, которые меня бесят",1,0,0,0,0,0
rus_train_track_a_01370,указывайте замены в скобках рядом со своим заказом,0,0,0,0,0,0
rus_train_track_a_01371,Пойду таблетку выпью,0,0,0,0,0,0
rus_train_track_a_01372,Вау!вау!вау!!! Ползаю в экстазе!!! Наргиз!!!! #Голос,0,0,0,1,0,0
rus_train_track_a_01373,"Напоминаю, что этот мультик настолько отвратительный и тупой, что даже Ева не смогла его смотреть и мы оба ушли из зала.",0,1,0,0,0,0
rus_train_track_a_01374,"Ахах помню когда первый раз увидел я сказал ему ""Ебать ты высокий"" :D  сказать честно тогда я был удивлен.",0,0,0,0,0,1
rus_train_track_a_01375,Жена-пенсионерка Шаляпина поразила меня фигурой в бикини),0,0,0,0,0,1
rus_train_track_a_01376,фу! блять!,0,1,0,0,0,0
rus_train_track_a_01377,На катке))ураа)),0,0,0,1,0,0
rus_train_track_a_01378,Я такая злая!!!!! Хочется кого нибудь убить,1,0,0,0,0,0
rus_train_track_a_01379,Надо будет скачать,0,0,0,0,0,0
rus_train_track_a_01380,Налаживаются дела.радует.,0,0,0,1,0,0
rus_train_track_a_01381,"Это лучшее, что было за всю неделю! Это просто заряжает энергией!! Наргиз в проекте дальше!! Давай, держись, наша умница!!!!!!!! ♥",0,0,0,1,0,0
rus_train_track_a_01382,скукота:(((((,0,0,0,0,1,0
rus_train_track_a_01383,доброе утро  иду на олимпиаду ❤️ удачи мне,0,0,0,1,0,0
rus_train_track_a_01384,"Иногда твиттер меня бесит, ПОТОМУ ЧТО Я НЕ МОГУ НАПИСАТЬ ВСЕ ЧТО ХОЧУ ИЗ-ЗА ЭТИХ 140 СИМВОЛОВ!!!!!!!!!",1,0,0,0,0,0
rus_train_track_a_01385,"Самое ужасное,это выход на работу раньше времени, честное слово я устала от всего этого(",0,0,0,0,1,0
rus_train_track_a_01386,"Короче,я поняла,что мы с дядей очень сильно похожи с;",0,0,0,0,0,0
rus_train_track_a_01387,"я боюсь смотреть новости, просто в страхе переключаю 1 и 2 каналы! это не нормально 21 век!! тольконевойнатольконевойнатолько…",0,0,1,0,0,0
rus_train_track_a_01388,"этот блин конкурс((когда я уже высплюсь????Вчера Харьков,сегодня интервью((((((((я просто хочу нормальные выходные",0,0,0,0,1,0
rus_train_track_a_01389,"сорри! Меня взломали((( сижу теперь чищу всё. Спасибо, что сказал!!!",0,0,0,0,1,0
rus_train_track_a_01390,"Вау!!! Представляю! И вам велели следить за старостью, уважать ее? :)",0,0,0,0,0,1
rus_train_track_a_01391,"6,5 лет назад я уехал из #Россия, чтобы убежать от местной действительности. Теперь боюсь, чтобы Россия не настигла меня в #Україна",0,0,1,0,0,0
rus_train_track_a_01392,Тррррррряяяхуууууу!!! Колористика V Физ-ра V Тех. рис. V ОООТЛИИЧНООО #зачёты,0,0,0,1,0,0
rus_train_track_a_01393,ого! Ты не сдала что ли? А мне рассказали эту победную историю с тестом и ответами С.С.:))),0,0,0,0,0,1
rus_train_track_a_01394,Что-то мне это не нравится... #страх,0,0,1,0,0,0
rus_train_track_a_01395,Прошлый НГ был волшебным. Ну а этот будет самым ужасным в моей жизни,0,0,0,0,1,0
rus_train_track_a_01396,Я иду и у меня трясутся ноги,0,0,1,0,0,0
rus_train_track_a_01397,То прекрасное чувство когда схватила халявный Wi-Fi;) #халява,0,0,0,1,0,0
rus_train_track_a_01398,"Вы можете, при желании, продлевать срок публикации объявления.",0,0,0,0,0,0
rus_train_track_a_01399,Сука. У всех фикбук перестал работать? пиздец Я ХОЧУ ПРОЧИТАТЬ ПРОДУ,1,0,0,0,0,0
rus_train_track_a_01400,Когда у тебя нет денег ты знаешь что хочешь купить. А когда они есть ты не хочешь не чего и тратишь на хуйню. Заебало,1,0,0,0,1,0
rus_train_track_a_01401,НУ ВОТ ПОЧИМУ ФОТКУ КОТОРАЯ ДОСТАВЛЯЕТ БОЛЬШЕ ВСЕГО НЕЛЬЗЯ ВЫЛОЖИТЬ (((((((((((((((((((,0,0,0,0,1,0
rus_train_track_a_01402,Я сегодня встала с той ноги:33,0,0,0,1,0,0
rus_train_track_a_01403,"Потом ему напишу,как зайдет",0,0,0,0,0,0
rus_train_track_a_01404,"ага обидно, что это происходит все полгода, и даже заставить себя не получается, эхх((((",0,0,0,0,1,0
rus_train_track_a_01405,"Думала,что хоть какое-то разнообразие будет,а вот хуй. Хуй тебе на воротник. Выкуси!!!",1,0,0,0,0,0
rus_train_track_a_01406,"для людей независимая расценка устанавливается в законодательном методе, факультативном для устройства выбора каждого из комплектов.",0,0,0,0,0,0
rus_train_track_a_01407,"-6 кг, нееееет ((((((((",0,0,0,0,1,0
rus_train_track_a_01408,Я боюсь,0,0,1,0,0,0
rus_train_track_a_01409,И снова.Этот.Гребанный.Понедельник  #жизньболь,1,0,0,0,1,0
rus_train_track_a_01410,только прочитать историю осталось,0,0,0,0,0,0
rus_train_track_a_01411,"Из этого следует, что желающим использовать возможности флагмана Sony в полном объеме придется ждать появления дока в продаже",0,0,0,0,0,0
rus_train_track_a_01412,Я боюсь опоздатья боюсь слишком поздно сказать о чувстваха люди в них не верят или безразлично к ним относятся.,0,0,1,0,0,0
rus_train_track_a_01413,"Увидела расписание не следующий семестр #кома #клиника #пиздец будем дневать и ночевать на факультете, блин",0,0,0,0,1,1
rus_train_track_a_01414,Ура!!! на Новый Год отдыхаем 5 дней!!! с 1-го по 5-ое!!! :-),0,0,0,1,0,0
rus_train_track_a_01415,"Год заканчивается настолько паршиво, что мне даже писать об этом паршиво.",0,0,0,0,1,0
rus_train_track_a_01416,"Ненавижу зубрил... Особенно девушек. Они могут похвастаться только тем, что получили зачет и пойдут из-за этого пиво хлестать...",1,1,0,0,0,0
rus_train_track_a_01417,"ИДИ НАХУЙ,мудак",1,0,0,0,0,0
rus_train_track_a_01418,"“ненавижу, когда трогают мои волосы.” #жизненно",1,0,0,0,0,0
rus_train_track_a_01419,я дневники вампиров начинала смотреть и не пошло( блин((( что делаааать,0,0,0,0,1,0
rus_train_track_a_01420,не загружается =-(((,0,0,0,0,1,0
rus_train_track_a_01421,"че-т мне страшно, я буду оператором :D",0,0,1,0,0,0
rus_train_track_a_01422,"это пздц, товарищи!!! я скоро умру от этой психологии!!! с ума сойду окончательно!!!((((((",1,0,0,0,0,0
rus_train_track_a_01423,Снеееег!! Целый дееень снееег идееет!! :З,0,0,0,1,0,0
rus_train_track_a_01424,"Всем прекрасной пятницы, друзья!!!!)))",0,0,0,1,0,0
rus_train_track_a_01425,"задержка рейса#пиздец,просто пиздец",1,0,0,0,0,0
rus_train_track_a_01426,Убью ее когда-нибудь!!!!!!,1,0,0,0,0,0
rus_train_track_a_01427,"ой да, эта запись в троллейбусах о терактах очень пугает #Ижевск",0,0,1,0,0,0
rus_train_track_a_01428,"Как же невыносимо у некоторых людей воняет изо рта. Просто пипец, не замечать который невозможно. Запах гнилого мяса и ра",0,1,0,0,0,0
rus_train_track_a_01429,"да уж, это самое попадалово, когда корячешься, корячешься, а потом все уе... в никуда(((",0,0,0,0,1,0
rus_train_track_a_01430,"мне тоже страшно, я в школе..",0,0,1,0,0,0
rus_train_track_a_01431,Айлурофобия — навязчивая боязнь кошек. @<username>,0,0,0,0,0,0
rus_train_track_a_01432,бесят выпендрежные густо накрашенные ТП с фитнесс-аэробики,1,0,0,0,0,0
rus_train_track_a_01433,"Не откладывай на завтра то, что МОЖНО ПОСЛАТЬ НАВСЕГДА НАХУЙ ОТЛОЖИТЬ ВПИЗДУ ЗАБИТЬ НА ЭТО ГАВНО БЛЯТЬ.",1,0,0,0,0,0
rus_train_track_a_01434,"Зашла в твиттер, а у меня счетчики по нулям. Перепугалась Оо",0,0,1,0,0,0
rus_train_track_a_01435,"Для каждого из нас существует определенная группа людей, с которыми мы могли бы потенциально построить гармоничное счастье до конца жизни",0,0,0,0,0,0
rus_train_track_a_01436,Чмо блять тупое,1,0,0,0,0,0
rus_train_track_a_01437,ещё письмо жене всё не могу отправить - не успеваю.И от тебя с сестрёнкой писем нет :(((,0,0,0,0,1,0
rus_train_track_a_01438,"Лыжники молодцы я в шоке как откатали, подтвердили наше первое место! Поздравляю! Молодцы",0,0,0,1,0,1
rus_train_track_a_01439,"боюсь, что родители все не так поймут",0,0,1,0,0,0
rus_train_track_a_01440,Как много гнилых людей.,1,1,0,0,0,0
rus_train_track_a_01441,"Сережа, спасибо большое!!!))",0,0,0,1,0,0
rus_train_track_a_01442,"А я думала что у меня есть лутшая подруга ,видимо ошыблась(((",0,0,0,0,1,0
rus_train_track_a_01443,Хочу на вокал,0,0,0,0,0,0
rus_train_track_a_01444,"Любая спорная ситуация решается в пользу того, кто в этой ситуации честно развивал систему.",0,0,0,0,0,0
rus_train_track_a_01445,Мы просто потребители.,0,0,0,0,0,0
rus_train_track_a_01446,Хорошие выходные,0,0,0,1,0,0
rus_train_track_a_01447,"Нахуй блять втираться человеку в доверие, влюблять его в себя, А ПОТОМ НАГЛО БРОСИТЬ! Идите нахуй такие мальчики...у меня слов нет",1,0,0,0,0,0
rus_train_track_a_01448,Я SHOCKED. Кто назвал foobar самым быстрым аудио-плеером? Он у меня по 70Mb ОЗУ отъедал. А поставил winamp-light.,0,0,0,0,0,1
rus_train_track_a_01449,заебись поговорили! пара фраз и тишина,1,0,0,0,0,0
rus_train_track_a_01450,"как же она мне за*бала.. просто сказала, уже начинает орать #пиздец",1,0,0,0,0,0
rus_train_track_a_01451,"Перечитываю годовой отчет, треть сделанного - фикция, но таковы правила игры.",0,0,0,0,0,0
rus_train_track_a_01452,"Учитывая обстоятельства и события следующей недели , разбудите меня 23 числа через неделю",0,0,0,0,0,0
rus_train_track_a_01453,ты злишься да заткнись вот видишь это злость,1,0,0,0,0,0
rus_train_track_a_01454,Есть хорошие надежды))),0,0,0,1,0,0
rus_train_track_a_01455,Сижу и трясусь от страха,0,0,1,0,0,0
rus_train_track_a_01456,"нихуя не помню что было вчера!! но спасибо ванину бля, нянчился со мной как с ребенком!!",1,0,0,0,0,0
rus_train_track_a_01457,"Ребят, спасибо большое за поддержку!!! :*",0,0,0,1,0,0
rus_train_track_a_01458,"Написать что-то к послезавтрашней этнологии, выучить 400 слов на английский.",0,0,0,0,0,0
rus_train_track_a_01459,"Каждому человеку дано свое дело, и каждому делу — свое время.",0,0,0,0,0,0
rus_train_track_a_01460,"сука, да тут перевода нет! идите вы нахуй",1,0,0,0,0,0
rus_train_track_a_01461,Бля. Остаться бы завтра дома и поплакать бы целый день в подушку в обнимет с игрушками;(((,0,0,0,0,1,0
rus_train_track_a_01462,"в смысле, в другом банке?",0,0,0,0,0,1
rus_train_track_a_01463,"Считаю, что никаких оправданий ЦСКА нет,типа мандраж, удаление. Скажите просто, обосрались. Позорище, тьфу",1,1,0,0,0,0
rus_train_track_a_01464,Не радует погода меня((((,0,0,0,0,1,0
rus_train_track_a_01465,температура 37. неожиданно на самом деле.,0,0,0,0,0,1
rus_train_track_a_01466,"Можно простить человеку всё,когда понимаешь что теряешь его навсегда(((Саша я буду помнить тебя всегда(((",0,0,0,0,1,0
rus_train_track_a_01467,"Ударил кондуктора током. Сильно. Сдачу он мне в руку чуть ли не бросил. Боится, сука. :3 #Ебатьяопасный",0,0,0,1,0,0
rus_train_track_a_01468,"Чтобы учиться ума не надо. Он нужен, чтобы научиться.",0,0,0,0,0,0
rus_train_track_a_01469,Хочу себе такого физрука!!! #Молодёжка,0,0,0,1,0,0
rus_train_track_a_01470,Теперь я наконец могу использовать свой задачник по генетике #радость #задрот,0,0,0,1,0,0
rus_train_track_a_01471,"любовь- это сложнейший механизм! постоянно что-то ламается, потом нужно чинить, а со временем застареет и ремонту не подлежит...(((",0,0,0,0,1,0
rus_train_track_a_01472,"Если вы думаете, что слишком малы, что бы быть эффективным, то вы никогда не засыпали с комаром в комнате. - Betty Reese",0,0,0,0,0,0
rus_train_track_a_01473,Я никогда не выучу эти долбанные тесты!,1,0,0,0,0,0
rus_train_track_a_01474,никак не ожидала такого прогноза.,0,0,0,0,0,1
rus_train_track_a_01475,"Читайте так много, как только можете. Освойте технику быстрого чтения. Вы вполне можете прочитывать одну книгу в неделю",0,0,0,0,0,0
rus_train_track_a_01476,Мы команда,0,0,0,0,0,0
rus_train_track_a_01477,слишком отвратительно звучит. Соленый арбуз. Природа сделала его сладким.,0,1,0,0,0,0
rus_train_track_a_01478,зачеты автоматом:),0,0,0,1,0,0
rus_train_track_a_01479,"Пацана избили за то, что он ломал лед #злость",1,0,0,0,0,0
rus_train_track_a_01480,"дуб всегда дохуя хочет, но не получает н и к о г д а",1,0,0,0,0,0
rus_train_track_a_01481,каждый навигатор добавляет зерновую специальность и в менеджменте утерян получиться рассказ или методология.,0,0,0,0,0,0
rus_train_track_a_01482,"если честно я очень сильно боялась,что меня увезут в больницу",0,0,1,0,0,0
rus_train_track_a_01483,"Какая же я злая. Меня уже бесит эта гребанная биология. Не могу найти на эти убогие вопросы, ответы. Учу пол дня.",1,0,0,0,0,0
rus_train_track_a_01484,"у меня в следующем году внучка пойдет в первый класс, и страшно представить, как она будет адаптироваться",0,0,1,0,0,0
rus_train_track_a_01485,"Ненавижу, когда кто-то хрустит пальцами! Омерзительный звук.",1,1,0,0,0,0
rus_train_track_a_01486,"Хочется блевать, но не время Время начищать сапоги",0,1,0,0,0,0
rus_train_track_a_01487,"Жизнь не такая какая есть, она такая окой мы её воспринемаем",0,0,0,0,0,0
rus_train_track_a_01488,так вот оно что!точно они ёбу дали,1,0,0,0,0,1
rus_train_track_a_01489,от неё я такого реально не ожидала!!,0,0,0,0,0,1
rus_train_track_a_01490,купила парку и ботиночки:3 счастлива до безумия!!!))),0,0,0,1,0,0
rus_train_track_a_01491,еее еее степендию раньше времени перечислили,0,0,0,1,0,0
rus_train_track_a_01492,"В СЛЕДУЮЩИЙ РАЗ,Я ТЕБЯ ВООБЩЕ УБЬЮ,МАРАЗОТА!!!",1,0,0,0,0,0
rus_train_track_a_01493,"Я уже не верю в эти слова,я боюсь.",0,0,1,0,0,0
rus_train_track_a_01494,Наша училка меня пугает,0,0,1,0,0,0
rus_train_track_a_01495,Эта работа меня убивает!(,1,0,0,0,1,0
rus_train_track_a_01496,"Я порой настоооолько ненавижу свою семью, что готова быть сиротой.",1,0,0,0,0,0
rus_train_track_a_01497,компания «айти» интегрирует продукты «кода безопасности» в систему управления иб security vision,0,0,0,0,0,0
rus_train_track_a_01498,"Меня жутко выводят из себя звуки разряжающегося компьютера, которые пробиваются в каждую клеточку мозга, и 1% зарядки умирающего телефона.",1,0,0,0,0,0
rus_train_track_a_01499,"Кошмар. Отвратительная игра!!! Было ощущение, что пропустим мяча 3-4, но чтобы 6!!!! Ладно хоть отквитали тройку",1,1,0,0,0,0
rus_train_track_a_01500,моя успеваемость по предметам доводит меня до ужаса,0,0,1,0,0,0
rus_train_track_a_01501,"я обычно в таких случаях открываю инструменты разработчика, меняю код формы вручную и отправляю",0,0,0,0,0,0
rus_train_track_a_01502,"Ну нифига!!!!за ночь столько снега!!! Хочу в спячку,не хочу видеть зиму",1,0,0,0,0,1
rus_train_track_a_01503,"Понимаю, что это банально и всем надоело, но ЛУЧ ПОНОСА разработчикам IE8. Суки-суки-суки!!!",1,0,0,0,0,0
rus_train_track_a_01504,В Force India ждут решения Lotus о составе пилотов,0,0,0,0,0,0
rus_train_track_a_01505,Существуют таблетки для развития абсолютного слуха,0,0,0,0,0,0
rus_train_track_a_01506,"O, заебатая группа!!! Нам повезло, вроде:)))",0,0,0,1,0,0
rus_train_track_a_01507,"Собралась, поела каши ЁБАНЫЙ В РОТ КАК У МЕНЯ БОЛИТ ЖИВОТ НИКОГДА БОЛЬШЕ НЕ БУДУ ЕСТЬ ((((",1,0,0,0,1,0
rus_train_track_a_01508,"Терпеть не могу человека, от которого исходит агрессия.",0,1,0,0,0,0
rus_train_track_a_01509,ват?!,0,0,0,0,0,1
rus_train_track_a_01510,Hе нужнo иcкaть вo мнe плюсы и минycы. Я нe бaтapeйкa.,0,0,0,0,0,0
rus_train_track_a_01511,пздц руки тряслись,0,0,1,0,0,0
rus_train_track_a_01512,"Сегодня встретила школьную подругу...Поняла, что нам тупо не о чем разговаривать... #разочарование #пиздец",0,0,0,0,1,0
rus_train_track_a_01513,Как же здесь хорошо☺️,0,0,0,1,0,0
rus_train_track_a_01514,"Настоящий писатель - это то же, что древний пророк: он видит яснее, чем обычные люди.",0,0,0,0,0,0
rus_train_track_a_01515,ты носишь с собой мороженое??,0,0,0,0,0,1
rus_train_track_a_01516,люблю и буду любить до конца жзни жаль что моя мечта не сбылась:( но я ведь так хотела увидеть тебя(((( поникла душевно умерла..............,0,0,0,0,1,0
rus_train_track_a_01517,Будем ждать.,0,0,0,0,0,0
rus_train_track_a_01518,Проголосовала за Наргиз. Нирванаааа!!! Это божественно,0,0,0,1,0,0
rus_train_track_a_01519,Как меня бесит Войтик. #пиздецпросто,1,0,0,0,0,0
rus_train_track_a_01520,Поздравляем Всех с МАСЛЕНИЦЕЙ! Желаем всю неделю Вам объедаться блинчиками :) #масленица #праздник #блины,0,0,0,1,0,0
rus_train_track_a_01521,"меня всю выворачивает, нет, я не могу больше :((((((((((((",0,1,0,0,1,0
rus_train_track_a_01522,Виксы офигенны!!*_____* они реабтно достойны этой победы!!*____*,0,0,0,1,0,0
rus_train_track_a_01523,На меня сел толстяк!!!!!!В АВТОБУСЕ НА МЕНЯ СЕЛ ТОЛСТЯК,1,1,0,0,0,0
rus_train_track_a_01524,какой крутецкий магазин открылся)) прям как в Мск!!!,0,0,0,1,0,0
rus_train_track_a_01525,#news #twitter.  /  / — 2011 » 2013 /  / Келли: Даааа @<username> Я так горжусь вами леди!!,0,0,0,1,0,0
rus_train_track_a_01526,"Офигенно погуляли!!! Детство вспомнили)) В снегу повалялась) Пришла домой, как снеговик;)",0,0,0,1,0,0
rus_train_track_a_01527,ЛИНТА! У меня урок отменили:)),0,0,0,1,0,0
rus_train_track_a_01528,"настроение ""иди нахуй! прости я просто сорвалась. А нет, все таки иди нахуй."" ,как же ты меня заебало",1,0,0,0,0,0
rus_train_track_a_01529,примерно это я хочу сказать еще с года 2011,0,0,0,0,0,0
rus_train_track_a_01530,для начала он взял алгоритм старшего разработчика отдела лингвистических технологий юрия зеленкова,0,0,0,0,0,0
rus_train_track_a_01531,"Нет, ну я просто поражаюсь",0,0,0,0,0,1
rus_train_track_a_01532,"я орала на весь офис, когда показали видео без цензуры во всех красках. Реально, я была просто в шоке.",0,0,0,0,0,1
rus_train_track_a_01533,"жду момента, когда перестану хотеть цитировать wtj, потому что обо мне",0,0,0,0,0,0
rus_train_track_a_01534,Мееееельница!!!! Юху!!!,0,0,0,1,0,0
rus_train_track_a_01535,"Ура-ура-ура!!! Поздравляем победителей творческого конкурса ""Моя любимая игрушка"" от Рела Лайф! 1)…",0,0,0,1,0,0
rus_train_track_a_01536,блин так гулять хочется родители не пускают ((((((((((((((((((((((((((((((((((((,0,0,0,0,1,0
rus_train_track_a_01537,Какая сладкая принцесса,0,0,0,1,0,0
rus_train_track_a_01538,"одно-единственное очень правильное способ: мужчина , отношения с ним, романтика и всё такое .",0,0,0,0,0,0
rus_train_track_a_01539,Приятно получить чашечку чая в холодную погоду❄️,0,0,0,1,0,0
rus_train_track_a_01540,"Поскольку сегодня День Гнева: Я ненавижу, когда меня вконтакте отмечают на тупых картинках.",1,0,0,0,0,0
rus_train_track_a_01541,"хотели с братом посмотреть мульт и блять,КОГДА МЫ ПОПРОСИЛИ ЖЁСТКИЙ  ДИСК,МОЯ ТЁТЯ СКАЗАЛА ЧТО ТАМ ПОРНО И НЕ РАЗРЕШИЛА ЕГО БРАТЬ #пиздец",1,0,0,0,0,1
rus_train_track_a_01542,Нужно о этих университетах почитать,0,0,0,0,0,0
rus_train_track_a_01543,Как же бесит спам вк,1,0,0,0,0,0
rus_train_track_a_01544,ПОЙДУ В ЧЕСТЬ ПОБЕДЫ ВИКСОВ БУХАТЬ!!   где-то у меня тут был кефир...,0,0,0,1,0,0
rus_train_track_a_01545,"они используются для ограждения сообщений стоимостей, кодов и посадки заданий.",0,0,0,0,0,0
rus_train_track_a_01546,я боюсь страха перед чем-то.,0,0,1,0,0,0
rus_train_track_a_01547,Как-то не так написал. Ну вы поняли короче.,0,0,0,0,0,0
rus_train_track_a_01548,да уберите уже от меня эти тупые орехи!!,1,0,0,0,0,0
rus_train_track_a_01549,"главное - изменить свои мысли, остальное не заставит себя ждать",0,0,0,0,0,0
rus_train_track_a_01550,"Нахуя, я делала море работ, Ама итоге ""нет места ставить оценки"". ИСТОРИЯ, БЛЯТЬ ИДИ В ЖОПУ",1,0,0,0,0,0
rus_train_track_a_01551,"Уже страшно, еще не паника",0,0,1,0,0,0
rus_train_track_a_01552,собственные правила и где конечный результат можно понимать по-своему.,0,0,0,0,0,0
rus_train_track_a_01553,Также вы можете бесплатно обменять майку Фридзона в его предыдущем клубе на реплику его форменной майки в армейских цветах.,0,0,0,0,0,0
rus_train_track_a_01554,я боюсь,0,0,1,0,0,0
rus_train_track_a_01555,"да я удивлена, что он жив еще. Я им пользовалась в 10 классе)",0,0,0,0,0,1
rus_train_track_a_01556,Передо мной стоят цели. И мне страшно,0,0,1,0,0,0
rus_train_track_a_01557,"дома не кого, а дома темто, а я боюсь темноть. И так страшно встать включить",0,0,1,0,0,0
rus_train_track_a_01558,Аделина лучше всех!) #победа  #Олимпиада2014,0,0,0,1,0,0
rus_train_track_a_01559,А я сегодня говорила что у меня самый лучший мужчина?  он у меня самый-самый,0,0,0,1,0,0
rus_train_track_a_01560,"Народ, есть у кого внятное понимание, когда надо сделать пенсионный выбор - до конца 2013 или 2014 года",0,0,0,0,0,0
rus_train_track_a_01561,мощный голос!!!!!,0,0,0,1,0,0
rus_train_track_a_01562,"Порекомендуйте, плз, под винду SSH-клиент и виртуальные рабочие столы. Желательно free )",0,0,0,0,0,0
rus_train_track_a_01563,В горизонте нигде нет чая с малиной!! Обидно :(,0,0,0,0,1,0
rus_train_track_a_01564,"Когда вижу мамаш, целующих своих детей в губы, хочется отхаркнуть комок шерсти, как кот. Омерзительное зрелище.",0,1,0,0,0,0
rus_train_track_a_01565,У меня теперь есть майка как у Финна,0,0,0,1,0,0
rus_train_track_a_01566,"какого хера мне уже третий день с утра пораньше звонит Игорь? блять. ну не лезь ты уже в мою жизнь, у меня уже все отлично.",1,0,0,0,0,0
rus_train_track_a_01567,"За 5 недель нога под гипсом не чесалась ни разу, и вот сейчас в очереди в регистратуру так дико зудит!!!",1,0,0,0,0,0
rus_train_track_a_01568,"Ааа, потеряла зарядку от планшета(((( где не знаю заряд 10% как жить дальше ума не приложу",0,0,0,0,1,0
rus_train_track_a_01569,"Мне ужасно хреново. Давление упало,голова разрывается,я хочу спать. Мне страшно что я умру",0,0,1,0,0,0
rus_train_track_a_01570,Я такая умница,0,0,0,1,0,0
rus_train_track_a_01571,в 17 общаге только что был пожар О_о #сфу #пиздец,0,0,1,0,0,1
rus_train_track_a_01572,"Смотрю ""Голос"" очень талантливые ребята у Агутина! Сегодня я Элину Чага!!! Это было очень красиво!",0,0,0,1,0,0
rus_train_track_a_01573,Дзюба забил? Да ладно,0,0,0,0,0,1
rus_train_track_a_01574,Люблю мою дуреху ❤️❤️❤️,0,0,0,1,0,0
rus_train_track_a_01575,"Не жизнь, а дерьмо. Хочу уже в больницу, чтобы никого не видеть и не слышать.",0,1,0,0,1,0
rus_train_track_a_01576,разговор с Дарьяшей* разочаровал нас((( #webcamtoy,0,0,0,0,1,0
rus_train_track_a_01577,"оооочень устала, уроки тянулись вечность! ещё на гитару(((",0,0,0,0,1,0
rus_train_track_a_01578,Вот шкаф моей мечты,0,0,0,1,0,0
rus_train_track_a_01579,Я в шоке. Он венки вскрывает. Ну фот как? Как так можно не дорожить своей жизнью?!,0,0,0,0,0,1
rus_train_track_a_01580,"Просто второй раз всегда брак,и надо убить в себе все ,что ты хочешь сделать повторно",0,0,0,0,0,0
rus_train_track_a_01581,ЗАВАЛИТЕ ЕБАЛО. ЦАУНЯ И ГЕРАСИМОВ!  ВЫ МЕНЯ БЕСИТЕ!,1,0,0,0,0,0
rus_train_track_a_01582,Я НЕ МОГУ!! ТИНААААА НЕЕЕТ ГЕЛА ИДИ В ЖОПУ,1,0,0,0,0,0
rus_train_track_a_01583,Я в ахере и отчаяньи. Этот город меня убивает:((((,0,0,0,0,1,0
rus_train_track_a_01584,"Мне страшно.Я боюсь,что не доеду,не сломав кости!",0,0,1,0,0,0
rus_train_track_a_01585,"Вааа, май котэ родилааа Котята...В новый год...Даже от кошки подарки Пока что 3  уииииии",0,0,0,1,0,1
rus_train_track_a_01586,Твиттеру давно пора сделать кнопку редактировать.,0,0,0,0,0,0
rus_train_track_a_01587,"Какой мерзкий, оказывается. За красивой обложкой - гнилая душонка.",0,1,0,0,0,0
rus_train_track_a_01588,Мне страшно оставаться одной в этой комнате,0,0,1,0,0,0
rus_train_track_a_01589,Так всё заебало нахуй,1,0,0,0,0,0
rus_train_track_a_01590,"жить становится безумно страшно, когда не знаешь, каким будет завтра... Я не знаю, как поддержать тебя, но мне так этого хочется",0,0,1,0,1,0
rus_train_track_a_01591,смысле после русского математика ?!,0,0,0,0,0,1
rus_train_track_a_01592,"а я тоже,кстати, послезавтра на Хоббита еду :3 счастье",0,0,0,1,0,0
rus_train_track_a_01593,"страшные дела происходят — сутки не курю... боюсь, что придется бросить это пагубное занятие.",0,0,1,0,0,0
rus_train_track_a_01594,Стать нужным человеком,0,0,0,0,0,0
rus_train_track_a_01595,"Малым государствам можно прибегать к любому способу, чтобы выжить.",0,0,0,0,0,0
rus_train_track_a_01596,"некоторые твиттерские ведут себя омерзительно.  пишут, будто после их анфолловинга чья-то жизнь должна закончится, пф.",1,1,0,0,0,0
rus_train_track_a_01597,Кажется у меня опять проблемы..надо срочно худеть еще и перед Др ((( ебаная нахуй еда !!;!!,1,0,0,0,1,0
rus_train_track_a_01598,Ты реально налысо постриглась??? Ахуеть,0,0,0,0,0,1
rus_train_track_a_01599,"Самый сильный страх - стать лишним в жизни того человека, который тебе действительно дорог.",0,0,1,0,0,0
rus_train_track_a_01600,"Скот ты ,кролик!По твоей вине погибли люди,а ты под шумок ещё и виноватых назначил!",1,0,0,0,0,0
rus_train_track_a_01601,"""Самое худшее,что парень может сделать по отношению к девушке -это игнорировать ее,в то время как она любит тебя всем сердцем"" -Лиам Пейн",0,0,0,0,0,0
rus_train_track_a_01602,В сраку школу,1,0,0,0,0,0
rus_train_track_a_01603,"Талант обратит внимание лишь на того, кто заметит этот талант. Это не эгоцентрично, это выделяется из толпы непонимающих.",0,0,0,0,0,0
rus_train_track_a_01604,Что в Пензе с транспортом? Час на морозе ждать 1 автобус! Это никуда не годится. #пенза #транспорт #пиздец,1,0,0,0,0,0
rus_train_track_a_01605,"Покупай не то, что нужно, а то, что необходимо.",0,0,0,0,0,0
rus_train_track_a_01606,от меня сразу начали отписываться(( но почему!!!????(((,0,0,0,0,1,1
rus_train_track_a_01607,правда меня не пустили к Замысловой((((( увидились блин((,0,0,0,0,1,0
rus_train_track_a_01608,ВАУ!  ты такая е обычная и очень красивая),0,0,0,0,0,1
rus_train_track_a_01609,Вот это да. В кинотеатрах идут сразу три неплохих русских фильма. Я в шоке.,0,0,0,0,0,1
rus_train_track_a_01610,У нас #позитив #димкижгуть накачали #бякукаку #смех #праздник,0,0,0,1,0,0
rus_train_track_a_01611,"""Универ""",0,0,0,0,0,0
rus_train_track_a_01612,"Как ни крути, когда встаешь рано - успеваешь кучу всего сделать",0,0,0,0,0,0
rus_train_track_a_01613,вот теперь я боюсь за тебя,0,0,1,0,0,0
rus_train_track_a_01614,Зачет на 10!!! Даааа!,0,0,0,1,0,0
rus_train_track_a_01615,"Очень резкие перепады настроение,меня это пугает #странно",0,0,1,0,0,0
rus_train_track_a_01616,уаауауауау,0,0,0,0,0,1
rus_train_track_a_01617,"я так хочу плакать. ужасно хочу плакать. ненавижу такой немецкий, который будет завтра. и я устала.  я все сказала(((",0,0,0,0,1,0
rus_train_track_a_01618,На седьмом НЕБЕ от СЧАСТЬЯ! Лестницу НЕ подставлять. ВСЕ РАВНО НЕ СЛЕЗУ!!!,0,0,0,1,0,0
rus_train_track_a_01619,"обидно и за нашу страну,которую оскверняют и показывают как какого-то монстра..",0,0,0,0,1,0
rus_train_track_a_01620,Ураааа  Веснааааа Ты пришлаааа,0,0,0,1,0,0
rus_train_track_a_01621,"Если Вы хотите прочитать описание, то кликните по названию программы.",0,0,0,0,0,0
rus_train_track_a_01622,да ну вас нахуй. буду сама.,1,0,0,0,0,0
rus_train_track_a_01623,"то, что сказала мне сегодня Карина, опровергло меня в шок",0,0,0,0,0,1
rus_train_track_a_01624,"Тем временем мы преодолели планку в 300 подписчиков! Спасибо отдельно каждому, надеюсь это еще не предел)",0,0,0,1,0,0
rus_train_track_a_01625,Еще я боюсь что умру со стыда на своих похоронах,0,0,1,0,0,0
rus_train_track_a_01626,да Ромуль!!!!!!!!!!!!,0,0,0,1,0,0
rus_train_track_a_01627,очень страшно мне,0,0,1,0,0,0
rus_train_track_a_01628,Че за тупые стереотипы я могу блять вообще отказаться от зарубежной музыки и мне пох,1,0,0,0,0,0
rus_train_track_a_01629,Очень сильно болит голова:(((,0,0,0,0,1,0
rus_train_track_a_01630,Постоянно происходят эти теракты.Мне так страшно за своих родных.,0,0,1,0,0,0
rus_train_track_a_01631,"Вы все еще можете ресегментировать рынок, но стоимость входа на оригинальный рынок является низкой, и он созрел для инноваций.",0,0,0,0,0,0
rus_train_track_a_01632,Сегодня открыл лыжный сезон !!!,0,0,0,1,0,0
rus_train_track_a_01633,не пошла в шк. #радость,0,0,0,1,0,0
rus_train_track_a_01634,"#Голос. Первый четвертьфинал. Элина Чага - О нём"" -  "" красота!!! Спасибо!!!",0,0,0,1,0,0
rus_train_track_a_01635,Боюсь что когда-нибудь я приду домой и меня не встретит мой питомец..,0,0,1,0,0,0
rus_train_track_a_01636,"ого, ничего себе. Я бы тебе 12 лет не дала ихихих  :D",0,0,0,0,0,1
rus_train_track_a_01637,"У меня такой миииилый ноут, прям девочка-девочка",0,0,0,1,0,0
rus_train_track_a_01638,КУСАТЬ?!,0,0,0,0,0,1
rus_train_track_a_01639,Для наших дорог нужен как минимум внедорожник.,0,0,0,0,0,0
rus_train_track_a_01640,Так вот ты какое...ЧУДО В ПЕРЬЯХ!!! :-D,0,0,0,0,0,1
rus_train_track_a_01641,"просто надо все решить, для себя в первую очередь",0,0,0,0,0,0
rus_train_track_a_01642,бесит всЁ и всЕ,1,0,0,0,0,0
rus_train_track_a_01643,И направила тебя по тому же пути.,0,0,0,0,0,0
rus_train_track_a_01644,Ух ты ж е-мое! :D Такого я совершенно не ожидал :) @<username>,0,0,0,1,0,1
rus_train_track_a_01645,"Удивительно, сколько всего может произойти за столь короткий промежуток времени :) 10 минут.",0,0,0,0,0,1
rus_train_track_a_01646,"Бизнес-советники очень похожи на маркетинговых советников, но обычно некоторые имеют опыт на различных стадиях компании.",0,0,0,0,0,0
rus_train_track_a_01647,завтра будет :),0,0,0,1,0,0
rus_train_track_a_01648,Не успеваю(((,0,0,0,0,1,0
rus_train_track_a_01649,боюсь завтра.,0,0,1,0,0,0
rus_train_track_a_01650,обалдеть!!!!как он переживёт?,0,0,0,0,0,1
rus_train_track_a_01651,Бесит такое.(((настроение в жопу(((,1,0,0,0,1,0
rus_train_track_a_01652,бесит мой сосед-дибил.ненавижу!,1,0,0,0,0,0
rus_train_track_a_01653,"Мы знаем за собой много такого, о чем люди всегда умалчивают, и угадываем в них то, о чем умалчиваем сами. Люк де Вовенарг",0,0,0,0,0,0
rus_train_track_a_01654,О БОЖЕЧКИ БОЖЕ МОИ КАК?!??!??!??! ААААААААААААЛОВЖЛДРПЖОЛДАВРПЕЖЛОВКЫУТОЕПКВООПЕЛКЫВПЛЫКА,0,0,0,0,0,1
rus_train_track_a_01655,Я милашка,0,0,0,1,0,0
rus_train_track_a_01656,Стою уже сорок минут в очереди в Сбербанке! Заебали!,1,0,0,0,0,0
rus_train_track_a_01657,кактак?! почему*???,0,0,0,0,0,1
rus_train_track_a_01658,"Только девушка может поставить мобильник на режим без звука, чтобы не отвлекал, и потом каждые 5 минут проверять не пришло ли смс.",0,0,0,0,0,1
rus_train_track_a_01659,"Есть не доработка. когда пролистываешь вниз фильмы нельзя выбрать - жанрь, год, качество, упорядочность. Ждем изменений.",0,0,0,0,0,0
rus_train_track_a_01660,вау!!!что это такое??),0,0,0,0,0,1
rus_train_track_a_01661,"Обижаюсь на слово “ясно”. Если человек произносит его в диалоге, я дико выбешиваюсь.",1,0,0,0,0,0
rus_train_track_a_01662,уже начинаю ненавидеть 2014 год,1,0,0,0,0,0
rus_train_track_a_01663,"Знаете, что бы не говорили мои однокакашники я все равно буду собой — Линой Малиной, а свое мнение пусть засунут куда подальше #ппц",1,0,0,0,0,0
rus_train_track_a_01664,"Две пачки чипсов,кола...Варя!!Остановись,у тебя же гастрит-__-",0,0,1,0,0,0
rus_train_track_a_01665,"То чувство, когда узнал что собираются вербовать, и скоро он взорвет школу. #террор",0,0,1,0,0,0
rus_train_track_a_01666,Боюсь что засну при первой возможности (,0,0,1,0,0,0
rus_train_track_a_01667,Одна мысль о школе меня пугает,0,0,1,0,0,0
rus_train_track_a_01668,Буря эмоций! Катенька в шоке от них,0,0,0,0,0,1
rus_train_track_a_01669,"Я просто ненавижу такси, ну почему Мася уехал, опаздываю на час уже",1,0,0,0,0,0
rus_train_track_a_01670,"Блин,люди! Я реально счастлива!Первый раз в жизни я реально СЧАСТЛИВА!!!МЫ вместе!!! Это услышала долгожданное  ##URL##",0,0,0,1,0,0
rus_train_track_a_01671,Кидок ты!!!!!не проси меня больше ни о чем!,1,0,0,0,0,0
rus_train_track_a_01672,Иди убейся,1,0,0,0,0,0
rus_train_track_a_01673,ваай!!! Как неожиданно!,0,0,0,0,0,1
rus_train_track_a_01674,Вообще мне нужно выйти в магазин,0,0,0,0,0,0
rus_train_track_a_01675,Терминалы конечно зло. Но тогда надо вместе с их ограничением сделать например чтобы все магазины принимали пластик к оплате.,0,0,0,0,0,0
rus_train_track_a_01676,иди в жопу [2]!!!!!!,1,0,0,0,0,0
rus_train_track_a_01677,#Пятница13 проходит отлично! Смотрю ужастик #Астрал2,0,0,0,1,0,0
rus_train_track_a_01678,на матане сижу и дрожу аж от страха,0,0,1,0,0,0
rus_train_track_a_01679,Мемстримные Твари бесите,1,0,0,0,0,0
rus_train_track_a_01680,Выходные в семейном кругу божественно,0,0,0,1,0,0
rus_train_track_a_01681,"Завтра Ксюша,Кристина и София придут^^",0,0,0,1,0,0
rus_train_track_a_01682,"Ааааааа, как противно здесь находиться! в этом жирном теле, фу фу фу!",0,1,0,0,0,0
rus_train_track_a_01683,Ок. Плагин скачаю,0,0,0,0,0,0
rus_train_track_a_01684,Ураа!! ☺️,0,0,0,1,0,0
rus_train_track_a_01685,Так страшно блин( хоть бы все обошлось,0,0,1,0,0,0
rus_train_track_a_01686,перебил?!???,0,0,0,0,0,1
rus_train_track_a_01687,"у меня сейчас трясутся руки и кружится голова. я не верю, что совсем скоро увижу выступление Лии. боже, я в раю и не хочу, чтобы он кончался",0,0,0,1,0,0
rus_train_track_a_01688,"Жесть сходил с дочкой в парикмахерскую, не понимаю как можно за пару часов столько денег спустить",0,0,0,0,0,1
rus_train_track_a_01689,я в шоке от происходящего в стране что они себе все думают,0,0,0,0,0,1
rus_train_track_a_01690,Наш дорогой командир Артур получил премию губернатора!ура! #ДСПО_Опора #молодец,0,0,0,1,0,0
rus_train_track_a_01691,"Как же страшно осознавать, что социальные сети действительно стали необходимой и неотъемлемой частью моей жизни.",0,0,1,0,0,0
rus_train_track_a_01692,"Многие из нас ограничивают свое внимание только внешним миром, оставаясь на периферии круга.",0,0,0,0,0,0
rus_train_track_a_01693,блин ну почему я не там где хочу быть больше всего(((,0,0,0,0,1,0
rus_train_track_a_01694,ДАДАДАДАДАДАДА!!!!!!!!!!!! НАРГИЗ!!!!!! НАРГИЗ!!!!!!!!! 42 ГОДА!!! НО ЭТО ПРОСТО ШЕДЕВРАЛЬНО!!!!!!!!!  #Голос,0,0,0,1,0,0
rus_train_track_a_01695,"И как завтра ехать на встречу,если центр перекрыт.Россия,не выебывайся со своим факелом. #ОЛИМПИАДА #екатеринбург",1,0,0,0,0,1
rus_train_track_a_01696,Фу. Этот сериал сплошной разврат. Маленькие асексуальные гоблины!:/,0,1,0,0,0,0
rus_train_track_a_01697,боже мой... ты сейчас шутишь?,0,0,0,0,0,1
rus_train_track_a_01698,"Это самый худший день за этот месяц... Как же все достало, достала учеба, достала МП, везде, где можно было опоздал. В жопу такие дни",1,0,0,0,1,0
rus_train_track_a_01699,поражаюсь на сколько мои дебилы не знают девушек,0,0,0,0,0,1
rus_train_track_a_01700,"наберешь,расскажу",0,0,0,0,0,0
rus_train_track_a_01701,"ого, большая",0,0,0,0,0,1
rus_train_track_a_01702,"Никогда число прожитых дней не заставит нас признать, что мы прожили достаточно.",0,0,0,0,0,0
rus_train_track_a_01703,"Я же, как ни странно, чувствовал себя мерзко.",0,1,0,0,0,0
rus_train_track_a_01704,"Все уроки сделаны, настроение прекрасное, иду гулять чудесный день",0,0,0,1,0,0
rus_train_track_a_01705,девятое я обожаю ужастики #mtvstars  30 seconds to mars,0,0,0,1,0,0
rus_train_track_a_01706,Полностью обновила планшет:3 наконец-то нормально работает:3,0,0,0,1,0,0
rus_train_track_a_01707,Поздравляю всех всех всех с НОВЫМ ГОДОМ!!!!,0,0,0,1,0,0
rus_train_track_a_01708,очень страшно прожить всю жизнь в одиночестве.,0,0,1,0,0,0
rus_train_track_a_01709,"В моей комнате содрали обои и теперь, когда я печатаю, то отзывается громкое эхо #бесит",1,0,0,0,0,0
rus_train_track_a_01710,"таа, и мозги заодно починила, теперь я бесконечно счастлива",0,0,0,1,0,0
rus_train_track_a_01711,"да, довыпендривалась со своим засыпанием в 5–6 утра, пиздец, теперь же хуй засну, блять",1,0,0,0,0,0
rus_train_track_a_01712,Пиздец я в шоке!  с каких пор мама стала контролировать? чем я питаюсь?!   мне же все таки не 13 лет!!!,1,0,0,0,0,1
rus_train_track_a_01713,"Ветер такой, что аж страшно",0,0,1,0,0,0
rus_train_track_a_01714,Даже страшно представить что чувствовал лу когда ему сообщили про бабушку,0,0,1,0,1,0
rus_train_track_a_01715,Хочу убить мальчиков из 7-8 класса нашей школы !!,1,0,0,0,0,0
rus_train_track_a_01716,"Вау, эта девчонка идеальна.",0,0,0,1,0,0
rus_train_track_a_01717,"Фортуна слепа, и ты можешь стать ей поводырем.",0,0,0,0,0,0
rus_train_track_a_01718,"Как же я ее люблю!!! До умопомрачения. Она превосходная, шикарная, роскошная девушка! С ней нереально хорошо.",0,0,0,1,0,0
rus_train_track_a_01719,"Таланты образуются в покое, характеры — среди житейских бурь.",0,0,0,0,0,0
rus_train_track_a_01720,"Только перед просмотром почитайте немного учебник истории, чтобы понять, кто есть кто",0,0,0,0,0,0
rus_train_track_a_01721,высший пилотаж - когда ты помнишь и думаешь только о хорошем.,0,0,0,0,0,0
rus_train_track_a_01722,Братишка подарил самодельную игрушку на ёлку,0,0,0,1,0,0
rus_train_track_a_01723,"сегодня в 9 вечера выезжаем в крым, в 9 утра будем там!!! море жди меняя!!! едем на машине",0,0,0,1,0,0
rus_train_track_a_01724,"Впервые за долгое время я не ставлю будильник, вот оно счастье",0,0,0,1,0,0
rus_train_track_a_01725,"Смотрю Голос. Наргиз - это супер, дух захватывает!!!!!!",0,0,0,1,0,0
rus_train_track_a_01726,БИРЮЗОВЫЙ,0,0,0,0,0,0
rus_train_track_a_01727,"не.. вариантов нет..9-4, максимум 9-5.. ошибок..больше, наверное, чем за весь турнир(( Стю, увы.. самчиха(с)((((((",0,0,0,0,1,0
rus_train_track_a_01728,"Фонари, точно бабочки газовые, утро тронуло первою дрожью. То, что тихо тебе я рассказываю, так на спящие дали похоже. (Борис Пастернак)",0,0,0,0,0,0
rus_train_track_a_01729,"Блин бесит когда у мам плохое настроение,вечно докапывается до меня.Прибирись наконец то в комнате,или хватит уже сидеть за компом.это",1,0,0,0,0,0
rus_train_track_a_01730,"все плохо, короче говоря ((( QT @<username> #Евромайдан ставит вопрос ребром  #Украина",0,0,0,0,1,0
rus_train_track_a_01731,Наконец-то потратила свои сертификаты подаренные мне на день рождения :).,0,0,0,1,0,0
rus_train_track_a_01732,опять контакт лагает сука,1,0,0,0,0,0
rus_train_track_a_01733,Какая ж я злая!!!,1,0,0,0,0,0
rus_train_track_a_01734,"Агоня, ты про Катюшу песенку послушала? Я реву((((",0,0,0,0,1,0
rus_train_track_a_01735,Круто отметила свой день рождение !,0,0,0,1,0,0
rus_train_track_a_01736,"На 70 баллов написала английский ОО, по-моему слишком много для меня, вот бы так на самом ЕГЭ написать :D",0,0,0,1,0,1
rus_train_track_a_01737,"боль, какая боль, Я НЕ ХОЧУ ВСТАВАТЬ ЗАВТРА В 7.00 И ПИЛИТЬ НА УЧЕБУ!!! ОДЕЯЛКО ВОЗЬМ",1,0,0,0,1,0
rus_train_track_a_01738,Любимый подарил ^_^ #колечко на #деньРождение #др,0,0,0,1,0,0
rus_train_track_a_01739,на биологии мы дрожали боясь что нас вызовут к доске,0,0,1,0,0,0
rus_train_track_a_01740,Та-да) #НГ #НовыйГод #елка #люблю #веселье #Россия #Russia #like,0,0,0,1,0,0
rus_train_track_a_01741,"Это,конечно, не в моем стиле и мне очень не хочется вам это говорить,но ИДИТЕ НАХУЙ!",1,0,0,0,0,0
rus_train_track_a_01742,"блин, даже страшно смотреть(((",0,0,1,0,0,0
rus_train_track_a_01743,"впервые!!! еще далеко до нового года, а я уже знаю где я буду гулять)) такого не было!!)",0,0,0,1,0,0
rus_train_track_a_01744,НИРВАНА+исполнение Наргиз=АААААААААААААААААА!!!!!!!!!!! #Голос,0,0,0,1,0,0
rus_train_track_a_01745,"Бесишь,бесишь,бесишь!!!",1,0,0,0,0,0
rus_train_track_a_01746,увидела паука в доме - сожгла дом. Ненавижу пауков,1,1,0,0,0,0
rus_train_track_a_01747,Наконец-то сходили на каток *. *,0,0,0,1,0,0
rus_train_track_a_01748,эй.. а вот это уже страшно.. я боюсь..,0,0,1,0,0,0
rus_train_track_a_01749,Ужасно болит горло((((,0,0,0,0,1,0
rus_train_track_a_01750,вот в этом праве можно хорошо понять проводку между профильными и распорядительными введениями.,0,0,0,0,0,0
rus_train_track_a_01751,Отвратительно пользоваться чувствами другого человека.,1,1,0,0,0,0
rus_train_track_a_01752,"при стандартном времени, необходимо пользоваться сталью в сопровождении драйвера для структуры спиленных копий.",0,0,0,0,0,0
rus_train_track_a_01753,"все так яро следят за своими фигурами. одна начинает бесится при слове калории, другая делает вид, что сидит на диете.",1,0,0,0,0,0
rus_train_track_a_01754,мелкая кидает меня  ((((обидно очень  ((,0,0,0,0,1,0
rus_train_track_a_01755,сегодня на работу...а я снова не выспаллась...встать бы утром...а то с этим дмб так и просидела до утра...((((,0,0,0,0,1,0
rus_train_track_a_01756,"ах вот где,я так и знала",0,0,0,0,0,1
rus_train_track_a_01757,-ты дома одна? -да -я ЗАЕБАЛАСЬ С ЭТОЙ БИБЛИОТЕКОЙ!!!,1,0,0,0,0,0
rus_train_track_a_01758,"Страшно жить в Киеве. Военные, митингующие. Эй, люди, вы разрушаете наш город! #євромайдан #Киев #people #Ukraine",0,0,1,0,0,0
rus_train_track_a_01759,Какой будет эта зима? — ХУЁВОЙ! ХУЁВОЙ ОНА БУДЕТ!!!! КАК ВСЯ ОСТАЛЬНАЯ ХУЙНЯ,1,0,0,0,0,0
rus_train_track_a_01760,"я его боюсь,он дерется",0,0,1,0,0,0
rus_train_track_a_01761,"Стая безумных идиотов-алкоголиков, жрущих деньги ВГТРК, блять",1,1,0,0,0,0
rus_train_track_a_01762,"чтож, проверим вечерком, если получится",0,0,0,0,0,0
rus_train_track_a_01763,Купила себе милашные розовые бантики))) и как афигенный))),0,0,0,1,0,0
rus_train_track_a_01764,встретила всех девок на перемене #радость,0,0,0,1,0,0
rus_train_track_a_01765,Пятница-неудачница :(((((((((,0,0,0,0,1,0
rus_train_track_a_01766,"О ДА, ГРАМОТНЫЙ Т9, КАК Я ТЕБЯ ОБОЖАЮ, Я  И ТАК ДАУН КАКОЙ-ТО, НО С ТОБОЙ...... О БОЖЕ.",1,0,0,0,0,0
rus_train_track_a_01767,"А КАК ЖЕ Я, Я ВО ФРЕНД ЗОНЕ? Неееет(((((((",0,0,0,0,1,1
rus_train_track_a_01768,Почту и RSS я теперь просматриваю сервисами Гугла,0,0,0,0,0,0
rus_train_track_a_01769,"Отмечаю Новый год, с лучшей подругой, замечательно)",0,0,0,1,0,0
rus_train_track_a_01770,Мужчины играют в игры. Женщины знают счет.Роджер Воддис,0,0,0,0,0,0
rus_train_track_a_01771,дааа!дааааааааа!я сделала это!даааааааааа!с композицией покончено!!!!!!!!!))))),0,0,0,1,0,0
rus_train_track_a_01772,Осталось сделать 2 слайда Я дотяну до минимума И норм,0,0,0,0,0,0
rus_train_track_a_01773,О БОЖИ РЕЙЧЕЛ СБИЛАСЬ,0,0,0,0,0,1
rus_train_track_a_01774,обидно когда добавляют те фотки где ты ужасно получилась...(((,0,0,0,0,1,0
rus_train_track_a_01775,"так-то страшно уже становится, хватит ли у них ума все это дерьмо разрулить",0,0,1,0,0,0
rus_train_track_a_01776,"как страшно жить,товарищи.",0,0,1,0,0,0
rus_train_track_a_01777,"хочется просто взять, и послать всех нахуй",1,0,0,0,0,0
rus_train_track_a_01778,"Вы не представляете какой классный новый EP у Pullahs!!! *надеюсь скоро выложит в общем доступе, чтобы вы тоже могли насладиться",0,0,0,1,0,0
rus_train_track_a_01779,Вот такое утро ;) #серёжки # подарок #праздник #приятно,0,0,0,1,0,0
rus_train_track_a_01780,"как же мне противно читать эти ваши ""то чувство, когда меньше 10 ретвитов за день *картинка фэйспалма* """,0,1,0,0,0,0
rus_train_track_a_01781,Успел,0,0,0,1,0,0
rus_train_track_a_01782,"Вот чёрт. Это самое худшее, что могло произойти со мной.",1,0,0,0,1,0
rus_train_track_a_01783,Тут они предлагают Win95 на ведроиде запускать. 4pda.ru,0,0,0,0,0,0
rus_train_track_a_01784,Ааааааа! Хочуууу!!!!,0,0,0,1,0,0
rus_train_track_a_01785,Всё будет так как мы захочем.,0,0,0,0,0,0
rus_train_track_a_01786,"Да идите вы в жопу, неблагодарные уроды.",1,0,0,0,0,0
rus_train_track_a_01787,мне по тв по этому страшно смотреть А в живую это наверно страх полный(((,0,0,1,0,0,0
rus_train_track_a_01788,"Знали бы вы, какое чувство отвращения вызывает у меня слэш. Раньше я нормально к этому относился",0,1,0,0,0,0
rus_train_track_a_01789,Как бы завтра 5 уроков!!! Ужааас!! В субботу к 8 и еще 5 уроков:((,0,0,0,0,1,0
rus_train_track_a_01790,"Ужасаюсь читая российские новости или паблики, исковеркование информации зашкаливает, просто отвратительно",0,1,0,0,0,0
rus_train_track_a_01791,"я сама боюсь, если честно",0,0,1,0,0,0
rus_train_track_a_01792,"Как же отвратительны уроки у одного ""учителя высшей категории""",0,1,0,0,0,0
rus_train_track_a_01793,Завтра выходной! Это хорошо!!!!! отосплюсь !!!!!!!,0,0,0,1,0,0
rus_train_track_a_01794,"правила карьеры: все, что нужно для служебного роста",0,0,0,0,0,0
rus_train_track_a_01795,"вы можете не иметь специального образования, но должны обязательно иметь амбиции войти в число лучших менеджеров по продажам рекламы",0,0,0,0,0,0
rus_train_track_a_01796,"Люди говорят, что время проходит, а Время говорит, что проходят люди. Тибетская мудрость",0,0,0,0,0,0
rus_train_track_a_01797,"Норвежки расстроили, Тура, я такого от тебя не ожидала((( Надеюсь мужики победят!)) Удачи Ветле, Уле, Таря и Эмиль! #биатлон",0,0,0,0,1,0
rus_train_track_a_01798,"фууу,как же это противно читать(",0,1,0,0,0,0
rus_train_track_a_01799,хотя одной не охота,0,0,0,0,0,0
rus_train_track_a_01800,"Помни и не забывай, что рано или поздно, твой сын скорей последует твоему примеру, чем советам.",0,0,0,0,0,0
rus_train_track_a_01801,"Самару и Тольятти признали самыми чистыми городами России , ебать колотить!!!",0,0,0,0,0,1
rus_train_track_a_01802,У меня обязательно должен быть смокинг. На всякий случай.,0,0,0,0,0,0
rus_train_track_a_01803,"но была ли предложена хоть одна альтернатива нынешнему президенту, и были ли хотя бы попытки прийти к консенсусу по планам на улучшение",0,0,0,0,0,0
rus_train_track_a_01804,"ЗАЕБИСЬ,Я ЕЩЁ И ВИНОВАТАЯ!спасибо,маам",1,0,0,0,0,0
rus_train_track_a_01805,я серьезно удивлен...  Ничего не предвещало же.. Прогнозы молчали.. Блин,0,0,0,0,0,1
rus_train_track_a_01806,Бляя всё не по плану(((,0,0,0,0,1,0
rus_train_track_a_01807,"а, какая мощная  играаа!:) 6-ая молодец!!:) Порадовали очень)))))",0,0,0,1,0,0
rus_train_track_a_01808,Я не хочу жить в этом городе Здесь мерзко и ничто меня тут не держит Почему я не перееду? Потому что к меня нет денег .,0,1,0,0,1,0
rus_train_track_a_01809,"Thank you so much! Аааа,дааа,я их купила‼  #TheKey   #perfume Пахнут нереально☺",0,0,0,1,0,0
rus_train_track_a_01810,"Неожиданность, когда видишь человека, пытаешься вспомнить, из какой он группы, а он вообще-то одноклассник",0,0,0,0,0,1
rus_train_track_a_01811,Мне страшно видеть свою сущность,0,0,1,0,0,0
rus_train_track_a_01812,"#Голос Публика будто на ЕЁ концерт пришла!!!! Молодец, Наргиз!:))",0,0,0,1,0,0
rus_train_track_a_01813,"Ужас, что творится в мире. Новости даже страшно смотреть.",0,0,1,0,0,0
rus_train_track_a_01814,"ужасно боюсь, что кто-либо из моих знакомых девушек пригласит меня на свадьбу.",0,0,1,0,0,0
rus_train_track_a_01815,"Добрый вечер! Александр просто браво вам, вы молодец, мы с мужем в шоке от увиденного, очень хотели бы к вам по пасть на прием",0,0,0,1,0,1
rus_train_track_a_01816,серьезно???,0,0,0,0,0,1
rus_train_track_a_01817,"Ни одной ошибки в 60 вопросах,лучший результат из 50 человек.ХА-ХА!!!СЪЕЛИ,ДА!?)",0,0,0,1,0,0
rus_train_track_a_01818,Бля меня все бесииииит,1,0,0,0,0,0
rus_train_track_a_01819,"Мне понравилось видео ""Марсеане смотреть срочно!!!!!"" ()",0,0,0,1,0,0
rus_train_track_a_01820,Не бери чужой темп. У каждого свой ритм.,0,0,0,0,0,0
rus_train_track_a_01821,Это время расставит все на свои места. Там и посмотрим,0,0,0,0,0,0
rus_train_track_a_01822,"Мамане феньку на нг сплела, а она не носит :с",0,0,0,0,1,0
rus_train_track_a_01823,"Все мы не плохи,пока не сталкиваемся нос к носу друг с другом...ЧЕЛОВЕК-самая отвратительная ТВАРЬ на земле! Ненавижу людей",1,1,0,0,0,0
rus_train_track_a_01824,"Хорошо,когда ты уже выздоровел,а справка еще на два дня",0,0,0,1,0,0
rus_train_track_a_01825,С Instagram можно даже прогноз погоды не смотреть.,0,0,0,0,0,0
rus_train_track_a_01826,В то время как все остальные формы эти недостатки признают и учитывают.,0,0,0,0,0,0
rus_train_track_a_01827,Скоро любимый уйдёт в армию(((Буду его ждать!!!Слышишь любимый!!!Я буду тебя ждать!!!Чего б,0,0,0,0,1,0
rus_train_track_a_01828,открывать диспетчер задач по alt+ctrl+del и смотреть какой процесс кушает память и,0,0,0,0,0,0
rus_train_track_a_01829,всем удачного дня. сегодня пятница,0,0,0,1,0,0
rus_train_track_a_01830,Музыка готова. Осталось придумать нематерный текст.,0,0,0,0,0,0
rus_train_track_a_01831,"Отменили курсы,было всего 5 уроков ,хоть раз нам повезло",0,0,0,1,0,0
rus_train_track_a_01832,"Бля. Подошел мужик и наклонившись ко мне сказал - ""у вас такаая красивая борода"" мне аж страшно стало.",0,0,1,0,0,0
rus_train_track_a_01833,"По свету ходит огромное количество лживых домыслов, и самое худшее, что половина из них — чистая правда.",0,0,0,0,0,0
rus_train_track_a_01834,"Вы гнилые как орехи, не звоните не спрашиваете как дела, а как в жопу попали так помоги, вас надо в тески зажать больше ни как.",1,1,0,0,0,0
rus_train_track_a_01835,"Всегда найдется ширма, за которую можно спрятаться, чтобы обойти самые простые законы человечности.",0,0,0,0,0,0
rus_train_track_a_01836,"ООО,нашла коса на камень!!",0,0,0,0,0,1
rus_train_track_a_01837,"С детства боялась, что в моей квартире стоит какая-либо камера, и меня кто-то видит.",0,0,1,0,0,0
rus_train_track_a_01838,Скачать Мелодия барабанов телефон с прослушиванием,0,0,0,0,0,0
rus_train_track_a_01839,ух-ты!,0,0,0,0,0,1
rus_train_track_a_01840,сижу и скучаю(((,0,0,0,0,1,0
rus_train_track_a_01841,"В начале октября мы, вероятно, увидим промежуточный вариант решений, но сейчас еще слишком рано говорить о какой-либо определенной версии",0,0,0,0,0,0
rus_train_track_a_01842,"Нет существ более мерзких, противных и отвратительных, чем дети",1,1,0,0,0,0
rus_train_track_a_01843,ну хуй знает я хотела поржать а ты видимо нет пхаха пойду плакать шутка не удаласб(((((,0,0,0,0,1,0
rus_train_track_a_01844,"Когда ты болеешь, по началу так хорошо лежиш, бездельничаешь, а потом так скучно без друзей и даже по школе скучаешь!!!(((",0,0,0,0,1,0
rus_train_track_a_01845,Видел автобус с надписью free wifi onboard удивился,0,0,0,0,0,1
rus_train_track_a_01846,Никто не знал что ты такой гнилой человек внутри,1,1,0,0,0,0
rus_train_track_a_01847,Падаль поганая!,1,1,0,0,0,0
rus_train_track_a_01848,"Все, норм ссылка есть",0,0,0,0,0,0
rus_train_track_a_01849,"вообщем,пойду найду ноут и зайду с него",0,0,0,0,0,0
rus_train_track_a_01850,"Ну ладно, я тоже вчера пила какую–то гадость, со вкусом винограда.",0,1,0,0,1,0
rus_train_track_a_01851,"Нет никого старше, чем выпускник, и никого моложе, чем первокурсник.",0,0,0,0,0,0
rus_train_track_a_01852,Между полюсами чистых описаний и чистых оценок располагаются как минимум следующие типы,0,0,0,0,0,0
rus_train_track_a_01853,"Затхлый труп пахнет так же,как моя жизнь.",0,1,0,0,0,0
rus_train_track_a_01854,Ну как обычно моей карточки нету в регистра туре!,1,0,0,0,0,0
rus_train_track_a_01855,уже страшно жить..что дальше будет..;(,0,0,1,0,0,0
rus_train_track_a_01856,Я в восторге!!Песня - огонь:) #Голос,0,0,0,1,0,0
rus_train_track_a_01857,"Творческое мышление, возможно, означает всего-навсего понимание, что нет никакой особой добродетели в том, чтобы вести дела так, как их всег",0,0,0,0,0,0
rus_train_track_a_01858,"У меня iPhone, поверить не могу:3",0,0,0,1,0,1
rus_train_track_a_01859,ОГО!))) Да ты сегодня решила всех удивить,0,0,0,0,0,1
rus_train_track_a_01860,материальная часть закуплена.. наконец-то!! я рад:) осталась творческая часть..,0,0,0,1,0,0
rus_train_track_a_01861,"Блиин,в клубешник не иду(((",0,0,0,0,1,0
rus_train_track_a_01862,Скачать её на телефон можно прямо отсюда.,0,0,0,0,0,0
rus_train_track_a_01863,угу:(  Больше мы с ним не общались:((( Так что что нибудь другое проси хд,0,0,0,0,1,0
rus_train_track_a_01864,"о, серьезно? как тесен мир)",0,0,0,0,0,1
rus_train_track_a_01865,А я все поражаюсь правдивости этих слов ????,0,0,0,0,0,1
rus_train_track_a_01866,ВОУУУ,0,0,0,1,0,1
rus_train_track_a_01867,Страшно терять близких друзей=( А еще страшней родственников:(,0,0,1,0,0,0
rus_train_track_a_01868,Вчера была в няньках весь день....#приятности#воспоминание,0,0,0,1,0,0
rus_train_track_a_01869,В России и Белоруссии появились памятники сгущенке,0,0,0,0,0,0
rus_train_track_a_01870,"ты че вякнул, падла?",1,0,0,0,0,1
rus_train_track_a_01871,"Всем привет! Сегодня я обнаружила, что мою учетную запись заблокировали((( Удалив всем моих читателей(((  Вот горечко...((",0,0,0,0,1,0
rus_train_track_a_01872,похоже меня пригласили на свидание... миленько,0,0,0,1,0,1
rus_train_track_a_01873,Завтра я буду самой счастливой,0,0,0,1,0,0
rus_train_track_a_01874,"Теперь космополитический американизм озабочен тем, чтобы избежать ошибок своих предшественников.",0,0,0,0,0,0
rus_train_track_a_01875,Фуууух всёёёё Пробыла там 6 часов!!! Я не ожидала,0,0,0,0,0,1
rus_train_track_a_01876,"Все эти вопросы объединяет одна суть, нужно сохранить онлайн видео на свой компьютер.",0,0,0,0,0,0
rus_train_track_a_01877,Где же мой Серёжа который всегда меня поддерживал((((,0,0,0,0,1,1
rus_train_track_a_01878,Уууууууух!!! Аж до блевотины!!!,0,1,0,0,0,0
rus_train_track_a_01879,Вером редко когда хорошее настроение =(((,0,0,0,0,1,0
rus_train_track_a_01880,Сука кончена матиматика!!!,1,0,0,0,0,0
rus_train_track_a_01881,не забывает меня )_счастье,0,0,0,1,0,0
rus_train_track_a_01882,"если честно,мне начинает это надоедать.понимаю,что отвыкла,но больше не хочу это терпеть.",1,0,0,0,0,0
rus_train_track_a_01883,воу воу воу агонь,0,0,0,0,0,1
rus_train_track_a_01884,Ненавижу автобусы !! 15 минут автобус не едет ! Уф !,1,0,0,0,0,0
rus_train_track_a_01885,"Ненавижу, когда за твои успехи не радуются, а говорят гадости. Вам в окно дорога.",1,1,0,0,0,0
rus_train_track_a_01886,Ненавижу школу.,1,0,0,0,0,0
rus_train_track_a_01887,"Честно говоря, чувствую себя дерьмом, что самой от себя противно...",0,1,0,0,1,0
rus_train_track_a_01888,Тем не менее привычку поднимать лапу где только заблагорассудится можно устранить в процессе правильного воспитания собаки.,0,0,0,0,0,0
rus_train_track_a_01889,ненавижу вас всех,1,0,0,0,0,0
rus_train_track_a_01890,Так нечестно(((,0,0,0,0,1,0
rus_train_track_a_01891,Желание славы - способ бегства от страха смерти #читаювзаимно,0,0,0,0,0,0
rus_train_track_a_01892,"Боже Паша, как я без тебя? (((((((((",0,0,1,0,1,0
rus_train_track_a_01893,"по айпи вычеслю,сука",1,0,0,0,0,0
rus_train_track_a_01894,"Вместо ""коммунистов"" мог бы написать с таким же успехом и ""комсомольцев"" и т.д. Суть та же, она ясна и так.",0,0,0,0,0,0
rus_train_track_a_01895,"Рано или поздно это надо было бы сделать А на том аккаунте оставлю только жену, хотя, думаю, что его надо просто удалить",0,0,0,0,0,0
rus_train_track_a_01896,моя йолка С: #Снаступающимтвиттерский #огонечки,0,0,0,1,0,0
rus_train_track_a_01897,Такие сообщения греют душу,0,0,0,1,0,0
rus_train_track_a_01898,"самое ужасное,когда ты хочешь зайти в скайп И ЗАБЫЛ ЭТОТ ДОЛБАННЫЙ ПАРОЛЬ!!!!!!",1,0,0,0,0,0
rus_train_track_a_01899,"эм.... нет, не подумала. Причем тут вообще я? Просто интересно, о чем ты, лул",0,0,0,0,0,1
rus_train_track_a_01900,что за херь?!,1,0,0,0,0,1
rus_train_track_a_01901,"По мере того как до меня все яснее доходил смысл сегодняшней церемонии, я начала с чувством беспокойства переминаться с ног…",0,0,1,0,0,0
rus_train_track_a_01902,"Эх,давненько это было)))))))",0,0,0,1,0,0
rus_train_track_a_01903,"Зовут на нг в Москву или в Самару , Нил меня никто не отпустит(((((",0,0,0,0,1,0
rus_train_track_a_01904,"вау,ты разширился :D",0,0,0,1,0,1
rus_train_track_a_01905,Ахахах))) Точно короли!!!,0,0,0,1,0,0
rus_train_track_a_01906,"Кстати говоря, потом можете добавить ваш фид в другие RSS-агрегаторы, список которых тут",0,0,0,0,0,0
rus_train_track_a_01907,каждый день посвящает мне #ДобрыйТвит спасибо:-),0,0,0,1,0,0
rus_train_track_a_01908,"В рыночной экономике можно заказать не только опрос общественного мнения, но и его результат. 0",0,0,0,0,0,0
rus_train_track_a_01909,У меня теперь есть самая крутая в мире шапка,0,0,0,1,0,0
rus_train_track_a_01910,тогда беда :(((,0,0,0,0,1,0
rus_train_track_a_01911,"Божее, как же плохо, болит все, кроме пальцев на руках и ногах.",0,0,0,0,1,0
rus_train_track_a_01912,"как же посмотреть бразильцев с испанцами хочется! но бля, в час ночи начало (((",0,0,0,0,1,0
rus_train_track_a_01913,"“До жути боюсь падать на катке, потому что думаю, что кто-нибудь наедет коньком мне на палец и отрежет его.”вот мой страх озвучили",0,0,1,0,0,0
rus_train_track_a_01914,зачем?!,0,0,0,0,0,1
rus_train_track_a_01915,Синеву можно смотреть вечно,0,0,0,0,0,0
rus_train_track_a_01916,"По этой причине иногда мы приводим примеры из менее абстрактных инженерных дисциплин, а не только из программирования.",0,0,0,0,0,0
rus_train_track_a_01917,надо фильм какой нибудь посмотреть,0,0,0,0,0,0
rus_train_track_a_01918,Не ожиданный поворот событий конечно.,0,0,0,0,0,1
rus_train_track_a_01919,Киньте ссылку на канал Сайрус,0,0,0,0,0,0
rus_train_track_a_01920,Самые легкие иероглифы в моих руках получаются самыми уродливыми,0,0,0,0,1,0
rus_train_track_a_01921,"А может это и правильно, проверка на прочность",0,0,0,0,0,0
rus_train_track_a_01922,Рассказал друзьям тайну - осудили(((,0,0,0,0,1,0
rus_train_track_a_01923,Отвратительный день. Все в / школе как зомби.,1,1,0,0,0,0
rus_train_track_a_01924,"Каждый из нас ждёт в on-line, только одного человека, и у каждого он свой.",0,0,0,0,0,0
rus_train_track_a_01925,Россияне стали чемпионами мира по шахматам! ГОРДОСТЬ!!,0,0,0,1,0,0
rus_train_track_a_01926,Время и деньги большей частью взаимозаменяемы.,0,0,0,0,0,0
rus_train_track_a_01927,"ненавижу,когда по утрам занята ванная.",1,0,0,0,0,0
rus_train_track_a_01928,Ну или хотя бы отредактировать эту ...,0,0,0,0,0,0
rus_train_track_a_01929,Я испугался и пересел в другой автобус.,0,0,1,0,0,0
rus_train_track_a_01930,Малкин забросил шайбу в первом матче после травмы,0,0,0,1,0,0
rus_train_track_a_01931,кто?оО,0,0,0,0,0,1
rus_train_track_a_01932,"Фу,отвратительный сок -.-",0,1,0,0,0,0
rus_train_track_a_01933,Ты че из богатой семьи? Нифига,0,0,0,0,0,1
rus_train_track_a_01934,Серьезно заболеваю..(((( В понедельник к врачу пойду... Надеюсь все будет хорошо...,0,0,0,0,1,0
rus_train_track_a_01935,"поставка, загрузка и тело факультативны быть на одной восьмой линии.",0,0,0,0,0,0
rus_train_track_a_01936,Где мой здоровый сон до обеда гдееее? Уаааааа(((,0,0,0,0,1,0
rus_train_track_a_01937,"Это пиздец,товарищи!!!!мы что должны ее мысли читать????!!!!!!",1,0,0,0,0,1
rus_train_track_a_01938,140 дней уже чаи гоняю. Кофе хотелось всего один раз.,0,0,0,0,0,0
rus_train_track_a_01939,К празднику готова! #НГ#смех#САЛАТ,0,0,0,1,0,0
rus_train_track_a_01940,"Ааааааааааааааааааа, она пипец какая крутая!!!!!!!!!!!!",0,0,0,1,0,0
rus_train_track_a_01941,И и идите вы в жопу!!,1,0,0,0,0,0
rus_train_track_a_01942,"чувак, мне страшно.",0,0,1,0,0,0
rus_train_track_a_01943,У меня трясущиеся руки и бешеное сердцебиение. Мне очень страшно...,0,0,1,0,0,0
rus_train_track_a_01944,"Погода на нг : +5 и дожди,НУ ЗАЕБИСЬ,ЧЁ.",1,0,0,0,0,0
rus_train_track_a_01945,"Еще нет полной ясности в том, как это будет работать, но уже наступает понимание того, что именно работать не будет.",0,0,0,0,0,0
rus_train_track_a_01946,Наиболее верный путь к успеху – все время пробовать еще один раз,0,0,0,0,0,0
rus_train_track_a_01947,наверное все хорошо просто.,0,0,0,0,0,0
rus_train_track_a_01948,"Как же  фраза ""это все русский менталитет...""  это твоя ебаная лень и неверие в будущее и людей!!",1,0,0,0,0,0
rus_train_track_a_01949,"вау, у группы новая ава",0,0,0,1,0,1
rus_train_track_a_01950,"Ах да, забываю пожаловаться. Приложение вк на моем айфоне теперь как на андроиде. Оформление такое же.Мб нужно было hts one x брать?",0,0,0,1,0,0
rus_train_track_a_01951,"день удался. безмерно рад :D один день шикарнее другого XD #самыйлучшийдень, #всешикарно, #счастьиччко, #супердень",0,0,0,1,0,0
rus_train_track_a_01952,Щас читать пойду,0,0,0,0,0,0
rus_train_track_a_01953,"Я паникую , потому что боюсь скорых",0,0,1,0,0,0
rus_train_track_a_01954,"#confessionfriday Есть один человек, девушка, в присутствии которой я так начинаю волноваться, что на меня нападает страх",0,0,1,0,0,0
rus_train_track_a_01955,запишу все свои вопросы и все твои ответы на них.,0,0,0,0,0,0
rus_train_track_a_01956,"я просто в шоке какой Легков царь! он 30 секунд потерял, меняя лыжи и всё равно первый! счастье радость гордость",0,0,0,1,0,1
rus_train_track_a_01957,Обеспечь себя сам,0,0,0,0,0,0
rus_train_track_a_01958,мне страшно от происходящего вокруг,0,0,1,0,0,0
rus_train_track_a_01959,"Дело не в том, чтобы научиться рисовать, а в том, чтобы научиться мыслить",0,0,0,0,0,0
rus_train_track_a_01960,"У культуролога просто дар перескакивать с темы на темы, которые никаким образом не связаны друг с другом",0,0,0,0,0,0
rus_train_track_a_01961,"побыстрей бы новый год уже, не терпится уже провести его с вами :з",0,0,0,1,0,0
rus_train_track_a_01962,Дали в школе новогодние подарки #радость,0,0,0,1,0,0
rus_train_track_a_01963,"Не хочу я её звать никуда, вообще не хочу ее видеть!",1,1,0,0,0,0
rus_train_track_a_01964,Аааа это так мило*-*,0,0,0,1,0,0
rus_train_track_a_01965,мама в бешенстве((((сей факт печален((((,0,0,0,0,1,0
rus_train_track_a_01966,замечательно) 14 го на Невском,0,0,0,1,0,0
rus_train_track_a_01967,"гребанный мозг, не хочет спать, а через 4 часа зачет и потом контрольная!",1,0,0,0,0,0
rus_train_track_a_01968,"лазил по продуктам гугла, обнаружил среди всего свой блог у блоггера. ВНЕЗАПНО я не то, что не помню как я писал те два п",0,0,0,0,0,1
rus_train_track_a_01969,Каждому - своё,0,0,0,0,0,0
rus_train_track_a_01970,"А вообще, ебала я эти уроки",1,0,0,0,0,0
rus_train_track_a_01971,"Для решения тактических задач во время битвы можно использовать различные укрытия, откуда удобно вести огонь по противнику прицельно или",0,0,0,0,0,0
rus_train_track_a_01972,"Завтра -30 градусов,как я в шк пойду???",0,0,0,0,0,1
rus_train_track_a_01973,"ваааааай, фильм мне безумно понравился! ШЕДЕВР! ИЗУМИТЕЛЬНО! БРАВООООООО!!!",0,0,0,1,0,0
rus_train_track_a_01974,С крыши падают сосульки  аж балкон ходуном  ходит...Осторожно выходите с подъезда!,0,0,1,0,0,0
rus_train_track_a_01975,У меня дрожат колени,0,0,1,0,0,0
rus_train_track_a_01976,Съездили вчера в Донецк с любимым))) по-чаще бы таких поездок,0,0,0,1,0,0
rus_train_track_a_01977,"Мдааа,не ожидала от тебя такого.",0,0,0,0,0,1
rus_train_track_a_01978,"не страшно умереть старым или просто молодым, ужасно умереть еще ничего не понимающим ребенком, даже не начавшим нормально жить. страшно.",0,0,1,0,0,0
rus_train_track_a_01979,"Настоящая цель — это не то, что не дает уснуть ночью, а то, что заставляет встать рано утром с постели",0,0,0,0,0,0
rus_train_track_a_01980,Стала тетей!!) Малышка...52 см 3100кг),0,0,0,1,0,0
rus_train_track_a_01981,Меня обслуживает пьяная девушка в ювелирке. Какой кошмар,0,1,0,0,0,0
rus_train_track_a_01982,"до меня снизошло прозрение. моя жизнь, которую я вёл по сей день, неправильная, эгоистичная и мерзкая. эмоции и желания овладели мной.",0,1,0,0,1,0
rus_train_track_a_01983,Сукааааа. Я так зол!!,1,0,0,0,0,0
rus_train_track_a_01984,"Нет денег на мобильном-это очень, очень страшно.",0,0,1,0,0,0
rus_train_track_a_01985,У Кати музыка из наушников орёт на всю комнату,1,0,0,0,0,0
rus_train_track_a_01986,"Дрожу как осиновый лист, когда смотрю в дверной глазок.",0,0,1,0,0,0
rus_train_track_a_01987,я нашла чупа чупс урааа,0,0,0,1,0,0
rus_train_track_a_01988,Увиделись с Тетериным.Пообщались с Дашкой.Счастье есть^.^,0,0,0,1,0,0
rus_train_track_a_01989,"Да,пошёл он!!!В начале добавляет,потом удаляет,потом опять добавляет.Это же Магомедов!",1,0,0,0,0,0
rus_train_track_a_01990,завтра экзамен #пиздец,0,0,1,0,1,0
rus_train_track_a_01991,Ае! Все получается!,0,0,0,1,0,0
rus_train_track_a_01992,"Сукаа какая-то алкашка кашлеет в маршрутке,уже минут 10",1,1,0,0,0,0
rus_train_track_a_01993,какое-то дерьмо получается..,1,1,0,0,0,0
rus_train_track_a_01994,бля еще одна пара(((,0,0,0,0,1,0
rus_train_track_a_01995,"Не могу смотреть кино,если актер не нравится,он мб некрасивым,но за душу цеплять должен с:",0,0,0,0,0,0
rus_train_track_a_01996,"вот это было вообще неожиданно не думала даже,что так будет",0,0,0,0,0,1
rus_train_track_a_01997,"купила джинсы, а они еле на срандель налезают, А ЕЩЕ ЖЕСТКО ОБЛЕГАЮТ ФУ ЧЕ ДЕЛАТЬ ((((((((((худеть)))))))))))))) ((((((зазазах повар))))))))",0,0,0,0,1,0
rus_train_track_a_01998,Наконец-то я увидела тебя:),0,0,0,1,0,0
rus_train_track_a_01999,Ну ты идиотка) я испугалась за тебя!!!,0,0,1,0,0,0
rus_train_track_a_02000,Ураа!!! Новое испытание в #injustice,0,0,0,1,0,0
rus_train_track_a_02001,"Я волнуюсь , и чего-то боюсь",0,0,1,0,0,0
rus_train_track_a_02002,"Вау, в диве открылась вакансия. Может, попробовать туда устроиться? Надоело без дела сидеть, хочу работать.",0,0,0,1,0,1
rus_train_track_a_02003,"люди, которые обещали позвонить и не звонят - горите в аду",1,0,0,0,0,0
rus_train_track_a_02004,нас бесплатно прокатили на карусельке :DDD,0,0,0,1,0,0
rus_train_track_a_02005,"ну если у тебя их много, то давай ч уж там  я прост кажу, что евро самая кул валюта",0,0,0,0,0,0
rus_train_track_a_02006,"Серьезно,это ужасно пахнет",0,1,0,0,0,0
rus_train_track_a_02007,"Чеерт, как же задолбала эта херня со звуком на айфоне. Звук есть только при входящем вызове и в наушниках. #пиздец",1,0,0,0,0,0
rus_train_track_a_02008,"Итог: день хорош,со вписками поконченно))#доммилыйдом",0,0,0,1,0,0
rus_train_track_a_02009,"бесит, когда игнорят сообщения. я написала, а ты прочитал и не ответил. очень приятно. СПАСИБОБЛЯТЬ",1,0,0,0,0,0
rus_train_track_a_02010,"Взаимно!)) Пятница, никак))) И это не может не радовать!!!",0,0,0,1,0,0
rus_train_track_a_02011,"Не всякая правда - красота, но всякая красота - правда.",0,0,0,0,0,0
rus_train_track_a_02012,"Сложно называть правление Януковича сильным и мудрым. Но страшно представить, что может предложить украинцам Кличко или Тягнибок",0,0,1,0,0,0
rus_train_track_a_02013,"Ну блин, опять все не так(((",0,0,0,0,1,0
rus_train_track_a_02014,"и ещё скоро НГ с мандаринками, которые мне нельзя((((((((",0,0,0,0,1,0
rus_train_track_a_02015,аааа!!!моя любимая песня сейчас будет!!!,0,0,0,1,0,0
rus_train_track_a_02016,Ненавижу выбирать.,1,0,0,0,0,0
rus_train_track_a_02017,Я теперь панически боюсь иголок.,0,0,1,0,0,0
rus_train_track_a_02018,"Вообще-то я очень боюсь открытых окон (и веееерхних ээтажееей), и я чуть не умерла от страха :-/",0,0,1,0,0,0
rus_train_track_a_02019,"Блин, почему у меня не было такого торта на 21летие((((((",0,0,0,0,1,0
rus_train_track_a_02020,Какого хуя седушки в автобусе расположены так близко друг к другу. Сидеть же неудобно.,1,1,0,0,0,0
rus_train_track_a_02021,"Ахах)))А я всегда мечтала о брате...Старшем,но,увы(((Только сестры...И то младшая меня совсем недавно по инету нашла...",0,0,0,0,1,0
rus_train_track_a_02022,"они используются для ограждения правил банок, документов и посадки списаний.",0,0,0,0,0,0
rus_train_track_a_02023,УРААА!! МНЕ ВОСТАНАВИЛИ ТВИТЕР !! РАДООСТЬ!!:)),0,0,0,1,0,0
rus_train_track_a_02024,Россия и Южная Корея ввели безвизовый режим: Он распространяется только на краткосрочные поездки,0,0,0,0,0,0
rus_train_track_a_02025,"Завтрак с тобой, дарит хорошее настроение на весь день!) #утро #кофе #настроение #лысьва",0,0,0,1,0,0
rus_train_track_a_02026,В ашане. Вижу как люди тележками набирают водку и прочее. Неужели новый год надо встречать в дерьмо пьяным?,0,1,0,0,0,0
rus_train_track_a_02027,Как так можно!! Не знать элементарного!! И мне походу на занятия по физике нужно носить кляп!!,1,0,0,0,0,1
rus_train_track_a_02028,"Убили,сука,3 человека,три,вы ахуели?!?!??перестаньте,хватит уже,зачем???",1,0,0,0,0,1
rus_train_track_a_02029,"Боюсь немых людей. Когда они разговаривают и при этом смотрят на меня, складывается впечатление, что они планируют мое убить",0,0,1,0,0,0
rus_train_track_a_02030,Второй раз за день так пугаюсь. Прекрати мое сердце не выдержит(,0,0,1,0,0,0
rus_train_track_a_02031,бляяяятььь. мама заебала пить,1,0,0,0,1,0
rus_train_track_a_02032,мне уже страшно,0,0,1,0,0,0
rus_train_track_a_02033,"Одноклассницы жрут. Фу, жирухи.",0,1,0,0,0,0
rus_train_track_a_02034,"Вернуть бы время назад на пару минут и посмотреть, что было бы, если изменить какое-либо действие",0,0,0,0,0,0
rus_train_track_a_02035,ДОБРЫЙ ПЯТНИЧНЫЙ ДЕНЬ!!!!,0,0,0,1,0,0
rus_train_track_a_02036,порассказывали про роды мне.ох мне страшно!!!!!!!!!!!!(((((((((((((,0,0,1,0,0,0
rus_train_track_a_02037,Нагиеву респект!!! Самый крутой ведущий!!! Обожаю его ),0,0,0,1,0,0
rus_train_track_a_02038,"Да хватит уже сверлить!!!!!! Ладно, если бы просто сверлили, так еще ребенок орет! Супер соседи",1,0,0,0,0,0
rus_train_track_a_02039,"Так мило, когда парень место уступает) #добро #утро ))",0,0,0,1,0,0
rus_train_track_a_02040,"С нового семестра буду мчится с 8.30 Это даже здорово, раньше возвращаться домой или ждать до начала занятий не час, а 30 минут.",0,0,0,1,0,0
rus_train_track_a_02041,"Погода за окном необыкновенная! Хосетсч много гулять, но с заболевшим ребенком это невозможно (((",0,0,0,1,1,0
rus_train_track_a_02042,Низкие истины – ступени к Высокому положению.,0,0,0,0,0,0
rus_train_track_a_02043,лишь бы только с тобой,0,0,0,0,0,0
rus_train_track_a_02044,"А вас тоже бесит, когда добавляешь в друзья и тебе пишут ""Знакомы?""",1,0,0,0,0,0
rus_train_track_a_02045,спасиииибооо!!,0,0,0,1,0,0
rus_train_track_a_02046,Бесит ситуация когда тебе больше всех надо!,1,0,0,0,0,0
rus_train_track_a_02047,"По ТНТ идет какая-то муть под названием ""Вампирский засос"", хуже хрени не бывает. Ад для киноманов и людей с хорошим вкусом! #ужс",1,1,0,0,0,0
rus_train_track_a_02048,Я хорошенько испугался,0,0,1,0,0,0
rus_train_track_a_02049,"Бесят люди которые считают себя выше всех и думают, что так оно и есть. Эй, хуесосы вяленые, очнитесь, вы говна не стоите.",1,0,0,0,0,0
rus_train_track_a_02050,"Главное вовремя понять кто друг, кто сосед, а кто просто так знакомый на время или сожитель",0,0,0,0,0,0
rus_train_track_a_02051,ох зачем же так?,0,0,0,0,0,1
rus_train_track_a_02052,пизда твоему твиттеру,1,0,0,0,0,0
rus_train_track_a_02053,иногда я за тебя даже боюсь,0,0,1,0,0,0
rus_train_track_a_02054,"После просмотра Астрала, я боюсь спать одна.",0,0,1,0,0,0
rus_train_track_a_02055,мне очень-очень страшно,0,0,1,0,0,0
rus_train_track_a_02056,нужно уже собираться.,0,0,0,0,0,0
rus_train_track_a_02057,Со мной в кабинете Леха сидит!!!! Вааааааа,0,0,0,1,0,0
rus_train_track_a_02058,Дочитаааааала чорну раду!!!!!!даааа),0,0,0,1,0,0
rus_train_track_a_02059,Купила себе платье цвета принцессы пупырки)),0,0,0,1,0,0
rus_train_track_a_02060,Анечке подарилинаконец-то айфончик. Рада за неё!:))),0,0,0,1,0,0
rus_train_track_a_02061,Меня пиздец как трясет,0,0,1,0,0,0
rus_train_track_a_02062,я злой и грустный поэтому поэтому,1,0,0,0,1,0
rus_train_track_a_02063,У Нины пнивмания(((((Бедняшка моя:** пойду к ней в больницу,0,0,0,0,1,0
rus_train_track_a_02064,Фильм неплох но блять как зож-хуёж человеку наркотики пьянки небезопасные блядки наблюдать не оч,0,1,0,0,0,0
rus_train_track_a_02065,Вот и 9500 за доллар... #пиздец,0,0,0,0,1,1
rus_train_track_a_02066,отдайся ритму,0,0,0,0,0,0
rus_train_track_a_02067,"На работе нечеловеческий дубак! Такое ощущение, что на улице работаю #холод #работа #дубак",1,0,0,0,0,0
rus_train_track_a_02068,"в школе похвалили и сказали, что мы поем всё лучше и лучше",0,0,0,1,0,0
rus_train_track_a_02069,Я боюсь быть несмелой.,0,0,1,0,0,0
rus_train_track_a_02070,что???этооо она,0,0,0,0,0,1
rus_train_track_a_02071,Нежданно такой. Сижу-сижу оп и сообщение от тебя пришлосчастье Теперь есть все для новогоднего настроения,0,0,0,1,0,1
rus_train_track_a_02072,Вот такой я человек.,0,0,0,0,0,0
rus_train_track_a_02073,Наконец выпал снег,0,0,0,1,0,0
rus_train_track_a_02074,"блин ты там как шпион, и джа в шоке, это блин это не описать:3",0,0,0,0,0,1
rus_train_track_a_02075,"@<username> Нифига не выспался, но вставать пора :(((",0,0,0,0,1,0
rus_train_track_a_02076,"Не изменились,а просто повзрослели",0,0,0,0,0,0
rus_train_track_a_02077,"Доброе утро, кстати )  Всем отличного воскресенья, хорошо отдохнуть вам",0,0,0,1,0,0
rus_train_track_a_02078,"сейчас с мальчиком общалась из Украины, капец так страшно...",0,0,1,0,0,0
rus_train_track_a_02079,"Как бы ни признавались мы в любви новогодним мандаринкам, душа всё равно просит весны.",0,0,0,0,1,0
rus_train_track_a_02080,Некультурно. Неприлично. Фи,0,1,0,0,0,0
rus_train_track_a_02081,"В программе предусмотрели функцию превью предпросмотр, которая позволяет определить нужность того или иного файла.",0,0,0,0,0,0
rus_train_track_a_02082,"Assimil, надо слушать и проговаривать, читая при этом книжку (pdf)",0,0,0,0,0,0
rus_train_track_a_02083,"всегда боялся ходить за результатами в больницу знаю, что ничего серьезного быть не должно, но всё равно боюсь начинается какая-то паранойя",0,0,1,0,0,0
rus_train_track_a_02084,а у меня папу могут созвать... Жутко страшно,0,0,1,0,0,0
rus_train_track_a_02085,"Вот черт. Автобус долго ждала, пробки везде, а Ками меня ждет(((",0,0,0,0,1,0
rus_train_track_a_02086,"Только политическая полукультура породила революции и их идеи, которые она поддерживает и развивает.",0,0,0,0,0,0
rus_train_track_a_02087,"убей ее, хозяй. Убей и сожги. Как ведьму",1,0,0,0,0,0
rus_train_track_a_02088,у вас нормально вк работает???? У меня лагает пострашному.....ааа,1,0,0,0,0,0
rus_train_track_a_02089,Это супер вечер!!я с моим милым песиком!!!#мопс #мимими #пермь #вечер,0,0,0,1,0,0
rus_train_track_a_02090,"Есть три вещи, которые не возвращаются обратно: время, слово и возможность.",0,0,0,0,0,0
rus_train_track_a_02091,"Я не знаю что будет дальше, мне страшно",0,0,1,0,0,0
rus_train_track_a_02092,я полнейший лох...столько всего пропустить из-за болезни (((,0,0,0,0,1,0
rus_train_track_a_02093,любая падла ответит за слёзы близких!!!!!! #AutoFollowBack,1,0,0,0,0,0
rus_train_track_a_02094,терпеть тебя не могу!!,1,1,0,0,0,0
rus_train_track_a_02095,осталось три месяца до юбилея,0,0,0,0,0,0
rus_train_track_a_02096,"Новый год скора,а новогоднего настроения нет #пиздец",0,0,0,0,1,0
rus_train_track_a_02097,"Отвратное настроение, не хочется ни с кем разговаривать. Так что закрыть всё и #movietime",0,0,0,0,1,0
rus_train_track_a_02098,"Нет, не грузится КранчБанг :((( Индикатор загрузки доходит до конца и пустой экран",0,0,0,0,1,0
rus_train_track_a_02099,че то я заебался !!!,0,0,0,0,1,0
rus_train_track_a_02100,"что за пиздец происходит? даже страшно выйти на улицу, вдруг еще какой-нибудь уебан захочет взорваться во имя аллаха",1,0,1,0,0,0
rus_train_track_a_02101,бесят такие уебки!,1,0,0,0,0,0
rus_train_track_a_02102,"все, иди в _опу тетя ася, ЗАДОЛБАЛА!!!",1,0,0,0,0,0
rus_train_track_a_02103,"воу, пловец с: молодиц чувак, уважуха с:",0,0,0,0,0,1
rus_train_track_a_02104,Очень плохо мне и сейчас((((,0,0,0,0,1,0
rus_train_track_a_02105,Аааауф!! Какая песняяяяяя! Наргииииз!,0,0,0,1,0,0
rus_train_track_a_02106,Смогу его сделать только с другого сайта..,0,0,0,0,0,0
rus_train_track_a_02107,Сука!я из-за нее поссорилась с двумя людьми!,1,0,0,0,0,0
rus_train_track_a_02108,я в шоке от прогресса... вот это да... вот это стамбульский загс!,0,0,0,0,0,1
rus_train_track_a_02109,Врач — философ; ведь нет большой разницы между мудростью и медициной.,0,0,0,0,0,0
rus_train_track_a_02110,"Никогда не рассказывай людям о своих планах. Просто бери и делай. Пусть они удивляются от результатов, а не от болтовни.",0,0,0,0,0,0
rus_train_track_a_02111,"В жизни настоящий друг – один. Остальные – так или иначе, просто хорошие знакомые и люди, просто в данный момент находящиеся около тебя.",0,0,0,0,0,0
rus_train_track_a_02112,неужели<3,0,0,0,0,0,1
rus_train_track_a_02113,на Рождество тут особенно волшебно:)),0,0,0,1,0,0
rus_train_track_a_02114,умри сука,1,0,0,0,0,0
rus_train_track_a_02115,"Мне страшно звонить маме, страшно услышать не то, что хочу, еще и на строение испортит",0,0,1,0,0,0
rus_train_track_a_02116,"меня до сих пор всю трясёт. Мне так плохо, я так обосралась",0,0,1,0,0,0
rus_train_track_a_02117,после установления неких пакетов уведомления КДЕ теперь отвратно гномские:(( как бы все вернуть обратно :(((,0,1,0,0,1,0
rus_train_track_a_02118,"— Вау, дорогой, и где же ты научился ТАК делать куннилингус?   — Где, где...",0,0,0,0,0,1
rus_train_track_a_02119,"Узнала,что у Вигго Мортенсена,играющего роль Арагорна в Властелине колец,день рождения в один день с моим *_*  Потрясающее чувство",0,0,0,1,0,1
rus_train_track_a_02120,"Разрежу ебало скальпием, оболью бензином,подпалю, и выкину с окна.",1,0,0,0,0,0
rus_train_track_a_02121,"Чтобы выспаться, мне нужно 24 часа беспрерывного сна",0,0,0,0,0,0
rus_train_track_a_02122,"посмотрела я эти видео,о которых мне сегодня говорили дамы.и охерела. это ужасно мерзко",0,1,0,0,0,0
rus_train_track_a_02123,"У каждого бывали такие случаи, когда нужно быстро скоротать время в очереди или в ожидании чего-либо.",0,0,0,0,0,0
rus_train_track_a_02124,"Имейте ввиду, что тест по гисте пересдавать нельзя. Я в яме и мне конец. #приятные_новости #ахуенное_утро #пиздец",0,0,1,0,1,0
rus_train_track_a_02125,"Будьте осторожны при разработке в режиме --reload, этот режим хорош и очень удобен, но за удобство надо платить.",0,0,0,0,0,0
rus_train_track_a_02126,"Если бы, знаете, к трудолюбию прибавить образование, а к образованию трудолюбие… © Антон Павлович Чехов. Три сестры",0,0,0,0,0,0
rus_train_track_a_02127,"Уроки, задания, самостоятельные, контрольные, зачеты, экзамены, исправление оценок... ХВАТИТ ЭТО ТЕРПЕТЬ!",1,0,0,0,0,0
rus_train_track_a_02128,ну Мария Я такого не ожидала,0,0,0,0,0,1
rus_train_track_a_02129,"всегда знала что он убежит, НУ ПОЧЕМУ, ПОЧЕМУ, ПОЧЕМУ???? я не сломала ему ноги((((",1,0,0,0,1,0
rus_train_track_a_02130,отвратительное начало дня. отвратительная новость. блять как в воду глядела,1,1,0,0,0,0
rus_train_track_a_02131,Заебало сидеть на лекции по химии,1,0,0,0,0,0
rus_train_track_a_02132,"Отличный вечер с сонькой,олей,майклом и его друзьями!!! Выпили,поели,поболтали,пофоткались и все время ржалии!:)блин нереальные эмоции любви",0,0,0,1,0,0
rus_train_track_a_02133,"Не хочется грешить, но злость так сама из меня прет.",1,0,0,0,0,0
rus_train_track_a_02134,Всю неделю ждала это время ❤️❤️❤️,0,0,0,1,0,0
rus_train_track_a_02135,Я боюсь в школу идти. Конец года. Хулиард контрольных. Зомби-учителя. Смерть.,0,0,1,0,0,0
rus_train_track_a_02136,"Самое ужасное, что есть в музыке - это ремиксы",0,1,0,0,0,0
rus_train_track_a_02137,"Хороший практикующий юрист – это стратег, который может разработать единую линию защиты клиента и тактик, способный гибко менять это линию",0,0,0,0,0,0
rus_train_track_a_02138,прочее иначе сознательно. разрешено ssd определить vertex 4 напрмер,0,0,0,0,0,0
rus_train_track_a_02139,пальчики болят:((((( два часа репетиции......,0,0,0,0,1,0
rus_train_track_a_02140,и пришёл судный день.! Завтра Дипломная..(((,0,0,1,0,1,0
rus_train_track_a_02141,жесть ...сегодня так коленки дрожалиЪ,0,0,1,0,0,0
rus_train_track_a_02142,"спасиба, спасиба сссс:",0,0,0,1,0,0
rus_train_track_a_02143,Ого! Кто то тоже будет ждать 2 года до 4 сезона! :D,0,0,0,1,0,1
rus_train_track_a_02144,"бля,не ты одна((((9",0,0,0,0,1,0
rus_train_track_a_02145,"бесят те, кто пишет про EXO, типо ""одни смазливые лица, нету ни одного нормального, бесят бесят они везде"". ЗАЕБАЛИ. СЪЕБИТЕСЬ УЖЕ",1,0,0,0,0,0
rus_train_track_a_02146,"ты написала мЭнфил, вау",0,0,0,0,0,1
rus_train_track_a_02147,Общая продолжительность сновидений в среднем составляет от одного до двух часов.,0,0,0,0,0,0
rus_train_track_a_02148,Ксюша пришла на помощь! #лекарство #сестра #сестринскаяпомощь,0,0,0,1,0,0
rus_train_track_a_02149,удалила его из друзей.да пошел он нахер!,1,0,0,0,0,0
rus_train_track_a_02150,Идеальный вечер,0,0,0,1,0,0
rus_train_track_a_02151,"Так волнуюсь, будто сама на сцену выйти должна. Страшно(",0,0,1,0,0,0
rus_train_track_a_02152,"Если ты встретил трудности, значит ты на правильном пути,",0,0,0,0,0,0
rus_train_track_a_02153,"я быс удовольствием, но я на работе(((",0,0,0,0,1,0
rus_train_track_a_02154,в этой жизни стоит надеяться только на себя..........доверять можно тоже только себе.......(((((((((((((,0,0,0,0,1,0
rus_train_track_a_02155,"Люди, постящие в Твиттер и Инстаграм фотографии пакетов с трупами, вы отвратительны!",0,1,0,0,0,0
rus_train_track_a_02156,"Какой же  этот #янукович тупорылый!! Сидит людям лапшу на уши вешает,а те слушают его с умными лицами",1,1,0,0,0,0
rus_train_track_a_02157,"-Ты уже достала со своим Шерлоком, сериал говно -Ты ниразу его не смотрела -И что? -",1,0,0,0,0,0
rus_train_track_a_02158,"лас вегас,наверное,самое отвратительное место на земле.по крайней мере сейчас в моих глазах всё именно так.",0,1,0,0,0,0
rus_train_track_a_02159,некоторые странные личности не перестают удивлять _до_гнева,1,0,0,0,0,1
rus_train_track_a_02160,"Есть разные степени реализации, или единства с Богом.",0,0,0,0,0,0
rus_train_track_a_02161,"Я так рада за свою маленькую Настюшу,она счастливая,светиться от радости.Прям чувствую ее эмоции,это прекрасно,что с…",0,0,0,1,0,0
rus_train_track_a_02162,"Солнце, море, Мечта!!!",0,0,0,1,0,0
rus_train_track_a_02163,"ну вас нахуй, я уебываю",1,0,0,0,0,0
rus_train_track_a_02164,"Как же я ненавижу географию, и эту учительницу, которая постоянно презирает меня. Раздражает, выводит,",1,0,0,0,0,0
rus_train_track_a_02165,вауууу с:,0,0,0,1,0,1
rus_train_track_a_02166,Я БЛЯ ЦЕЛЫЙ ЧАС СТОЯЛА ЧТОБЫ ОТПРАВИТЬ БАНДЕРОЛЬ В АМЕРИКУ!!,1,0,0,0,0,0
rus_train_track_a_02167,"Не бойтесь того, что ваша жизнь должна окончиться, бойтесь того, что она так и не начнется.",0,0,0,0,0,0
rus_train_track_a_02168,"сказать, что я удивлён - ничего не сказать",0,0,0,0,0,1
rus_train_track_a_02169,"Глава 25 Взгляд Мэтта в ужасе метался между распростертой фигурой Бонни, именем на полу и бледным лицом Елены.",0,0,1,0,0,0
rus_train_track_a_02170,У на щас в городе идет снег!!!! Снег!!!!,0,0,0,1,0,1
rus_train_track_a_02171,я злюсь ребята не пишите цифрами нууу #EXADirectioners,1,0,0,0,0,0
rus_train_track_a_02172,У нас в офисе все плохо!!!,0,0,0,0,1,0
rus_train_track_a_02173,Наргиз и нервана!!!-ты крутая!!)*,0,0,0,1,0,0
rus_train_track_a_02174,"в четверг 12 декабря открытие!!! вот и та самая ""вечеринка года""!!!!",0,0,0,1,0,0
rus_train_track_a_02175,"Я боюсь на свете одного, того что я приду однажды домой, скажу ""мам я дома"", а в ответ услышу только тишину.",0,0,1,0,0,0
rus_train_track_a_02176,От одного имени этого человека меня блевать тянет.,0,1,0,0,0,0
rus_train_track_a_02177,"выходные пройдут на ураа!!! особенно с теми,с кем не виделась очень )давно,больше месяца",0,0,0,1,0,0
rus_train_track_a_02178,очень и очень скучноо:((((,0,0,0,0,1,0
rus_train_track_a_02179,Во сне одногруппница пыталась меня задушить. Не отпускайте ей! Мне страшно :(,0,0,1,0,0,0
rus_train_track_a_02180,Сегодня именно так  Доброе утро ☕️,0,0,0,1,0,0
rus_train_track_a_02181,"Я все время боюсь, что навязываюсь людям. Что лишний раз надоедаю им. И мне страшно однажды услышать ""ты мне надоел"" от близк…",0,0,1,0,1,0
rus_train_track_a_02182,"Мать сказала что я тупая, сказала что когда 18 будет выкинет из дома, я чувствую себя отбросом общества.. Говно",0,0,0,0,1,0
rus_train_track_a_02183,Мне страшно. Мне очень страшно.,0,0,1,0,0,0
rus_train_track_a_02184,Спасибо за отлично проведённое время моим курочкам @<username>  @<username> и @<username> по чаще бы так,0,0,0,1,0,0
rus_train_track_a_02185,"Блять, я объявляю этот день кровавым днем",1,0,0,0,0,0
rus_train_track_a_02186,И это только за сегодняшний день,0,0,0,0,0,0
rus_train_track_a_02187,#Наргиз #Закирова самая лучшая!!! Всем сердцем болеем только за тебя!!!xxxx,0,0,0,1,0,0
rus_train_track_a_02188,"возможно придется немного сдвигать время в зависимости от количества участников записавшихся в то или иное место, и количества товара на",0,0,0,0,0,0
rus_train_track_a_02189,"Нет предела таланту человека!!! Еще и платье для Юлии смоделировал!) Кстати, очень красивое получилось)",0,0,0,1,0,1
rus_train_track_a_02190,Украсила свою кроватку;) #красота,0,0,0,1,0,0
rus_train_track_a_02191,страшный сон моей студенческой юности,0,0,1,0,0,0
rus_train_track_a_02192,"Сегодня #яумамымолодец получил досрочно зачет по английскому,и наконец-то защитил курсовую по эк.теории на отлично! #похвалюшки",0,0,0,1,0,0
rus_train_track_a_02193,"Знаете,болеть вообще не прикольно((((Еще это реферат,будь он неладен((",0,0,0,0,1,0
rus_train_track_a_02194,Осталось подождать их 5 минут,0,0,0,0,0,0
rus_train_track_a_02195,папа дал денег : )счастье,0,0,0,1,0,0
rus_train_track_a_02196,Сука я зол,1,0,0,0,0,0
rus_train_track_a_02197,зачем же я тебя послушала!((((((((((,0,0,0,0,1,0
rus_train_track_a_02198,Завтра походу будет ужасный день(,0,0,1,0,1,0
rus_train_track_a_02199,"События на площади вызывают, конечно, смешанные чувства. Примерно как смешать дерьмо с мочой.",0,1,0,0,0,0
rus_train_track_a_02200,Объясните зачем ставить себя на шапку бля,1,0,0,0,0,1
rus_train_track_a_02201,"ВЕРНИ ГРУППУ И ПРЫГАЙ ДВА ЧАСА, СУКА, ВЕРНИ ФОРМУ, И ВЕРНИ ГРУППУ ЗА ОДНО",1,0,0,0,0,0
rus_train_track_a_02202,Как меня все бесит><,1,0,0,0,0,0
rus_train_track_a_02203,"Само собой, половина этих вопросов примерно такие:",0,0,0,0,0,0
rus_train_track_a_02204,"Почему отвратное чувство юмора у одного человека, а страдать из-за него должен другой?",0,1,0,0,0,0
rus_train_track_a_02205,"Это так страшно когда остаются только фотографии ...а человека уже нет.... Цените тех, кто рядом!",0,0,1,0,1,0
rus_train_track_a_02206,"этот отвратительный момент, когда тебе плохо, а всем вокруг весело",0,0,0,0,1,0
rus_train_track_a_02207,"ахах, спасибо, я вся в смущашках",0,0,0,1,0,0
rus_train_track_a_02208,"огоо,так ты уже професионал :D тогда точно бояться не надо,тогда точно все хорошо будет с: всегда жи все хорошо было?)",0,0,0,0,0,1
rus_train_track_a_02209,Самое ужасное что недавно она начала смотреть Гли. И это переполнило мою чашу терпения.,1,0,0,0,0,0
rus_train_track_a_02210,Gangnam style даже на новогодней елки!!! Я в шоке..,0,0,0,0,0,1
rus_train_track_a_02211,дохуя смелый что ли?,1,0,0,0,0,1
rus_train_track_a_02212,"Можно сказать, что мы сами себя накручиваем, но всё равно страшно.",0,0,1,0,0,0
rus_train_track_a_02213,Воспитание — лучший припас к старости.,0,0,0,0,0,0
rus_train_track_a_02214,"—вы являетесь членом онф с момента его зарождения, то есть уже два года",0,0,0,0,0,0
rus_train_track_a_02215,"Удалить 119 топиков-спам с сайта, появившихся за 2 дня DONE!!! Примеры были выше #бесит",1,0,0,0,0,0
rus_train_track_a_02216,"Опять простыла....!!!;(Все гуляют,катают,тусуют,а я!;(((Что за невезение!!!",0,0,0,0,1,0
rus_train_track_a_02217,не могу поверить что сегодня последний концерт(((( жаль что я так и не смогла попасть на концерт #BelieveTourMemories,0,0,0,0,1,0
rus_train_track_a_02218,Я балдею...)) #кхл #кхлтв #хоккей #кубокпервогоканалапохоккею #сочи2014,0,0,0,1,0,0
rus_train_track_a_02219,родители не идут на собрание),0,0,0,1,0,0
rus_train_track_a_02220,Даже не верится ааааааа,0,0,0,0,0,1
rus_train_track_a_02221,Зайти в Facebook одним касанием,0,0,0,0,0,0
rus_train_track_a_02222,Ска.. Как это бесит,1,0,0,0,0,0
rus_train_track_a_02223,"Я считаю, что основные вещи дорогостоящие, которые мы должны отслеживать, они все сегодня уже есть в декларации",0,0,0,0,0,0
rus_train_track_a_02224,Ощущение собственной бесполезности - отвратительно. Избегайте по возможности.,0,1,0,0,0,0
rus_train_track_a_02225,"Так что для сайтов выгодно размещать банки курсовых, а вот для студентов не слишком удобно, когда много сайтов размещают сходные работы.",0,0,0,0,0,0
rus_train_track_a_02226,"Поражаюсь своему начальству. Что угодно, лишь бы я без дела ни секунды не была.",0,0,0,0,0,1
rus_train_track_a_02227,"Мне совершенно не нравится время в котором я живу. Тут даже дело не столько в самом времени, а в людях, а люди сейчас просто отвратительны",0,1,0,0,0,0
rus_train_track_a_02228,не дай Бог!! У многих такой ужас снится((,0,0,1,0,0,0
rus_train_track_a_02229,"Великие знамениты не своей сексуальной принадлежностью, а тем, что они успели сделать в жизни, какой след оставили.",0,0,0,0,0,0
rus_train_track_a_02230,Больше ничего и не нужно #gta5,0,0,0,1,0,0
rus_train_track_a_02231,"- ФУ, иди переоденься мамбетка. Голову помой и еще слой тоналки сделай",0,1,0,0,0,0
rus_train_track_a_02232,"Этому городу не требуются стены для защиты, он сам является собой стеной. И попасть в него еще не каждый смог. Пока что.",0,0,0,0,0,0
rus_train_track_a_02233,"Решила нарисовать портрет старика, взяла фотку деда. Теперь сижу рыдаю, потому что он не получился((((",0,0,0,0,1,0
rus_train_track_a_02234,"Гайды будут на всех персонажей, когда они выйдут - это только вопрос времени",0,0,0,0,0,0
rus_train_track_a_02235,Заканчиваю тему #море этим эмоциональным снимком #свадьба_на_пляже  /  / #белое #пляж #люди #улыбки #сва..,0,0,0,1,0,0
rus_train_track_a_02236,"ура!!! у меня. похоже, не отключили локальное кольцо!!!11",0,0,0,1,0,0
rus_train_track_a_02237,уже врядли мне пригодятся утилиты автоустановки программ,0,0,0,0,0,0
rus_train_track_a_02238,а что ты вытворял.....омг.....Q__________________Q,0,0,0,0,0,1
rus_train_track_a_02239,"ого, это событие!",0,0,0,0,0,1
rus_train_track_a_02240,Ой всегда боюсь чтр мой пьяный баты может ударить или еще чено хуже!,0,0,1,0,0,0
rus_train_track_a_02241,"отношения строили так долго,а разрушили всё за пять минут((((( #RU_FF",0,0,0,0,1,0
rus_train_track_a_02242,"В стране пиздец, а мы творим газету на 23 февраля однокласникам. #пиздец",1,0,0,0,1,0
rus_train_track_a_02243,"Почему мне так мерзко от существования водолея. Ах да, потому что она цисгендерная сексистка, прославляющая культуру изнасилования",0,1,0,0,0,0
rus_train_track_a_02244,юхуу...в школу завтра не йду))),0,0,0,1,0,0
rus_train_track_a_02245,"Печалька,что вместо торса,как у @<username> я могу похвастаться только талией в 65см. Почемуууу я такой худой и массоненабирающий?(((",0,0,0,0,1,0
rus_train_track_a_02246,разве? Я даже не заметила :D,0,0,0,0,0,1
rus_train_track_a_02247,большей мерзости я не ела никогда. ФУ.,0,1,0,0,0,0
rus_train_track_a_02248,"Вот услышал тут про так называемый микро-кредит данного банка, был ошарашен.Сумма кредита: до 30 000 долларов США в рублевом эквивалентеСрок",0,0,0,0,0,1
rus_train_track_a_02249,"надо было скорую вызывать сразу же, а я испугалась врачей подумала, вдруг они мне что-нибудь левое воткнут",0,0,1,0,0,0
rus_train_track_a_02250,Может у кого нибудь с района есть черная шляпа? Я все отдам,0,0,0,0,0,0
rus_train_track_a_02251,- Блин так бесят люди которые безграмотно пишут!,1,0,0,0,0,0
rus_train_track_a_02252,Мою принадлежность к женскому полу можно определить только по истории запросов в яндексе,0,0,0,0,0,0
rus_train_track_a_02253,"хочу новогодний фотосет,но денег нет....(((((",0,0,0,0,1,0
rus_train_track_a_02254,"На данном этапе жизни я больше всего боюсь потерять тебя. Меня это пугает. Ведь я и представить себе не могла, что могу так сильно полюбить.",0,0,1,0,0,0
rus_train_track_a_02255,Сука Заебала эта черная полоса!! Съебись уже!!! Потеряла сразу 2 родных человека!!!!!!!(((((((((((((((((((((,1,0,0,0,1,0
rus_train_track_a_02256,оч приятно,0,0,0,1,0,0
rus_train_track_a_02257,ужас((((,0,0,1,0,1,0
rus_train_track_a_02258,"Вау, и что произошло вечером? :з У меня так, норм",0,0,0,0,0,1
rus_train_track_a_02259,Ой эт телка так круто нирвану спела!!,0,0,0,1,0,0
rus_train_track_a_02260,"Когда я вижу человека с кассетой, мне становится жутко",0,0,1,0,0,0
rus_train_track_a_02261,Ты тупая пизда.,1,0,0,0,0,0
rus_train_track_a_02262,Сегодня у нас Амина ночевать будет:),0,0,0,1,0,0
rus_train_track_a_02263,"Я вот хуй знает, как исправлять эти ебучие оценки, в пизду",1,0,0,0,0,0
rus_train_track_a_02264,жилищно-коммунальное хозяйство карелии ожидают серьезные новации,0,0,0,0,0,0
rus_train_track_a_02265,"Афигеть, я в шоке! Мы с Алёной уже который раз одно и то же одновременно говорим",0,0,0,0,0,1
rus_train_track_a_02266,"Инструкция Как скачать Сериал, или отдельные серии сериала.",0,0,0,0,0,0
rus_train_track_a_02267,"первая фоточка ^^,",0,0,0,1,0,0
rus_train_track_a_02268,"сервер фикбука, хватит перезагружаться!",1,0,0,0,0,0
rus_train_track_a_02269,"Свой первый приступ страха я запомнила на всю жизнь : через 5 минут охватила сумасшедшая паника и ощущение,что смерть с косой уже стоит за плечами. Я боюсь этого снова",0,0,1,0,0,0
rus_train_track_a_02270,Видео и последние выпуски Дом 2 не хранятся на сервере этого ресурса.,0,0,0,0,0,0
rus_train_track_a_02271,Сюрприз от коллег однако. Не ожидал. Честно.,0,0,0,0,0,1
rus_train_track_a_02272,"Я посмотрела oldboy! Это пиздец, я поражен! @<username> Я вышла под впечатлением.",0,0,0,0,0,1
rus_train_track_a_02273,Наргиз-умницаааааа!!!!Обожаю,0,0,0,1,0,0
rus_train_track_a_02274,Бл как бесят эти придурки которые стоят в подъезде пьют пиво и орут матом на весь подъезд,1,1,0,0,0,0
rus_train_track_a_02275,"чтобы научить детей анонимному, можно использовать падающую сталь.",0,0,0,0,0,0
rus_train_track_a_02276,Папа приехал ко мнеееееее *о*,0,0,0,1,0,0
rus_train_track_a_02277,безумно сложно исправлять ебаные оценки!!! #устала #пиздец #ебанаяшкола,1,0,0,0,1,0
rus_train_track_a_02278,Как только зайду с компа надо будет обязательно посмотреть фотки с зимней смены,0,0,0,0,0,0
rus_train_track_a_02279,"говорят, левых встреч не бывает но если мы встретились, значит так было нужно",0,0,0,0,0,0
rus_train_track_a_02280,В поле для ввода укажите папку с игрой.,0,0,0,0,0,0
rus_train_track_a_02281,"Скорее всего мне надо просто прямо говорить,иначе я пытаюсь что-то исправить",0,0,0,0,0,0
rus_train_track_a_02282,Первых двух уроков нет:),0,0,0,1,0,0
rus_train_track_a_02283,"поезд блядь. Все орут, все ходят каждый тебя цепляет сумками У МЕНЯ Ж БОКОВОЕ",1,0,0,0,0,0
rus_train_track_a_02284,"ёбушки воробушки парни,у меня 5 по истории  счатьсеуспех",0,0,0,1,0,0
rus_train_track_a_02285,"Помните, что обязательно нужно указать свое имя и контакты, по которым с вами должны связаться.",0,0,0,0,0,0
rus_train_track_a_02286,"у пиздюков еще молоко на губах не обсохло, а понтов дохуища",1,0,0,0,0,0
rus_train_track_a_02287,у меня даже коленки тряслись/)),0,0,1,0,0,0
rus_train_track_a_02288,"Поверить не могу, что он так отозвался о положении Пита.",0,0,0,0,1,1
rus_train_track_a_02289,"Впереди будут отличные выходные,ведь на улице такая сказка!!!:)",0,0,0,1,0,0
rus_train_track_a_02290,"Вот же мелкая мразь, этот Омен!",1,1,0,0,0,0
rus_train_track_a_02291,"ты Дирик, Джонатик, Миксер, воооу. Давно не видел такого сочетания *¤*",0,0,0,0,0,1
rus_train_track_a_02292,Опять эти лекарство пить #пиздецблять,1,1,0,0,0,0
rus_train_track_a_02293,ого! а до какого числа это?,0,0,0,0,0,1
rus_train_track_a_02294,"пиздец, айфон в водку упал",0,0,0,0,1,0
rus_train_track_a_02295,"Вобла,нахуй послана!",1,0,0,0,0,0
rus_train_track_a_02296,"этот топик создаю специально для градан Украины, но участие могут принять все кто захочет. предлагаю обсудить что нам готовит правительство.",0,0,0,0,0,0
rus_train_track_a_02297,Я ТЕБЯ НЕНАВИЖУ!!!,1,0,0,0,0,0
rus_train_track_a_02298,"Я так скучаю по тому времени, когда я была не ленивой. Но было ли такое время? Даже не вспомню(((",0,0,0,0,1,0
rus_train_track_a_02299,#Братцраспались как жить после этого?((((,0,0,0,0,1,0
rus_train_track_a_02300,офигенски...походу из-за вчерашнего внезапного выключения света сгорел мой винт на 2 тб со всей инфой((((,0,0,0,0,1,0
rus_train_track_a_02301,Плюсы и минусы сразу есть только у батареек.,0,0,0,0,0,0
rus_train_track_a_02302,"Все, кто увидит это, пусть сделает #RT я вам посвящаю свой 15к♥ добра вам милые, пусть у вас все будет хорошо♥",0,0,0,1,0,0
rus_train_track_a_02303,"Конечно, часто это остается теорией.",0,0,0,0,0,0
rus_train_track_a_02304,"коко шанель считала, что колени самая некрасивая часть женского тела, и в этом я сней согласна.",0,0,0,0,0,0
rus_train_track_a_02305,"никогда не любила свою внешность и наверное никогда не смогу полюбить, ибо отражение в зеркале вызывает лишь отвращение.",0,1,0,0,0,0
rus_train_track_a_02306,видимо вообще ничего я не могу...я старался (((,0,0,0,0,1,0
rus_train_track_a_02307,поздравляю)))) Молодчина!!!!,0,0,0,1,0,0
rus_train_track_a_02308,как же мне не хочется  болеть(((,0,0,0,0,1,0
rus_train_track_a_02309,"в наружном порядке мало требований, изначально относящихся к временам видео.",0,0,0,0,0,0
rus_train_track_a_02310,Завтра опять на лыжиии. Тренер забрал единственный выходной(((,0,0,0,0,1,0
rus_train_track_a_02311,"Бесит, когда нахамишь преподу, а он: ""с мамой дома будешь так разговаривать"". Схуяли я так буду с мамой разговаривать? Уебок …",1,0,0,0,0,0
rus_train_track_a_02312,"Друзья, подскажите, пожалуйста, сервис какой-нибудь для одновременной правки текста симпатичнее Гуглодокументов.",0,0,0,0,0,0
rus_train_track_a_02313,Чуток переварила картофан. Но есть можно) Полет нормально,0,0,0,0,1,0
rus_train_track_a_02314,"Мне страшно. Я не знаю, что делать.  Руки сами собой опускаются.",0,0,1,0,0,0
rus_train_track_a_02315,"Время не лечит, время заполняет память другими событиями.",0,0,0,0,0,0
rus_train_track_a_02316,вах! А что это? Я не слышала никогда!,0,0,0,0,0,1
rus_train_track_a_02317,При обсуждении НГ вечеринки появилось праздничное настроение!,0,0,0,1,0,0
rus_train_track_a_02318,Аааа тишина грёбаная!! почему ты не можешь ходить быстрее!!??,1,0,0,0,0,0
rus_train_track_a_02319,ЕВГЕНИЙ отправил пользователю САША сообщение с телефонным номером для прямой связи,0,0,0,0,0,0
rus_train_track_a_02320,"Не поверите, мои знакомые провели свадьбу в #аквапарке . Это был незабываемый день и для нас #Ростов",0,0,0,1,0,0
rus_train_track_a_02321,"хотя вроде к нему без говна относилась как-то,но бля со стороны смотрю и вызывает отвращение.",0,1,0,0,0,0
rus_train_track_a_02322,"Конечно,как только надо на какие-нибудь массовые мероприятия рожа покрывается прыщами.",1,0,0,0,0,0
rus_train_track_a_02323,"Что вызывает раздражение: большой спорт, #олимпиада. Бурные обсуждения",1,0,0,0,0,0
rus_train_track_a_02324,Очень жалко.(((,0,0,0,0,1,0
rus_train_track_a_02325,"Ещё нет четырёх часов, а я уже сделала уроки.. Странно. _и_гордость",0,0,0,1,0,1
rus_train_track_a_02326,"Те же самые типы вмешательств, которые полезны для усиления контроля над эмоциями, также полезны и для усиления контроля над побуждениями.",0,0,0,0,0,0
rus_train_track_a_02327,"Любила новую школу пока не зашла в подслушано,столько желчи ещё ни где не видела,противно,ребят, как же низко вы пали!",0,1,0,0,0,0
rus_train_track_a_02328,"кАК же я не хочу ходить на эти курсы, пары конченные, но надо и я это понимаю(((",0,0,0,0,1,0
rus_train_track_a_02329,с наследством всегда тихий ужас! На что способы родственники ради наживы узнаешь сразу.,0,0,0,0,1,0
rus_train_track_a_02330,Великий Гэтсби потрясающий фильм!!! Просто нет слов!,0,0,0,1,0,0
rus_train_track_a_02331,"БОЖЕ МОООЙ, БАБЫ, НУ, КОГДА ВЫ УЖЕ УСПОКОЕТЕСЬ С ЭТИМ!?",1,0,0,0,0,1
rus_train_track_a_02332,мне как и в детстве страшно писать или говорить о своих планах и желаниях блядь потому что могут не сбыться.,0,0,1,0,0,0
rus_train_track_a_02333,"После недавно пережитого, я очень боюсь внезапных ночных телефонных звонков...",0,0,1,0,0,0
rus_train_track_a_02334,"Перечитывая сообщения от некоторых людей ,просто плююсь от их лживости.Фу.",1,1,0,0,0,0
rus_train_track_a_02335,вырвалось...  тройка бля по с.р. ненавижу БИОЛОГИЮ,1,1,0,0,0,0
rus_train_track_a_02336,Ненавижу!!!!,1,0,0,0,0,0
rus_train_track_a_02337,мне просто страшно,0,0,1,0,0,0
rus_train_track_a_02338,Страшно быть одному  Правду не зная  Страшно кричать в пустоту,0,0,1,0,0,0
rus_train_track_a_02339,Итог дня меня пугает.,0,0,1,0,0,0
rus_train_track_a_02340,"для оплаты нужно знать код платежа, который сервис сформирует и пришлет на почту и мобильный",0,0,0,0,0,0
rus_train_track_a_02341,Блин начали сниться сны( Не когда почти не снились ! А теперь можно сказать каждый день такое ! Мне это не нравиться ((((((((((,0,0,1,0,1,0
rus_train_track_a_02342,Сегодня разбирала свою комнату... Мама сказала все лишнее выбрасывать... А мне мои вещи жалко ((((( В них же хранится ПАМЯТЬ,0,0,0,0,1,0
rus_train_track_a_02343,"меня даже мать перестала целовать,потому что говорит что я отвратительна спасибо,мам люблю тебя",0,0,0,0,1,0
rus_train_track_a_02344,"ну не кидай ее фотки, прошу, мне страшно",0,0,1,0,0,0
rus_train_track_a_02345,Многие просто не обратили внимания на финансовую сторону вопроса.,0,0,0,0,0,0
rus_train_track_a_02346,надо же! купил poweramp на свой ведроид.,0,0,0,1,0,1
rus_train_track_a_02347,Сестра приедет на НГ +100 к настроению!!!))))))))),0,0,0,1,0,0
rus_train_track_a_02348,"мне уже страшно,блять",0,0,1,0,0,0
rus_train_track_a_02349,и меня не позвали:((((,0,0,0,0,1,0
rus_train_track_a_02350,Рейтинг WTA. Леся Цуренко поднялась на 60-ю строчку #новости #радость,0,0,0,1,0,0
rus_train_track_a_02351,"То счастье,когда двое твоих любимых актеров вместе уже больше года!!! Китнес(голодные Игры) и главный герой фильма ""тепло наших тел""..",0,0,0,1,0,0
rus_train_track_a_02352,yuri  Караул!!!США обесчестили российских дипломатов уличив их в мошенничестве с медицинскими...,0,0,1,0,0,0
rus_train_track_a_02353,#Голос  Наргиз!!! Ох. Закировская порода!!!!! Так еще и нирвану отмачивает !!!!,0,0,0,1,0,0
rus_train_track_a_02354,Почему никогда нет моего размера?((( жизнь боль,0,0,0,0,1,0
rus_train_track_a_02355,"Хватит пиздеть! Иди разбивай витрины, если ты социально против!",1,0,0,0,0,0
rus_train_track_a_02356,Ненавижу.  Ненавижу  Ненавижу.  Ненавижу.  Вы думаете что со мной.  А это утро понедельника.,1,0,0,0,0,0
rus_train_track_a_02357,((((( такая глухая боль..(((,0,0,0,0,1,0
rus_train_track_a_02358,Очень насыщенный и замечательный день,0,0,0,1,0,0
rus_train_track_a_02359,"ооооооо, великая кошка!!! большое спасибо, что оставила мне немного места на кровати и кусо",0,0,0,1,0,0
rus_train_track_a_02360,м е н я  и г н о р я т  в с е(((((,0,0,0,0,1,0
rus_train_track_a_02361,"Его даже зовут здесь тоже Френк!!!! Ланди, ты охерел?",1,0,0,0,0,1
rus_train_track_a_02362,"Есть только одна философия, хотя [у нее] тысяча школ, и имя этой философии – стойкость. Нести свой удел – значит побеждать.",0,0,0,0,0,0
rus_train_track_a_02363,Лучше бы я не сдала сегодня ничего. Так погано на душе.,0,0,0,0,1,0
rus_train_track_a_02364,Чтоб тебя оттрахали рогом единорога блять,1,0,0,0,0,0
rus_train_track_a_02365,"Никогда больше не буду стараться и поздравлять определенных личностей, нах нужно с таким отношением",1,0,0,0,0,0
rus_train_track_a_02366,едем на пробник #ебатькакстремн,0,0,1,0,0,0
rus_train_track_a_02367,"- Меня пугает мой ситтер, он делает страшные вещи",0,0,1,0,0,0
rus_train_track_a_02368,так мои руки ещё никогда не тряслись,0,0,1,0,0,0
rus_train_track_a_02369,Поваляюсь пару минут и дальше за дела приступаю,0,0,0,0,0,0
rus_train_track_a_02370,"Фу фу фу,как это некрасиво!",0,1,0,0,0,0
rus_train_track_a_02371,Cadillac позаботился о снижении ставки налога кроссовера SRX в России,0,0,0,0,0,0
rus_train_track_a_02372,"УРАААААААААААААААААААААААААААААААААААА :D наконец-то знаю где новый год отмечать :) да еще и в такой компании,еще и в нс,крутоооооо",0,0,0,1,0,0
rus_train_track_a_02373,Радостный играет с подарком #подарок #собака #такса #любимка,0,0,0,1,0,0
rus_train_track_a_02374,"когда все таки осознаешь, насколько неглубоки твои знания по алгебре, становится очень очень страшно",0,0,1,0,0,0
rus_train_track_a_02375,"Я не хочу идти спать.... пошто когда я проснусь, будет понедельник, а я так и не отдохнул... :(((",0,0,0,0,1,0
rus_train_track_a_02376,"новая глава дарка стоила столько ожиданий, я в полном шоке, удивляюсь такому таланту автора и переводчика конечно, шикарная глава *ООО*",0,0,0,0,0,1
rus_train_track_a_02377,Долгожданные водительские права!,0,0,0,1,0,0
rus_train_track_a_02378,"Сделала лучшей подруге подарок на др:з надеюсь,что ей понравится:з зная её,завтра я умру от обнимашек:з",0,0,0,1,0,0
rus_train_track_a_02379,"у меня сегодня ночью дошло до чистой паники. И было точное ощущение, что я кого-то сбросила со своего лица",0,0,1,0,0,0
rus_train_track_a_02380,"хнык-хнык, мне привезли не то пиво(((",0,0,0,0,1,0
rus_train_track_a_02381,"@<username> Но все же, родители единственные, кого я так сильно боюсь потерять.",0,0,1,0,0,0
rus_train_track_a_02382,"Как я рада,что с танцем все получается☺️",0,0,0,1,0,0
rus_train_track_a_02383,красивая!!!,0,0,0,1,0,0
rus_train_track_a_02384,ахахахахах ты чо скрывала от нас это??!!?,0,0,0,0,0,1
rus_train_track_a_02385,поменяешь себя - поменяешь и жизнь . всё в твоих руках,0,0,0,0,0,0
rus_train_track_a_02386,вот я за сольфеджио и боюсь...,0,0,1,0,0,0
rus_train_track_a_02387,"ТЫ ПОСМОТРЕЛ ВСЕ МОИ НОРМАЛЬНЫЕ ФОТКИ ПОЩИМУ ВСЁ ЕЩЁ ЗДЕСЬ,А?",0,0,0,0,0,1
rus_train_track_a_02388,"В этом учебном году все поменялось местами,перевернулось,все  совершенно по-другому!!!Дурдом!!",1,0,0,0,0,0
rus_train_track_a_02389,"надо учить историю, хоть 4 получу",0,0,0,0,0,0
rus_train_track_a_02390,ГОРЕ!!!!!!!!!!!!!!!!!!у меня горе!!!!!!!!!!!!!!!!!!!!!!!!!!!!!!!!!(((((((((((((((((((((((((((((((((((((((((((((((((((((((((((((((((((((((((,0,0,0,0,1,0
rus_train_track_a_02391,"Наихудшая вещь - это запретить тебе заботиться о чем-то, когда это для тебя - все, о чем ты думаешь.",0,0,0,0,1,0
rus_train_track_a_02392,В следующий раз только шорты,0,0,0,0,0,0
rus_train_track_a_02393,Меня замучила эта гребанная изжога!!! #сука,1,0,0,0,0,0
rus_train_track_a_02394,"однако, надо забэкапить всю нужную инфу. на всякий случай",0,0,0,0,0,0
rus_train_track_a_02395,"Домоооой, не было англ.яза)))",0,0,0,1,0,0
rus_train_track_a_02396,"Сознание Нестин - пока самая мерзкая штука, которую я видела в олдскуле Эти щупальца, боже правый о.о",1,1,0,0,0,0
rus_train_track_a_02397,может пора уже написать собственную книгу,0,0,0,0,0,0
rus_train_track_a_02398,"села не в ту электричку и уехала в софрино из хотьково, хотя мне это софрино в хуй не уперлось #ебатьялох",1,0,0,0,0,0
rus_train_track_a_02399,"МЕНЯ БЕСИТ НЕМЕЦКИЙ, ЗАЧЕМ ОН МНЕ? ВАНДИ ГОВОРЯТ НА АНГЛИЙСКОМ ВОТ Я ЕГО И УЧУ, А НЕМЕЦКИЙ ПШЕЛ НА Х*Й!",1,0,0,0,0,0
rus_train_track_a_02400,"АГА, СПАСИБО Я ЖЕ ТОЖЕ НЕ ВЫСПАЛСЯ((((",0,0,0,0,1,0
rus_train_track_a_02401,"Не жди удобного момента, а бери момент и делай его удобным.",0,0,0,0,0,0
rus_train_track_a_02402,"бля, вымогатель, посмотрю я на твою работу",1,0,0,0,0,0
rus_train_track_a_02403,"Буду все подключать, как вернусь домой.",0,0,0,0,0,0
rus_train_track_a_02404,Чувствую себя хуже некуда. А ведь завтра не суббота. И даже послезавтра не суббота. #ПИЗДЕЦВЕЩАЕТ,0,0,0,0,1,0
rus_train_track_a_02405,"Вот почему бы не попробовать прислушаться к тому, что тебе говорят люди не смотря на возраст.",0,0,0,0,0,0
rus_train_track_a_02406,Беситбесит,1,0,0,0,0,0
rus_train_track_a_02407,С наступающим) @<username>,0,0,0,1,0,0
rus_train_track_a_02408,"Думаю, Твиттер должен увидеть, как я буду готовиться к среде. Я буду публиковать по несколько фотографий с изменениями во мне до среды",0,0,0,0,0,0
rus_train_track_a_02409,никак не могу прочитать смс на телефоне.,0,0,0,0,0,0
rus_train_track_a_02410,вечерние милости,0,0,0,1,0,0
rus_train_track_a_02411,боюсь. потому что сама себе не верю,0,0,1,0,0,0
rus_train_track_a_02412,о боооже!,0,0,0,0,0,1
rus_train_track_a_02413,Мои глаза прошли и я снова себе нравлюсь))),0,0,0,1,0,0
rus_train_track_a_02414,"Финансовый планировщик может лучше оценить Ваше состояние, а потом разъяснить Вам, как стать инвестором четвертого уровня.",0,0,0,0,0,0
rus_train_track_a_02415,я боюсь идти в школу ибо мне пизда,0,0,1,0,0,0
rus_train_track_a_02416,Пополнение игрушек),0,0,0,1,0,0
rus_train_track_a_02417,Аааааааааа......Елаго.Боже. СПАСИБОСПАСИБОСПАСИБО!!!!!!!!!!!!!!!!!!,0,0,0,1,0,0
rus_train_track_a_02418,Блин... Ну это так было приятно! Добрый человечек!,0,0,0,1,0,0
rus_train_track_a_02419,Век живи - век учись.,0,0,0,0,0,0
rus_train_track_a_02420,"Поставил тестироваться проект под профилировщиком, пойду что ли посуду помою пока статистика собирается.",0,0,0,0,0,0
rus_train_track_a_02421,бесит… буээээээ,1,1,0,0,0,0
rus_train_track_a_02422,"Арбуз — это вода, а дыня — еда — восточная мудрость, вот. Смысл в том, что надо думать, когда и с чем сочетать дыню",0,0,0,0,0,0
rus_train_track_a_02423,"Сижу завтракую,и тут снег пошёл^^",0,0,0,1,0,1
rus_train_track_a_02424,"Малехо не понимаю, как из-за какого то парня может резко прекратиться женская дружба",0,0,0,0,0,1
rus_train_track_a_02425,кто???,0,0,0,0,0,1
rus_train_track_a_02426,Поищите другой источник,0,0,0,0,0,0
rus_train_track_a_02427,"Точного плана так и нет... Ну и пусть всё будет, как должно быть! #неопределенность",0,0,0,0,0,0
rus_train_track_a_02428,"(Паша плоохоо((( ты не заболей хоть Катя блин,Пашка,холодно так в квартире....)...",0,0,0,0,1,0
rus_train_track_a_02429,Слушаю песню  G-DRAGON feat. BOM – BLACK (Japanese Ver) от таких песен становиться грустно((((,0,0,0,0,1,0
rus_train_track_a_02430,АААААААА ЛЕНТААААА!! ЭТО ПИЗДЕЙШЕН!!! ААА ЧВАПРОЛДЖЖДЛОРПЫВАПРОЛД,0,0,0,1,0,0
rus_train_track_a_02431,Я так рада. что этот ебанутый год подходит к концу!,0,1,0,1,0,0
rus_train_track_a_02432,"Блять...мы тут сьюсайд слушаем, а к нам в класс забегают 11классники и орут на нас...тип приглашают на елку! #ПИЗДЕЦ",1,0,0,0,0,0
rus_train_track_a_02433,"Ненавижу качалку. Самый отвратительный спорт, если это спортом вообще можно назвать. без души и абсолютно без мозгов.",1,1,0,0,0,0
rus_train_track_a_02434,"нет. Я боюсь, дело вообще к войне :(((",0,0,1,0,0,0
rus_train_track_a_02435,Боюсь того что в Новый год я могу остаться один...,0,0,1,0,0,0
rus_train_track_a_02436,"Ну блин,что я буде делать целый год без него?? Кто буднт меня веселить? А самое обидное НГ будем справлять без него:((((",0,0,0,0,1,0
rus_train_track_a_02437,"Аеее, Нирвана!!!",0,0,0,1,0,0
rus_train_track_a_02438,БОЖЕ МОЙ ТОЛЬКО ЧТО УВИДЕЛА КАК @<username>  РЕКЛАМИРУЕТ ШАМПУНЬ ЛОШАДИНАЯ СИЛА!!!,0,0,0,0,0,1
rus_train_track_a_02439,а что если у меня руки из жопы растут?я не могу ни видео сделать ничего!:(((((((,0,0,0,0,1,0
rus_train_track_a_02440,я не плюю в пизду ебланка,1,0,0,0,0,0
rus_train_track_a_02441,не буду никому ниче отвечать я хочу пиздануть все что пиздится и пойду,1,0,0,0,0,0
rus_train_track_a_02442,"Наконец-то не только снежно, но и морозно! Здравствуй шубка ""мечта Снегурочки""!",0,0,0,1,0,0
rus_train_track_a_02443,"Если указать местоположение пользователя, программа по умолчанию масштабирует его.",0,0,0,0,0,0
rus_train_track_a_02444,Сегодня я видела город примерно так. Иметь зрение -6 иногда круто) очень красиво,0,0,0,1,0,0
rus_train_track_a_02445,"Как можно быть таким тупым,чтобы сказать ""ну ответь,ты уже спишь?"" Ебать если я сплю, как я сука отвечу!1!1!1!1!11!!",1,0,0,0,0,0
rus_train_track_a_02446,Круто!! Крутотень! Динозавры*____*,0,0,0,1,0,0
rus_train_track_a_02447,"что то грустно как то, ещё музыка такая((((((((печальная",0,0,0,0,1,0
rus_train_track_a_02448,ука настроения нет:(((,0,0,0,0,1,0
rus_train_track_a_02449,"Родные мои:** спасибо читателям, я люблю Вас:**   @<username>",0,0,0,1,0,0
rus_train_track_a_02450,"Душевная встреча как продолжение великолепного утра и предвестница веселого вечера,спасибо:) Всем пятницы, друзья!!!",0,0,0,1,0,0
rus_train_track_a_02451,Она тупая и все неправильно поняла!,1,0,0,0,0,0
rus_train_track_a_02452,"очень страшно признаваться себе в некоторых вещах, когда всю жизнь привыкаешь считать это невозможным и ""не твоим""",0,0,1,0,0,0
rus_train_track_a_02453,"Тошно смотреть на то,как люди на твоих глаза превращаются в дерьмо",1,1,0,0,0,0
rus_train_track_a_02454,"я блять самый ""счастливый"" и ""удачный"" человек в мире...(",0,0,0,0,1,0
rus_train_track_a_02455,Как я скучала по таким тренировкам,0,0,0,1,0,0
rus_train_track_a_02456,"ТВОЮ Ж МАТЬ, ЧТО ЭТО ТАКОЕ?? / #Борода",1,0,0,0,0,1
rus_train_track_a_02457,"я искренни ненавижу людей, которые воруют мои фразы. это мои, шлюхи, мое, блять!",1,0,0,0,0,0
rus_train_track_a_02458,"Все рассуждения и предположения сейчас схожи с гаданием на кофейной гуще, комментарии будут тогда, когда станут уместны.",0,0,0,0,0,0
rus_train_track_a_02459,уже?! Сколько парламент-то теперь у нас?,0,0,0,0,0,1
rus_train_track_a_02460,"А если даже это и правда, то их замыслы пока еще пребывают в фазе планирования и долго в этой стадии останутся.",0,0,0,0,0,0
rus_train_track_a_02461,"Как проснулась,отекло все лицо,жуткие боли в почках,температура одна и та же,и ведь,не сходит((( Ну за что мне все это? почему я???",0,0,0,0,1,0
rus_train_track_a_02462,"Крыса блеать. Поздравляю тебя, теперь общайся с ним хоть сколько. Мне же безразлично. Тварь тупая. Фу как бесишь ._.",1,1,0,0,0,0
rus_train_track_a_02463,"Последнюю неделю использую интернет только для того, чтобы вынюхивать все слухи о ""Шерлоке"", читаю все отзывы и все такое.",0,0,0,0,0,0
rus_train_track_a_02464,Установили WI-FI дома,0,0,0,0,0,0
rus_train_track_a_02465,#ура #красота #праздникпраздник,0,0,0,1,0,0
rus_train_track_a_02466,Наркоманские круги под глазами в дополнение к каждодневному отвратительному внешнему виду.,0,1,0,0,0,0
rus_train_track_a_02467,"бесит когда человек сам хочет приехать в твой город и уже договорились восколько, а потом я узнаю, что он приедет позже, потому что спит",1,0,0,0,0,0
rus_train_track_a_02468,Я сегодня снова увижу тебя! #яскучаюпотебеочень,0,0,0,1,0,0
rus_train_track_a_02469,"Погода отвратительная для бегов по лесу. Холодно, мерзко, туман. В самый раз, чтобы дома сидеть.",0,1,0,0,1,0
rus_train_track_a_02470,"Почему блять как каникулы , я сука просыпаюсь в 8:00 сука нахуй",1,0,0,0,0,1
rus_train_track_a_02471,"зачем !what! она же маленькая, а ты слон !what!",0,0,0,0,0,1
rus_train_track_a_02472,"Юноши, переходящие в старость мимо возмужалости, – отвратительны, как старички, которые хотят казаться юношами.",1,1,0,0,0,0
rus_train_track_a_02473,повторное воспроизведение звонка будет доступно в течение 14 дней с даты его проведения по следующим номерам: тел,0,0,0,0,0,0
rus_train_track_a_02474,У собаки так воняет изо рта! Фу. Даже смердит. Он будто трупов жрет,0,1,0,0,0,0
rus_train_track_a_02475,"Часть осталась с давних времен, сохранилась с детства, читал журнал с шести лет, с 1996 года (24-й был первым самолично купленным номером).",0,0,0,0,0,0
rus_train_track_a_02476,На будущее - не покупайте готовые смеси для выпечки. Ба как всегда отличилась,0,0,0,0,0,0
rus_train_track_a_02477,мне страшно,0,0,1,0,0,0
rus_train_track_a_02478,Бля на улице такое говно,0,1,0,0,1,0
rus_train_track_a_02479,Бля ну ты как сопля ей богу!!!! что за мужики пошли-.-,1,1,0,0,0,0
rus_train_track_a_02480,Если бы только мы могли повернуть время вспять.,0,0,0,0,0,0
rus_train_track_a_02481,"И так всегда было, и так всегда будет.",0,0,0,0,0,0
rus_train_track_a_02482,Огооо,0,0,0,0,0,1
rus_train_track_a_02483,"Убил десяток комаров перед сном, завтра куплю всевозможную хуйню против них, брызгалки, мазалки, вонялки. Достали нереально, кровососы!",1,0,0,0,0,0
rus_train_track_a_02484,"Ненавижу людей, у которых на стене нет записей! Я не понимаю, что любит этот человек, о чем думает и какую музыку слушает,…",1,0,0,0,0,0
rus_train_track_a_02485,"Будешь знать, как поступать дальше",0,0,0,0,0,0
rus_train_track_a_02486,"или смотреть видео в высоком качестве, то сможете воспользоваться стандартным предложением.",0,0,0,0,0,0
rus_train_track_a_02487,"Отвращение к таким людям,к-рые бросают своих детей.Особенно если ты сама загубила здоровье ребенка,тем самым испортив ему жизнь,кидаешь его",0,1,0,0,0,0
rus_train_track_a_02488,2 минуты?! Ого!!,0,0,0,0,0,1
rus_train_track_a_02489,Больше всего боюсь заразить сейчас родителей.,0,0,1,0,0,0
rus_train_track_a_02490,Почитал в Росбалте. Поражен(((.,0,0,0,0,1,1
rus_train_track_a_02491,"Все в этом мире меняются, но это не значит, что они становятся лучше чем были.Ты не можешь просто продолжать говорить и надеяться на лучшее.",0,0,0,0,1,0
rus_train_track_a_02492,"Это омерзительное чувство, когда тебя укачивает в машине",0,1,0,0,0,0
rus_train_track_a_02493,"Особенно под  ""Мьюз"" в наушниках,вообще доставляет :D #Пермь #пиздец #эротика",0,0,0,1,0,0
rus_train_track_a_02494,"Сериалы показывают нам как важен чай. Возьми например десятого Доктора, или Шелдона.",0,0,0,0,0,0
rus_train_track_a_02495,моя парикмахерша меня разочаровала(((,0,0,0,0,1,0
rus_train_track_a_02496,Утро добрым бывает☕️,0,0,0,1,0,0
rus_train_track_a_02497,"Всё...просто пошло всё нахер,всё пусть идут нахуй...сука нахуй так всё сложно...я устал...",1,0,0,0,1,0
rus_train_track_a_02498,"Одни пишут, что таких в России хватает.",0,0,0,0,0,0
rus_train_track_a_02499,В ебальник прилетел пакет с дороги. Обожаю ходить по старому центру Воронежа ПЕШКОМ,1,0,0,0,0,0
rus_train_track_a_02500,Ориентировку на Оксану Асланову еще в ноябре разослали во все регионы России. #Волгоград #теракт #чп,0,0,0,0,0,0
rus_train_track_a_02501,Надо добавить успокоительное в набор,0,0,0,0,0,0
rus_train_track_a_02502,Смотрим с мамой ужастик:3  #щастье,0,0,0,1,0,0
rus_train_track_a_02503,как???(((( растроился...,0,0,0,0,1,1
rus_train_track_a_02504,"так это ты была??? о боже, чуваак!! ты мой кумир!!! у меня этот скрин щас на заставке стоит!!",0,0,0,1,0,1
rus_train_track_a_02505,В пизду математику!!,1,0,0,0,0,0
rus_train_track_a_02506,"Почему люди,которые на самом деле отвратительны,считают себя идеальными?!вы просто плоские,бездушные куски мяса",1,1,0,0,0,0
rus_train_track_a_02507,"Ммм...какие у него глазки...лю их,а его в двойне лю...ток он этого не понимает...как же обидно!!!*(((",0,0,0,1,1,0
rus_train_track_a_02508,"Комаров жлоб вонючий, сука, падла, вот нахера было будить меня",1,0,0,0,0,0
rus_train_track_a_02509,Ненавижу безотвецтвиных людей,1,0,0,0,0,0
rus_train_track_a_02510,а меня удивляет удивление этой реакцией людей из СМИ - неужели такая реакция не очевидна для нашего общества?,0,0,0,0,0,1
rus_train_track_a_02511,Поменяли стекло в телефоне:),0,0,0,1,0,0
rus_train_track_a_02512,"не считая завтрашней поездки,меня можно поздравить с началом каникул ;) дааа!я будуу спаать и гуляять) #каникулы #новыйгод",0,0,0,1,0,0
rus_train_track_a_02513,я только что узнала про терракт в волгограде( 2ой за год( ужас. страшно за подругу которая там живет...,0,0,1,0,0,0
rus_train_track_a_02514,"Все такие правильные, просто пиздец! Сами же хотят делать то же самое.Фу, мерзко",1,1,0,0,0,0
rus_train_track_a_02515,"Совсем страшно стало тогда, когда я на самом деле оказался около этого дома.",0,0,1,0,0,0
rus_train_track_a_02516,Никогда бы не подумал что такое возможно но Одноклассники стали ещё омерзительней чем были,0,1,0,0,0,0
rus_train_track_a_02517,В школу не иду ураа,0,0,0,1,0,0
rus_train_track_a_02518,"Надо стараться, а времени нет((( #mtvstars One Direction",0,0,0,0,1,0
rus_train_track_a_02519,цены указаны на одного человека при двухместном размещении,0,0,0,0,0,0
rus_train_track_a_02520,Мы зато что бы расширять кругозор,0,0,0,0,0,0
rus_train_track_a_02521,"ну зачем,зачем она мне это рассказала(((...........",0,0,0,0,1,0
rus_train_track_a_02522,"Фу, одноклассники фанатеют от мдк.  фу, дерьмо.",0,1,0,0,0,0
rus_train_track_a_02523,"Да блять, вы заебала со своими #ПредновогодниеОбнимашки  :с",1,0,0,0,0,0
rus_train_track_a_02524,"ааааааа, ко мне Прайм добавилсяяяя!)))))))",0,0,0,1,0,0
rus_train_track_a_02525,Нужно меньше сидеть в соц сетях,0,0,0,0,0,0
rus_train_track_a_02526,Отвратительно организовали пресс конференцию Ходорковского. Давка и ужасно маленький зал.,0,1,0,0,0,0
rus_train_track_a_02527,Сильно нервничую и переживаю :с,0,0,1,0,0,0
rus_train_track_a_02528,"Если в дисководе нет дискеты, то операционная система выдаст сообщение и подсказку к действию.",0,0,0,0,0,0
rus_train_track_a_02529,Авторы могут создавать свои темы и выкладывать свои работы.,0,0,0,0,0,0
rus_train_track_a_02530,у меня только что за 5 минут скачалось 4 гига. я в шоке!,0,0,0,0,0,1
rus_train_track_a_02531,"Блять собралась спать думала без 5 одиннадцать, а оказалось без 5 десять #пиздец",1,0,0,0,0,1
rus_train_track_a_02532,Меня всего трясет...,0,0,1,0,0,0
rus_train_track_a_02533,СУКА Я ПРИЕДУ К КРИСУ И ПОБРЕЮ ЕГО КОТОВ НАЛЫСО НАХУЙ ИБО ШЕРСТЬ ШЕРСТЬ ШЕРСТЬ БЛЯТЬ ВЕЗДЕ СУКА Я БУДТО НЕ В КОФТЕ А В ШУБЕ НА…,1,0,0,0,0,0
rus_train_track_a_02534,Я погибаю((( Где все мои(((,0,0,0,0,1,0
rus_train_track_a_02535,"Хотя с утра было еще хуже. Какая-то женщина решила меня ""порадовать"" в начале дня. Мерзкая, отвратительная, вдобавок и хамло, фууууууууууу",0,1,0,0,0,0
rus_train_track_a_02536,"ДНК своими руками. Общая длина ДНК всех 46 хромосом одной клетки — около 2 м, а общая длина всех молекул ДНК человека — 1",0,0,0,0,0,0
rus_train_track_a_02537,"Вааау, реально? А есть фото этого Губкина? Уж очень интересно:DD",0,0,0,0,0,1
rus_train_track_a_02538,#зачётка) уррааа!) Последний #зачёт сдан!) #каникулы ^^,0,0,0,1,0,0
rus_train_track_a_02539,"Сегодня ветерок не холодный, а такой приятный.",0,0,0,1,0,0
rus_train_track_a_02540,"Охуеть, проснулась с настроением ""убить всех""",1,0,0,0,0,1
rus_train_track_a_02541,сейчас я могу писать только твиты о том как же меня все заебало,1,0,0,0,0,0
rus_train_track_a_02542,У меня отличное настроение,0,0,0,1,0,0
rus_train_track_a_02543,СУКАБЛЯТЬ!!!!!!!!!!!!!!!!!!!!!!!!!!!!!!!!!!!,1,0,0,0,0,0
rus_train_track_a_02544,"Горите в аду, анфолловеры",1,0,0,0,0,0
rus_train_track_a_02545,"мне становится омерзительно от одного лишь осознания того, что лживых и лицемерных личностей в этом мире подавляющее большинство",1,1,0,0,0,0
rus_train_track_a_02546,"да, да, да! полугодие без троек",0,0,0,1,0,0
rus_train_track_a_02547,"Единственное, что меня радует в это гнусное утро - кофе. И мысль о том, что я приду со школы и буду спать.",0,0,0,0,1,0
rus_train_track_a_02548,"ой,а вот такого я не ожидал",0,0,0,0,0,1
rus_train_track_a_02549,бесит когда ломается один наушник,1,0,0,0,0,0
rus_train_track_a_02550,Я НАШЕЛ В ЭТОМ ГОРОДЕ ТРИАДУ !!!!!!!!!11 FUCK YEAH!!!!  #30STM,0,0,0,1,0,1
rus_train_track_a_02551,"офигеть,мама уже собрала сумку,если вдруг придется ложиться в больницу мама,выздоравливай",0,0,0,0,0,1
rus_train_track_a_02552,Хорошее начало дня) с самого утра я счастлива,0,0,0,1,0,0
rus_train_track_a_02553,Это просто норма,0,0,0,0,0,0
rus_train_track_a_02554,ИДИОТКАА!!!! ДУРА ТУПАЯ!!!! ЕБАНУТАЯ!!!!! ВМАЗАТЬ ХОЧУ!!!!!,1,0,0,0,0,0
rus_train_track_a_02555,"Всё не вечно, все не вечны, у людей тоже есть срок годности=(((больно=(( 0",0,0,0,0,1,0
rus_train_track_a_02556,"#Дети — самое большое в моей жизни. И. Конечно, они — занозы в заднице, но я обожаю все про..  Мой первый твит))))) наконец-то дождалась  отправилась в Саратов....спасибо @<username> крутой человек...КрасавчиГ  :D  #уважуха #благодарность #приятности Дело всё просто в том, что я умничка!) И, когда у меня 3 экзамена, по 2 у Викули автомат, а тот один я сдала на 8!))) Уууиии Урааа! Я плакат с кемами купил!!!!!! о/черезкрай встретила старого знакомого в метро приеду домой - расскажу Защитник Филадельфии"" Павел Кубина оправился от травмы верхней части тела, из-за которой он пропустил последних семь матчей.",0,0,0,1,0,0
rus_train_track_a_02557,"Я хотел сказать что-то еще или завязать разговор, но мое беспокойство достигло невероятных масштабов.",0,0,1,0,0,0
rus_train_track_a_02558,как ей может быть 17 лет? она выглядит на 25,0,0,0,0,0,1
rus_train_track_a_02559,"Невыносимая боль.......ужасно колено болит, а завтра на треню надо:( #пиздец",0,0,0,0,1,0
rus_train_track_a_02560,ну вот что за жизнь ((пока ходила есть Ли заходил: (((((((((,0,0,0,0,1,0
rus_train_track_a_02561,"ух нехрена ж себе,какая попкааа",0,0,0,1,0,1
rus_train_track_a_02562,сейчас буду видео смотреть,0,0,0,0,0,0
rus_train_track_a_02563,"В банк поехал,заебался ждать эту карту",1,0,0,0,0,0
rus_train_track_a_02564,братья залили планшет соком..он не работает ((((((,0,0,0,0,1,0
rus_train_track_a_02565,"знаешь,омерзительно выглядит",0,1,0,0,0,0
rus_train_track_a_02566,"ПРЕКРАТИТЕ НА МЕНЯ ПОДПИСЫВАТЬСЯ, Я НЕНАВИЖУ ВСЕХ!!!!!!!!!!!",1,0,0,0,0,0
rus_train_track_a_02567,"Я всё время боюсь потерять тех, кого у меня толком нет.истина.",0,0,1,0,0,0
rus_train_track_a_02568,С отвращением срывал он с себя мокрую одежду.,0,1,0,0,0,0
rus_train_track_a_02569,воу воу!,0,0,0,0,0,1
rus_train_track_a_02570,суки. карту не прислали. теперь только 9 января. хер мне с билетами.,1,0,0,0,0,0
rus_train_track_a_02571,"Меня бесит то,что моя подруга повторяет за мной. Она слушает то,что я.Берет мои слова из МОЕГО словарного запаса СУЧКА…",1,0,0,0,0,0
rus_train_track_a_02572,Купила всем подарочки ай да я!,0,0,0,1,0,0
rus_train_track_a_02573,"порой начитаюсь страшных историй на ночь, а потом закрыть глаза боюсь.",0,0,1,0,0,0
rus_train_track_a_02574,"воу, ты же админ паблика в вк, да?",0,0,0,0,0,1
rus_train_track_a_02575,Сестра принесла питьевой шоколад. Так рад я не был уже давно. #семья,0,0,0,1,0,0
rus_train_track_a_02576,Снеееег,0,0,0,1,0,0
rus_train_track_a_02577,"А у  нас лимонами кидаются и эмаль скалывают, причиняя физическую боль. Очень страшно.",0,0,1,0,0,0
rus_train_track_a_02578,Мы приготовили борщ,0,0,0,0,0,0
rus_train_track_a_02579,как же меня хуевиит,0,0,0,0,1,0
rus_train_track_a_02580,Купила настолько мерзкий на запах крем для рукчто намазалась им и хочу отрезать себе руки,0,1,0,0,0,0
rus_train_track_a_02581,"2 попытка намного лучше,идеально я бы даже сказала",0,0,0,0,0,0
rus_train_track_a_02582,"Да как ты можешь пить чай с молоком, это же ужасно",0,1,0,0,0,0
rus_train_track_a_02583,"захлебнись в своём лицемерии, сучка сопливая",1,0,0,0,0,0
rus_train_track_a_02584,У меня есть 30 мин на все про все,0,0,0,0,0,0
rus_train_track_a_02585,"Ненавижу папки, и листы А4, и файлы. Файлы скользкие. Их трогать противно. 21 век же, ну.",0,1,0,0,0,0
rus_train_track_a_02586,"Ну привет, мерзкий-премерзкий город, ненаписанная курсовая и прочая гадость.",0,1,0,0,1,0
rus_train_track_a_02587,"ох,нифига себе. Ты был в школе, а я нееет",0,0,0,0,0,1
rus_train_track_a_02588,"Не люблю воскресенья...((( не работаю уже почти 4года, а привычка не любить понедельник и вечер воскресенья до сир пор осталась",0,0,0,0,1,0
rus_train_track_a_02589,"По домену можно найти владельца сайта, географическое расположение, его номер телефона и тд",0,0,0,0,0,0
rus_train_track_a_02590,Продолжаем  с Андреем тему про голубых и розовых,0,0,0,0,0,0
rus_train_track_a_02591,"Так, МНЕ ОЧЕНЬ СТРАШНО ЛЕТЕТЬ",0,0,1,0,0,0
rus_train_track_a_02592,Ура!! Завтра нет английского!,0,0,0,1,0,0
rus_train_track_a_02593,"Ну как вообще можно быть таким человеком? Как тебя уважать после такого? Фу, омерзительно.",0,1,0,0,0,0
rus_train_track_a_02594,зачемикал жить если можнакал умереть (((((((((((((,0,0,0,0,1,0
rus_train_track_a_02595,Наргиз ОХУИТЕЛЬНА!!!!!!!! #Голос,0,0,0,1,0,0
rus_train_track_a_02596,Я не попала на свой волейбол(((,0,0,0,0,1,0
rus_train_track_a_02597,"у мамы всегда нет настроения под новый год и в новый год ,ВСЕГДААА!!!тт.",1,0,0,0,1,0
rus_train_track_a_02598,"Какая то подмосковная падла гнилым ударом в спину отправила меня встречать НГ на больничную шконку вдалеке от семьи, родных и близких...",1,0,0,0,1,0
rus_train_track_a_02599,ЗАВТРА 5 УРОКОВ УУУУРАААААААА,0,0,0,1,0,0
rus_train_track_a_02600,Кондукторша села на мою сумку. СУКА!!!!!!,1,0,0,0,0,0
rus_train_track_a_02601,"серьеееезно? Интересно, а у нас как?",0,0,0,0,0,1
rus_train_track_a_02602,"На счет того где взять реквизиты: приходите в от деление банка и просите реквизиты, все просто.",0,0,0,0,0,0
rus_train_track_a_02603,"Воспоминания просто сжали  изнутри,комок в горле,слезы на глазах..из-за одной лишь фотографии(((",0,0,0,0,1,0
rus_train_track_a_02604,Напиши хоть пару слов краствых,0,0,0,0,0,0
rus_train_track_a_02605,"очень боюсь к кому - либо привязываться, но по другому у меня почему - то не выходит",0,0,1,0,1,0
rus_train_track_a_02606,"Как же бесит эта ебенячая погода, в зимней куртке жарко, в весенней холодно! #сука #пиздец #бесит",1,0,0,0,0,0
rus_train_track_a_02607,"Я до сих пор не посмотрела ""Голодные игры: И вспыхнет пламя"". Я лох, чмо!!! Надо бежать быстро",0,0,0,0,1,0
rus_train_track_a_02608,Насекомые такие мерзкие,0,1,0,0,0,0
rus_train_track_a_02609,бля физик-хуизик уже успел дастать меня,1,0,0,0,0,0
rus_train_track_a_02610,"Ира и Андрей приехали в гости со своей малышкой) бозе, какая она лапочка* #дети",0,0,0,1,0,0
rus_train_track_a_02611,"Старость хранит возможности не меньшие, чем юность, но в других одеждах. 0",0,0,0,0,0,0
rus_train_track_a_02612,"Главное не количество, а качество.",0,0,0,0,0,0
rus_train_track_a_02613,"блин,бесят шоу,где конкурсы красоты или талантов между маленькими детьми.да, давайте делать из них подонков и стерв!!!",1,0,0,0,0,0
rus_train_track_a_02614,Уходите!,1,0,0,0,0,0
rus_train_track_a_02615,"Так, что заранее нужно знать полный номер абонента",0,0,0,0,0,0
rus_train_track_a_02616,"Капец она идиотка... пишет что клип дерьмо, исполняя в нем главную роль!! Может он изза нее все таки такой?",1,0,0,0,0,0
rus_train_track_a_02617,"Я задаю тебе вопрос, ты на секунду поворачиваешься и тут же молча отворачиваешься. Тебе уебать?",1,0,0,0,0,0
rus_train_track_a_02618,МНЕ НРАВИИТСЯЯЯЯЯЯ!!! #Голос,0,0,0,1,0,0
rus_train_track_a_02619,Мне никогда в жизни не было так страшно,0,0,1,0,0,0
rus_train_track_a_02620,Радосте!!! Починили уже почти неделю не работавший рабочий биллинг. Теперь расходы маны на телепатию при общении с клиент,0,0,0,1,0,0
rus_train_track_a_02621,о! Ничегоссе!,0,0,0,0,0,1
rus_train_track_a_02622,Прекрасный вечер))) #Дети #релакс #семья #happy #smile,0,0,0,1,0,0
rus_train_track_a_02623,"Подведу итоги года: это был хуевый во всех смыслах год, пару раз было конечно ок, но это только передышка между ""всё совсем плохо""",0,0,0,0,1,0
rus_train_track_a_02624,Освобождение #террористов #только в Израиле выпускают убийц,1,0,0,0,0,0
rus_train_track_a_02625,Самый блять везучий человек эт я(((,0,0,0,0,1,0
rus_train_track_a_02626,"Все мама начинает выгонять Арсентия,мне страшно!!!",0,0,1,0,0,0
rus_train_track_a_02627,Я опять не могу лечь спать раньше!! .После сегодняшнего долгого пребывания на улице все горит изнутри,1,0,0,0,0,0
rus_train_track_a_02628,Обожаю такую геометрию  проболтали весь урок про ЕГЭ,0,0,0,1,0,0
rus_train_track_a_02629,У нас отвратительно не дружный класс,0,1,0,0,1,0
rus_train_track_a_02630,Отвращение ко всем своим фотографиям никогда меня не покинет.,0,1,0,0,0,0
rus_train_track_a_02631,Завтра в школу. #болт #тлен #смерть #муки #ненависть #ужас #пытки #убить #палач #слезы #безысходность  #helpme,0,0,0,0,1,0
rus_train_track_a_02632,"толпа пьяных животных готовится к новому году, пока я сижу здесь, за моим родным ноутбуком.",0,1,0,0,0,0
rus_train_track_a_02633,"У нас очень холодно -28, #пиздец.",1,0,0,0,1,0
rus_train_track_a_02634,это и есть тот Дарел?!,0,0,0,0,0,1
rus_train_track_a_02635,"Только мы так можем,только наш класс!!! Самый лучший и любимый❤❤❤ @ Средняя школа № 118",0,0,0,1,0,0
rus_train_track_a_02636,Как же тяжело работать в чисто женском коллективе! Хоть вешайся!!!,1,0,0,0,0,0
rus_train_track_a_02637,"Пздц мне страшно, последний зачет...",0,0,1,0,0,0
rus_train_track_a_02638,"В нашей команде таких нет и не будет. Все условия,  динамика работы и корпоративный дух, есть над чем работать.",0,0,0,0,0,0
rus_train_track_a_02639,"когда я говорил про федеральный тариф, я имел ввиду, что тариф сам федеральный, но условия его в разных регионах разные",0,0,0,0,0,0
rus_train_track_a_02640,"Ничего себе - 72 человека оставили в ОВД на ночь. Вот это действительно рекорд, которого не было с декабря 2011.",0,0,0,0,0,1
rus_train_track_a_02641,Новогодняя хуйня вконтаче уже заебала,1,0,0,0,0,0
rus_train_track_a_02642,"компания имеет корпоративные программы: обучение, компенсация гсм и мобильной связи",0,0,0,0,0,0
rus_train_track_a_02643,"в . Ничего себе. И он никогда не знал, что это было? Как он может зна",0,0,0,0,0,1
rus_train_track_a_02644,"У МЕНЯ ЕСТЬ НАСТЯ, А У ВАС НАСТИ НЕТУ, ЖИЗНЬ ПРОЖИЛИ ЗРЯ, ЛОХИ ЕБАНЫЕ",1,0,0,0,0,0
rus_train_track_a_02645,кого? :о,0,0,0,0,0,1
rus_train_track_a_02646,"Как в одну секунду,можно сразу обомлеть,одуреть и отупеть?!",0,0,0,0,0,1
rus_train_track_a_02647,"Вообще-то, я могу и обидеться. Ты совершенно не умеешь ухаживать за лицами женского пола, Джон Сноу.",1,0,0,0,0,0
rus_train_track_a_02648,"сегодня постригусь, как же мне страшно что стрижка будет дерьмовая",0,0,1,0,0,0
rus_train_track_a_02649,Мы справимся.,0,0,0,0,0,0
rus_train_track_a_02650,можно все узнать если это кому то нужно.пишите mangilevvn@<username>,0,0,0,0,0,0
rus_train_track_a_02651,"страшно то,что наша власть в испуге начнет душить страну еще больше. не исключаю репрессий",0,0,1,0,0,0
rus_train_track_a_02652,Воу. Я в шоке сейчас.,0,0,0,0,0,1
rus_train_track_a_02653,Домоооой,0,0,0,1,0,0
rus_train_track_a_02654,я злая,1,0,0,0,0,0
rus_train_track_a_02655,в жопу ее !,1,0,0,0,0,0
rus_train_track_a_02656,У меня же завтра еще и д.р.!!!! Ну ладно. Надо готовиться к завтрашнему конкурсу хД,0,0,0,1,0,0
rus_train_track_a_02657,а ещё вонючие экзамены (((((((,0,1,0,0,1,0
rus_train_track_a_02658,это страшно / видеть его рядом / и не обнимать,0,0,1,0,1,0
rus_train_track_a_02659,воувоувоу кто?,0,0,0,0,0,1
rus_train_track_a_02660,Это просто анриал!!!!!! NIRVANA♥♥♥,0,0,0,1,0,1
rus_train_track_a_02661,Первый зачеееет!! Моему счастью нет предела :-),0,0,0,1,0,0
rus_train_track_a_02662,Чуть больше недели до Нг .. Охренеть,0,0,0,0,0,1
rus_train_track_a_02663,мне уже страшно становится от своих снов,0,0,1,0,0,0
rus_train_track_a_02664,я сейчас так испугался что потерял тебя в тви:(,0,0,1,0,0,0
rus_train_track_a_02665,хмммммм(я скучаю(((,0,0,0,0,1,0
rus_train_track_a_02666,Математичка меня задолбала!,1,0,0,0,0,0
rus_train_track_a_02667,"ихихих.че,правда чтоль?ти ни любишь грибочки?",0,0,0,0,0,1
rus_train_track_a_02668,Ужас... Только узнал о терактах. Мои соболезнования семьям погибших.,0,0,0,0,1,0
rus_train_track_a_02669,"Теперь каждое утро начинается так замечательно, благодаря Вам",0,0,0,1,0,0
rus_train_track_a_02670,Вот я испугалась,0,0,1,0,0,0
rus_train_track_a_02671,"из грязи в князи, из человека в мрази",0,1,0,0,0,0
rus_train_track_a_02672,"девушки которые говорят матом напоминают мусорку и попросту вызывают отвращение. не думаю, что нормальному пацану нужно такое быдло",0,1,0,0,0,0
rus_train_track_a_02673,Встречаются два друга:,0,0,0,0,0,0
rus_train_track_a_02674,"В России может быть полностью запрещено использование петард, фейерверков и любой другой пиротехники.  УРА!!!!",0,0,0,1,0,0
rus_train_track_a_02675,"Вы видели, у нашего клипа ""Пока Мы Молоды"" уже почти 1 500 000 просмотров)))!!  #ГЕРОИ #ПокаМыМолоды",0,0,0,1,0,0
rus_train_track_a_02676,"ужасный 2013 год. сколько терактов и аварий, сколько смертей, сколько бед и катастроф. поскорее бы он закончился и наступи…",0,0,1,0,1,0
rus_train_track_a_02677,"Если вдуматься, то мы ведь знакомы с кучей людей, от которых нас тошнит. А самое дерьмовое то, что с некоторыми даже здороваться приходится.",0,1,0,0,0,0
rus_train_track_a_02678,"я люблю Испанию, поэтому не против нее в своей ленте ;))) просто удивлена такой синхронности у всех :)))",0,0,0,0,0,1
rus_train_track_a_02679,ТОЧНО ПРАВДА УЖЕ!?!??!,0,0,0,0,0,1