id,text,anger,disgust,fear,joy,sadness,surprise
deu_train_track_a_00001,"Hallo an alle Lesenden, da ich jetzt erstmal eine Zeit zuhause bleibe, habe ich viel Zeit zu lesen und hoffentlich viele Fragen zu klären. Dazu suche ich hilfreiche Literatur zum Thema Schwangerschaft!  Welche Bücher könnt ihr empfehlen um sich ein wenig vorzubereiten?  Welches Buch hat euch Angst genommen oder war besonders hilfreich?",0,0,1,0,0,0
deu_train_track_a_00002,"Du warst bestimmt schon in verschiedenen Ländern, wenn du dich sowas einfach traust. Wo würdest du die Erfahrung im Irak auf einer Rangliste einordnen? Wie war das Essen? Wie viel Geld hast du ausgegeben? Waren viele Touristen unterwegs?",0,0,0,0,0,0
deu_train_track_a_00003,"wenn ihr um Geld spielt bei Bingo, fangen sie an zu streiten ;-)",0,0,0,0,0,0
deu_train_track_a_00004,Ich finde #Baerbock macht sich sehr gut als Aussenministerin. Wer mir nicht gefällt ist Lindner.,0,1,0,1,0,0
deu_train_track_a_00005,"Ich war bei der zweiten Impfung bereits schwanger und bisher hat das Kind noch eine normale Anzahl an armen und Beinen.  Vllt ist es eher eine Vorsichtsmaßnahme weil man noch nicht sicher sagen kann, ob und wie sich die Impfung mit Schwangerschaft auswirkt (wobei die Daten aus den USA da keine Besorgnisse zulassen zb).",0,0,0,0,0,0
deu_train_track_a_00006,Hamas wird wie immer die Feuerpause brechen. Die wollen keinen Frieden.,1,1,0,0,0,0
deu_train_track_a_00007,ausser gegen gladbach 😭,0,0,0,0,1,0
deu_train_track_a_00008,"Volle Soliküche mit den Aktivisten! Es kann nicht sein, dass Tesla als umweltfreundliche Autos gepriesen werden und gleichzeitig riesige Waldflächen für die Produktion gerodet werden!",1,1,0,0,0,0
deu_train_track_a_00009,Irgendwie fehlen mir da die Stufen zwischen Grundschule und Studienanfänger.,0,0,0,0,0,0
deu_train_track_a_00010,"Stunden reduzieren von 40 auf 35, jeden Tag 7 statt 8h arbeiten und falls doch Mal länger freitags früher gehen, also nach 6h und dann brauchst du auch keine 30 min Pause. Fange jeden Tag um 6:30 an und bin 14 Uhr fertig bzw Freitag 12:30",0,0,0,0,0,0
deu_train_track_a_00011,Das ist Kunst und Kunst kommt von können. 😜😂👍,0,0,0,1,0,0
deu_train_track_a_00012,Pessimisten-Antwort: Werden sich sowieso die Unternehmen in die Tasche stecken.,1,0,0,0,0,0
deu_train_track_a_00013,Wir helfen den Impfopfern unter uns...,0,0,0,0,1,0
deu_train_track_a_00014,"Ich hatte mal eine Online-Bekanntschaft, die ein ähnliches Problem hatte (glaub ich). Er meinte, nichts interessiert ihn und er kann einfach keine Hobbys finden. Keine Ahnung ob das für dich dasselbe ist.  Ich denke, wenn man längere Zeit depressive war, kann man vergesen, wie es sich anfühlt, Interesse an etwas zu haben. In der Hinsicht würde ich dich auch verstehen (falls du es so meintest).",0,0,0,0,1,0
deu_train_track_a_00015,"Brudi, deine Eltern _müssen_ dir Unterhalt zahlen. Das ist keine Wohltätigkeit sondern Gesetz. Oder du bekommst Bafög, wenn sie nicht genug Geld haben. In den Fällen wo das nicht geht (zb weil schon zu lange studiert) kannst du einen Studienkredit vom Land bekommen. Anders als Bafög muss man den zu 100% zurückzahlen, aber erst spät und in kleinen Raten. Absolut okay 1 oder 2 Jahre damit zu studieren.   Es tut mir sehr leid, dass deine Eltern kein Verständnis haben. Geh trotzdem zur Therapie, mach weiter so gut du kannst. Habe erlebt, dass bei manchen Eltern nach einiger Zeit dann doch noch Einsicht und Verständnis kommt, das wünsche ich dir!",0,0,0,0,1,0
deu_train_track_a_00016,Wie politische Gewichte zunehmen: Mit #Verdi an der Seite werden #Neubauer und #FridaysForFuture zu echten Playern in der deutschen Innenpolitik. Gut so 👍!! #Klimastreik #WirFahrenZusammen,0,0,0,1,0,0
deu_train_track_a_00017,"Hat Synästhesie eine Korrelation mit Hochintelligenz? Von den zwei Synäthesisten, die ich kenne, hat eine Person ihre Hochintelligenz bestätigt bekommen und bei der anderen bin ich mir ziemlich sicher, dass sie es auch hat. Fände ich auch naheliegend, dass dieses ""mehr Netzwekre haben"" dann auch irgendwo einen Zusammenhang mit Intelligenz haben könnte.",0,0,0,0,0,0
deu_train_track_a_00018,Hört auf mit dem Klima Märchen 😑 Das Klima ändert sich ständig alle Jahrzehnte Jahrhunderte und Jahrtausende. Wenn eis und Schnee schmilzt und Wege aus der Römerzeit zum Vorschein kommen müssen die ja auch schon Autos und Flugzeuge gehabt oder was 😆😆😆,1,1,0,0,0,0
deu_train_track_a_00019,"Diktatur: 14 Tage Haft, weil du wegen #Nawalny in Moskau oder Sankt Petersburg Blumen hingelegt hast.  Keine Diktatur: Wenn du in Berlin oder München ""Die #Ampel muss weg!"" schreist & danach ungestraft heimgehen kannst.",1,1,0,0,0,0
deu_train_track_a_00020,Wenn Demokratie nur in eine Richtung gilt🤷🏻‍♂️,1,1,0,0,0,0
deu_train_track_a_00021,"Ja, kommt aber drauf an was ich schaue. Ich schaue öfter mal ""mit"" und nicht unbedingt was ich alleine schauen würde, dann ist es schon eher umgedreht.",0,0,0,0,0,0
deu_train_track_a_00022,"Der erste Post in diesem Sub, bei dem ich mich nicht schlecht fühle, einen upvote zu vergeben. Sehr schön beschrieben. Ich wünsche euch noch eine tolle Zukunft zusammen.",0,0,0,1,0,0
deu_train_track_a_00023,"Ganz normal, dass wir in Zeiten der Klimakrise soviel Energie, Zeit und Geld in die Entwicklung einer hypokapitalistischen, fahrenden Kleinstadt auf dem Meer investieren. Ich könnte mir wirklich nichts vorstellen, wo diese Ressourcen besser zu gebrauchen wären! Nice one, Humanity! 💸",1,1,0,0,0,0
deu_train_track_a_00024,krank jetzt hast du noch weniger,0,0,0,0,0,0
deu_train_track_a_00025,"#Putin sagt, er habe keinen Grund, Polen oder Lettland anzugreifen. Das ist eine tolle Nachricht. Wir können uns entspannen und ihm vertrauen. Der Schlächter aus Ruzzland hat noch nie gelogen oder ein Land angegriffen. Blutin will nur Frieden und Freundschaft mit uns. Ein wahrer Demokrat und Menschenfreund.  Slawa Ukrajini!",1,1,1,0,0,0
deu_train_track_a_00026,"Heute erfahren, dass eine junge Frau aus der Nachbarschaft, die nach einer #Corona-Infektion 2 Jahre lang mild von #MECFS betroffen war, nun auch schwer betroffen ist.   Wir sind einfach so machtlos gegen diese Krankheit, daher ist mehr Forschung dringend notwendig. #LongCovid",0,0,1,0,1,0
deu_train_track_a_00027,Zum Glück ändern sich im Herbst die Machtverhältnisse - endlich ein Ende mit der Groko&Ampel-Männern.,0,0,0,1,0,0
deu_train_track_a_00028,Das ist echt verzwickt. Könnt ihr mal Abstand voneinander bekommen. Du machst mal einen Tag für dich und dann sie im Gegenzug? Eure Bedürfnisse werden anscheinend beide gerade nicht erfüllt.  Frag Sie mal was Sie braucht um ausgeglichener zu werden.  Und überlege dir was du bräuchtest um entspannter zu werden?  Corona und dann zwei so unterschiedliche Kinder das ist für jede Ehe anstrengend. Noch würde ich das Handtuch nicht werfen.,0,0,0,0,1,0
deu_train_track_a_00029,Die Ukraine fordert die Aufnahme in die EU und NATO. Dies hat sie - im Gegensatz zu allen anderen Ex-Sowjet Nationen - nie erreicht.,0,0,0,0,0,0
deu_train_track_a_00030,"Also so sehr ich mich über die Argumentation deiner Frauenärztin ärgere, umso mehr freue ich mich für dich, dass du einen neuen Job gefunden hast und das schwanger! Ganz, ganz herzlichen Glückwunsch!",1,0,0,1,0,0
deu_train_track_a_00031,"Eine kleine Empfehlung, was dir vielleicht beim Lernen helfen könnte: Das ist eine Webseite auf der es Nachrichten aus der ganzen Welt in einfacher Sprache gibt. Empfehlenswert auch für Leute, die gerade angefangen haben, Deutsch zu lernen.",0,0,0,0,0,0
deu_train_track_a_00032,"Meine heißt Bitch weil sie mir den ganzen Tag scheiße erzählt. Sie ist wie eine beste Freundin, die eigentlich gar keine Freundin ist sondern eine fiese Bitch die total hinterfozig nur dein schlechtestes will, es aber so darstellt als wäre es gut.",1,1,0,0,0,0
deu_train_track_a_00033,Nur Politiker wollen Krieg ! Was wenn keiner mehr Bock hat für diese 5 Politiker zu sterben warum drehen wir den Spieß nich einfach um ? 😕 frage für n Freund,1,1,1,0,1,0
deu_train_track_a_00034,"Warum Kritik: Dominiert hier nicht der Gedanke, dass sie hier gegen einen Völkermord protestiert?",1,0,0,0,0,1
deu_train_track_a_00035,"Übrigens liebe AfDler und Querdenker: so endet es in einem Land, in dem man wirklich nicht sagen darf, was man denkt! In Deutschland passiert einem nicht mehr, als das andere sich mit öffentlichen Kommentaren kritisch auseinandersetzen!",1,1,0,0,0,0
deu_train_track_a_00036,"Ich hatte das jahrelang und habe irgendwann aufgegeben. Ich habe noch immer männliche Freunde, aber die Frauen verschwinden in der Regel mit der Beziehung... Schade aber was soll man machen",0,0,0,0,1,0
deu_train_track_a_00037,"Wow. \*.\*  Da fällt mir ein: Könntest du vielleicht bei ihr in Auftrag geben, dass sie dich zeichnet, wie du diese eine fürchterliche Weihnachtsmütze trägst? Die mit den LEDs? Und natürlich hier posten. Bittebittebitte ... :')",0,0,0,1,0,0
deu_train_track_a_00038,Die Leute bei dlh hier in der Nähe sind immer sehr unhöflich zu Kunden. Wie ist es dort?,0,0,0,0,0,0
deu_train_track_a_00039,"Ich habe damit leider keine Erfahrungen. Kann nur sagen, dass Nabelschnurumschlingung bei mir überhaupt keine Probleme gemacht hat und laut Hebamme auch nur sehr selten Probleme macht.",0,0,0,0,0,0
deu_train_track_a_00040,"Ist mit ihr reden eine Option? Wenn das alles nicht nur ein emotionales Ding bleibt, dann muss spätestens da kommuniziert werden.  Ich rate nicht zur Trennung, aber lass dir aus direkter Erfahrung sagen, dass Kind sein in so einer Ehe total scheiße ist. Kinder sind weder doof noch brauchen sie genau 2 Bezugspersonen die sich niemals ändern.",0,1,0,0,1,0
deu_train_track_a_00041,"Lauterbach und alle die an den Vergiftungen (Impfungen) beteiligt waren/sind, sind Massenmörder!",1,1,0,0,0,0
deu_train_track_a_00042,Zum Glück gibts ja noch lokalen Fast-Spitzenfußball einen Steinwurf entfernt. 😂 💙🖤,0,0,0,1,0,0
deu_train_track_a_00043,"Ich war eben bei meiner Frauenärztin und habe ihr gesagt, dass ich die Pille absetzen möchte. Sie hat mir Folsäuretabletten mitgegeben und gesagt, dass ich mich welche besorgen soll. Welche habt ihr genommen und könnt sie empfehlen oder ist es egal, welche man kauft? Was habt ihr für Erfahrungen gemacht, worauf ich achten sollte, außer keine rohen Lebensmittel?",0,0,1,0,0,0
deu_train_track_a_00044,"Mein Lieblingsclip von ihm ist ""Huch, jetzt sind sie alle weg. ... Egal, ich war eh fertig."" Ich finde den nur leider nirgendwo.",0,0,0,1,0,0
deu_train_track_a_00045,Hey danke für dein AmA. Werde bald auch Vater und würde gerne ein paar Fragen stellen.   Welche Vorteile hat es für euch?  Hat sie mehr verdient als du ?  Warum 3 Jahre und nicht 2 oder 1 Jahr ?  Welche Hilfe hat der Staat dir gegeben ( Elterngeld) ?,0,0,0,0,0,0
deu_train_track_a_00046,"Australien trägt ganz erheblich zum Klimaschutz bei, indem man die Migration kontrolliert Es macht keinen Sinn, unkontrolliert Menschen aus Entwicklungs- in Industrieländer ziehen zu lassen, wo ihr CO2 Abdruck viel höher ist Seenotretter sind für den Klimawandel mitverantwortlich",0,1,0,0,0,0
deu_train_track_a_00047,"Und sie haben eine Bubble. Manchmal ist die voll Frischluft, manchmal voll mit fiesen Viren.",0,1,0,0,0,0
deu_train_track_a_00048,"1. Ehrenamtlich?  2. Wie läuft so ein Gespräch ab? Jemand ruft an, äußert Wunsch nach Suizid, ihr unterhaltet euch und am Ende ""ja gut, ich überlege es mir nochmal""?  3. Mal vorgekommen, dass sich jemand während des Telefonats oder danach umgebracht hat?",0,0,0,0,0,0
deu_train_track_a_00049,"Eingriff in den Straßenverkehr machen diese Leute, die sich da festkleben!",1,0,0,0,0,0
deu_train_track_a_00050,"Hör dir mal den Podcast von Die Linguistin an, die hat sehr hilfreiche Tipps! Die Episode hier habe ich noch nicht gehört, aber mir mal gespeichert, weil ich ähnliches überlege. Vielleicht hilft dir das ja weiter! gibt es aber noch eine Menge anderer interessanter Folgen.",0,0,0,1,0,0
deu_train_track_a_00051,"Krass! Ich wusste gar nicht, dass [The xx]( zu Wahl angetreten. Die USA sind wahrlich das Land der Überraschungen.",0,0,0,0,0,1
deu_train_track_a_00052,"Hallo Dmitrij. Ich habe nun schon ein wenig in Deinem Block rumgestöbert und musste schmunzeln. Dass Du das ganze mit solch einem Galgenhumor nehmen kannst bewundere ich.   Dein Spielegeschmack gefällt mir auch. Leider konnte ich bisher kein Bloodborne spielen, da mir eine PS4 dazu fehlt. Aber für nur ein Spiel wäre mir die Anschaffung zu teuer.  Eine Frage hätte ich an Dich, welche vielleicht etwas makaber sein könnte. Wirst Du Deinen Blog updaten lassen, wenn Du gestorben bist, damit die Leser bescheid wissen?",0,0,0,1,1,0
deu_train_track_a_00053,"Weil Du auf alles antwortest, was bei drei nicht auf dem Baum ist.",0,0,0,0,0,0
deu_train_track_a_00054,"Kannst du beschreiben oder Beispiele nennen, was an deinem Sohn genau anders ist?",0,0,0,0,0,0
deu_train_track_a_00055,Schon Kunden gehabt die unangenehm wenig anhatten als sie die Tür geöffnet haben?,0,1,0,0,0,0
deu_train_track_a_00056,"Ich find interessant, dass Berlin von einigen genannt wird. Dabei hat Berlin doch eh das Image, dass es dreckig, unfreundlich und hässlichen ist. Ist Berlin also noch dreckiger, unfreundlicher und hässlicher als man sich das vorstellt oder was ist daran overrated?  Paris wiederum hat ja ein gutes Image. Schöne Häuser, verliebte Paare an jeder Ecke und alle sitzen in Cafés und essen Croissants. In Realität halt ein überteuertes Drecksloch, das die meisten Besucher dann doch enttäuscht.   Ich fand übrigens Glasgow enttäuschend und langweilig. Edinburgh hat mir besser gefallen, da hab ich mir aber auch mehr Zeit genommen.",0,1,0,0,0,0
deu_train_track_a_00057,Wie peinlich Deutschland geworden ist 🤮🤮🤮🤮🤮💔,0,1,0,0,1,0
deu_train_track_a_00058,"Ich habe vor einigen Jahren schon einmal ein AMA gemacht, und da ich gerade mit Corona im Bett liege, dachte ich, dass ich die Zeit mal ""sinnvoll"" nutze. Fragt alles. :)  ---  So, ich versuche jetzt mal zu schlafen, aber da das Corona ja nicht über Nacht verschwinden wird (oh wie schön es doch wäre), werde ich auch morgen viel Zeit haben, um weitere Fragen zu beantworten.",0,0,0,0,1,0
deu_train_track_a_00059,Kinder versehentlich mit Moderna geimpft -  Fällt das somit unter die Kategorie:Impfexperimente an Kindern?,1,1,0,0,0,0
deu_train_track_a_00060,"Ich hatte mit 30 meine erste Beziehung. Mach dir keinen Stress. Konzentriere dich auf dich, mach was dir Spaß macht, oder unternehm was schönes mit Freunden, dann kommt das ganz von alleine. Ich weiß das hört sich einfacher an als es ist, aber du kannst es nicht erzwingen. Du kannst es auch mit Datingapps probieren um Erfahrung zu sammeln. Ich wünsch dir alles gute, du kriegst das hin. Genieß das Leben und ganz wichtig dabei, auch der kleinste Erfolg ist ein Schritt in die richtige Richtung. Sobald du dich auf die positiven Dinge fokussierts und seien sie noch so klein, strahlst du die positive Energie auch auf die Menschen in deiner Umgebung aus.",0,0,0,1,0,0
deu_train_track_a_00061,Cool - genau wie letztes Mal - wie reflektiert du da an die Sache gegangen bist. Hast es wohl sehr ordentlich analysiert und auch Vorkehrungen geschaffen. Chapeau!,0,0,0,1,0,0
deu_train_track_a_00062,"Ich war dabei und lebe immer noch, Wie geht das wenn doch der ""Klimawandel"" alle und alles vernichten soll? Ach so, ich weiß es: Damals gabs die Klimahysteriker noch nicht, oder? 🤔",1,1,0,0,0,0
deu_train_track_a_00063,"Der Mann koch hier oft genug. Meistens am Wochenenden oder an den Tage, wo er nicht bis nach 18:00 Uhr arbeitet.",0,0,0,0,0,0
deu_train_track_a_00064,"Dann sollten wir versuchen, sie zu erreichen. Auf Twitter und Facebook sind die ja relativ aktiv. Wenn das genug Leute ansprechen, werden die Kanzlerkandidaten, bzw. dessen Parteien schon einen Blick darauf werfen.",0,0,0,0,0,0
deu_train_track_a_00065,Dann sitzt du heulend und zitternd am Rechner weil die Führungsebene wieder ihre Unzufriedenheit kund tut...,0,0,1,0,1,0
deu_train_track_a_00066,"Das Lachen ist letztlich das einzige, was hilft und einen optimistisch bleiben lässt.",0,0,0,1,1,0
deu_train_track_a_00067,"Ich würde sagen, die Kirche im Hintergrund ist die Dresdner Hofkirche und dazu rechts noch ein weiterer Turm des Schlosses.",0,0,0,0,0,0
deu_train_track_a_00068,"Tut mir leid, dass du diese Erfahrung machen musstest. Die Chirurgin hat offenbar keinerlei Feingefuehl auf zwischenmenschlicher Basis (hoffentlich aber im medizinischen Bereich).   Vielleicht ist sie super stolz darauf, dass sie ihre Depression durch Arbeit unterdruecken kann oder sogar ueberwunden hat und haelt das fuer das Allheilmittel. Leider wieder ein klares Zeichen dafuer, wie schlecht Verstanden das Krankheitsbild selbst bei Medizinys ist.  Kann dir jetzt leider auch nicht erzaehlen, dass das eine krasse Ausnahme ist, aber ich die Arztys in meinem Bekanntenkreis sind alle sehr viel empathischer und entweder nicht total ahnungslos was psychische Erkrankungen angeht oder wissen zumindest, wo ihre Kompetenz endet.",0,1,0,0,1,0
deu_train_track_a_00069,"Also entweder wirst du gesegnet wie Saitama. In dem Fall trainier weiter. Dann wirst du in 2 Jahren jeden Diktator stürzen können.   Oder aber deine Freundin hat irgendein anderes Problem. Eifersucht, Verlustängste, sie will Freiheit und sucht sinnlos stress oder Furz sitzt queer. In dem Fall hilft nur Tacheles reden.",0,1,0,0,0,0
deu_train_track_a_00070,"Was geht in dir vor? Wahrscheinlich vieles, aber vielleicht kannst du uns ein Bild davon zeichnen was sich gerade in dir abspielt? Welche Gedanken und Gefühle sind gerade besonders prägnant?",0,0,0,0,0,0
deu_train_track_a_00071,Ich habe die Impfung direkt bei meinem betreuenden Gynäkologen bekommen! Sonst sollte auch eine Hausarztpraxis gehen. Impfzentren gibt es hier nur für Covid.,0,0,0,0,0,0
deu_train_track_a_00072,Anklagen und diese sinnlose Massnahme kritisieren sollte endlich BILD!,1,0,0,0,0,0
deu_train_track_a_00073,Arbeiten Sprengmeister auch beim Kampfmittelräumdienst? Oder kommen die alle vom Militärischen EOD in den Bereich?,0,0,0,0,0,0
deu_train_track_a_00074,"Du meinst die beiden Wörter, die im letzten Satz stehen?",0,0,0,0,0,0
deu_train_track_a_00075,"Depressionen haben nichts mit Dummheit zu tun! Es ist eher das Gegenteil, weil Menschen die sich keine Gedanken machen weniger nachdenken, also die meisten depressiven Menschen denken zu viel nach und der Kopf arbeitet zu viel.  Ich wünsch dir alles Gute und ich versteh deine Gefühle.",0,0,0,0,0,0
deu_train_track_a_00076,Die Farm der Tiere wurde zum militärisch-industriellen Komplex der Tiere.,1,0,0,0,0,0
deu_train_track_a_00077,"Denn, und ich zitiere; Die Mutter von Spore ist alleinerziehend, unser Sohn wird niemals dort essen können. Ja, dankeschön. Muss man auch neben mir besprechen. Ich bin 8 Jahre alt, nicht dumm oder taub. Das tat weh. Genauso wie man mir gesagt hat, ich würde nur mit deinem Sohn spielen weil ihr reich seid. Denkst du echt dein Sohn ist so ekelhaft, dass ich ihn nur mag, weil er einen N64 hat?",0,0,0,0,1,0
deu_train_track_a_00078,"Hello Ladies, Gibt es hier Frauen, die davon betroffen sind so einen unglaublich ekligen / komischen Geschmack im Mund zu haben? Ich muss ständig an Fisherman's friends lutschen oder Kaugummis oder ähnliche Ansonsten wird mir nur aufgrund des Geschmacks im Mund schlecht. Mif ist klar, dass es aufgrund der hormone ist und auch Mein Arzt bestätigte, dass es völlig normal sei. Mich würde gerne interessieren, was ihr gegen diesen Geschmack macht. Bin für jegliche Tipps offen.",0,1,0,0,0,0
deu_train_track_a_00079,Ich hatte einen Traum. Russische und ukrainische Soldaten legten ihre Waffen nieder und begaben sich in ihre Städte. Ich wurde wach ...nur geträumt.,0,0,0,0,1,0
deu_train_track_a_00080,"Muss man nicht. Wir waren mit den Hebammen im KH sehr glücklich, deshalb haben wir eine Geburtskarte, Süßkram (kein Merci) und etwas für die Kaffeekasse gebracht. Also, nachdem wir zu Hause waren, nochmal hingefahren. Mein Gyn und Diabetologe haben auch eine Karte und was für die Kasse bekommen, weil ich so begeistert war. Bei meiner Hebamme kam mir das nicht in den Sinn. Da war ich aber mit der Behandlung uns gegenüber auch nicht wirklich zufrieden (Um den Krümel hat sie sich toll gekümmert). Also: individuell. Mach, wie ihr euch wohlfühlt. In die KH-Tasche direkt was einpacken würde ich nicht.",0,0,0,0,0,0
deu_train_track_a_00081,Die russischen Truppen sollen raus aus der Ukraine. Dort haben sie nichts verloren!,1,1,0,0,0,0
deu_train_track_a_00082,"Hach, die armen Reichen! Sie würden viel lieber arm, frei und unbeschwert sein wie wir aber einer muss diese Last ja tragen. Bewundernswerte Selbstaufopferung.",1,1,0,0,0,0
deu_train_track_a_00083,"Hallo!  Spannende Geschichte und es macht Spaß, sie zu lesen. Ich würde versuchen, mich anzufreunden. Schreien bringt wohl nichts und sich essen lassen ist auch kein gutes Ende. Naja, vielleicht zuerst mal Aufschreien und dann anfreunden versuche. Ich würde mich über eine Fortsetzung freuen, ganz gleich, welche Option geschieht.  Auf jeden Fall weiter so!  lg",0,0,0,1,0,0
deu_train_track_a_00084,"Da Walfang schon seit Jahren illegal ist, ist 2024 mind ein paar Jahre zu spät!!!!",1,0,0,0,0,0
deu_train_track_a_00085,Wo steht das?  Macht man das beim Gin nicht wie beim Rum?,0,0,0,0,0,1
deu_train_track_a_00086,"Schlager  Bearbeitet: An den anonymen Silber-Spender Menschen: Vielen lieben Dank, Doppelpunkt drei  Bearbeitet 2:An den ""Umarmungs Bär"" Spender Menschen: Umarmung zurück und Danke, kleiner als drei.",0,0,0,1,0,0
deu_train_track_a_00087,"Hoffen wir mal, aber zur Not gibt es auch bestimmt Notfallzahnärzte bei euch in der Gegend",0,0,0,0,0,0
deu_train_track_a_00088,"Wie hast du dich dafür entschieden, das zu machen? Was waren deine Gründe?",0,0,0,0,0,0
deu_train_track_a_00089,Nicht ist so gut im Zerstören der Demokratie wie die Demokratie.,1,1,1,0,0,0
deu_train_track_a_00090,Die Ukrainer halten gerade ihren Kopf für uns und viele andere Länder hin. Die hätten bei Erfolg von Putins Go-West-Aktion dann nämlich richtig Probleme.,0,0,1,0,1,0
deu_train_track_a_00091,"Es ist total beeindruckend und erschütternd da durch zu laufen. Mir ist unbegreiflich, wir Deutsche heute noch AfD wählen können.",0,1,0,0,1,0
deu_train_track_a_00092,Hat Wer Bock Auf Unranked Casual?,0,0,0,0,0,0
deu_train_track_a_00093,"mach einfach kurz anne will an, dann bist du direkt so irrational wütend dass du das mit dem vollmond wieder vergessen hast",1,0,0,0,0,0
deu_train_track_a_00094,"Die 4Feinde posten auch wann sie wollen haha, jetzt dachte ich, ich hätte es schon verpasst lmao",0,0,0,1,0,0
deu_train_track_a_00095,"Die tragische Akzeptanz vieler Menschen, gegenüber dieser Realität zeichnet ein düsteres Bild einer Menschheit, die die Augen vor der dringenden Notwendigkeit eines Waffenstillstands in Gaza verschließt. Fast täglich ertönt ein ergreifender Aufruf, der die passive Haltung aufzugeben und die tiefe Traurigkeit beklagt, die aus der Ablehnung eines Waffenstillstands entsteht, der das zerstörte Leben im Gazastreifen retten könnte. Es ist unfassbar!",1,0,0,0,1,0
deu_train_track_a_00096,"Bin bald eine Woche in Tokio. Was sind Gerichte & Snacks, die man nicht verpassen darf? Was sind deine Favoriten?",0,0,0,0,0,0
deu_train_track_a_00097,Freiheit für Palästina 🇵🇸 Auch wenn alle Medien und Politikern einseitig mit Genozid der Palästinenser stehen. Irgendwann kommt das Doppel Moral zu Ende.,1,0,0,0,1,0
deu_train_track_a_00098,"Hey, bitte nicht den kopf hängen lassen :)  Ich glaube die Zeit ist gerade für niemanden einfach. Und wenn dann individuell noch erschwerende umstände dazukommen, fühlt man sich schnell verloren oder hoffnungslos.  Mir ging es die letzten wochen auch richtig übel. Bin relativ frisch getrennt nach einer langen Beziehung, musste wieder zu meinen eltern ziehen (nicht die beste stimmung daheim) und konnte mich wegen corona auch nicht wirklich ablenken.  Was mir geholfen hat war regelmäßiger sport. Und ebenso regelmäßige telefonate mit freund*innen einplanen und durchziehen, egal wie der tag war oder die laune grad ist. Struktur hilft mir durch diese wirre zeit. Dir vielleicht auch.   Und wenn du jemanden zum schreiben brauchst, sag bescheid.",0,0,0,1,1,0
deu_train_track_a_00099,"Einfach AfD wählen, was die grünlinks versüfften so wie die roten Socken alles verdrehen ist kaum noch auszuhalten nur 💙💙💙💙",1,1,0,0,0,0
deu_train_track_a_00100,"Denn wer Russland von weiteren Angriffen auf europäische Staaten abschrecken will, muss die Ukraine stark unterstützen.",0,0,1,0,0,0
deu_train_track_a_00101,Müll ohne Blaszczykowski und Barrios,1,0,0,0,0,0
deu_train_track_a_00102,Die Frage ist doch ob der Teufel männlich ist?  Und Gott?,0,0,0,0,0,0
deu_train_track_a_00103,"Wenn doch aber die heilige Ukraine, das phöse Russland bereits besiegt hat, wieso werden dann weitere Steuermilliarden da reingeballert?",1,0,0,0,0,0
deu_train_track_a_00104,"Es ist schon einige Jahre her, da saß mir in der Straßenbahn am Vierersitz ein kleiner, etwas korpulenter Junge (ca 10 Jahre) gegenüber, der mich während der Fahrt schon ziemlich heftig angestarrt hat - unablässiger frontaler Augenkontakt.  Kurz vor einer Haltestelle steht er auf und schreit mich ganz unvermittelt an: ""DAS BROT WAR VERSCHIMMELT!""  Dann - im Vorbeigehen (leiser): ""Man kann bei NORMA einfach keine Qualität kaufen!""  Er ist dann zum Glück ausgestiegen ...",0,1,0,0,0,1
deu_train_track_a_00105,"Auf keinen Fall zu früh, eher schon zu spät. Sowas sollte man schon besprechen ehe man sich für den Partner entscheidet, da es bei sowas keine Kompromisse gibt.",0,0,0,0,0,0
deu_train_track_a_00106,"Das hat sie sich glaub ich von uns Menschen abgeguckt. Seit meine Freundin hier ""wohnt"", wird jedes mal wenn jemand niest auch Gesundheit gesagt. Das hat sich einer meiner Kater abgekupfert und jedes mal wenn einer niest, reagiert er mit einem Zirpen (wie wenn er einen Vogel vor dem Fenster sieht).  Es ist so süß, aber leider kann man davon keine Videos machen, weil man ja nicht so schnell die Kamera rausholen kann bei einem Niesen.",0,0,0,1,0,0
deu_train_track_a_00107,"Dass eine prominente Feministin sich hoffnungslos verrennt - damit muss man wohl leben. Aber dass so viele im Westen ignorieren, welch zerstörerischer Fanatismus und Frauenhass die Hamas antreibt und dass sie selbst deren erste Opfer würden, finde ich wirklich niederschmetternd.",0,1,0,0,1,0
deu_train_track_a_00108,"Manchmal passen die Lebensumstände oder die Bedürfnisse und Ziele nicht zusammen. Da hilft die größte Liebe nichts. Wenn du einen wesentlichen Teil Deiner Persönlichkeit aufgeben musst, um eine Beziehung zu führen, wirst du auf Dauer unglücklich.",0,0,0,0,1,0
deu_train_track_a_00109,Ich verstehe nicht warum man sich weigert diesen Taurus zu schicken. Das Teil ist doch besser in der Ukraine aufgehoben als in Deutschland.,1,0,0,0,0,1
deu_train_track_a_00110,"Was denkst du darüber, wenn eine deutsche Kartoffel wie ich auf die Idee kommt, türkisch zu lernen? Nicht mal aus irgendeinem besonderen Grund, sondern einfach nur so.  Wo wir grad dabei sind. Kennst du türkische Bücher (Romane oder Prosa), Filme/Serien und/oder Musik die vielleicht nicht ganz so konservativ sind in ihrem Weltbild? Muss nicht super progressiv sein, aber halt, ich möchte schon das Gefühl haben etwas weltoffeneres vor mir zu haben. Geschlechtergerechtigkeit und LGBT+-Bezug/Themen wären natürlich ein Traum aber meine Hoffnung ist gering",0,0,0,0,0,0
deu_train_track_a_00111,"Eure ganze Organisation existiert nur, um den Sozialismus zu promoten. Dieses Klimading ist nur der Aufhänger, um naive Menschen zu ködern.",1,1,0,0,0,0
deu_train_track_a_00112,Was für eine Überraschung,0,0,0,0,0,1
deu_train_track_a_00113,"41+4, Einleitung ging an 41+3 los. Damit waren wir aber sehr spät dran, wahrscheinlicher ist ein Geburtstermin vorm ET. Bei Wikipedia findet man ein paar Statistiken aus der Schweiz:",0,0,0,0,0,0
deu_train_track_a_00114,4 bild macht null sinn bei dir würde löschen,0,1,0,0,0,0
deu_train_track_a_00115,"Warum hast du  100 Subs gegeben, nur für ein scheiß Minecraft Haus ? Das ist für mich verrückt !",1,0,0,0,0,1
deu_train_track_a_00116,"Genau das habe ich vorher gesagt, gleich zu Beginn der Invasion im Gaza. Wenn die niemand stoppt, dann werden die alles dem Erdboden gleich machen. Jetzt passiert es live vor unseren Augen, und die ganzen Welt sieht tatenlos zu und lässt sie gewähren! Schande!",1,1,0,0,1,0
deu_train_track_a_00117,Chefin hat angerufen. Sie wollen mich loswerden.  Da droht die Kündigung. Das ist alles ein Elend.  Ich vermisse mein Leben und meine Arbeit so sehr.   Jetzt liege ich hier und weine.   #fckcovid #longcovid #mecfs,0,0,1,0,1,0
deu_train_track_a_00118,"Ich wurde eingeleitet weil mein Kind zu klein war. Es war die absolute Hölle und sie kam mit 3400g und 55cm auf die Welt.   Es ist nicht unüblich das sich, gerade wenn das Baby doof liegt, die Ärzte ordentlich mit dem Gewicht verschätzen.  Ich rate aufgrund meiner Erfahrung von einer Einleitung dringend ab.  Ihr müsst das aber für euch entscheiden, kann halt sein wenn ihr euch noch eine dritte Meinung holt das dann wieder was ganz anderes kommt.",0,0,0,0,0,0
deu_train_track_a_00119,"Unglaublich, da muss man auch noch dafür blechen, obwohl man eigentlich Werbung für Lidl macht.",1,0,0,0,0,0
deu_train_track_a_00120,"67 Palästinenser:innen wurden heute Nacht in Rafah getötet;  sie sind dorthin geflohen, weil Israel Rafah als sicheres Gebiet ausgewiesen hat - nun wurden sie dort getötet.  Wer trotz der Vertreibung & dieser Tötungen Israels Krieg mit Waffenlieferungen unterstützt, macht sich mitschuldig.",1,1,0,0,1,0
deu_train_track_a_00121,Kannst du nicht bis ihr einen Nachmieter gefunden habt bei Freunden oder Familie unterkommen? Das würde es vermutlich für beide einfacher machen,0,0,0,0,0,0
deu_train_track_a_00122,Kein Bock auf den dritten Weltkrieg. Wie wär’s mit Frieden?🫣,0,0,1,0,0,0
deu_train_track_a_00123,"Was passiert eigentlich mit den ganzen Seifen, die einzeln eingepackt in Hotelzimmern liegen. Ich bin geschäftlich oft in Hotels nur für eine Nacht und ich frage mich immer: ""Werfen die das jetzt weg?""",0,0,0,0,0,0
deu_train_track_a_00124,"Ich fühle mich ebenso schon sehr lange einsam und habe auch wenige Leute, bei den ich das Gefühl habe, dass ich mich ihnen anvertrauen kann. Ich kann nachvollziehen, wie Du Dich fühlst. Falls Du Jemanden brauchen solltest, ich höre gerne Personen zu.",0,0,0,0,1,0
deu_train_track_a_00125,Vermisst du deine Eltern ab und zu?  Wird von der Seite deiner Eltern aus versucht Kontakt aufzubauen?  Wie lief deine Auswanderung ab? Warst du dabei alleine oder mit Freunden/Geschwistern?  Danke :),0,0,0,0,0,0
deu_train_track_a_00126,"Hi,  Ich habe gerade erst meine Zweitimpfung bekommen, bin also auch noch nicht 'sicher durch'. Bei uns hat es sich jetzt so eingespielt, dass wir uns immer alle testen, bevor wir andere treffen. Auch wenn die Tests nicht super zuverlässig sind, gibt mir das zumindest ein Gefühl von Sicherheit. Wir versuchen, möglichst viele Treffen nach draußen zu verlegen, aber das klappt natürlich nicht immer. Da in meiner Stadt die Inzidenz gerade steigt, überlege ich jetzt auch, wie ich weiter Kontakte reduzieren kann/ will. Aber das ist natürlich schwierig bzw. nicht sehr effizient solange Freunde und Familie das nicht auch tun. Arrrgh!",1,0,1,0,0,0
deu_train_track_a_00127,"Nein sie wirkt! Gegen Ausgrenzung,  Hass und politische Repressionen",0,0,0,0,0,0
deu_train_track_a_00128,"Ich habe vor einigen Jahren mal Mönchspfeffer für wenige Monate ausprobiert, weil ich mir davon erhofft habe, dass es meine PMS-Symptome abmildert. Das hatte aber gefühlt gar keinen Effekt bei mir, also weder auf meine Stimmungsschwankungen noch auf Zykluslänge oder sonst irgendwas. Als ich in diesem Jahr schwanger geworden bin, hat sich das schon deutlich anders angefühlt, eher so wie du es oben bei deinen Symptomen beschrieben hast. An deiner Stelle würde ich auch demnächst einen Test machen (also spätestens dann am Zyklustag 36) und dann am besten morgens direkt nach dem Aufstehen, da sind die Tests am aussagekräftigsten.",0,0,0,0,1,0
deu_train_track_a_00129,"Hallo u/KryztallGPF, ich merke, dass es dir im Moment ziemlich schlecht geht. Du siehst dich offensichtlich selbst als Feind und hast vor, dir durch ein destruktives Verhalten Schaden zuzufügen. Wie oft durchlebst du denn Tage, wie diese? Kurz zum Kontext: Wir sind professionelle Sozialarbeiter\*innen, die aufsuchend im Netz auf Foren und Chats unterwegs sind. Unser Angebot richtet sich an Jugendliche und junge Erwachsene, denen wir kostenlos und anonym Unterstützung und Beratung anbieten. Wenn du möchtest, kannst du uns gerne eine PN zukommen lassen. Ich würde mich sehr über eine Nachricht von dir freuen! Ich wünsche dir viel Kraft und Zuversicht. Liebe Grüße, Steffi von ConAction Streetwork :)",0,0,0,1,1,0
deu_train_track_a_00130,"Massaker. Die video bestätigen es, der IDF schießt auf Menschen die zu den Lebensmittel lieferungen laufen. Tagtäglich passiert dieses Morden und die Welt schaut zu.",1,1,0,0,1,0
deu_train_track_a_00131,"Letzebuerger Magier gin op Beauxbatons gescheckt, nett Hogwarts.",0,0,0,0,0,0
deu_train_track_a_00132,"Im Dunkeln lesen ist schlecht für die Augen.  Die Zähne rosten, wenn man Messer in den Mund steckt.  Kaugummi verschlucken verklebt den Magen.  Viereckige Augen durch TV.  Wer viel Suppe isst, lebt länger.",0,0,0,0,0,0
deu_train_track_a_00133,"Ja, genau. Halt dem Umstand geschuldet nur etwas zerstreut aus der Gesamthandlung gepickt.",0,0,0,0,0,0
deu_train_track_a_00134,"Die #Hamas will seit Anbeginn #Israel vernichten. Die Menschen in #Gaza haben sie mit Mehrheit gewählt.  Dann setzt die Hamas ihr Wahlprogramm um und jetzt sind ihre Wähler in Gaza laut #zib2 die Armen, weil der Krieg - wegen der Hamas - nicht endet...",1,1,0,0,0,1
deu_train_track_a_00135,Ganz schlimm uff,0,1,0,0,1,0
deu_train_track_a_00136,Hat halt noch nie funktioniert und Großteil der Spieler spielt im Verein 4er Kette,0,0,0,0,0,0
deu_train_track_a_00137,"Eigentlich darf so etwas keine Schlagzeile sein. Israel darf nicht darüber bestimmen , dass der Bevölkerung in Gaza geholfen wird. Schon das alleine ist gegen das Völkerrecht .",1,1,0,0,0,0
deu_train_track_a_00138,Konntest während deine vielen Versuchen eine Zusammenhang zwischen Farbe und Reißfestigkeit ermitteln?,0,0,0,0,0,0
deu_train_track_a_00139,Gruß an dich zurück,0,0,0,1,0,0
deu_train_track_a_00140,"Mir geht es da ähnlich wie dir. Ich bin Sonderpädagogin und habe daher auch meine berufliche Perspektive, die ich bei der Wahl unseres Geburtsorts nicht ausblenden kann. Einige Kinder, mit denen ich gearbeitet habe, haben aufgrund von Geburtskomplikationen wie Sauerstoffmangel Beeinträchtigungen.  Daher würde ich mich bei einer Geburt zuhause oder im Geburtshaus nicht wohl fühlen, sondern möchte den OP zur Sicherheit nebenan haben, falls er doch benötigt werden sollte. Zudem dauern Erstgeburten in meiner Familie oft 2-3 Tage, da würde man dann wahrscheinlich eh ins Krankenhaus verlegt werden.  Natürlich kann man nie alle Risiken ausschließen und es bleibt letztendlich die persönliche Entscheidung der werdenden Eltern.",0,0,1,0,0,0
deu_train_track_a_00141,"Vor ziemlich genau 4 Jahren kam die tödlichste Pandemie aller Zeiten nach Deutschland.   Bis heute kenne ich niemanden, der daran verstorben ist.",0,1,0,0,0,0
deu_train_track_a_00142,Wäre echt ne Schande wenn die Allianz Arena eine Fehlfunktion hat bei der alle Farben getestet werden müssten.,0,0,0,1,0,0
deu_train_track_a_00143,"Wenn man mit einem Stück Kreide den Lüfter im Overhead blockiert, hat er innerhalb kürzester Zeit überhitzt und abgeschalten, dann waren zehn Minuten Pause bis zwei Schüler nen neuen vom Hausmeister organisiert haben. Und dann wieder von vorn. Wchöne Zeit.",0,0,0,1,0,0
deu_train_track_a_00144,Naja auch die vorherigen Impfungen schützen gut und ausreichend.,0,0,0,1,0,0
deu_train_track_a_00145,"Ich kann dieses ewige Gerede, dass man die Unterstützung der PalästinenserInnen und der UNWRA für Hamas doch im „Kontext“ und ein „Narrativ“ verstehen müsse. Nein, das sind Terroristen, Faschisten, die Israel auslöschen, Juden töten wollen. Die UN muss Hilfe anders organisieren.",1,1,0,0,0,0
deu_train_track_a_00146,Die Ukraine bittet und bettelt. Ein gefährliches Spiel mit dem Feuer! Bleibt zu hoffen das die Bitte nicht erfüllt wird!,0,0,1,0,0,0
deu_train_track_a_00147,"Ab wann kann/soll man den Rückbildungskurs buchen? Anfang Juli soll der Kleine auf die Welt kommen, und ich habe heute versucht, einen Kurs im Herbst zu buchen, aber die Hebamme meinte, sie nehmen keine Anmeldungen an, bevor das Kind geboren wird.  Ich finde tatsächlich wenige Kurse, die ab September anfangen sollen (trotz Großstadt) - vielleicht veröffentlichen sie diese erst später? - aber die, die ich für den Herbst trotzdem finde, sind schon ausgebucht! Eine Freundin meinte, sie habe ihren Kurs schon vor der Geburt buchen können, aber ist das typisch? Soll ich weitersuchen oder erstmal abwarten?",0,0,1,0,0,0
deu_train_track_a_00148,Wie wärs mit Friedensverhandlungen ??? Peace Peace Peace,0,0,0,0,0,0
deu_train_track_a_00149,"Ich lach mich tot.... umgedreht wird ein Schuh drauss. Die Grünen leben von der Lüge und sie sind faschistischer in der Handlung und Ideologie als die AfD jemals war. Staatspropaganda, Mediengleichschaltung, Denunziantentum, Oppositionverbote + Staatsdemos gegen diese. Verfassungsbrüche, Grundrechtsentzug. Grün ist das neue braun, ihr seid die totalitären. 🤢🤮",1,1,0,0,0,0
deu_train_track_a_00150,"AfD ist ein shice Sicherheitsrisiko für 🇩🇪 Nennen sich „Patrioten“, aber händigen Putin unsere Sicherheit & Stabilität aus.",1,1,1,0,1,0
deu_train_track_a_00151,"Bei mir war es nicht in der Kindheit, sonder als ich fatale Gedanken infolge einer ungesunden Beziehung zu einer Frau in meinem 20. Lebensjahr entwickelt habe.  Wie leitest du die Klarträume ein?  Hast du ein erklärtes Ziel (Zugang Unterbewusstsein z.B.)?  Hattest du schon einmal ein falsches Erwachen? Wie bist du damit umgegangen?  Danke dir für das AmA",0,0,0,0,1,0
deu_train_track_a_00152,Wie stehst du zu der Arbeitslosigkeit deines Vaters?  Wie findest du die Bürgergeld Pläne und die Reaktion vieler Leute a la da lohnt sich arbeiten nicht mehr?  Was würdest du als Regierung bei Langzeitarbeitslosen anders machen?  Und wie stehst du dazu dass andere Leute dafür schwer arbeiten gehen um die Grundsicherung mit zu finanzieren? (Soll nicht provokant sein),0,0,0,0,0,0
deu_train_track_a_00153,Wie schafft man es nicht dauernd krank zu sein wenn man verschwitzt wegen bei Regen und Kälte hinten am Müllwagen steht?  & der Wechsel?  & schauts Gehalt bei Job1 & 2 aus?,0,0,0,0,0,0
deu_train_track_a_00154,"Taurus-Leaks: Der Skandal besteht darin, dass deutsche Offiziere mit deutschen Waffen einen Angriff gegen Russland bis ins Detail planen. Ist das nicht strafbar? Die deutschen Medien lenken ab und behaupten, Scholz habe gelogen, als er sein Taurus-Veto einlegte.  Völlig verrückt.",1,1,0,0,0,1
deu_train_track_a_00155,"Zum Glück gibt es einen Klimawandel. Denn das Gegenteil davon ist Stillstand, wer will das, ich nicht. Einen negativ ausgeprägten Wandel, auch den Klimawandel, stoppt man nicht, sondern lenkt ihn in die richtige Bahn. Den sich jährlich wiederholende Klimawandel nennt man übrigens Jahreszeiten.",0,1,0,1,0,0
deu_train_track_a_00156,Bei “innerlich” hässlich muß ich im Falle der Hanni sehr zusammenreißen……,0,0,0,0,0,0
deu_train_track_a_00157,"Ich hab alles gegessen außer rohes Fleisch, rohen Fisch, rohe Eier, Rohmilchprodukte, belegte Semmeln vom Bäcker (haben mich geekelt) und abgepackte Sachen wie Obst vom Rewe oder fertige Salate. Salat aus dem Restaurant, Mc.D, Döner, Pizza, Eis - hab ich ohne mit der Wampe zu zucken reingehauen. Natürlich hab ich mich aber sonst weitestgehend gesund ernährt ;)",0,0,0,1,0,0
deu_train_track_a_00158,Der Mann ist eine einzige Katastrophe 🤨 #lauterbachmussweg #Lauterbachluegt #LauterbachRuecktritt,1,1,0,0,0,0
deu_train_track_a_00159,"VÖLKERMORD durch ISRAEL , bejubelt von gekauften linksradikalen deutschen  PROPAGANDAUNTERNEHMEN.",1,0,0,0,0,0
deu_train_track_a_00160,Aus der Sicht eines Viewers:immer… das nervt sich wenn einfach nur Musik im Stream läuft und sonst nix passiert…,0,0,0,0,0,0
deu_train_track_a_00161,"""Mitsotakis nach Angriff schockiert""  Wer kann schon ahnen das im Kriegsgebiet geschossen wird!?",0,1,0,0,0,0
deu_train_track_a_00162,"facts, aber nur bis tony den Unfall hatte",0,0,0,0,0,0
deu_train_track_a_00163,"Das ist in Anbetracht der Tatsache, dass massivst gegen Ungeimpfte gehetzt wurde, gerade von sogenannten lupenreinen Demokraten, einfach nur lächerlich.",1,1,0,0,0,0
deu_train_track_a_00164,Nie wieder Krieg ! Keine Waffen für irgendjemand. Nie wieder Sozialismus.,1,1,1,0,0,0
deu_train_track_a_00165,"Hey Phillipp! Ich hab zwar keine Frage, aber ich wollte dir sagen, dass ich es echt beeindruckend finde, wie du mit der ganzen Sache umgehst. Ich wünsche dir von Herzen alles Gute!",0,0,0,1,0,0
deu_train_track_a_00166,Ich befinde mich in der Gewalt des Ro Hr Rein Igers,0,0,1,0,0,0
deu_train_track_a_00167,"Das war ein krasser Wendepunkt für mich aber jetzt sieht mein Leben komplett anders aus als noch vor einem Jahr. Ich studiere an der Uni und versuche es jetzt, mein Leben wieder auf die Reihe zu bekommen  UPD: vielen lieben Dank für die Kommentare und die Unterstützung! ich hab mit 2-3 Kommentaren gerechnet   2. UPD: herzlichen Dank an euch alle, ihr habt so viele Fragen beantwortet, für die ich bisher keine Antwort finden konnte!",0,0,0,1,0,0
deu_train_track_a_00168,"Ich habe keine Frage, aber ich wollte mich bei dir für deine Arbeit bedanken und meinen Respekt aussprechen. Ich könnte diesen Beruf nie ausüben, vermutlich die meisten anderen auch nicht, aber es ist sehr wichtig das es euch gibt. Danke dafür :-)",0,0,0,1,0,0
deu_train_track_a_00169,"Immer wieder lustig, wenn Russland der Ukraine Terrorakte vorwirft… 🤦🏼‍♀️",1,1,0,0,0,0
deu_train_track_a_00170,"Erst wenn Israel mit dem Völkermord fertig ist, vorher sind die Geiseln nur Mittel zum Zweck.",1,1,0,0,1,0
deu_train_track_a_00171,"Ich habe für heute 15 Leute auf meine Geburtstagsparty eingeladen, vor einem Monat habe ich die Einladungen verschickt.  Ich habe hier im Haus alles schön und liebevoll dekoriert, leckeres Essen vorbereitet und viele Getränke eingekauft. Ich habe dann im Laufe des heutigen Tages mehr und mehr Absagen bekommen. Kein Problem dachte ich, zu siebt lässt es sich ja auch schön feiern.  Jetzt sind drei Stunden seit Partybeginn vergangen und ich sitze hier alleine und bin sehr traurig.  Immerhin ist mein Hund da...",0,0,0,0,1,0
deu_train_track_a_00172,"Wer behauptet, für das Leid der Menschen in Gaza seien die Hamas verantwortlich und nicht 🇮🇱, der leugnet Kausalität.  🇮🇱 wirft Bomben auf Zivilisten ab 🇮🇱 jagt zivile Infrastruktur in die Luft 🇮🇱 blockiert humanitäre Hilfen  Israel ist eine Terrorbesatzung.  Simple Kausalität.",1,1,0,0,0,0
deu_train_track_a_00173,"Frag gerne deinen Frauenarzt danach, denn wir haben natürlich nur Meinungen als Laien :)  Was ich dir sagen kann, ist dass sich ja durch die Hormone die Verdauung verändern kann, ich hatte z.B. Spaß mit Verstopfung. Es könnte also vielleicht sein, dass dein Darm härter arbeiten muss, um seine übliche Arbeit zu verrichten, was bei dir zwar nicht in einer Verstopfung oder Ähnlichem endet aber vielleicht das ganze erklären könnte.",0,0,0,0,0,0
deu_train_track_a_00174,Die grüne Jugend und die Jusos sind auch gesichert linksextrem! Dann darf die Junge Alternative auch rechtsextrem sein!,1,1,0,0,0,0
deu_train_track_a_00175,"Naja Depression ist nicht unbedingt eine Frage von Privilegien und man findet immer Menschen, denen es (viel, erheblich) schlechter geht, als einen selbst. Das bedeutet aber nichts, für deinen Gesundheitszustand. Krank ist krank. Irgendwer hat diese Diagnose bei dir, vermutlich aus guten Grund, gestellt. Sofern keine berechtigten Zweifel an der Befähigung des Arztes oder seiner Methoden bestehen, würde ich erstmal annehmen, dass die Diagnose passt. Bei Zweifeln Facharzt aussuchen oder zweite Meinung einholen. Sofern die Diagnose von einen Facharzt stammt und auch ausreichend fundiert ist, dass heißt bspw. nicht mal eben so, nach zwei, drei Gesprächen, würde ich erstmal so annehmen.",0,0,0,0,1,0
deu_train_track_a_00176,"In Gaza wurden 104 notleidende Zivilisten in der Hoffnung, humanitäre Hilfe zu erhalten, von der israelischen Armee getötet. 706 Menschen wurden zudem verletzt.   Und  @<username> ? Berichtet auch 14 Stunden später kein Wort. Nicht auf der Webseite, nicht auf Social Media. Pervers.",1,1,0,0,1,0
deu_train_track_a_00177,cool wollen wir zusammen liegen,0,0,0,1,0,0
deu_train_track_a_00178,Wenn dir eine bedeckte Frau Angst macht dann solltest du vielleicht einen Therapeuten aufsuchen,0,1,0,0,0,0
deu_train_track_a_00179,"Mich wundert ehrlich gesagt, warum das Ganze für dich so plötzlich kommt. Sie hat dir in den 3 Jahren ja anscheinend immer wieder gesagt, was sie stört, du hast das aber anscheinend ignoriert und weiterhin versucht sie in eine Richtung zu verbiegen, die sie nicht will. Jetzt brauchst du nicht mehr versuchen etwas zu retten, die Chancen hast du alle vertan.  Sie will nicht mehr, die Beziehung ist also zu 100% vorbei, egal ob du das willst oder nicht. Du kannst also nur draus lernen und es nächstes Mal besser machen.",0,0,0,0,0,0
deu_train_track_a_00180,danke wird bestimmt &gt;-&lt;,0,0,0,0,0,0
deu_train_track_a_00181,"Ist nicht so schlimm wie andere Fälle hier aber ich war als Kind mal in einer Nachmittagsbetreuung und habe mir den Arm gebrochen, hatte aber bereits eine Schiene. Tagelang habe ich mich über schreckliche Schmerzen beschwert, so schlimm, dass ich im Grunde nichts mehr machen konnte aber mir wurde immer gesagt, dass ich simuliere und mich doch zusammenreißen soll. Irgendwann war ich dann im Krankenhaus, die Schiene wurde abgenommen und brachte eine komplett lilafarbene Hand hervor, solche Farben habe ich seitdem niemehr gesehen.",1,1,0,0,1,0
deu_train_track_a_00182,"#Berlin - 19.27 Uhr Es gab soeben eine Festnahme, laut Augenzeug*innen ging es wohl um Cannabis.   #b0509",0,0,0,0,0,0
deu_train_track_a_00183,"Lass mich raten, das Notebook hat leider keinen VGA Anschluss und die Tischkamera kein HDMI...  Einer von uns hatte dann immer einen Adapter dabei (waren auch ne IT Berufsschulklasse), damit wir das nicht weiter ertragen mussten.",0,1,0,0,0,0
deu_train_track_a_00184,"Ein Foto das den Wirt in jungen Jahren zeigt mit einem Schlagerfuzzi den keiner kennt, incl. unleserlicher Widmung",0,1,0,0,0,0
deu_train_track_a_00185,"Bisher ist diese ‘Massaker-Beteiligung‘ allerdings (erstmal)  nur ein auf israelischen Angaben beruhender Verdacht.  Btw., was ist das, was Israel seit 3 Monaten im Gazastreifen veranstaltet, anderes als ein genozidales Massaker?",1,1,0,0,1,0
deu_train_track_a_00186,"Hab das Bild gesehen und mir direkt gedacht ""das schaut doch nach Dortmund aus""  Hab dann überlegt wie ich überhaupt darauf komme, ""DOGEWO21"" auf dem Haus hat es mir dann bestätigt, aber lässt sich Dortmund (oder vielleicht allgemein die Heimatstadt) tatsächlich so viel besser identifizieren als andere Städte?  Find's interessant weil mir das irgendwie andauernd passiert",0,0,0,1,0,1
deu_train_track_a_00187,"Man braucht nur die Augen öffnen und beobachten, dann sieht man genau wer Schaden davon getragen hat, in meinem Umfeld nur geimpfte, sagt ein Freund !",1,1,0,0,0,0
deu_train_track_a_00188,"Bei ihr war es wahrscheinlich schon vorbei, also innerlich. Ich will sie nicht verteidigen aber ich bin mir sicher sie denkt nicht seit gestern darüber nach.  Besser jetzt als 2 Tage vor der Hochzeit.",0,0,0,0,0,0
deu_train_track_a_00189,Zuallererst gehe zu einer Schuldnerberatung. Das ist nicht schlimm und dafür muss man sich auch nicht schämen.  Die Leute dort haben die Expertise einen Plan mit dir auszuarbeiten und dem Inkasso Unternehmen.   Ich würde dort auch evtl. deine psychischen Probleme ansprechen und ihnen das genau so erklären warum das alles so ist wie du es hier so geschrieben hast.   Ich war schon selbst in dieser Situation und Rate dir dringendst eine Schuldnerberatung aufzusuchen.   Toi toi toi,0,0,0,0,0,0
deu_train_track_a_00190,"Falls ihr Arbeiterkind seid und Unterstützung/Beratung zu den Themen Studium, Studienfinanzierung Stipendien etc. braucht, in jeder Unistadt gibt es eine [Arbeiterkind.de]( Ortsgruppe einfach [ortsname.de](mailto:ortsname.de) ne Mail schreiben. Mehr Infos auch auf [Arbeiterkind.de]( wir haben ein Hilfenetzwerk mit tausenden Ehrenamtlichen sämtlicher Fachrichtungen. Natürlich alles freiwillig, kostenlos und niedrigschwellig.  & OMG ist das hier explodiert, danke für die Hochwählis und die Preise. Finds cool das sich hier so ein reger Austausch entwickelt hat :) Der eigentliche Ruhm gehört aber den ganzen coolen Menschen bei [Arbeiterkind.de]( die Bildungsgerechtigkeit in Deutschland jeden Tag ein Stückchen mehr Realität werden lassen :)",0,0,0,1,0,0
deu_train_track_a_00191,"Was genau war der Grund? Wieviel Kapital hast du gebraucht? Wie detailliert und wie weit hättest du vorraus geplant? Was war die schlimmste Erfahrung? Inwieweit hat dich die Weltreise verändert (""Awakening"" o.Ä.)? Bist du wieder im Alltag angekommen und gleichen Job oder machst du jetzt was komplett anderes?   Und Glückwunsch zur Vaterhood :) Edit: Name des Buches?",0,0,0,1,0,0
deu_train_track_a_00192,"Freundschaften zu schließen ist nicht einfach... auch für Introvertierte ist es sehr schwer, Freundschaften zu schließen und neue Kontakte zu knüpfen. Vielleicht fühlt sie sich in der Nähe anderer nicht wohl oder hat sie vielleicht noch nicht die richtigen Freunde gefunden? Ich selbst habe nicht viele Freunde, weil ich kein Glück hatte, tolle Freunde zu treffen, mit denen ich gerne zusammen bin. Heißt nicht, dass ich nicht will oder komisch bin oder so. Das beste was du machen kannst, mit ihr darüber zu reden und ihr zu raten mehr auszugehen oder sie vielleicht mit deinen Freunden anfreunden zu lassen?",0,0,0,0,1,0
deu_train_track_a_00193,"Danke für deinen Mut.   Hast du keine Angst, dass du es irgendwann doch tust?  Kommt ein Berufswechsel für dich nicht in Frage?",0,0,1,0,0,0
deu_train_track_a_00194,"Hey. Es tut mir sehr leid, dass du dich so fühlst. Ich kann das alles sehr gut verstehen. Fühl dich gedrückt!  Was hältst du von einer Klinik? Wäre das was für dich? Ansonsten würde ich dir zu einer ambulanten Therapie raten, aber durch meine eigene Situation weiß ich, dass man nicht so gut an einen Platz kommt (Aufnahmestopp, zu lange Wartelisten etc. Trotzdem dranbleiben!) daher habe ich direkt die Klinik vorgeschlagen.",0,0,0,0,1,0
deu_train_track_a_00195,Was genau bedeutet das und wie lässt sich sowas vermeiden?,0,0,0,0,0,0
deu_train_track_a_00196,Was erhoffst du dir von einer Klage über Schulöffnungen in New York?,0,0,0,0,0,0
deu_train_track_a_00197,Die Grünen müssten verboten werden,1,1,0,0,0,0
deu_train_track_a_00198,"Gedanken, die wie ein Vulkan zu brodeln beginnen. Noch ist der Ausbruch fern.",0,0,1,0,0,0
deu_train_track_a_00199,"Bitte nimm ab morgen Folsäure, falls du es nicht schon tust! Das ist wichtig, damit den Kind gesund auf die Welt kommt :)   Der Hebammenmangel besteht glaube ich nicht überall so stark. Aber ja, in vielen Gegenden ist es sehr schwer und du solltest jetzt suchen! Wichtig ist, dass du klärst, ob die Hebamme sich auch nach der Geburt um dich kümmert.  Soviel ich weiß, kannst du auch mehrere Hebammen haben, solange die nicht zeitgleich abrechnen. Du könntest also eine Hebamme bis zum Umzug haben und dann wechseln. Mein erster Termin war in der 12. Woche. Frag dazu am besten deine Krankenkasse.  Wie schnell möchtest du denn umziehen?",0,0,1,0,0,0
deu_train_track_a_00200,"ich hab weniger Bedenken, dass sie sexuelle Gedanken mit wem anders hat, das ist nicht ungewöhnlich (wobei natürlich schon der Austausch der Nachrichten), aber dass sie kein Interesse hat an der Beziehung zu arbeiten. wenn sich Letzteres nicht ändert, wars das. sorry, da seh ich keine Möglichkeit der Besserung. :(",0,0,1,0,1,0
deu_train_track_a_00201,Uh. Hart.  Super schön geschrieben - sehr guter Lesefluss. Sehr nahbar. Das Ende lässt einen schlucken.,0,0,0,1,0,0
deu_train_track_a_00202,"Entweder man entscheidet sich, ein Nazi zu sein, oder man ist anständig, respektvoll und intelligent.",1,1,0,0,0,0
deu_train_track_a_00203,Die Einsamkeit älterer Menschen in Pflegeheimen stimmt mich sehr traurig.,0,0,0,0,1,0
deu_train_track_a_00204,"Ich denke das ist völlig normal. Am Anfang habe ich mir tierische Sorgen gemacht, vor allem weil ich wirklich milde Symptome hatte. Ich habe mich ganz lange nicht wirklich schwanger gefühlt (rückblickend sehe ich jede menge Symptome)  Meine Nervosität hat erst um die 20te Woche herum aufgehört, als ich die Bewegungen endlich spüren konnte. Seitdem weiß ich, dass alles ok ist :)",0,0,1,1,0,0
deu_train_track_a_00205,Männerschläger und mädchen die jungs vergewaltigen,1,1,0,0,0,0
deu_train_track_a_00206,"Ja das ist völlig in Ordnung, es gibt dazu keine Studien, die eine schädliche Wirkung beweisen würden :) hatte mich damals vor meinem Friseurtermin auch informiert.   Viel Spaß! :)",0,0,0,1,0,0
deu_train_track_a_00207,Witzig. Und die reichsten 1% sind immer noch für 50% der Emissionen verantwortlich. Taylor Swits privatjet stößt mehr CO2 pro Flug aus als ein Dieselfahrzeug seine ganze lebensdauer. Aber wir Mittelstand retten das Klima!,1,1,0,0,0,0
deu_train_track_a_00208,"Aber omg kauft euch Kopfhörer. Ich will eure Gebet Videos, Tik Toks und Spiele nicht hören. Ich verstehe es nicht. Wie kann man mit einem iPhone sitzen, aber kein paar billiges Kopfhörer haben???  Bei Musik bin ich noch etwas entspannter, aber einfach sinnlose Sounds zu hören, welche sich teilweise wiederholen ist SO nERVIG  Schon seit 1h non stop.   Rant over",1,0,0,0,0,0
deu_train_track_a_00209,Wenn du jung bist können vielleicht u/ConActionStreetwork und u/digital_streetwork deinen persönlichen Sklaven spielen..,0,0,0,0,0,0
deu_train_track_a_00210,"Stimmt es, dass man als Kunde in bestimmte Kategorien einsortiert wird? zB: Guter Kunde, gutes Zahlungsverhalten und reklamiert selten seine Einkäufe und entsprechend das Gegenteil als schlechten Kunden? und das Amazon bei den guten Kunden sehr oft ein Auge zudrückt, Hauptsache der gute Kunde bleibt bei uns?",0,0,0,0,0,0
deu_train_track_a_00211,"Eine gute Freundin kam zu spät zur geplanten Verabredung/Feier mit mehreren bekannten.  Alle Stühle waren demnach besetzt. Gentleman wie man ist, fragte ich halt: ""Magst du dich auf meinen Platz setzten?"" Zack, sass sie auf meinem Schoss.  Hätte wohl zuerst aufstehen sollen..",0,0,0,1,0,1
deu_train_track_a_00212,"Wenn man sich das Foto anschaut, hätten die lieber auf Tourismus statt Terrorismus setzen sollen. 😠 Translate post",1,0,0,0,0,0
deu_train_track_a_00213,Leggerschmegger du wohnst nich zufällig in ÖPNV-Reichweite von mir oder? :D,0,0,0,1,0,0
deu_train_track_a_00214,Der Untergang der Demokratie kommt immer näher. Wer sind eigentlich die Drahtzieher hier in Deutschland?,1,0,1,0,0,0
deu_train_track_a_00215,Wobei das Dessert ohne Gastroküche kaum umzusetzen ist 🤔,0,0,0,0,0,0
deu_train_track_a_00216,"Also kurz:All das war damit gemeint, aber sicher keine rechtsextremen Arschlöcher.",1,1,0,0,0,0
deu_train_track_a_00217,ist nicht schlimm endlich bist du kein alter mensch mehr  frohe weihnachten an dich und den weihnachtsmann!!,0,0,0,1,0,0
deu_train_track_a_00218,Kannst du morgen um dieselbe Zeit Posten wie viele creepy Anfragen du per DM bekommen hast?,0,1,0,0,0,0
deu_train_track_a_00219,"Hab auch oft Blasenentzündung. Natürlich auch zu Beginn der SS gehabt. Man muss ja leider schon das Kondom weglassen um schwanger zu werden. Das resultiert bei mir fast zu 100% in einer Blasenentzündung trotz aller Vorsichtsmaßnahmen. Hab ganz normal vaginal entbunden, war auch nie Thema dass es deswegen Probleme geben könnte. Hatte keine Beschwerden nach der Geburt",0,0,0,0,1,0
deu_train_track_a_00220,Warum sprechen wir auf Seite der Palästinenser immer von „umgekommen“ und nicht von „ermordet“? Die israelische Regierung ist für dieses Massaker verantwortlich und dafür stehen sie aktuell auch vor dem Internationalen Gerichtshof!,1,0,0,0,1,0
deu_train_track_a_00221,Imagine Musik LK bei uns kam nicht Mal mehr ein Musik oder Kunst GK zustande,0,0,0,0,1,0
deu_train_track_a_00222,"Das ist durchaus nicht verkehrt. Zumindest auf Dauer ist der Hass für einen selber nicht gut, richtig.",0,0,0,0,0,0
deu_train_track_a_00223,Tja gibt halt Menschen mit Empathie Im Land ! das ist zwar ein Wort was euch völlig Fremd ist ! Und Diese Menschen mit dieser Empathie Wollen das GAs dieses Massenmörders nicht !,1,1,0,0,0,0
deu_train_track_a_00224,"Als ich jünger war (10 ca) wurde ich von Kindern aus meiner Siedlung gemobbt.   Sie haben draußen ein Rad-Wettrennen gehabt und ich schäme mich echt noch dafür. Ich hab einen Stock ins Rad vom Fahrrad gesteckt, er ist aufs Gesicht gefallen und hat voll geschrien.  Ich bin weggelaufen.",0,1,0,0,1,0
deu_train_track_a_00225,"Hat keiner Bedenken, was passiert wenn die Beziehung scheitert?  Ihr seid ja schließlich dann dennoch über eure Eltern verbunden und die können sich dann kaum auf die Seite des eigenen Kindes stellen, ohne selbst Beziehungsprobleme zu kriegen.  Sorge, dass sich auch der eigene Elternteil auf die Seite des anderen stellt?",0,0,1,0,0,0
deu_train_track_a_00226,Braucht kein Mensch und die Umwelt erst recht nicht,0,1,0,0,0,0
deu_train_track_a_00227,"In den USA gibt's ja jetzt diese neue Hotline (988), wo ja erst gesagt wurde, dass alle Anrufe ""getrackt werden"", sodass der Mitarbeiter der Hotline die Polizei losschicken kann, je nachdem, wie er oder sie die Gefahr bewertet. Mittlerweile wird gesagt, dass Geolokalisierung doch nicht möglich ist, aber es hat eine ziemlich große Diskussion losgetreten. Was hältst du von solchen Lösungen? Wünscht du dir manchmal, du könntest Anrufer auf diese Weise vor sich selbst schützen? Ich habe die Debatte dahinter verfolgt und bin absolut dagegen, aber ich fände es interessant, auch die Perspektive eines Angestellten zu erfahren.",0,0,0,0,0,0
deu_train_track_a_00228,"Techniker war da, hab endlich festes Internet \o/",0,0,0,1,0,0
deu_train_track_a_00229,"Genau, sind immer voll mit Wasser. Und weg sind die Wespen das müsste doch eigentlich auch bei den Vögel funktionieren?",0,0,0,0,0,0
deu_train_track_a_00230,"Schick sie zum Endokrinologen. Ihre Hormone scheinen nicht gut eingestellt, wenn sie depressiv ist und ihre Libido auf Null ist. Reden bringt da nichts, und solange sie keine Libido hat, würde sie sich quasi selbst vergewaltigen, wenn sie mitmacht, sich danach missbraucht und elend fühlen. Das willst du sicher auch nicht, dass sie dann nur daliegt und hofft, dass es schnell mit wenig Schmerzen vorbei ist.",0,0,0,0,0,0
deu_train_track_a_00231,Das Gefühl kenne ich (als Frau). Diese ständige Fremdbestimmung hat mich fertig gemacht. Mein Mann hat auch super viel übernommen (kochen usw.) trotzdem war ich so ausgelaugt. Natürlich auch durch den Schlafmangel. Einfach mal ganz ohne Kinder alleine Zuhause sein fehlte mir total. Von mir aus auch mit Abendessen zubereiten und dabei Podcast hören. Als introvertierter Mensch brauche ich einfach ab und zu ein paar einsame Stunden zum Kraft tanken. Vielleicht geht es ihr ja ähnlich.,0,0,0,0,1,0
deu_train_track_a_00232,"Ich verbringe schon fast meine gesamte Zeit mit meinem Partner, aber wir wollen das beide so und ich glaube, keiner würde meckern, wenn einer mal was seperat macht, wir sprechen es aber immer ab. Wir haben einfach viel gemeinsam und das gilt auch für Hobbies.",0,0,0,1,0,0
deu_train_track_a_00233,Und wir sind so dumm und kaufen Heizlüfter 🥹,0,0,0,0,1,0
deu_train_track_a_00234,"Kriegst du Abmahnung oder ne Beförderung, wenn du zu spät zur Arbeit kommst?",0,0,0,0,0,0
deu_train_track_a_00235,Erinnert leicht an die Leviathan aus supernatural :),0,0,0,1,0,0
deu_train_track_a_00236,Sehr gut!  Wäre schön wenn's endlich auch mal eine Strategie zum Aufbau von Energiespeichern geben würde.,0,0,0,1,0,0
deu_train_track_a_00237,Finde ich richtig so.,0,0,0,1,0,0
deu_train_track_a_00238,dieser Mann (Putin) wird nie Aufhören wenn er nicht gestoppt wird.,1,1,1,0,0,0
deu_train_track_a_00239,Ich war zeitgleich mit einer schwanger die das auch hatte. Aber es ist noch gewandert und sie konnte normal entbinden. Das ist leider das einzigste was ich diesbezüglich als Erfahrung äußern kann. Sie hatte auch ein Kleinkind und hat quasi normal weiter gemacht. Nicht übertrieben und kein Sex.,0,0,0,0,0,0
deu_train_track_a_00240,"Zu wenig, auch noch ins Gefängnis",1,0,0,0,0,0
deu_train_track_a_00241,"Ich bin gerade im Urlaub, hier kennt man das Wort Klimaschutz gar nicht, sind aber in der EU",1,1,0,0,0,0
deu_train_track_a_00242,"Ich stand mal Freitag Nachmittag im Stau um Hamburg, schon leicht angepisst weil quasi schon Wochenende und ich hatte noch ne längere Fahrt vor mir, schau aus Langeweile nach links, grinst mich auf einmal [so eine Ikea Mumie]( leicht grenzdebil aus dem Klempner-Firmenwagen neben mir an. Der Fahrer muss wohl seinen Sitz sehr weit nach hinten gestellt haben, ich konnte auf die Rasche zumindest keinen Fahrer ausmachen.  Schlechte Laune war wie weggeblasen und der Rest vom Stau dann doch recht angenehm.   Nicht so besonders, aber auch immer schön ist wenn Hunde im Stau ihre Nasen aus den Fenstern stecken.",1,0,0,1,0,0
deu_train_track_a_00243,Endlich haben wir die höchste ⬆️ der Unabhängigkeit erreicht! 🎉  Wir sind jetzt unabhängig von russischem 🇷🇺 Gas und jetzt auch nicht mehr abhängig von amerikanischem 🇺🇸 Gas!  Dann nehmen wir einfach gar kein Gas 🚫!!!  #Unabhängigkeit #Deutschland #Russland #USA #Gas ⛽🔥🎊🥳🎉,1,0,0,1,0,0
deu_train_track_a_00244,Da ist Impfbeginn. Will alles gut vorbereitet sein.,0,0,0,0,0,0
deu_train_track_a_00245,Klima schützen ist nicht schwer - öffentlicher Nahverkehr! 🌎🍀,0,0,0,1,0,0
deu_train_track_a_00246,"Es gibt nur keine Impfschäden, weil all die Geimpften im September 21 gestorben sind!!!1! 😃",1,1,0,1,0,0
deu_train_track_a_00247,Damals vor 2 Jahren haben böse Zungen behauptet „Russland werde in paar Wochen besiegt“ Hahaha 😂,0,1,0,1,0,0
deu_train_track_a_00248,"Das war hier die ersten 500 Kommentare ganz lustig, inzwischen stellen wir aber einen verstärkten Incel-Einschlag bei den neueren Kommentaren fest. Überhaupt scheinen sich eine Menge Leute ziemlich ausgelöst zu fühlen - ich würde ja gerne behaupten, dass das auch nur *irgendwie* überraschend ist.   Wir dulden keine persönlichen Angriffe. Auch nicht, wenn OP mit Capslock auf den Nerv geht. Zum mitschreiben: Capslock ist keine Einladung mal den angestauten Hass aufs andere (oder teilweise gleiche) Geschlecht rauszulassen. Persönliche Angriffe und Sexismus werden gestriket, Incel-Kommentare sorgen dafür, dass der Account ganz aus dem Sub gekärchert wird.",1,1,0,0,0,0
deu_train_track_a_00249,Respekt für deine Entscheidung! Kommst du mit dem Gehalt gut zurecht?  Wie viel Wochenstunden machst du und wie viele davon sind tatsächlich putzen?  Ist die Arbeit sehr körperlich anstrengend?,0,0,0,0,0,0
deu_train_track_a_00250,"Die Palästinenser jubelten nicht nur an dem Tag, als 24 unserer Soldaten starben, sondern besonders am 7. Oktober, als auf den Straßen von Gaza eine wahnsinnige Orgie der Freude über das von Hamas verübte Massaker begann. Ich werde diese Bilder nie vergessen, denn es waren gewöhnliche Zivilisten, die den furchtbaren Tod von 1200 Israelis feierten. Diese Kluft zwischen Israel und Palästina ist unüberbrückbar.",1,1,0,0,1,0
deu_train_track_a_00251,Wenn ich morgens als Käfer aufwachen würde wäre mein erster Gedanke: wie soll ich denn bitte so zur Arbeit kommen?,0,0,0,1,0,0
deu_train_track_a_00252,"Ganz großen Respekt an jeden einzelnen der auf der Straße war. Ein extra Lob an den Osten, oftmals negativ aufgefallen regt sich auch hier der Widerstand",0,0,0,1,0,0
deu_train_track_a_00253,"Was war der schönste Moment in deinem Leben und was war der schlechteste? Was würdest du deinem 5 Jährigen ich für Tipps fürs Leben geben?  Welche Weisheiten hast du gewonnen, die du jedem mitteilen kannst?  Halt die Ohren steif, die letzten Tage können noch schön sein, solang man sich nicht von Dunkelheit verzehren lässt.",0,0,0,0,0,0
deu_train_track_a_00254,Es tut mir sehr leid für die Menschen in Gaza. Mein tiefes Mitgefühl. Aber Israel hat ein Recht sich zu verteidigen. Über 1000 Menschen und über 200 Geiseln der Hamas.,0,0,0,0,1,0
deu_train_track_a_00255,"Ganz ehrlich, mir macht der Aufstieg der AfD eine Scheißangst. Klar, als erstes gehen sie auf Migrant:innen. Und dann? Auf Queere Menschen? Auf Gewerkschaften? Auf Menschen, deren Gesinnung ihnen einfach nicht passt?",0,0,1,0,0,0
deu_train_track_a_00256,"Ich bin seit 5 Jahren in einer Fernbeziehung (DE - FI) und muss sagen, dass ich echt froh bin, sobald diese nicht mehr Fern ist xD",0,0,0,1,0,0
deu_train_track_a_00257,"Die Geschichte wird diese Gräueltaten Israels nicht vergessen u die indirekte dt., europäische Beteiligung ist nicht nur gefährdend sondern in höchstem Masse abscheulich! Es gibt keine dt. Staatsraison!",1,1,0,0,0,0
deu_train_track_a_00258,Um Gottes Willen wie arm und geschmacklos muss man sein um sowas zu essen... 😛,0,1,0,0,0,0
deu_train_track_a_00259,"Deine Gefühle sind valid, und es ist schlimm, dass du leidest. Ganz egal, ob jemand anders es schlimmer als du hat oder nicht. \*Dir\* geht es gerade nicht gut, und du verdienst es, dass dir geholfen wird. Du kannst stolz auf dich sein, denn trotz der Schwere deiner Gedanken und Gefühle, und vielleicht auch deiner Vergangenheit bist du noch hier. Du kannst es schaffen, aus deiner Depression rauszukommen. Ich glaube an dich, gib nicht auf. <3",0,0,0,1,1,0
deu_train_track_a_00260,"Falls in Deutschland die Bürger jemals über eine neue Flagge abstimmen dürften, würde ich [diesen Vorschlag]( hier einreichen - steht ja eh schon quasi überall rum Ü",0,0,0,0,0,0
deu_train_track_a_00261,"Als ich das erste mal auf ein Bandshirt angesprochen wurde, war ich gerade einkaufen.   Leider war es nur jemand Religiöses der mich aufgrund meines Iron Maiden T-Shirts vor dem Fegefeuer bewahren wollte.",0,0,0,0,0,0
deu_train_track_a_00262,"Erst wenn Putin weg ist, besteht da eine reelle Chance.",0,0,0,0,0,0
deu_train_track_a_00263,"Unfähigkeit seitens Behörden und die absolute ignoranz gegenüber dem de-Fakto existierenden Mangel an Fachkompetenz ist ja nicht neues, aber das ist dann doch echt heftig... Ich bin mir langsam nicht mehr sicher ob die Behörden untereinander überhaupt kommunizieren oder wir so ein Schwachsinn zustande kommen kann mir den PCR Tests die ja jetzt eigentlich oft gemacht werden sollen, nun aber nichtmehr verfügbar sind...",1,1,0,0,0,1
deu_train_track_a_00264,Lasst euch eure Freiheit ruhig nehmen Bitteschön das hat nichts mit der Leugnung von COVID 19 zu tun dieses Regime muss abtreten,1,1,0,0,0,0
deu_train_track_a_00265,"Bisher habe ich gelesen das Landwirt ein 24/7 Job ist - man steht in aller Früh auf und arbeitet bis in den Abend, wobei auch angemerkt ist, dass diese Arbeit sehr befriedigend sein kann und nicht unbedingt mit sowas wie Supermarktmitarbeiter verglichen werden kann. Somit:  * Wie ist für dich die gefühlte Life/Work-Balance? * Bist du zufrieden mit dem Arbeitsaufwand eines Landwirts?",0,0,0,0,0,0
deu_train_track_a_00266,"Ich wollte noch frühstücken, dann aber mal gesund lieber die Kohlbirne.",0,0,0,0,0,0
deu_train_track_a_00267,Bungee springen.  Ich hatte es mir in den Kopf gesetzt unbedingt mal machen zu wollen. Als ich oben war hatte ich Schiss wie sau. Es sieht von oben alles noch viel höher aus. Ich wollte mir aber nicht die Blöße geben ohne Sprung wieder runter zu fahren. Also habe ich es dann durchgezogen und bin eigentlich auch ganz zufrieden damit. Aber das eine Mal im Leben reicht mir definitiv.,0,0,1,1,0,0
deu_train_track_a_00268,"Das bricht mir beim Lesen irgendwie das Herz. Mein größtes Mitgefühl. Mir persönlich hat tatsächlich nur eine neue Liebe geholfen (Beziehungsende nach knapp 6 Jahren). Inwieweit ich das jedoch explizit empfehlen würde - schwierig. Wenn es passiert, passiert es, aber eigentlich ist dein Ansatz viel besser. Freunde, Familie, Umschulung, Fokus auf sich selbst. Ich wünsche dir viel Kraft.",0,0,0,0,1,0
deu_train_track_a_00269,Das war unerwartet 😂,0,0,0,1,0,1
deu_train_track_a_00270,"Bitte Deutschland noch mehr Waffen liefern, bis alle Menschen da getötet werden . Dann kann die Welt friedlich leben oder !? Aber ihr solltet auch nicht vergessen, dass Deutschland und USA sich beteiligt haben , diesen Genozid zu begehen!",1,1,0,0,0,0
deu_train_track_a_00271,wir wollen verreisen aber wer passt auf die katze auf 🧑🏿‍🦲,0,0,0,0,0,0
deu_train_track_a_00272,"Wichtig ist ja nur, dass ich als Privatperson inzwischen"" für das Klima"" ein kleines Vermögen bezahlen muss,  um meine Tochter in Kopenhagen besuchen zu können....Sollen die doch ihre Regierungsmachinen hin und herschicken wie es passt. Scheinheiliges Pack",1,1,0,0,0,0
deu_train_track_a_00273,"Zuhause wenig Kohlenhydrate.  Wenn ich mal ausgehe,  hier in Belgien sicher Friet. Meist gibt es sowieso keine Alternative.",0,0,0,0,0,0
deu_train_track_a_00274,"Und dann stellt sich heraus, dass es nicht nur geänderte Wagenreihung ist sondern auch ""heute nur mit einem Zugteil"", was logischerweise nicht der ist, in dem man seine Reservierung hat. Natürlich passiert das bei einem Zug, der sowieso immer voll ist und die gleiche Menge Menschen auf den halben Platz zu verteilen führt zu meschlichem Tetris in Reinform. Irgendwann fragt man sich dann, ob es nicht doch besser gewesen wäre, wenn man den Zug eine Stunde später genommen hätte und dafür den Achselduft, das schreiende Kleinkind und das Beine-in-den-Bauch-Stehen vermieden hätte. Früher ist man eh nicht da, denn an jedem Bahnhof dauert das Aus- und Einsteigen 10 Minuten länger als gewöhnlich.",1,1,0,0,1,0
deu_train_track_a_00275,Bundesregierung gibt 340 Millionen Euro für #Palestina. -  und die einheimische Bevölkerung muss brav #Gasumlage bezahlen und Klappe halten. Vernünftige Politik für #Deutschland geht anders.,1,0,0,0,0,0
deu_train_track_a_00276,"Wirklich ein sehr schönes Bild! Ja, manchmal drücken Malereien mehr aus, als man sich vielleicht selbst bewusst ist. Es ist toll, dass Du die Kraft gefunden hast, Dich damit (und mit Deinen Problemen generell) auseinanderzusetzen!",0,0,0,1,0,0
deu_train_track_a_00277,"Das sind solche Arbeiten, die niemand wirklich wahrnimmt aber wenn die Beleuchtung auf einem Rastplatz fehlen würde, würden alle direkt meckern. Schön, das mal zu sehen. Beim nächsten Mal aufm Rastplatz denke ich an den Brudi von reddit, der so schön die Birnen wechselt.",0,0,0,1,0,0
deu_train_track_a_00278,So Müll Film übel cringe den zu sehen,0,1,0,0,0,0
deu_train_track_a_00279,"Was will er denn machen, wenn Du mal nicht greifbar bist? Wenn Du unterwegs bist, Dich mit Freundinnen triffst oder ähnliches? Nein, sein ""Argument"" ist keins. Es ist kindisch und albern. Er ist der Vater, und das gehört zum Gesamtpaket ""Kind"" dazu! Ich würde ihm dringend in einem klaren Gespräch sagen, dass es Zeit wird die Erwachsenenhosen anzuziehen... Mein Mann findet es auch nicht immer toll, aber Himmel, es gehört dazu!",1,0,0,0,0,0
deu_train_track_a_00280,find dich geilste maus unter der sonne,0,0,0,1,0,0
deu_train_track_a_00281,Hab mal bei nem 100meter sprint so dumm angehalten dass mit beide Achillessehnen quasi gleichzeitig gerissen sind. War nicht cool,0,0,0,0,1,0
deu_train_track_a_00282,"Es darf nicht in Vergessenheit geraten: Der Staat hat Menschen einsam sterben lassen, ohne Beistand der Familie, Eltern, Kinder, Partner und Freunde.  #SchwereSchuld #Menschenrechte #Menschlichkeit #Grundrechte #Corona",1,0,0,0,1,0
deu_train_track_a_00283,"Der Fakt und die Kommentare unten diesem Artikel zeigen: es ist zu spät. Wir haben es nicht geschafft der breiten Masse verständlich zu machen, was das genau bedeutet. Für die Welt, für die Menschen, für sie selbst. Wir sind auf dem Zenit unserer Zivilisation angekommen. Ab jetzt geht's bergab. Und auch das ist wahrscheinlich sowas wie ein ""natürlicher"" Kreislauf. Alle großen Zivilisationen zerstören sich irgendwann selbst. Nur schade, dass wir die ganze Flora und Fauna mit ins Aussterben ziehen.",0,1,1,0,1,0
deu_train_track_a_00284,Wegen herz aber jetzt passt eh alles wieder,0,0,0,0,0,0
deu_train_track_a_00285,"Für mich hört sich das leider so an, als hätte sie bereits mit der Beziehung abgeschlossen. Vor allem wenn keine Kommunikation mehr stattfindet. Tut mir sehr leid für deine Situation.",0,0,0,0,1,0
deu_train_track_a_00286,"Wieso hast du dich für Sterilisation+Endometriumablation anstelle einer Hysterektomie entschieden? Und wie lange hat es gedauert, bis die Endometriumablation wiederholt werden muss?  Ich stehe gerade selbst vor genau der Entscheidung, deswegen die Frage :)",0,0,0,0,0,0
deu_train_track_a_00287,Israel muss sofort gestoppt werden und der Genozid Treiber netanjhu für immer hinter Gittern,1,1,0,0,0,0
deu_train_track_a_00288,Absolut. Und zeitgleich auch etwas verrückt ;),0,0,0,1,0,0
deu_train_track_a_00289,Oh bitte!!! So falsch wie Sie die letzten 6 Jahre regiert hat widerspricht jeglichen gesunden Menschenverstand.,1,1,0,0,0,0
deu_train_track_a_00290,"Sie sollten sich SCHÄMEN für das, was Sie heute im #Bundestag abgelassen haben ‼️ #StandWithUkraine",1,1,0,0,0,0
deu_train_track_a_00291,"Des öftern bin ich an Leute geraten die andere oder meine Hobbies abwerten, natürlich habe ich mit so jemanden kein Kontakt, aber leider lässt es sich nicht vermeiden und man trifft immer wieder auf solche Menschen. Dabei scheint es auch abhängig zu sein was man macht, Sport//Kraftsport im allgemeinen ist immer der ""Hit"", aber wenn man sagt man spielt gernen Sammelkarten(MTG/Magic), sind die meisten verwundert wieso man so was tut. Wie geht ihr in solchen Situatuionen um ? Meine Devise lautet, solange man niemanden verletzt, ist es mir egal was jemand privates tut.  Edit: Rechtschreibfehler und paar Kleiningkeiten rausgelöscht. Unter anderem hat es sich anghört als ob ich Kampfsport abwerte. Stimmt so nicht.",0,0,0,0,1,0
deu_train_track_a_00292,90% standen bis inklusive ersten Lockdown hinter der Regierung. Dann wurde der Machtmissbrauch für viele ersichtlich und immer abstruser.,1,1,0,0,0,0
deu_train_track_a_00293,"Ja, wenn die Beine auf dem Boden stehen komprimiert man manchmal die Nerven und Blutgefäße.",0,0,0,0,0,0
deu_train_track_a_00294,Wo endlagert zB Frankreich den Müll der AKW? Und woher kommt das Uran?,0,0,0,0,0,0
deu_train_track_a_00295,"Der Oligarchen-Zögling mit den Offshore-Konten ""fordert""... Mittlerweile ist mir der Vogel ebenso unsympathisch wie Putin...",1,1,0,0,0,0
deu_train_track_a_00296,Wenn mir Mal jemand ganz tolle Socken zu Weihnachten schenken würde würde ich mich wohl freuen :(,0,0,0,0,1,0
deu_train_track_a_00297,Wenn ich meine to Do Liste vor läppischen 10 Tagen Urlaub so anschaue beneide ich jeden der nur unter Liebeskummer leidet,0,0,0,0,1,0
deu_train_track_a_00298,Viele Kommentare hier sind sehr menschenverachtend. Ich hoffe diese Menschen kommen niemals in eine ähnliche Situation. Der Mensch wird immer mehr zum Tier.,0,1,0,0,1,0
deu_train_track_a_00299,Setzt du dich manchmal aus Spaß spontan in den Zug und fährst ohne festes Ziel irgendwo hin?,0,0,0,0,0,0
deu_train_track_a_00300,Hattest du schon mal eine Beziehung ?  Wenn deine Partnerin sexuell sehr aktiv wäre könntest du mit ihr mithalten ? Also könntest Sex haben ?  Ist es schwierig als asexueller überhaupt eine Erektion zu bekommen ?,0,0,0,0,0,0
deu_train_track_a_00301,"Durch die NSFW-Kategorie werden die Sachen sowieso glaube ich nur ganz schwer weit oben landen, vielleicht werden die sogar aus den Google-Suchergebnissen rausgestrichen",0,0,0,0,1,0
deu_train_track_a_00302,"Hey!  Ich wollte nur sagen, das ich dir wirklich empfehlen kann, eine Therapie zu machen. Auch, wenn man nicht vielleicht beim ersten Versuch den Richtigen findet, wird es sich lohnen, wenn Du den Richtigen gefunden hast. Es ist wichtig, am 2. oder 3. Termin zu sagen, wenn man nicht zueinander passt. Das ist für Therapeuten ganz normaler Berufsalltag und sie werden es nicht krumm nehmen.  Ich kann mich zum Teil in deinem Bericht wiederfinden, und ich habe es praktisch vor Augen, was mein Therapeut dazu sagen würde. :) Also mir hat er die Augen geöffnet und mir wirklich sehr weitergeholfen.  Ich hoffe Du findest bald auch so jemanden.  Alles Gute!",0,0,0,1,0,0
deu_train_track_a_00303,"Wer einen guten Job macht, verdient gut Geld. Was ist so falsch dran. Denke Apple macht viel gut bezüglich Privacy.",0,0,0,0,0,0
deu_train_track_a_00304,Ach jetzt erst seid ihr wach geworden ? Jetzt wo ihr es am eigenen Leib erleben musstet ? Jetzt könnt ihr minimal fühlen was Palästinensische unschuldigen Zivilisten und Reportern dort seit Jahren passiert nur das viele mit dem Tod bezahlen,1,1,0,0,0,0
deu_train_track_a_00305,Wohin kann man Einheimische abschieben?,1,1,0,0,0,0
deu_train_track_a_00306,"Der internationale Gerichtshof fordert von Israel Maßnahmen zu ergreifen um Genozid zu verhindern.   Israel reagierte, indem es allein in den letzten 24 Stunden 484 palästinensische Zivilisten tötete und verletzte.",1,1,0,0,1,0
deu_train_track_a_00307,"Ich habe keine Vorstellung vom Spielprinzip von World of Warcraft. Kannst du mir kurz erklären wie du genau Geld verdient hast und warum Leute die dafür bezahlt haben? Außerdem würde mich interessieren, wie viel Geld du damit verdient hast.",0,0,0,0,0,0
deu_train_track_a_00308,Todimpfen und die andere werden reich dabei und keine Haftung. Alle die ich kenne nicht geeimpft sind haben auch kein Covid bekommen.,1,1,0,0,0,0
deu_train_track_a_00309,Durfte mir gerade einen Vortrag darüber anhören das alle Geimpften in 2 Jahren tot sein werden. Und das sie wegen der Impfung zu Sklaven werden die durch Transhumanismus und 5G kontrolliert werden. Das ganze wird übrigens über die Chemtrails aktiviert.   Herrlich. Mal gucken was sie mir gleich verzapfen will.,1,1,0,1,0,0
deu_train_track_a_00310,"Mich würde interessieren, wie das so abläuft. Am liebsten in einer großen Stadt.  - Wie sieht ein üblicher Tagesablauf aus? - Wie hoch sind die Fixkosten? - Wie hoch ist der Verdienst? - Wie ist die Konkurrenzsituation, gibt es Konflikte?  Vielleicht findet sich ja jemand!",0,0,0,0,0,0
deu_train_track_a_00311,Die Energiewende wird teuer. Der Ausbau und Umbau der Stromnetze könnte die Strompreise bis 2030 um 20 Cent steigen lassen. Man rechnet hier bis 2030 mit Kosten um die 500 Milliarden Euro. Der gesamte Umbau wird zwischen 1 und 2 Billionen Euro verschlingen. Da ist nichts mit einer Kugel Eis!!.,1,0,1,0,0,0
deu_train_track_a_00312,Ich fass es nicht. Dieses Sub stürmt das Forum. :D,0,0,0,1,0,1
deu_train_track_a_00313,"Alkohol ist da überhaupt nicht gut- aber das weisst du bestimmt.   Wenn deine Depressionen so schlimm sind, wie wäre es mit einer Behandlung? Hast du etwas in Aussicht? Auf die Schnelle, wenn es ganz schlimm ist, kannst du auch in die nächste Notaufnahme gehen oder jemanden bitten, dich dorthin zu bringen. Ich weiß leider viel zu wenig über deine Situation, um dir anständig etwas raten zu können, aber ich wünsche dir von Herzen, dass es dir bald besser geht.",0,0,0,0,1,0
deu_train_track_a_00314,"Ich hatte überhaupt keine Auswahl. Ich werde ein Sommerbaby haben und viele Hebammen sind schon weg oder gehen in den Sommerurlaub. Die Hebammenzentrale hat mir geholfen eine Hebamme zu finden, die außer Stadt ihre Praxis hat, wo ich dann ein paar mal zu ihr fahren soll. Sie unterstützt mich dann im Wochenbett für 2-3 Wochen und danach übernimmt ihre Kollegin. Ich habe keine Indikatoren, was eine gute Hebamme ist, weil das meine erste Schwangerschaft ist. Ich freue mich einfach so sehr darüber, dass ich eine Hebamme überhaupt gefunden habe.",0,0,0,1,0,0
deu_train_track_a_00315,"„Ja, ist gut jetzt. Wir sind zum Musik hören hier.“ Ich früher immer auf Konzerten.",0,0,0,0,0,0
deu_train_track_a_00316,Das soll er mal den Familienmitgliedern der Opfer direkt ins Gesicht sagen.,1,1,0,0,1,0
deu_train_track_a_00317,Made by Hoffnung,0,0,0,0,0,0
deu_train_track_a_00318,"Du schaffst es immer wieder gut, Fenster zu öffnen und einen kleinen Blick in etwas Großes zu gewähren. Das gefällt mir sehr und das ist es, was Kurzgeschichten ausmacht! Danke fürs Teilen! Worüber ich beim Lesen gestolpert bin: Speisen und Gläse(r) trank diesmal etwa(s) schneller",0,0,0,1,0,0
deu_train_track_a_00319,"Also es gibt Videos und Bilder die belegen das deine Ex untreu war und nun sollt ihr es zusammen klären? Bruder, such ganz schnell das Weite.   Mal abgesehen davon das diese ""ich war betrunken und hatte ein Blackout"" Ausrede die billigste Ausreder ever ist, bist du noch jung und wirst definitiv eine Frau finden die treu ist.",1,1,0,0,0,0
deu_train_track_a_00320,"170 Ländern der Welt wurde Geld versprochen um irgendwelche dubiosen Klimaziele zu erreichen. Wenn Sie mir 1 Milliarde schenken, dann unterschreibe ich es auch..  Its a religion",1,1,0,0,0,0
deu_train_track_a_00321,"Wie sicher seid ihr euch, dass auch genügend Impfstoff für den Tag ankommt? Musstet ihr schonmal Leute zurückschicken weil ihr dann doch keine Dosis mehr hattet?",0,0,1,0,0,0
deu_train_track_a_00322,"Zuerst wird beklagt das die Schüler keine Vorschläge machen, was sie überhaupt wollen. Dann machen sie Vorschläge und prompt werden sie als unrealistischen abgetan.",1,0,0,0,0,0
deu_train_track_a_00323,"Eigentlich ziemlich cool, da kann man auch ein Buch, einen Physikversuch oder ein Blatt Papier drunter packen. Nur wäre ein HDMI Kabel zusätzlich vielleicht auch keine schlechte Sache.",0,0,0,1,0,0
deu_train_track_a_00324,"Der viele Regen ist gerade gut für unser Grundwasser .... man soll es auch mal positiv sehen ....bei jedem Wetter ist der Klimawandel schuldig ... Klimawandel gab es schon immer und die Wissenschaft kann nicht beweisen sondern nur nach Zahlen vermuten.... niemand weiß wie schnell es in der Vergangenheit , also vor 3000 Jahren oder so",1,1,0,0,0,0
deu_train_track_a_00325,"Ist der Kopf bereits verformt?  Unbeaufsichtigt (während man selbst schläft...) würde ich das Kind nur am Rücken und ohne Handtücher hinlegen. Für Tagesschläfchen kann man es auch auf die Seite legen.   Eine Alternative wäre, es tagsüber auch in der Trage schlafen zu lassen.",0,0,0,0,0,0
deu_train_track_a_00326,gut das stimmt auch wieder,0,0,0,0,0,0
deu_train_track_a_00327,Es wird Zeit dass die Verbuendeten dieser Moerderbande ein Machtwort sprechen und Sanktionen gegen Israel verhaengt werden.,1,1,0,0,0,0
deu_train_track_a_00328,"Oh Gott, ist das ein Wahnsinn was da los ist 😮",0,0,0,0,0,1
deu_train_track_a_00329,"Grundsätzlich darf kein Krankenhaus eine laufende Geburt abweisen, aber sie dürfen/müssen dich woanders hin vermitteln, wenn die Kreissäle voll sind oder andere wichtige Gründe vorliegen (dazu gehört ""sie haben sich nicht angemeldet"" nicht).  Meine Tochter ist an einem geburtenreichen Tag geboren worden, als ich aus dem Kreißsaal geschoben worden bin, war der Bereich vor der Station voller hochschwangerer Frauen, von denen ""auch mit Geburtsanmeldung"" an die umliegenden Krankenhäuser vermittelt wurden.   Es ist halt immer gut, wenn das Krankenhaus dich und deine Wünsche schon kennt, aber theoretisch kannst du überall hin und kannst auch mit Anmeldung abgewiesen werden.",0,0,0,0,0,0
deu_train_track_a_00330,"Es ist eine Schande, was Israel mit den Menschen in Gaza macht. Es ist eine Schande, daß Deutschland dazu schweigt und jeden, der darüber spricht, kriminalisiert. Es ist eine Schande, daß Deutschland Kinder verhungern lässt, weil dies die deutsche Staatsräson ist. Es ist Schande!",1,1,0,0,1,0
deu_train_track_a_00331,"Vielleicht auch Hitzepickel? Oder babyakne, die wandert gut und gerne auch Mal auf den Oberkörper. Aber lieber einmal zu viel die Hebamme oder den Kinderarzt fragen, um sicher zu sein!",0,0,1,0,0,0
deu_train_track_a_00332,"Sie nutzt aus, dass du noch in sie verliebt bist. :/ Ist sicher schwer für dich aber versuche den Kontakt abzubrechen. Das tut dir doch sicher auch weh, wenn sie dauernd von ihrem neuen Freund erzählt oder?",0,0,0,0,1,0
deu_train_track_a_00333,"Sie machen genau das, wo die älteren Generation zu bequem zu geworden sind. Alle meckern, aber keiner bekommt den hintern hoch. Scheinbar ist die Jugend den „alten“ da doch bei weitem Voraus.",0,1,0,1,0,0
deu_train_track_a_00334,Genau das sind diese Sachen. Dieses Bild ist so treffend.  Genau deshalb wohnt Ed von Weh in S-West.  MfG,0,0,0,0,0,0
deu_train_track_a_00335,Vielleicht fahr ich am Geburtstag ins toverland? Ist halt nur n verdammt weiter weg mitm Auto.,0,0,0,0,0,0
deu_train_track_a_00336,"Übrigens: Die AfD möchte die Klimaschutzpolitik beenden (siehe Grundsatzprogramm). Aber bitte nicht beschweren, wenn dann in naher Zukunft noch mehr Klimaflüchtlinge nach Europa kommen.",1,1,1,0,0,0
deu_train_track_a_00337,Die Herde in Aktion. Mit viel Herz aber ohne Verstand 😔,0,0,0,0,1,0
deu_train_track_a_00338,"Es ist eigentlich nicht zum Lachen aber irgendwie ist es lustig. Ich hoffe es hat die erwischt die die größe Fre**e von allen hatten. Diejenigen die durch ihren Job gezwungen wurden wünsche ich gute Besserung. Genau aus diesem Grund habe ich mich geweigert und werde es auch weiterhin tun. Man sieht hier wie die Menschen erst erpresset werden um dann noch hängen gelassen zu werden. Spuckt mir doch lieber direkt ins Gesicht, das ist ehrlicher",1,1,0,0,1,0
deu_train_track_a_00339,Mehr Waffen. Mehr Sanktionen. Russland darf für einen Angriffskrieg nicht belohnt werden!,1,0,0,0,0,0
deu_train_track_a_00340,"Und das soll dann gut sein, weshalb?",0,0,0,0,0,0
deu_train_track_a_00341,"Alles, wofür seit Geburt keine bzw. nicht mehr so viel Zeit ist.  Ausgeschlafen. Am PC gespielt. Gelesen. Aufwändiger gekocht. Serien gebingt, generell viele Dokus in den Mediatheken geguckt. War auch viel unterwegs, bei Mama beispielsweise und wir haben gefrühstückt, sind einkaufen gegangen usw.   Hach, ich hab den vorgeburtlichen Mutterschutz wirklich sehr genossen :). Obwohl Vieles auch schon recht anstrengend war.  Alles Gute übrigens für die bevorstehende Geburt und erste Zeit!",0,0,0,1,0,0
deu_train_track_a_00342,"Es ist zwar auf Englisch, es könnte aber dennoch hilfreich sein - r/parentsofmultiples",0,0,0,0,0,0
deu_train_track_a_00343,"Der Rest ist auch sehenswert, ein schöner Einblick in diese Welt. Kurzweilig und sehr ehrlich 👍",0,0,0,1,0,0
deu_train_track_a_00344,"Es ist ein unentschuldbarer Skandal, dass die #EU parallel zu den laufenden Untersuchungen neue Gelder an die #UNRWA überweist. Angesichts vielfacher Vorwürfe der Hetze gegen Israel und der Beteiligung am Hamas-Terror sind jegliche Zahlungen an die UNRWA absolut unverantwortlich.",1,1,0,0,0,0
deu_train_track_a_00345,"Hey und Danke für dein ama!   Mich würde interessieren, inwiefern der Klinik Aufenthalt helfen konnte. Also hat man bereits eine Diagnose an der dort dann intensiv ""gearbeitet"" wird oder ist es eher wie im Krankenhaus, indem erst einmal eine Diagnose gemacht werden muss?  Ich hoffe auf jeden Fall, dass es dir jetzt besser geht und dir auch entsprechend geholfen hat. Bleib gesund! :)",0,0,0,1,0,0
deu_train_track_a_00346,"Die Art, wie manche Leute über Minderheiten sprechen, ist einfach widerlich.",0,1,0,0,0,0
deu_train_track_a_00347,Ja zum Glück,0,0,0,1,0,0
deu_train_track_a_00348,"Für alles was gewesen ist und noch ist sind Deine Eltern verantwortlich und zwar zu 100%.  Du warst nur ein Kind. Und bist immer noch ein Kind Deiner Eltern.   Eltern tragen die Verantwortung für ihr eigenes Verhalten zu 100%.  Ich bin keine Psychologin, aber die Geschichte Deiner Familie hat Dich vermutlich traumatisiert, dafür sprechen z.B. Deine Träume.   Du sagst, Du willst Deine Familie sehen, sie ist Dir wichtig. Vielleicht kannst Du ihnen sagen, dass sie nicht mit Dir über vergangenes reden dürfen. Einfach mal die Vergangenheit ausblenden, auf beiden Seiten, bis Du mit einem Therapeuten reden konntest.   Lass die Verantwortung für alles gehen, die Verantwortung gehört Deinen Eltern.",0,1,0,0,1,0
deu_train_track_a_00349,Klingt nach Schmerzen,0,0,0,0,1,0
deu_train_track_a_00350,Härtere Strafen für #Klima-Kleber! Dafür werde ich mich im neuen Jahr im Deutschen Bundestag einsetzen.  @<username>  #LetzteGeneration,1,1,0,0,0,0
deu_train_track_a_00351,"Hallo und Danke für das AMA.  Wenn ich dein Eingangspost richtig verstehe bist Du nur Hobby Brauer.  Willst Du Dir mal etwas größeres Aufbauen um das Ganze Professionell zu betreiben?  Gab es schon Sorten die Du gebraut hast, von denen deine Freunde gesagt haben: Wow, warum gibt es so ein Bier nicht im Laden zu kaufen?  Grüße",0,0,0,0,0,0
deu_train_track_a_00352,"ich durfte keine romane lesen, nur schulbücher. weil meine noten so schlecht waren. hab mir mit 15 dann heimlich einen bibliotheksausweis geholt",0,0,0,0,1,0
deu_train_track_a_00353,"Wer glaubt, der Krieg käme nicht vor seine Tür und Schweigen sei das Beste, was man tun kann, sollte Geschichte studieren.",1,0,1,0,0,0
deu_train_track_a_00354,"Die erste Instanz ist immer das AG / das Gesundheitsamt würde Deine Klage schreddern, weil nicht zuständig.",0,0,0,0,0,0
deu_train_track_a_00355,Von Tier oder was haha,0,0,0,1,0,0
deu_train_track_a_00356,Wenn sich vor Lachen direkt ein neuer Sixpack formt. 😂,0,0,0,1,0,0
deu_train_track_a_00357,Klimaschutz ist so viel günstiger als kein Klimaschutz. Die Einhaltung der Klimaziele ist alternativlos.,0,0,1,0,0,0
deu_train_track_a_00358,Wir sint stolz auf Dich 🤣,0,0,0,1,0,0
deu_train_track_a_00359,"Du merkst schon, dass du nur vom Steuern, verboten etc. sprichst? Schöne Welt, in der du da lebst. 🤦‍♂️",1,1,0,0,0,0
deu_train_track_a_00360,"So nahe hätte ich kein Wildschwein sehen wollen, zumindest in der freien Wildbahn, im Gehege vielleicht was anderes.",0,0,1,0,0,0
deu_train_track_a_00361,"Wenn die Alarmanlage ausgelöst wird, obwohl ich das Schloss vorsichtig aufgebrochen habe.",0,0,0,0,0,1
deu_train_track_a_00362,schonmal dran gedacht einfach alles liegen zu lassen und abzuhauen?,0,0,0,0,0,0
deu_train_track_a_00363,Nur weil Tiere an nem Salzkristall lecken müssen Menschen dass doch nicht,0,1,0,0,0,0
deu_train_track_a_00364,"Das ""Dilemma"" des Kanzlers ist gar keines, es ist eine faule Ausrede. Er weiß nur zu gut, dass die Ukrainer mit Taurus russisches Territorium NICHT angreifen werden. Ober er aber auch der Meinung ist, dass die Krimbrücke NICHT zum russischen Territorium gehört, ist zu bezweifeln",1,1,0,0,0,0
deu_train_track_a_00365,"Herzlichen Glückwunsch! Ich hatte 2 geplante Hausgeburten mit 2 Kindern, die es so eilig hatten, dass meine Hebamme beide Male etwa 5 Minuten zu spät kam. :D  Ich habe beide Male meinen Mann anrufen lassen, wo auf dem Weg sie ist, als sich die Kinder sich durchs Becken gedreht haben. Nachdem ich wusste, dass sie schon sehr bald da sein würde, haben wir darauf verzichtet zusätzlich noch einen RTW zu rufen.",0,0,0,1,0,0
deu_train_track_a_00366,Fake! Sie hat ein Langarmshirt an! Grüße aus der Hölle unterm Dach 🥵,1,1,0,0,0,0
deu_train_track_a_00367,Jahrzehntelanger Konflikt ist natürlich sinnvoller als Diplomatie und Friedensverhandlungen 👏,1,1,0,0,0,0
deu_train_track_a_00368,Ist natürlich schlimm. Aber die Formulierung beim Rückzug überfallen finde ich schon skurril.,0,1,0,0,0,0
deu_train_track_a_00369,brutal aber die rosen cüüüüüüüs,0,0,0,1,0,0
deu_train_track_a_00370,Ich habe ihr gerade nochmal geschrieben und gefragt wie sie drauf kommt und sie gefragt ob sie mir erklären kann was ihre Gedanken sind wenn sie sowas schreibt.   Es kam nur : Passt. Wir hören uns morgen oder so,0,0,0,0,0,0
deu_train_track_a_00371,"Warum wird der unschuldige Bürger so hart bestraft, aber diese kriminellen bekommen maximal Bewährung?",1,0,0,0,0,1
deu_train_track_a_00372,Bitte Hand hoch wer für sofortige #Friedensverhandlungen mit #Russland ist! ✋  #Ukraine #TuckerCarlson #Putin #DeutschlandStehtAuf,0,0,0,0,0,0
deu_train_track_a_00373,"Mach ich, diese Woche noch dann hast Du endlich Ferien 😘🍀",0,0,0,1,0,0
deu_train_track_a_00374,Das finstere Tal - deutscher Western und hat mir sehr gut gefallen damals,0,0,0,1,0,0
deu_train_track_a_00375,"Ja ja, für die Medienhuren sind es nur 14 tote ""schlechte Ukrainer"", da russischstämmig. Genau wie bei Belgorod vor einigen Wochen. Gehen Sie weiter, es gibt nix zu sehen. Aber bei Butcha oder Kramatorsk war in der Presse die Hölle los!",1,1,0,0,0,0
deu_train_track_a_00376,"Wie oft antwortest du auf die Frage, ob du mit deiner Arbeit klarkommst: ""von meinen Klienten hat sich noch nie jemand beschwert."" ?",0,0,0,0,0,0
deu_train_track_a_00377,"Der Bedarf an Wasser und Trinkwasser ist imens. Aber was ist mit Abwasser? Wie ist das belastet? Werden dort die Grenzwerte eingehalten? Was ist mit Phosphor, Stickstoffgehalt, Schwermetallen und CSB im Abwasser? Da sollte die Behörde mal nicht nur Stichprobenartig prüfen! Ich glaube zu wissen, dass dort permanente Überschreitungen sind. Da wäre ein Zwangsläufiger Stop mit Abwassereinleitung möglich. Mal schauen was dann passiert. 🫣 Hauptsache das Geld fließt. 😮‍💨😵‍💫",1,1,0,0,0,0
deu_train_track_a_00378,"bin aktuell in der 17 ssw, da ich sehr schlank bin und schon einiges zugenommen habe (ich hab ständig hunger) sieht man den Bauch schon ordentlich.  hab auch ne vwp, merke noch nicht wirklich was, aber freu mich darauf den kleinen wurm zu spühren  ich finds mega spannend zu sehen wie es anderen mamas geht& alles gleich und doch so verschieden von statten geht  ich wünsch dir weiterhin viel freude und alles gute",0,0,0,1,0,0
deu_train_track_a_00379,"Gute Frage. Ich werde froh sein, wenn ich nach Home Office und Homeschooling noch weiß, was Freude ist 😬",0,0,1,0,1,0
deu_train_track_a_00380,"Immer wieder greifen Kriegsschiffe der israelischen Navy Fischerboote vor der Küste von Deir al-Balah in Zentral-#Gaza an. Erst am Samstag wurde ein Fischer getötet.  Zu verhindern, dass sich die Menschen in Gaza ernähren können, ist Teil der genozidalen Kriegsführung #Israel|s.",1,1,0,0,1,0
deu_train_track_a_00381,Macht aber nichts denn die verlieren alle bei den Mid Term Wahlen ....Trump ist spätestens 2024 zurück.,0,0,0,0,0,0
deu_train_track_a_00382,Das muss man sich einmal Vorstellen meinem Bekannter ist mit Kündigung vom Arbeitgeber gedroht worden weil er für die AfD ist. Was ist Los in unserem Land das so etwas Passiert.,1,1,0,0,1,0
deu_train_track_a_00383,Kann mir einer erklären warum skrupellos in Anführungszeichen gesetzt ist wtf?!!!!,1,0,0,0,0,1
deu_train_track_a_00384,"wieso kann ein israel. Präsident bestimmen, wie es dort zu laufen hat? Sowas nennt man Besatzungszone und das ist meilenweit von einer Zweistaastenlösung entfernt. Wer gibt Israel das Recht, dort für die ""Sicherheit zu sorgen"", was nichts anderes bedeutet als Gewalt über Polizei und Rechtsprechung zu haben",1,1,0,0,0,1
deu_train_track_a_00385,"Ja, das stimmt. Diese Regierung ist so bescheuert.",1,0,0,0,0,0
deu_train_track_a_00386,"Er hat sich dafür entschuldigt, dass andere Fehler gemacht haben und er es nicht genau geprüft hat. #nonpology",0,1,0,0,0,0
deu_train_track_a_00387,"Würde das Schloss der Wohnung austauschen. Wer weiß, ob sie nur in eurer Wäsche wühlt. Angedroht hat dein Partner es offenbar ja bereits .",0,0,1,0,0,0
deu_train_track_a_00388,"Du hast nicht wegen Geldproblemen Schluss gemacht sondern wegen ihrer Persönlichkeit.  Was absolut okay ist, so hört es sich aber nicht so schlimm an ;)  Absolute Antriebslosigkeit und kein berufliches Ziel im Leben zu haben, ist ne Sache die ich zB auch nie akzeptieren kann.  Sie hatte wohl gedacht, sie kann sich noch durchmogeln bis zur Hochzeit und dann Kinder und ewig daheim bleiben.  Hört sich nicht so an als hättest du dir jahrelange Vollzeit Kinder Betreuung ohne große Hürden und Opfer leisten können.",0,0,0,0,0,0
deu_train_track_a_00389,"Ich kenne das Gefühl. Ich starre nachts Löcher in die Decke und am Tag bin ich einfach unerbittlich müde und kraftlos.  In Bezug auf, dass es die Familie nicht sieht: ich wollte Tage mal dass sie es sehen und an anderen Tagen wiederrum, dass mich bloß jeder alleine lässt.",0,0,0,0,1,0
deu_train_track_a_00390,"""Das sehr teure Hilfspaket wird dabei getragen von einer gemeinsamen Überzeugung:"" Wir wollen an der Macht bleiben.",1,0,0,0,0,0
deu_train_track_a_00391,Klingt irgendwie verdächtig nach Mägden und Knechten. Willkommen in der vormodernen Gesellschaft.,0,1,0,0,0,0
deu_train_track_a_00392,"Ich bin seit langem mal wieder krank geworden und musste mich gestern für heute krank melden.  Mein Chef schrieb mir heute, dass ich mir keine AU nehmen solle, er zieht mir die Stunden von meinen Überstunden ab.  Ist so eine Aufforderung legal? Sollte ich mir lieber doch einen Krankenschein am Montag holen? Ich bin echt überfragt, habt ihr irgendwelche Erfahrungen mit so etwas?",0,0,1,0,0,0
deu_train_track_a_00393,So schnell war die Kickers Idee wieder rum #VfB,0,0,0,0,1,0
deu_train_track_a_00394,"Also eines muss man der AfD lassen. Jedesmal, wenn man glaubt sie hat mit ihren Anträgen den absoluten Tiefpunkt erreicht, hauen sie wieder einen raus, der das Niveau noch mal nach unten schiebt. Auch ne Leistung.",0,1,0,0,0,1
deu_train_track_a_00395,"Ich will im September den Berlin Marathon laufen/überleben (Zeit ist mir egal) habe aber keine Ahnung wie ich mich vorbereiten muss. Ich bin dann 30 Jahre alt, spiele Fußball (laufe also auch relativ viel, aber halt ganz ""anders"") und generell sportlich. Was für Tips für die Vorbereitung kannst du mir geben? Wie lange sollte ich vorher trainieren?",0,0,0,0,0,0
deu_train_track_a_00396,"Ich mochte an Zalando nicht, dass man für 6 Teile 8 verschiedene Pakete von 12 verschiedenen Firmen bekommen hat (ich übertreibe..) aber ich find die Auswahl halt schön groß.   Was mir etwas besser gefallen hat war H&M - da kaufe ich zwar sonst seit Jahren nicht mehr ein, aber insb. die Hosen, Leggins und Kleider da find ich ganz gut.",0,1,0,1,0,0
deu_train_track_a_00397,Wo kam der ganze content her? Das war ja nicht alles von Jamba oder? Wirkt oft wie die Preise am Rummel: sehr viel sehr günstig zusammengekauft.  War selber bei DAZN....hatten zwar kein sparabbo aber trotzdem genug hass.,1,0,0,0,0,0
deu_train_track_a_00398,"Also das mit der WG könnte er sich in die Haare schmieren. Nach einem entzug fühlen sich viele wie neugeboren und wollen dann direkt was umkrempeln, tut mir sehr leid für dich das du jetzt dazugehörst. Einer von beiden muss auf jeden Fall aus der Wohnung raus, würde evtl. überlegen ob du nicht freiwillig ausziehst. Ist gut möglich, dass dich viel in der Wohnung an die Zeit erinnert und dich dann ständig runterzieht.  Und aus Respekt nicht fremdgegangen..Well yeah. Danke dafür schätze ich?!",0,1,0,0,1,0
deu_train_track_a_00399,"Ich habe vor vielen, vielen Jahren mal versucht Artikel zu bekannten E-Sportlern anzulegen, die waren auch ziemlich schnell weg. Der Nachteil an der deutschen Wikipedia ist, dass sie sich darauf geeinigt haben, nur ganz wichtige und relevante Artikel zuzulassen (in der englischen Wikipedia gibt es deswegen viel mehr Artikel, weil die diese Einschränkung nicht haben).  Deswegen dominieren da ein paar Power-User den Diskurs. Das ist ein bisschen wie in manchen Reddit-Subs mit den Power-Mods, es gibt Menschen die fühlen sich ganz arg wichtig und stark und lieben es auch, das heraushängen zu lassen.",0,1,0,0,1,0
deu_train_track_a_00400,"Oh wow, da hast du in mir eine Erinnerung geweckt, die ich schon längst vergessen hatte. Auch ich kannte eine Kassiererin bei einem kleinen Edeka, die mich immer mit einem Grinsen an der Kasse gegrüßt hat, und wir ab und an mal einen 10 Sekunden-Smalltalk machten, wenn nichts los war. Aber ich war nur ein Schüler (gut, immerhin Abiturient) und sie denke ich mal Mitte 20. Aber Kopfkino hatte ich damals immer, was wohl wäre, wenn ich sie nach Ihrer Nummer gefragt hätte. Schön dass du es probiert hast und umso schöner, dass Du Erfolg hattest :-)",0,0,0,1,0,0
deu_train_track_a_00401,Israel begeht seit viele Jahrzehnten Verbrechen auch gegen UN-Konventionen und wird nicht dafür bestraft!,1,0,0,0,0,0
deu_train_track_a_00402,Das entspricht auch meiner Meinung.,0,0,0,0,0,0
deu_train_track_a_00403,"Nach zwei Klinikaufenthalten und intensiver ambulanter Therapie möchte ich gerne wieder wissen, wie sich das Leben so ohne Medikamente anfühlt. Ich bin momentan auf 225mg Venlafaxin eingestellt plus 50mg Trazodon zum schlafen.  Man hört ja so viele horror Stories zum absetzen von venlafaxin, was sind eure Erfahrungen?",0,0,1,0,0,0
deu_train_track_a_00404,"Hm, ich hatte Unterlagen nach Hagen geschickt, am Tag vor der Katastrophe. Kam pünktlich am nächsten Tag an. Ich bin positiv überrascht.",0,0,0,1,0,1
deu_train_track_a_00405,"Ich will gar nicht groß Reden schwingen. Ich wünsch dir nur das Allerbeste. Du verdienst es. Bleib so stark und bleib dir selber treu.  -Liebe Grüße von Jemanden, dem fast genau das Selbe passiert ist.",0,0,0,0,0,0
deu_train_track_a_00406,Ist das Mohammed der Schalke Fan? Bearbeitung: Video gefunden,0,0,0,0,0,0
deu_train_track_a_00407,"Warst du bei einem Psychologen oder Hausarzt? Nimmst du Medikamente? Hab ich jetzt aus deinem Text nicht lesen können. Hört sich an als ob du dir da selber sehr viel druck machst was das potenz problem meistens nicht besser macht.  Wichtig wäre noch was war zuerst da, die Probleme da unten oder die Probleme im 2ten Absatz. Also Depression und deswegen Probleme mit der Sexualität bekommen oder macht dir das so zu schaffen das es dich in die Depression zieht?",0,0,0,0,1,0
deu_train_track_a_00408,"Jaaa kenn das so gut. Ist auch ein Punkt über den ich mich immer wieder aufregen könnte. Fühle mich damit dermaßen überfordert und allein. Schade, dass alles mittlerweile für viele so bedeutungslos ist.",1,0,0,0,1,0
deu_train_track_a_00409,"Streng genommen bin ich zuvor auch weggelaufen (mit 12) - das Jugendamt hat aber bis ich 16 war getrödelt, bis sie mich endlich in ein Heim gesteckt haben.  Meine Eltern waren streng.. und streng muslimisch. Ich bin Atheistin und wollte nicht, dass meine Eltern mich an XY verheiraten, außerdem wollte ich studieren und auch mal nach 18 Uhr raus. Bis heute renne ich, wenn ich sie sehe.   Fragt, wenn es was interessantes zu fragen gibt :).",0,1,1,0,1,0
deu_train_track_a_00410,"Habe am Sonntag mit meiner Tochter an einer roten Fussgängerampel an einer Baustelle gewartet. Mit mir eine weitere Familie, ein älterer Herr und 2 Teenies. Alle warten brav obwohl es ewig gedauert hat und weit und breit kein Auto in Sicht war. Das war so typisch deutsch.",0,0,0,1,0,0
deu_train_track_a_00411,"Kommt ja gut an, ihr stillen Mäuse",0,0,0,0,0,0
deu_train_track_a_00412,"Es ist nach ca. 12 Schwangerschaftswochen, also typischerweise 12 Wochen nach der letzten Regelblutung. In dieser Zeit entwickeln sich die meisten Organe. Es ist aber jetzt nicht so, dass das Risiko einer Fehlgeburt genau bei 12 Wochen drastisch sinkt. Bei 11 Wochen ist es nicht viel höher und bei 13 Wochen nicht viel niedriger als bei 12 Wochen.",0,0,0,0,0,0
deu_train_track_a_00413,"Ich erinnere mich noch an den Anfang letzten Jahres. War nicht feiern, weil ich total am Boden war. Ich wollte nie wieder mich so fühlen, absolut grausiges Gefühl. Das folgende Jahr war durchwachsen, nur um dann nochmal richtig schlecht zu enden.   Momentan läuft es wieder gut, aber so langsam denke ich, dass es so etwas wie eine manische Phase ist.   Wenn ihr also einen schlechten Start hattet, meldet euch und wir können drüber reden ;)   Frohes neues Jahr!",0,0,0,0,1,0
deu_train_track_a_00414,"Ma gewöhnt sich dran 😉. Aber Danke, dass Du Dir Gedanken machst! Liebe Grüße, Nicki 😙👋",0,0,0,1,0,0
deu_train_track_a_00415,Der Pro-Hamas-Mob in Deutschland ist traurig.,0,1,0,0,1,0
deu_train_track_a_00416,"Herzlichen Glückwunsch! Deiner ist nur einen Monat jünger als meiner :)  Den Moment ""schneidet es einfach aus mir raus!"" hatte ich auch - das war dann wohl wirklich die Übergangsphase.   Auch schön, dass du die Presswehen so bewusst verarbeiten und nutzen konntest. Ich war in dem Moment echt schon am Ende und hatte zwischendrin kaum Zeit zum Luft holen.",0,0,0,1,0,0
deu_train_track_a_00417,Putin wird aus einer Position der Stärke in der er glaubt den Krieg militärisch gewinnen zu können nicht verhandeln. Wir müssen daher die Ukraine befähigen dem Angriff stand zu halten.,1,0,0,0,0,0
deu_train_track_a_00418,"Also von Leuten die über Tinder & Co. ungefragt ihr liebstes Stück herumzeigen habe ich ja schon öfter gehört, aber es gibt echt Leute die draußen herumlaufen und ihre Trauergurke rausholen? Und das klingt nicht mal nach einer einmaligen Sache sondern scheint ja öfter mal vorzukommen. Was ist denn bitte los in der Welt. Ja, bitte Sprüh ihm die arme Wurst mit Pfefferspray ein auf dass ihm das Teil abfallen möge.",1,1,0,0,0,1
deu_train_track_a_00419,Ob das sinnvoll ist? Wohl eher nicht.,1,1,0,0,0,0
deu_train_track_a_00420,"Kannst du es als Strafrichter nachvollziehen, wenn Opfer (als einzige Zeugen) sich einem Prozess nicht aussetzen wollen und deshalb keine Anzeige erstatten? Würdest du Freunde und Familie, die Opfer geworden sind, in einer solchen Situation eher zu einer Anzeige ermutigen wollen oder rätst du eher zu ""tu es dir nicht an, wenn es dir nicht wirklich wichtig ist""?  Und: empfindest du die ""Menschennähe""/ Nähe zu Leid und Schicksalen deines Berufes eher als Bereicherung oder als Belastung?",0,0,0,0,0,0
deu_train_track_a_00421,Bei mir setzte das Gefühl pünktlich zum dritten Trimester ein.,0,0,0,0,0,0
deu_train_track_a_00422,Einerseits gut das man diese Länder unterstützt anderer Seits sollte man lieber anstatt an den Symptomen des Klimawandels zu Arbeiten an der Ursache Loslegen somit #stopfossilfuels leider jedoch hat den Vorsitz des Gipfels der Vorsitzende eines der größten Öl Konzern der Welt 😞 glaube kaum dass die ein hohes Interesse daran haben ihr eigenes Geschäftsmodell zu attackieren ✌🏼,1,1,0,0,1,0
deu_train_track_a_00423,"Verstehe dicht nicht. Du findest es toll, dass es ein kleiner aktiver sub ist. Willst ihn aber pushen so dass er ganz oft angezeigt wird, was zur Folge hätte dass er irgendwann ein großer sub ist. Mit die Masse leidet meistens die Qualität",0,0,0,0,0,0
deu_train_track_a_00424,Ein bisschen Frieden. 🕊️ Lasst diese Kriegstreiberei. ⛔️,0,1,1,0,1,0
deu_train_track_a_00425,"Das tut mir sehr leid für dich! Deine Trauer rauszulassen ist der absolut richtige Weg. Du schaffst das. Deine Mutter kann stolz darauf sein, so ein starkes Kind zu haben.",0,0,0,1,1,0
deu_train_track_a_00426,"Alter, ihr seit ja noch kaputter als ich gedacht habe. 🙄",0,1,0,0,0,0
deu_train_track_a_00427,"Ich hatte zweieinhalb Wochen vor dem Mutterschutz im Juni noch Resturlaub. Die letzten zwei, drei Wochen auf der Arbeit (also ca 4/5Wochen vor dem Mutterschutz) habe ich als sehr anstrengend empfunden. Ich hatte stressige, hektische Tage und habe gemerkt, dass der Kleine im Bauch sehr viel strampelt, wenn ich nervös bin. Ich weiß noch, dass ich dann am Ende der letzten Arbeitswoche zu meiner Kollegin gesagt habe, dass es jetzt auch reicht und ich ein bisschen mehr Ruhe brauche. Das ist nur meine Erfahrung, vielleicht ist es bei dir ganz anders. Ich würde es dir auf jeden Fall wünschen!",0,0,0,0,1,0
deu_train_track_a_00428,"Hey Philipp, ich finde stark wie du damit umgehst und auch ehrlich bist in deinen Instagram-Posts. Meine Frage(n): Wie hat sich deine Behinderung auf dein soziales Umfeld ausgewirkt? Am Wochenende feiern etc. wird ja eher schwierig. Genauso Dating o.Ä. oder täusche ich mich da? Hast du immer noch die selben Freunde wie vorher und was macht ihr jetzt so für Aktivitäten? Was hat der Verursacher für eine Strafe bekommen? Gab es Schmerzensgeld?",0,0,0,0,0,0
deu_train_track_a_00429,"Mach über nacht in Tiefkühler, anders wild dann",0,0,0,0,0,0
deu_train_track_a_00430,"Und mir wieder nicht Bescheid gesagt. :,(   Wow, sehen die lecker aus!",0,0,0,1,1,0
deu_train_track_a_00431,Ist so. Das sind alles richtige Heuchler,0,1,0,0,0,0
deu_train_track_a_00432,"Joa, steht ja schon in der Überschrift. Ich hatte als Frau im Alter von 28 Jahren einen waschechten Herzinfarkt. Da viele Leute dieses Thema interessiert im Bezug auf eigene Symptome, dachte ich mir, ich biete mich mal an!",0,0,0,0,0,0
deu_train_track_a_00433,"Erstens, was hat Kunst mit dem Klima zu tun? Zweitens, das sind Terroristen und keine Aktivisten!",1,1,0,0,0,0
deu_train_track_a_00434,"Pfffttt... Mein Mann sagt das gleiche. Ich habe eine kleine Liste (nichts ernstes!) mit schönen Namen und wollte mal darüber gucken mit ihm. Nö, es ist zu früh. Zwei Wochen später, immer noch zu früh.  Hmpf. Ich will nicht jetzt auf einem Namen einigen, ich will nur ein bissl besprechen in welcher Richtung es geht. Klassisch? Modern? Ein Familienname?  Ich habe keine Ahnung was für Namen er ""schön"" findet und wird es gern wissen. Aber nö.     Ich bin nicht sauer... Du bist sauer...  Hormone...",1,0,0,0,0,0
deu_train_track_a_00435,Das Problem dabei ist meist die riesige Flut an Nachrichten und oder Auswahl. Bei manchen vielleicht sogar dass sie kein Interesse haben aber das nicht klar sagen und das so im Sande verlaufen lassen wollen.,0,0,0,0,0,0
deu_train_track_a_00436,"Hallo, ich Versuche schon ewig ein stündliches stimmungstagebuch zu führen...bisher erfolglos. Jetzt suche ich eine App die mich motiviert und stündlich erinnert. Hat jemand da Empfehlungen ?",0,0,0,0,0,0
deu_train_track_a_00437,"Ich dachte, dass würde es mittlerweile nicht mehr geben!   Im Studium (Pharmazie) habe ich gelernt, dass der ""Wehencocktail"" mit Rizinusöl 1. veraltet und 2. eher im Bereich gefährlich anzusiedeln ist. Der Durchfall kommt nämlich bei der Menge fast auf jeden Fall und ist nicht nett...",0,1,1,0,0,0
deu_train_track_a_00438,"Wäre an deiner Stelle nach der Geschichte einfach nur super erleichtert, dass schon schluss ist. Du hast dich völlig verständlich verhalten und dein ex scheint ein ziemlich egoistischer manipulativer widerling zu sein.",0,1,0,1,0,0
deu_train_track_a_00439,Keine Waffen kein Selenskyj kein Krieg,0,1,0,0,0,0
deu_train_track_a_00440,"Wie war das studieren in Stanford so? Als jemand der in Wuppertal studiert kann ich mir so eine Elite Uni nur aus den Medien vorstellen. Erzähl mal so ein paar grundlegende Dinge, gemeinschaftsgefühl bzw stolz? Ist es sehr anders als die 0815 deutsche Uni? Warst du Mitglied irgendeiner Verbindung dort? Wie war das Mensa Essen? Und gerne alles was du noch so für interessant hälst :)",0,0,0,0,0,0
deu_train_track_a_00441,"Er muss es gar nicht im Zusammenhang mit dem Vertrag erwähnen. 7 Wochen vor Antritt der Elternzeit per Antrag reicht eigentlich, das wäre dann so grob im August.  Ich würde es früher besprechen, einfach damit es gut geplant werden kann, aber auf jeden Fall erst nach der Vertragsunterzeichnung.",0,0,0,0,0,0
deu_train_track_a_00442,Unbedingt sich eine ärztliche Zweitmeinung holen! An erster Stelle geht es ihr ja offensichtlich nicht gut. First things first.,0,0,1,0,0,0
deu_train_track_a_00443,"Dir wird jedes Mal der Muttermund abgetastet? Das kommt mir seltsam (oder vielleicht eher veraltet?) vor. Ich hab in der Schwangerschaft nie den Muttermund abgetastet bekommen. Hatte höchstens mal kurz nach ET ein oder zweimal nen vaginalen Ultraschall.   Du kannst aber auch einzelne Behandlungen ablehnen. Also zum Beispiel nur Ultraschall machen lassen, wenn du CTG und Abtasten nicht möchtest. Dein Arzt kann dich nicht dazu zwingen.",0,0,0,0,0,1
deu_train_track_a_00444,Wenn nur eine Stimme und zwar die linke als richtig gilt kann man sich die Demokratie auch schenken.,1,0,0,0,0,0
deu_train_track_a_00445,Ich denke jeden Tag beim aufwachen und beim einschlafen wann wie und wo ich mich endlich erlösen könnte. Es gibt zeiten in denen die gedanken schlimmer und weniger schlimm sind. Seit nun zwei Wochen ist eher ersteres der Fall und ich weiß nicht wie ich weiter machen soll,0,0,1,0,1,0
deu_train_track_a_00446,"Ich hab eine schwere Frage, du musst nicht antworten.  Wie nimmst du die Qualität des Lebens deiner Tochter wahr?  Würdest du ihr dieses Leben nochmal schenken/zumuten, wenn du die Wahl hättest?",0,0,0,0,1,0
deu_train_track_a_00447,Gute Besserung. Das Essen sieht trotzdem wunderbar aus.,0,0,0,1,1,0
deu_train_track_a_00448,"Sag mal Tobi, du bist auch ständig krank oder hast was ne? Ist mir mal so aufgefallen :D gute Besserung 👍🏻",0,0,0,1,0,0
deu_train_track_a_00449,Für die aktuelle Situation der Zivilbevölkerung im Gazastreifen ist einzig und allein Israel verantwortlich.,1,1,0,0,0,0
deu_train_track_a_00450,"Dabei ist doch ""alles richtig machen"" eher ein Hobby der nördlichen Nachbarn :)",0,0,0,0,0,0
deu_train_track_a_00451,"Es ist seit geraumer Zeit völlig klar, daß Russland ein Widersacher ist und uns als EU- und NATO-Land feindlich gesonnen ist. Es ist weiterhin völlig klar, daß russische Geheimdienste sowohl Einflußoperationen als auch Spionage durchführen; sie wären ja unfähig, wenn sie das nicht täten, im Kontext des russischen Angriffs auf Europa. Das einzige Haarsträubende bei der ganzen Sache ist also, daß offensichtlich bei der Bundeswehr nicht so agiert wird, als sei man zu jeder Zeit Ziel der russischen Dienste, und derartige Gespräche nicht den entsprechenden Sicherheitsmaßnahmen unterliegen. Da braucht man nix dem Putin vorwerfen, *natürlich* kommt aus Russland Desinformation, Destabilisierung und Spionage. Ist ja Russland, ist ja kaum neu. Der Bundeswehr aber ist vorzuwerfen, daß sie sich nicht dagegen schützt, bei allseits bekannter Sicherheitslage.",1,1,0,0,0,0
deu_train_track_a_00452,Nur noch ein paar Wochen hintendran statt Monate. Sterben da die älteren Redakteure aus?,0,0,0,0,0,0
deu_train_track_a_00453,"Ich finde es auch irgendwie seltsam, dass man nach der totalen Zahl geht und nicht die prozentuale Veränderung hernimmt, also Verhältnis zwischen totalen Tests und den daraus resultierenden Neuinfektionen.  Vielleicht kann mich aber auch jemand aufklären, wieso das eine dumme Idee wäre.",0,0,0,0,0,1
deu_train_track_a_00454,"Man stelle sich vor dass Problem muss ihn so oft beschäftigt haben dass er irgendwann dachte ""Jetzt druck ich mir mal ein Zettel aus"":   Vielleicht aber auch nur jemand normal Körperlich der kein Bock auf Gabis hat die ihn immer Zuparken.",0,1,0,0,0,0
deu_train_track_a_00455,Klar. Er schafft es nicht einmal die Ukraine einzunehmen aber hey er steht bald vor Berlin.  🤡🤡🤡🤡🤡🤡🤡🤡,1,1,0,0,0,0
deu_train_track_a_00456,"Ich wollte auch nicht aufhören, schwanger zu sein. Die direkte Nähe zum Baby war so schön und ich weiß halt auch, dass ich kein zweites Mal schwanger werde.   Die meisten um mich herum wollten auch, dass es möglichst bald vorbei ist.   Beide Sichtweisen sind legitim denke ich. An der Zeit die man hat kann man nichts ändern, aber in deiner situation empfehle ich, die Zeit ganz bewusst zu nutzen. Schreib deine Gedanken auf, mach noch ein paar Schwangerschaftsfotos... Lass die Zeit nicht einfach an dir vorbei gleiten sondern erlebe sie ganz bewusst.",0,0,0,1,0,0
deu_train_track_a_00457,"Aha also lässt Israel die Menschen verhungern und selbst die USA muss intervenieren, während Deutschland fest an der Seite Netanyahus steht.",1,1,0,0,1,0
deu_train_track_a_00458,Fand ich auch super ätzend. Hab dann auch oft Leggins getragen und günstig in verschiedenen Größen besorgt (auch hier leiern manche nach dem ersten waschen aus und deswegen wollte ich da nie viel Geld rein Investieren trägt man ja auch nur 3 vielleicht 4 Monate). Meine Mutter hat mir dann einen Gürtel besorgt der so elastisch ist - geflochtenes Gummi oder so. Das hat geholfen und ich konnte die Umstandshosen anziehen ohne das sie rutschen. Das Bauchband saß zwar bis zum 9. Monat locker aber die Hose an sich hat nicht mehr gerutscht.,0,1,0,0,0,0
deu_train_track_a_00459,"Mein Mann hat mir einmal das letzte Stück Pizza, das ich mir fürs Mittagessen vorgenommen hatte, weggegessen. War leider ein sehr großes Drama und ich echt den Tränen nahe.",0,0,0,0,1,0
deu_train_track_a_00460,Sind wir nur von Knechten der US Regierung umgeben?,1,1,0,0,0,0
deu_train_track_a_00461,"Ich vermute, für viele der Demonstranten gehören diese Demos zum „Wellness Programm“ für das eigene wohlige Gefühl, stets auf der „richtigen Seite“ zu stehen. Egal, was draußen im Land passiert.",0,1,0,0,0,0
deu_train_track_a_00462,Netanjahu geht weiter über Leichen. Tragisch.,0,1,0,0,1,0
deu_train_track_a_00463,"Was lernt man in der Psychotherapie, um den Umgang mit Depressionen zu vereinfachen? Oder ist das eine reine Symptombekämpfung?",0,0,0,0,0,0
deu_train_track_a_00464,"Ich möchte ergänzen, unbedingt vor der Geburt übers Stillen informieren! Es kann alles easy laufen, muss es aber nicht, fast immer muss es sich in den ersten Wochen einpendeln. Und es ist einfach gut, die Mechanik des Stillens gecheckt zu haben (gibt super Videos dazu) und ein paar Strategien zu haben, was man bei Oversupply, Undersupply, Trinkproblemen oder Schmerzen tun kann.",0,0,0,0,0,0
deu_train_track_a_00465,"Lebe wild, verrückt und wunderbar...  #livehappy",0,0,0,1,0,0
deu_train_track_a_00466,Vielleicht sollte mal jemand die Gunst der Stunde nutzen und homöopathische Brillen anbieten?,0,1,0,0,0,0
deu_train_track_a_00467,Lächerlich. USA soll Israel auffordern die Hilfsgüter in den Gaza einzulassen.,1,1,0,0,0,0
deu_train_track_a_00468,"Feuer ist heiß, Wasser ist nass, AfD ist rechtsextremistisch",1,1,0,0,0,0
deu_train_track_a_00469,"Was ist nur in Deutschland los, dass man ein furchtbares Unrecht nicht benennen darf ohne als Antisemit angeprangert zu werden? „Nie wieder“… hatten wir das nach dem 2. Weltkrieg nicht verkündet und seitdem in Sonntagsreden endlos wiederholt? Wie kann unsere Politik, können die Medien die Gräueltaten Israels rechtfertigen? Fragt man sich zudem nicht, wieso in Harvard und auch sonst in großen Teilen der Welt ein Ende der Bombardierung gefordert wird? Ach, ich frage mich übrigens, ob es um die Öl- und Gasvorkommen in Gaza geht 🙌",1,1,0,0,1,0
deu_train_track_a_00470,"Hab dasselbe Problem. Neu anzufangen hilft nichts, weil das Problem mit dir ziehst. Dann bist du nicht nur depressiv sondern auch allein/einsam. Ich bin seit drei Jahre in Therapie, und weil sie kein Wundermittel ist, hat sie mir sehr geholfen.",0,0,0,0,1,0
deu_train_track_a_00471,"Ich arbeite seit 5 Jahren bei der Deutschen Bahn als Zugbegleiter. Fragen, warum bestimmte Anschlüsse nicht warten können, wie der Arbeitsalltag aussieht, etc können gerne gestellt werden. Solange keine Konzerngeheimnisse ausgeplaudert werden, beantworte ich alles! Edit: Ich bin überwältigt von diesem riesigen Interesse! Ich werde alle Fragen nach und nach beantworten ^^",0,0,0,1,0,0
deu_train_track_a_00472,Hey PokemonTwitter! Wo bekomme ich Enrgiekarten her? Mein Kind braucht welche um sein erstes Deck zu bauen. Danke im Voraus!,0,0,0,0,0,0
deu_train_track_a_00473,Verkatert aus der Hütte geschleift und bürgerliche pflicht erledigt.Zurück ins Bett!,0,0,0,1,0,0
deu_train_track_a_00474,"Jede Münze hat ja bekanntlich zwei Seiten, wo siehst du selbst die größten Negativpunkte, Herausforderungen oder Unannehmlichkeiten im vergleich zu deinem Leben vor diesem Schritt? Gab es eine Situation, die dich zu diesem Schritt veranlasst hat, oder war es eher ein langsamer Prozess der sich so entwickelt hat?",0,0,0,0,0,0
deu_train_track_a_00475,"Wie andere schon gesagt haben gehört das Organscreening zur Standardvorsorge, hat nichts mit deinem Alter zu tun und sollte auch keine Gelegenheit mehr darstellen für Ärzte, dir irgendwas anzudrehen. Wir wurden nur gefragt, ob wir das Geschlecht wissen möchten. Das ist das einzige, was man sich für dieses Screening vielleicht überlegen müsste.",0,0,0,0,0,0
deu_train_track_a_00476,Zu seinen Ehren werde ich die Nazifahne ab jetzt immer nur noch als 'Votzenlappen' bezeichnen.,1,1,0,0,0,0
deu_train_track_a_00477,"Gibt es eine Möglichkeit mit der Familie des Spenders in Kontakt zu treten und falls ja, hättest du daran Interesse?",0,0,0,0,0,0
deu_train_track_a_00478,"Wie ehrlich darf man denn da sein, wenn man weiterhin von der ganzen Sache profitieren will?  Ich kann mir vorstellen, dass meine Karriere da schnell beendet ist, wenn ich die Produkte zu häufig zu schlecht bewerte, oder?",0,0,1,0,0,0
deu_train_track_a_00479,Nein durchaus nicht. Ich pendle zwischen ohnmächtiger Wut am Tag und großer Angst in der Nacht.,1,0,1,0,0,0
deu_train_track_a_00480,Lang lebe die AFD! 🫶😻,0,0,0,1,0,0
deu_train_track_a_00481,"Jetzt noch ein Schild mit der Aufschrift ""OB IHR ALLE DUMM SEID HAB ICH GEFRAGT?"" in Schriftgröße 48 und rot drunterhängen.",1,0,0,0,0,0
deu_train_track_a_00482,Ich werde aucg nur 1x alle 3 Jahre krank,0,0,0,0,0,0
deu_train_track_a_00483,"moin, erstmal danke das du das AmA machst. Wie groß ist die Mormonen-Community in deutschland eig? kenne diese nur, da ich familie in den usa habe und es in der region wo sie leben viele mormonen gibt. in deutschland( generell europa) sind mir mormonen noch nicht über den weg gekommen",0,0,0,0,0,0
deu_train_track_a_00484,"Deswegen keine deutschen Waffenlieferungen an #Israel und sofortige Wiederaufnahme der Zahlung an #UNRWA. Israel muss dazu gebracht werden, den #Genozid zu beenden! #StopGenocide",1,1,0,0,0,0
deu_train_track_a_00485,Sowas werde ich nie erreichen können. Echt schön geworden! :),0,0,0,1,1,0
deu_train_track_a_00486,"Wenn wählen etwas verändert würde, dann wäre es verboten",1,0,0,0,1,0
deu_train_track_a_00487,"Hört auf zu denken, die Person die euer Herz gebrochen hat könnte es wieder heilen.",0,0,0,0,1,0
deu_train_track_a_00488,"Die NATO kann man für einiges sicherlich kritisieren, aber an diesem Krieg ist einzig und allein Russland schuld!",1,1,0,0,0,0
deu_train_track_a_00489,Krankschreiben ist bei Schwindel wahrscheinlich wirklich das beste. Wenn es vielleicht irgendwann nur noch Übelkeit jst gibt es auch Medikamente dagegen (z.B. Cariban) die du dir verschreiben lassen kannst.  Und wegen dem schlechten Gewissen sieh es mal so: wenn es deinen Kollegen schlecht ginge würdest du ja auch einspringen.,0,0,0,0,0,0
deu_train_track_a_00490,"Na weil das macht schon jemand weg, deshalb musd man öffentliche Toiletten ja auch nicht sauber verlassen, die werden ja auch geputzt",0,1,0,0,0,0
deu_train_track_a_00491,"Ich habe von anderen gehört, dass sie niedrig dosiertes Aspirin (Max.100mg) genommen haben um die Plazenta zu schützen. Frag am besten mal deine Hausärztin und Gynäkologin hierzu. Ich wünsche dir gute Besserung!",0,0,0,0,0,0
deu_train_track_a_00492,"Leute, best of both worlds.  Bei mir kommen Aufstriche und alles was Stabilität braucht auf die Unterseite.  Die Oberseite präferiere ich für süße Aufstriche, Fleischsalat (ist wie ne Schale) und Aufschnitt, weil es sich so schön anfasst und knautscht.  Man wählt das Brötchen und die Brötchenseite mit Blick auf Zweckmäßigkeit aus. So hat sich ein guter deutscher Bürger zu benehmen.",0,0,0,1,0,0
deu_train_track_a_00493,"Ich finde es widerlich, wie respektlos manche Menschen miteinander umgehen.",0,1,0,0,0,0
deu_train_track_a_00494,Kindisch wenn man sich so krass dagegen wehrt mal ausnahmsweise vegan zu essen. Ist ja nicht so als würde man dann Vogelfutter servieren.,1,1,0,0,0,0
deu_train_track_a_00495,Wird der Bürger unbequem ist er plötzlich rechtsextrem.,1,1,0,0,0,0
deu_train_track_a_00496,"kann empfehlen einfach in Hose machen, Gruß von meiner Tochter  man glaubt immer es geht nicht, aber es geht",0,1,0,0,0,0
deu_train_track_a_00497,"Hallo zusammen,   ich danke euch für eure positiven und aufmunternden Kommentare. Meine Frau ist sicher, dass ich ein guter Vater sein werde. Und es ist ja auch noch ein bisschen hin. Mal schauen was die Therapie bringen wird. Wir werden es auf jeden Fall nicht überstürzen. Ich wünsche euch allen frohe Ostern",0,0,0,1,0,0
deu_train_track_a_00498,"alles gut, danke dir :)  mit Lenovo hab ich um ehrlich zu sein nur schlechte Erfahrungen gemacht, deshalb die Annahme",0,0,0,0,0,0
deu_train_track_a_00499,Ach komm:so ein bisschen lustig sehen die schon aus. Gib es zu...,0,0,0,1,0,0
deu_train_track_a_00500,Mein Frauenarzt hat immer innerhalb 2-3 Tagen mir einen Termin gegeben nach positiven Test. Aber jeder Arzt macht es wohl anders,0,0,0,0,0,0
deu_train_track_a_00501,Ganz besonders die die unser Land noch nie verlassen haben!,0,0,0,0,0,0
deu_train_track_a_00502,Da ist der falsche bestraft wurden,1,0,0,0,0,0
deu_train_track_a_00503,"Finde das spannend alles zu lesen. Wie natürlich das bei den meisten Leuten passiert. Und dann gibt's Menschen wie mich, für die es eine Lebensaufgabe ist irgendwann mal jemanden zu finden.",0,0,0,0,0,0
deu_train_track_a_00504,"Danke für die Doku, ich sehe sie auch immer sehr gerne. Gerade als jemand der ebenfalls die Diagnose Bipolar trägt. Die Youtube Version ist vom Bild und Ton eine Ecke besser und hat auch deutsche Untertitel:",0,0,0,1,0,0
deu_train_track_a_00505,"Bin echt gespannt, alleine das die Doku von ProSieben ist, hat mich dermaßen überrascht und jetzt das von RTL. Gute Sache :)",0,0,0,1,0,1
deu_train_track_a_00506,"Israel begeht seit Wochen Völkermord, rührend 🙈",1,1,0,0,1,0
deu_train_track_a_00507,"Da kann man leider gar nichts machen. Das ist sehr tragisch und man fühlt sich da echt nicht geborgen. Man kann nur hoffen, dass man die Tatsachen irgendwann emotional akzeptieren kann und muss sich die Geborgenheit einfach an einem anderen Ort suchen.  Alles Gute!",0,0,0,0,1,0
deu_train_track_a_00508,"Auch wenn man Russland nicht in Schutt und Asche legen will,  und wer will das schon, muss man Putin rasch in der Ukraine  militärisch besiegen.",1,0,1,0,0,0
deu_train_track_a_00509,"Wenn man vom Foto schon Höhenangst bekommt, weiß man, dass man für diesen Job völlig ungeeignet wäre. Respekt!",0,0,1,0,0,0
deu_train_track_a_00510,"Wie viel einfacher ist Muskelaufbau damit? Ich weiß, dass das wahrscheinlich sehr schwer zu quantifizieren ist und immer von Individuum/dem Trainingsplan abhängt, aber vielleicht kannst du hier eine gewisse Einschätzung geben?",0,0,0,0,0,0
deu_train_track_a_00511,"Ahhhh :D Ich habe auch eine Freundin, die das so macht und ich hasse das. Am schlimmsten ist das, wenn sie über einen Namen spricht, den ich durchaus mit einer Person verknüpfe, die wir beide kennen - und dann meint sie aber eine ganz andere Person, die genauso heißt und die nur sie kennt, aber ich muss das irgendwie riechen können. :,D Bitte Leute, gebt uns Kontext! Kontext!",1,1,0,0,0,0
deu_train_track_a_00512,"Endlich Urlaub! Ich kann es kaum erwarten, am Strand zu liegen.",0,0,0,1,0,0
deu_train_track_a_00513,"Keine Erfahrungsberichte, aber zur Medikamenteneinnahme beim Stillen kannst du dich auch hier kostenlos beraten lassen:",0,0,0,0,0,0
deu_train_track_a_00514,"Mal ein paar der bekannteren CDU-Abgeordneten, die dafür gestimmt haben: Peter Altmaier Dr. Ursula von der Leyen Dr. Kristina Schröder Jens Spahn Dr. Peter Tauber SPD (einer schwänzt, Wolfgang Gunkel, der gerade [Besuch von Frau Ficker hat]( Linke und Grüne stimmten geschlossen dafür, die Abgeordnete ohne Freunde Erika Steinbach dagegen. Ganze Liste:",0,0,0,0,0,0
deu_train_track_a_00515,Danke du süßer Mann 💛,0,0,0,1,0,0
deu_train_track_a_00516,"Ich wurde am 19.08.2019 um 15:40 von einer Frau auf dem Bürgersteig für mein cooles Zurück in die Zukunft T-Shirt und die passenden Socken gelobt.   Ich glaube Frauen unterschätzen gewaltig, wie selten sowas für Männer ist.",0,0,0,1,0,1
deu_train_track_a_00517,"Irgendwann werde ich noch herausfinden, wie das mit Links und Texten und so geht...  Anyway, ich bin durch ne Freundin über diesen Channel und die Serie gestolpert und fand sie interessant. Die Serie, nicht die Freundin... die finde ich auch interessant, aber es ist spät, ich hab... und ich laber wieder.  Auf jeden Fall ist doch so eine Serie und das Format ganz angenehm und irgendwie ungezwungen, und so kann man vielleicht auch für andere Leute das Fragen etwas einfacher gestalten.",0,0,0,1,0,0
deu_train_track_a_00518,"Ich kann das Buch Babypedia empfehlen, das zu allen Abläufen einen guten Überblick gibt.",0,0,0,0,0,0
deu_train_track_a_00519,"Geil, die gleiche Marke benutzen wir auch. Bin ich jetzt berühmt? Guck mal Mama, unser Klopapier ist im Fernsehn!",0,0,0,1,0,0
deu_train_track_a_00520,"Kommunismus ist , wenn Rivalen mit ihrer Partnerin Sex gehabt hätten",0,0,0,0,0,0
deu_train_track_a_00521,"Mein Verhältnis zu meinem Dad war immer sehr gut (typisches Papakind) und hat sich nicht geändert durchs Clean werden (außer dass er mir sehr leid tat beim Entzug). Mit meiner Ma hatte ich in meiner Kindheit und Jugend ein schwieriges Verhältnis aber das liegt eher an unseren Persönlichkeiten. Sie war ""gut"" zu mir, wenn auch viel abwesend (mehr durch Arbeit als durch Konsum).",0,0,0,0,1,0
deu_train_track_a_00522,"Was meinst du genau?  Meine Eltern haben bis heute nicht verstanden was Depressionen genau sind. Ich kann es ihnen nicht übel nehmen, da sie selbst nie daran erkrankt sind. Deswegen können sie das natürlich nicht so einfach nachvollziehen.  Während meiner schwer depressiven Phasen war es natürlich schwierig. Von ihnen kam nur, dass sie mir nicht helfen können und ich zum Arzt gehen soll.",0,0,0,0,1,0
deu_train_track_a_00523,Bei der Liste wirst vermutlich Ärger bekommen. Listen zu veröffentlichen ist böse 😂🤡🤡🤡,1,0,0,0,0,0
deu_train_track_a_00524,Was ist das diesjährige Musical im russischen Fernsehen? Ich bin schon ganz aufgeregt,0,0,0,1,0,1
deu_train_track_a_00525,"""Führende Klimawissenschaftlerin"" 😂 der war gut. So betiteln sie aber nur die alternativen News/Satire-Seiten.   Witzig wie alle Faktenverdreher wieder und wieder den gleichen Fake-BS posten.  Wenn man keinen Fakten und wissenschaftlichen Artikeln glaubt, dann erfindet man einfach seine eigene Realität. Dadurch wird das gesagte/geschriebene/gezeigte aber nicht direkt wahr 😂  Die Welt geht zugrunde.",1,1,0,0,1,0
deu_train_track_a_00526,"Ich bin auch negativ getestet worden und sehe das Ganze soweit es geht eigentlich relativ entspannt. Keine Katzenklos putzen und keine fremden Katzen streicheln (falls Katze gestreichelt direkt danach Hände waschen oder desinfizieren, falls ich unterwegs bin), Gartenarbeit nur mit Handschuhen, sonst alle frischen, waschbaren Nahrungsmittel (haha) gründlich mit Wasser abwaschen, aber das war es auch schon.",0,0,0,0,0,0
deu_train_track_a_00527,Wie heißt das Sprichwort. Sag niemals nie. Wer weiß vielleicht findest dennoch einen verständnisvollen Partner an deiner Seite.,0,0,0,0,0,0
deu_train_track_a_00528,"Hast du schon die Suchfunktion genutzt?  Ich mach den Thread mal zu, hier kommt ja doch nichts vernünftiges mehr  Wer Rechtschreibfehler findet darf sie behalten  Guck doch mal unter dem Post hier vom 28.02.2011 da hat einer fast genau die gleiche Frage gestellt (und auch keine vernünftige Antwort bekommen)",0,0,0,0,0,0
deu_train_track_a_00529,"Papa hier. Bei Nr. 1 wurde der Kristeller-Griff angewendet. Wurde von uns nicht als gewaltsam wahrgenommen. Ob das indiziert war oder nicht, kann ich nicht beurteilen. Das Kind steckte schon sehr lange im Geburtskanal fest. Viel schlimmer war bei Nr.2, dass der Arzt den Dammriss ohne lokale Betäubung genäht hat. Absolut nicht nachvollziehbar und sehr schmerzhaft. Ich habe dann intervenieren und es wurde dann doch noch gespritzt. Völlig überflüssig.",1,1,0,0,1,0
deu_train_track_a_00530,"Glaube, die Nase ist durch #DSCFCU",0,0,0,0,0,0
deu_train_track_a_00531,"Ich bin saufen wie ein assi, ich bin niemals verklatscht. Wieder viel raus gerade einen spät verarscht",0,0,0,0,0,0
deu_train_track_a_00532,"Ich war heute Abend über ne Stunde spazieren. Bei dem Wetter musste ich einfach nach draußen, im Schnee durch die Nachbarschaft stiefeln, und gefühlt die halbe Stadt hatte die selbe Idee. Es war komplett absurd, aber auf so eine wunderbar menschliche Art. Jeder hat sich gegrüßt, alle waren gut gelaunt, an jeder zweiten Ecke ne Schneeballschlacht und mir wurde mehrmals mit Augenzwinkern Frohe Weihnachten gewünscht. So viel Schnee hatten wir hier seit meiner Kindheit nicht mehr!",0,0,0,1,0,1
deu_train_track_a_00533,"Hallo zusammen, es ist meine erste SS, und ich nehme leider zu viel zu. Bin jetzt fast in der 13 SSW und habe schon 4kg zugenommen. Durch heftige Übelkeit kann ich nicht zu lange nüchtern sein. Maximal 3h. Außer Nachts. Was soll ich tun? Ich Versuche mich gesund zu ernähren, aber trotzdem steigt die Waage jeden Tag noch mehr nach oben.... Ich gehe jeden Tag 1,5h spazieren und Sport Versuche ich auch 1-2x die Woche. Bin total verzweifelt. Meine FA sagte auch schon, das ich zu viel zunehme. Hoffe auf Rat! Danke:)",0,0,1,0,1,0
deu_train_track_a_00534,"Ich habe in meiner Studentenzeit mitbekommen, wie eine Mutter mit ihrer Tochter bei unserer Sozialwissenschaftsprofessorin / Koordinatorin saß und immer sagte ""Wir wollen das und das studieren"", ""Wir werden das und das machen"". Das Mädel war sichtlich peinlich berührt. Konnte mir, als sie an mir vorbei gingen ein ""Scheisse Mädel, du tust mir echt leid"" nicht verkneifen....",0,0,0,0,1,0
deu_train_track_a_00535,"Hallo, danke an all euer Beileid und daran das ihr alle heute mit mir kurz an Max gedacht haben. Drückt eure Katzen/Hunde/knuddelbaren Tiere und bewundert eure coolen Tiere die nicht so kuschelig sind. Tierleben sind viel zu kurz. :(",0,0,0,0,1,0
deu_train_track_a_00536,"Ist doch gut geregelt bei euch. Würde ich nicht anders machen. Für mich hat das auch nichts mit fehlendem Vertrauen zu tun. Es muss für euch passen. Und wenn ihr beide fein mit seid, lasst euch nicht reinreden.",0,0,0,1,0,0
deu_train_track_a_00537,"Hey, ich bin auch gerade in der 13. Woche. Ich bin unter Tags zwar nicht müde aber an manchen Tagen einfach total ausgelaugt. Leider hab ich auch noch keine Lösung gefunden. Ich denke wenn einem Übel ist oder Magenprobleme hat (wie ich) schlägt das halt zusätzlich auf den schon belasteten Energiehaushalt...   Bevor dir was vor Müdigkeit/Unachtsamkeit passiert geh nach Hause und lass dich krank schreiben. Es hilft ja nix aufs Äußerste zu gehen",0,0,0,0,1,0
deu_train_track_a_00538,"Ich bin eigentlich jemand der eher dafür ist Probleme durchzusprechen und an Beziehungen zu arbeiten, aber in so einem Fall wäre für mich 0 Vertrauen mehr da. Und abgesehen davon spricht das ehrlich gesagt dafür, dass er einfach ein schlechter, ekelhafter Mensch ist (genau wie seine Freunde auch).   Ich würde sogar so weit gehen, dass du bevor du ihm gegenüber durchblicken lässt, dass du dich trennen willst (solltest du dich dazu entscheiden) erst mal so tust als wäre alles ok, damit du von ALLEN SEINEN GERÄTEN alle anzüglichen Bilder von dir löschen kannst.  Sowas ist übrigens eine Straftat, sollte er Bilder von dir geteilt haben kannst du ihn anzeigen.",1,1,1,0,0,0
deu_train_track_a_00539,"Ich würde warten. Man muss immer zuversichtlich sein und darf das Beste annehmen, aber im Fall der Fälle würde ich ungern so etwas persönliches erzählen müssen.",0,0,1,0,0,0
deu_train_track_a_00540,"Update: Sitze grad in ner Vorlesung und lerne über abgeleitete Nebenformen.  Ganz ehrlich, ich hoffe, die Person, die sich *das* ausgedacht hat, lutscht auf alle Ewigkeiten Dämonenschwänze in der Hölle.  Ich glaube, ich weine mich heute Nacht in den Schlaf. Bald ist Prüfungszeit.",1,0,1,0,0,0
deu_train_track_a_00541,"Erinnert sei an die Aufhebung des 140-Zeichen-Limits, da wurde der Weltuntergang heraufbeschworen",0,0,0,0,0,0
deu_train_track_a_00542,"Cool! Finde es echt sehr nice. Hast du auch schon mal im Cockpit ""Gear Uo"" gesagt als das Fahrwerk eingefahren war?",0,0,0,1,0,0
deu_train_track_a_00543,"Der Ökostrom ist kein Erfolg, wenn die Industrie ihn nicht bezahlen kann und abwandert !  Höchste Stromkosten, toller Erfolg der Ampel ! 👍",1,1,0,0,0,0
deu_train_track_a_00544,"Mir hat eine Kollegin erzählt, dass sie vor Corona ständig alle Infektionen mitgenommen habe und das echt nervte. Seit sie Maske trägt in Innenräumen und bei der Arbeit wenn nicht getestet wäre sei sie nicht mehr krank. Wäre für sie sehr überzeugend. Kann mich nur anschließen.",0,0,0,1,0,0
deu_train_track_a_00545,"Ach wie schön, dass Werbung für Pneumokokken-Impfung (ab 60) gemacht wird. Find ich super. Nur warum genau wird keine Werbung für die Covid-Impfung gemacht. Sars-Cov-2 kann dir nämlich auch die Luft zum Atmen & die Organe zum Leben nehmen. Der Esosumpf in Deutschland ist tief.",1,0,0,1,0,0
deu_train_track_a_00546,laut Dr. #Drosten gibts doch gar keine Saisonalität?,0,0,0,0,0,1
deu_train_track_a_00547,"Nur weil der Arzt jung war, kann er trotzdem recht haben mit dem vanishing twin. Dann werden es eben keine Zwillinge, sondern nur ein Kind!   Und selbst wenn es eine Fehlgeburt sein sollte - das ist etwas ganz natürliches und es gibt nichts, das ihr anders oder besser hättet machen können. Das ist ein wichtiger Mechanismus der Natur, nicht lebensfähige Föten zu entfernen und Platz zu machen für ein gesundes Leben, das ganz bald schon folgen kann!  Alles Gute euch.",0,0,0,0,0,0
deu_train_track_a_00548,"Nur so interessehalber, wie bist du überhaupt zu dem Schluss gekommen, dass du bi bist, und dann in einer gleichgeschlechtlichen Beziehung gelandet?  Zum Glück ist es noch früh genug. Sag es ihr einfach - du bist nicht wirklich bisexuell, vielleicht biromantisch, sexuell fühlst du dich nur zum anderen Geschlecht hingezogen. Kommt dann auf ihre persönlichen Neigungen an, wie sie damit umgeht. Aber du musst es ihr in jedem Fall deutlich sagen, alles andere wäre sehr unfair.",0,0,0,0,0,1
deu_train_track_a_00549,Ich habe Drehbücher für verschiedene Scripted-Reality-Formate geschrieben (z.B. Niedrig und Kuhnt - Kommissare ermitteln).,0,0,0,0,0,0
deu_train_track_a_00550,"In Palestina wurden mehr Menschen ermordet, als es jetzt gerade in Offenburg stehen #FreePalesine",1,0,0,0,1,0
deu_train_track_a_00551,"Nur das Beste für deine Zukunft! Ich hoffe das Gespräch läuft einigermaßen gesittet ab. Falls nicht, kannst du immer die Reisleine ziehen und wieder von daheim verschwinden.  Wie alle anderen gebe ich dir den Tipp: Zieh nicht wieder Zuhause ein. Deine Eltern müssen noch einiges lernen.",0,0,0,0,0,0
deu_train_track_a_00552,"Hast du es mal mit Cannabis probiert?  Ich selbst kenne bloß den Freizeitgebrauch, aber Bekannte haben gute Erfahrungen gemacht.",0,0,0,0,0,0
deu_train_track_a_00553,linket mal jemand bitte gute hyperglides für g pro die schnell da sind und nicht zu teuer mabye liegt es daran,0,0,0,0,0,0
deu_train_track_a_00554,Den Besuch schön saufen. So so.🙈,0,0,0,1,0,0
deu_train_track_a_00555,1. Wie war das Essen im Knast?  2. Wie hast du dir die Zeit vertrieben bzw. dich beschäftigt?,0,0,0,0,0,0
deu_train_track_a_00556,"Neben der Katastrophe Merkel ist diese ""Regierung"" das Schlimmste seit Hitler, was Deutschland ertragen muss!!",1,1,0,0,0,0
deu_train_track_a_00557,"Recht hat er! Wenn man einen im Tee hat ist es auch einfach unfassbar schwierig die Kontrolle zu halten, wenn man gerade über eine Bodenwelle schanzt.",0,0,0,1,0,0
deu_train_track_a_00558,Hast du Lust zum Rollstuhlbasketball zu kommen? Schick mir ne DM und ich kann dir je nach Region eventuell etwas vermitteln,0,0,0,0,0,0
deu_train_track_a_00559,Warum schreiben die sowas? Echt krank,0,1,0,0,0,0
deu_train_track_a_00560,"Schau mal, ob Du bei der übergeordneten Behörde (vermutlich Schulamt) etwas erreichen kannst und lass bei dem Schulleiter durchblicken, dass Du dort Dienstaufsichtsbeschwerde einlegen wirst. Ob es was bringt? Keine Ahnung, aber habe mal gehört, dass sich so etwas in der Personalakte von Beamten gar nicht gut macht.  Edit: Vielleicht hilft es ja, mit einer Vertrauensperson, am besten jemand, der etwas Autorität ausstrahlt, nochmals bei ihm vorzusprechen. Möglich, dass er dann nicht so ein unmögliches Verhalten an den Tag legt, wenn ein Zeuge dabei ist. Wünsche Dir alles Gute und dass es mit dem Studium klappt.",0,1,0,0,0,0
deu_train_track_a_00561,"So geht Demokratie: wird der politische Gegner zu stark, dann verbietet man ihn einfach. Kannte man bisher nur aus Nordkorea oder Weißrussland",1,1,0,0,0,0
deu_train_track_a_00562,"Deutsch bist du erst, wenn du ab jetzt schlecht schläfst, weil du die 6 kleinen Schälchen nicht auch noch hast.",0,0,0,0,0,0
deu_train_track_a_00563,Ich habe vor einigen Tagen meinen neunzigsten Geburtstag gefeiert. Heute ist mein Enkel zu Besuch und hat mir von Reddit und dieser Community erzählt. Wenn jemand an der Perspektive eines alten Mannes interessiert ist: AmA! Es tippt: Der Enkel [E],0,0,0,1,0,0
deu_train_track_a_00564,Was ist gerade im Gaming Job Sektor los? Irgendwas kaputt gegangen? Corona Stellen werden wieder abgebaut? Ist Ai schon am overtaken? Sind quadrupel-A Games doch eher shit? Oder sind Läden mit drölftausend Menschen generell doch eher ungeil zu halten?,1,0,0,0,0,0
deu_train_track_a_00565,"Suuuper😍😍😍Die tragen sicher gut dazu bei,viel Spass",0,0,0,1,0,0
deu_train_track_a_00566,"Denkst du, dass sich langfristig was an der desolaten gesamtlage im Bahnverkehr etwas ändern wird?",1,0,0,0,0,0
deu_train_track_a_00567,Bro mir geht’s besten bin glücklich wie geht’s dir?,0,0,0,1,0,0
deu_train_track_a_00568,"Das Narrativ vom Klimanotstand ist pure Propaganda. Es basiert auf Lügen, Unterschlagungen und Manipulationen und den Computermodellen eines korrumpierten Wissenschaftsbetriebes. Wieder einmal geht es aussschließlich um den Profit für einige wenige, den Green Deal.",1,1,0,0,0,0
deu_train_track_a_00569,"> Eine Woche später ist die gute Bewertung von 4,8 auf 2,8 Sterne abgesackt.  Da ist die Rezession wohl auch beim Imbiss angekommen.",0,0,0,0,0,0
deu_train_track_a_00570,"Moment mal, Putin hat in der Vergangenheit ständig Verhandlungen angeboten! Die Ukraine hat abgelehnt ‼️",1,0,0,0,0,0
deu_train_track_a_00571,Leider zu oft.  Schneller Stoffwechsel treibt teilweise 3 bis 4x am Tach :D,0,0,0,0,1,0
deu_train_track_a_00572,[Hier]( ist die Geschichte des Typen der 9/11 auf dem Dach eines Hochhauses nebenan stand und auf LSD die Türme hat fallen sehen,0,0,0,0,0,0
deu_train_track_a_00573,"Nur mit Energie aus Wind und Sonne ist der Umbau auf klimaneutral sowieso schon gescheitert, und die Ampel forciert hauptsächlich diese beiden Formen. Von Biomethan, Geothermie oder dem Bau neuer Pumpspeicherkraftwerke hört man nichts. Und seit die Ampel regiert ist der Strom, dank mehr Kohlekraftwerken und klimaschädlichen LNG dreckiger geworden, also nicht wirklich etwas erreicht, außer, daß Energie teuer ist.",1,1,0,0,1,0
deu_train_track_a_00574,"Bruder, die hat einfach kein Interesse an dir... Wie offensichtlich soll sie es denn noch machen.  Edit:  ""ich habe sie angeschrieben warum auch immer"" Na weil du mitbekommen hast, das sie sich von ihrem Freund getrennt hat und dann fällt dir nichts besseres ein als die direkt wieder anzugraben nach Monaten/Jahren Stille?",0,1,0,0,0,0
deu_train_track_a_00575,"Nachdem mein Überstundenkonto in den tief roten Bereich gelaufen ist und der Betriebsrat die weitere Mehrarbeit nicht genehmigen wollte, kam mein Chef zu mir und meinte in verwirrter Ehrlichkeit: ja, aber warum tragt ihr denn eure Arbeitszeit ins System? Macht das doch einfach in eine Excel.",0,0,0,0,0,1
deu_train_track_a_00576,Die Kommentare kannst dir an einem frühen Morgen nicht durchlesen. Echt arme reiche Deutsche...,1,1,0,0,0,0
deu_train_track_a_00577,Wieviel Vertrauen ihr in mich habt und das trotz meiner Stille momentan 😭💚 Danke Galaxy!,0,0,0,1,1,0
deu_train_track_a_00578,"Es gibt nur eine Meinung, die der grünlinge und der gekauften Wissenschaft. Wer dagegen ist, ist rechtsextrem.",1,1,0,0,0,0
deu_train_track_a_00579,An meinem Geist feile ich noch. Mir fehlen letzte Details. Habe seit ein paar Minuten endlich einen Namen.,0,0,0,0,0,0
deu_train_track_a_00580,"Wenn Du jetzt raussucht, welche Discounter-Eigenmarken von Nestlé produziert werden, dann bringt das vielleicht sogar etwas.  Aber Markenartikel A im Regal stehen zu lassen und Eigenmarke B dafür zu kaufen, ist wenig zielführend, wenn es vom selbem Hersteller ist.",0,1,0,0,0,0
deu_train_track_a_00581,"Danke fürs ama - und insbesondere danke für dein Gewissen und deinen tollen Einsatz!  Was müsste in deinen Augen passieren, damit die Golfstaaten den Weg zur Demokratie und zu Menschenrechten einschlagen? Durch das Öl leben ja wahrscheinlich die meisten Katari ein sehr komfortables Leben. Gibt es eine signifikante Opposition in Katar und den anderen Golfstaaten?",0,0,0,1,0,0
deu_train_track_a_00582,"Super Sache. Kommt zwar ein bisschen spät für mich, aber vielleicht bekomme ich ja irgendwann noch ein zweites.",0,0,0,1,0,0
deu_train_track_a_00583,"Wie kann man die Linksfaschistische DDR und schon gar das jetzige, menschenverachtende und deutschen feindlich – rassistische System der Ampel nur als „beste und stabilste Demokratie“  bezeichnen? Völlig hirnrissig!",1,1,0,0,0,0
deu_train_track_a_00584,"Herzlichen Glückwunsch, für die Ausdauer und diese große Leistung. Mir war gar nicht so bewusst, dass das gigantische Energieschleudern sind.  Eine Frage, die mit schon eine Weile im Kopf herumspukt, gibt es zufällig Elektrisch betriebene Mini-Bagger? Weil überall da, wo man sie einsetzt, gibt es ja eigentlich auch Strom.",0,0,0,1,0,1
deu_train_track_a_00585,Ich dachte bis in mein Erwachsenenalter hinein dass (gefährliches) heißes Gas in Heiz~~ungs~~körpern ist. Mein Vater hatte uns damals diese Story erzählt damit wir nicht an den Heizungen rumspielen.  Irgendwann in meiner eigenen Wohnung war ich dann Mal dabei als der Heizungsinstallateur zum ablesen da war und mich fragte ob ich die schonmal entlüftet habe. ???  Es folgte ein ziemlich peinliches Aufklärungsgespräch.,0,0,0,0,0,1
deu_train_track_a_00586,"Und in den Geschäften, die bis 17:00 offen haben. Oder hab ich gerade falsch gelesen?",0,0,0,0,0,0
deu_train_track_a_00587,"Das klingt nach einer erheblicher Wesensveränderung hin zu Hyperaktivität und ständiger innerer Unruhe. Bei Erwachsenen ist das sehr selten, und kann durchaus eine medizinisch nicht ganz so egale Ursache wie atypische Depression oder so was haben. Der erste Schritt wäre dann mal vorsichtig anzumerken, dass dir hier etwas an ihm auffällt was dir nicht gefällt.",0,0,0,0,0,0
deu_train_track_a_00588,Vielen Dank für deine Arbeit mit Kindern. Egal aus welchem Land sie kommen.,0,0,0,1,0,0
deu_train_track_a_00589,Ich bin sprachlos - mein Chef hat mir eine unerwartete Beförderung angeboten!,0,0,0,1,0,1
deu_train_track_a_00590,Also Drosten kritisiert im letzten Corona Podcast ziemlich viel. Auch in der vorletzten Folge des Podcasts werden Politik und Maßnahmen gut kritisiert. Ist halt leider keine große und öffentliche Stellungnahme wie bei den Querdenkern.,0,1,0,0,1,0
deu_train_track_a_00591,"#ENDZN wie oft gab es schon ein Division Duell im Championship Game, wie es sich derzeit durch Rams -49ers abzeichnet?",0,0,0,0,0,0
deu_train_track_a_00592,"www.kirchenaustritt.de   Hier die Infos für jedes Bundesland. Der Austritt ist schnell erledigt, tut nicht weh, spart jede Menge Kohle, und an Gott glauben kann, wer das tut, ohne den Umweg über perverse Pfaffen vielleicht sogar besser.",0,1,0,0,0,0
deu_train_track_a_00593,"Ich dachte mir, da ich drei Hunde habe, deren Ohren regelmäßig sauber gemacht werden müssen, bestell ich doch einfach direkt 2×150 ml Ohrenreiniger, um weniger Pakete zu bekommen. Nicht nur, dass Amazon beide einzeln verpackt hat, nein, sie kamen auch mit unterschiedlichen Lieferdiensten an. Einmal DHL, einmal Amazon Prime. Klasse Leistung! /s",1,1,0,0,0,0
deu_train_track_a_00594,"Ich habe neulich einen Bericht (Zeit online?) gelesen, wo mehrere Ärzte sich zum Covid-Impfstart der Hausärzte geäußert haben.  Einer dieser Hausärzte meinte, der Papierkram für die Ärzte ist mehr als bei anderen Impfungen und durch die Priorisierung ist es aufwendig, sich durch Patienlisten zu telefonieren um Risikopatienten in die Praxis zu bekommen, sodass das die Anzahl möglicher Impfungen neben dem ""Tagesgeschäft"" nur sehr gering ist. Das war gleich zu Beginn des Impfstarts durch Hausärzte und vielleicht hat sich einiges eingespielt...  Wie sind ihre/deine Erfahrungen? Läuft es gut mit den Impfungen? Haben die Patienten viele Fragen oder Ängste durch die Nachrichten über AstraZeneca?  Danke fürs AmA und schönen Feiertag!",0,0,0,0,0,0
deu_train_track_a_00595,Du hast quasi irgendwie auch unter ihrem Sofa gewohnt. 😒,0,1,0,0,0,0
deu_train_track_a_00596,Hallo und danke! Macht dir dein Job noch Spaß? Hat er dir vor der Covid Pandemie mehr Spaß gemacht oder ist er sogar jetzt noch interessanter?  Danke fürs AMA!,0,0,0,0,0,0
deu_train_track_a_00597,"Wie kam es dazu, dass dein Vater mit dir zusammen gearbeitet hat?    Hat es eure Beziehung gestärkt oder geschwächt?",0,0,0,0,0,0
deu_train_track_a_00598,"Könnt auch Fake sein, jemand hatte unter meinem Namen Silber Spieler angeschrieben und meinen Text verwendet, war wild",0,0,0,0,0,0
deu_train_track_a_00599,"Ich würde eher sagen, dass sie mit dem Deutschlernen bereits abschließen kann.",0,0,0,0,0,0
deu_train_track_a_00600,wenn rauchen nicht gut warum sieht dann so cool aus,0,0,0,0,0,1
deu_train_track_a_00601,Ich hab die ganze Schwangerschaft in Leggings von Snag gelebt (und hab mich jetzt auch 10 Monate später noch nicht wieder in Jeans gequetscht).,0,0,0,0,0,0
deu_train_track_a_00602,Ruhe in Frieden du kleiner Fellball /* Mein Kater ist auch vor einigen Wochen von uns gegangen ;-;,0,0,0,0,1,0
deu_train_track_a_00603,"> Mittlerweile kann ich über mein damaliges ich selbst nur den Kopf schütteln.  Das ist doch aber super.  Ich weiss, das klingt für dich vielleicht gerade ""unrealistisch"". Aber allein in Deutschland gibt es Millionen (!) Männer, die Singles sind. Dementsprechend ist es überhaupt nicht abwegig, dass da etliche bei sind (im Gegenteil, es ist sogar sehr wahrscheinlich), die dich ähnlich begeistern könnten.  Wenn du dich jetzt von deinen vorherigen Erfahrungen lösen bzw. diese bewältigen konntest, sind das doch umso bessere Voraussetzungen, neue Leute (und darunter eben vielleicht auch einen Partner) kennenzulernen.",0,0,0,1,0,0
deu_train_track_a_00604,"Allerdings, habe bereits nach zwei Wochen einen besseren Vertrag unterschreiben dürfen 🔥",0,0,0,1,0,0
deu_train_track_a_00605,Wünsche deiner Mutter alles Gute!,0,0,0,1,0,0
deu_train_track_a_00606,"Wenn ich die ganzen hysterischen Novaxler anschaue, haben etliche einen Schaden - wenn auch einen der anderen Art!",1,1,0,0,0,0
deu_train_track_a_00607,"Hey:) Ich bin 26, geplant das 2. Mal schwanger. Unsere Große ist 1,5J. Meld dich gern :)",0,0,0,0,0,0
deu_train_track_a_00608,"Ich scheiß auf Zelensky. Ich scheiß auf Putin. Ich stehe an der Seite von Millionen von unschuldigen ukrainischen und russischen Zivilisten, die unter diesem geopolitischen Schwanzvergleich leiden müssen und diesem zum Opfer fallen. Regierung, Medien, Kriegstreiber - f🖕🏼ckt euch!",1,1,0,0,1,0
deu_train_track_a_00609,"Das er halt fast 15 Jahre unter dem Helm hatte, ist das, was mich überrascht hat. Fühlte sich nicht so lange an.  Schade, dass seine letzten Jahre alle nicht mehr so prall waren. Er hätte was besseres verdient habt.  Trotzdem eine Legende für die Ewigkeit.",0,0,0,0,1,1
deu_train_track_a_00610,Meine Güte das ist einfach nur peinlich,0,1,0,0,0,0
deu_train_track_a_00611,Deutschland gibt Israel Vorrang der Staatsinteressen vor allen anderen Interessen (Staatsräson) und macht uns Bürger somit alle zu Mittätern,1,1,0,0,0,0
deu_train_track_a_00612,Akinci gewinnt gegen alle aber erst 2023,0,0,0,0,0,0
deu_train_track_a_00613,Es fehlt noch der Hinweis auf den wahnsinnigen Hass auf die USA.  Beides wird gerade widerwärtigst bedient. 🤮😭,0,1,0,0,0,0
deu_train_track_a_00614,"Hört sich für mich 1 zu 1 wie der Plot einiger ""Dokumentarfilme"" an, die ich versehentlich angeklickt habe.",0,0,0,0,0,0
deu_train_track_a_00615,Heißt vor allem: Noch mehr staatliche Finanzmittel für NGOs und linke Propaganda. Und das trotz Haushaltskrise.,1,1,0,0,0,0
deu_train_track_a_00616,"Vor einer Woche war Kälte nur #Wetter und kein #Klima. Wie originell, dass Wärme nun wieder Klima ist. Eine Hitzewelle existiert in Südspanien auch nicht: denn das wären 3 bis 5 Tage hintereinander mit mehr als 30 Grad Celsius. #Desinformationskampagne #FakeNews",1,1,0,0,0,0
deu_train_track_a_00617,Dschiraffe statt Giraffe - keine Ahnung wieso das in den letzten Jahren Verbreitung gefunden hat,0,1,0,0,0,1
deu_train_track_a_00618,25000 Tote Palästinenser sowie eine humanitäre Katastrophe im Gazastreifen sprechen hierzu eine klare Sprache!,1,0,0,0,1,0
deu_train_track_a_00619,"Deine SL benimmt sich unmöglich. Ich kann verstehen, dass es schwer ist dem Druck zu widerstehen. Wenn er dich immer wieder drängt, würde ich einfach mal ne weile nicht ans Telefon gehen...",1,0,0,0,0,0
deu_train_track_a_00620,Erstmal ankommen und dann wird das schon :) Alles Gute,0,0,0,1,0,0
deu_train_track_a_00621,junge sehe heute so gottlos gut aus,0,0,0,1,0,0
deu_train_track_a_00622,"Heftig, es tut mir Leid, dass du soetwas durchmachen musstest, sowas wünscht man nichtmal seinem schlimmsten Feind. Ich habe einen riesen Respekt vor dir, du bist eine starke Person.  Wie genau sah deine Flucht aus und hast du bei deiner Flucht Unterstützung bekommen? Hast du die Täter im Nachhinein angezeigt? Wie geht es dir und deinem Kind Heute?",0,0,1,1,1,0
deu_train_track_a_00623,"Ist deine Frau schon in psychologischer Behandlung nach der Tat? Wenn nein, dann so schnell wie möglich. Vielleicht könnt ihr auch zusammen zu einem Therapeuten gehen und die Gefühle von euch beiden zusammen einordnen.  Du musst auch wissen, eine Abtreibung ist nie leicht für den Körper/Geist. Sie ist frisch traumatisiert, so einfach ist eine (schnelle) Entscheidung nicht. Und es ist ja auch - egal wer der Vater ist - ihr Kind.",0,0,1,0,1,0
deu_train_track_a_00624,"Es gibt sicherlich eine Frau die dir deine Freiheiten lässt und mit der du ebenso eure gemeinsame Zeit genießen kannst. Jeder Mensch hat eine andere Vorstellung von Beziehungen und vielleicht sind diese bei dir und deiner Partnerin einfach nicht gleich. Nicht alle Menschen sind kompatibel. Rede mit ihr darüber und versuche zu schauen, ob Kompromisse hier noch funktionieren oder, ob ihr lieber, zum Wohl aller, die Beziehung beenden solltet.",0,0,0,0,0,0
deu_train_track_a_00625,🥺🥺🥺🥺 bienchen bin sowas von neidisch 😱🤯😤😆🤭✌🏼💚,0,0,0,0,0,0
deu_train_track_a_00626,Er hat die Frage mit wenigen Worten komplett ins Leere laufen lassen und als Suggestivfrage entlarvt.,0,0,0,0,0,0
deu_train_track_a_00627,"Herr Lauterbach, leichtes stechen ziehen unter linker Brust?",0,0,0,0,0,0
deu_train_track_a_00628,"bruder werden da zweistellige punktzahlen bei dir ausgeklammert oder seh ich das falsch? falls ja, mashalla",0,0,0,0,0,1
deu_train_track_a_00629,🚨ON SALE: Harry Styles Styles Love On Tour 2023 - 2 Hollywood Tickets  - DÜSSELDORF NIGHT 2 (28.06.2023) - 300€ each,0,0,0,0,0,0
deu_train_track_a_00630,"je häufiger Kontakt du zu jemanden hast und je mehr beide Seiten investieren, desto eher entwickelt sich eine Freundschaft.. das kann nicht erzwungen werden... je älter wir werden desto schwieriger wird es auch Freundschaften zu schließen... die Prioritäten verschieben sich einfach und es wurden gute wie schlechte Erfahrungen gemacht... tu was dir Spaß macht sei es am PC, Sport oder einen neue Sprache... such dir einen Tandempartner aus dem Ausland. Lern seine Sprache und bring ihm unsere bei. Daraus können sich auch Freundschaften entwickeln   Bist du noch im Verein? Machst du noch Sport?  Sport, Regelmäßigkeit (Essen, Trinken, Schlaf, Kontakte) und Erfolgserlebnisse sind wichtig für das Selbstwertgefühl :)",0,0,0,0,0,0
deu_train_track_a_00631,Denke er war vor allen mit seinem Gehalt unzufrieden,0,0,0,0,0,0
deu_train_track_a_00632,"wie sind hier eure erfahrungen? bitte schonungslos ehrlich, wir sind unter uns.   wie sexuell sind die verhältnisse mit euren langjährigen partner*innen überhaupt?   hat sich der sex im laufe der jahre verändert, findet er überhaupt noch statt?  und, weil das leben halt anders zusammenschweisst: welchen stellenwert hat sex mit der partnerin / dem partner überhaupt noch?  wichtig: bitte kein judging, egal ob jmd. andere vorstellungen von partnerschaft und moral hat als ihr selbst.",0,0,0,0,0,0
deu_train_track_a_00633,"Diese Situation wo man der Meiunung ist nur noch zu exisiteren kenne ich gut, manchmal vielleicht auch obwohl man Menschen hat die einen eigentlich auch gut tun. Dass du an deiner Mutter denkst finde ich toll. Gibt es etwas was du dir wünscht, was dein Leben wieder positiver beeinflussen kann? Ich drück dich einfach mal von ganzen Herzen und wünsche dir alles Gute.",0,0,0,1,1,0
deu_train_track_a_00634,"So wie Putin verbal gegen den Westen schießt, wünsche ich das andersrum, nur noch einen Zacken schärfer! Der Westen muss Putin endlich - realistisch durchsetzbare - Grenzen setzen. Nur das versteht der Zwerg!",1,1,0,0,0,0
deu_train_track_a_00635,Genau das selbe ist meinen beiden Brüdern auch passiert. Alte Bekannte melden sich und wollen einem auf einmal was verkaufen. Classic,0,1,0,0,1,0
deu_train_track_a_00636,Danke für 🇩🇪 Beteiligung an einem Völkerm💀rd. Dafür haben wir ja ein Händchen 👍🏼,1,1,0,0,0,0
deu_train_track_a_00637,"Ich war mit 21 Jahren im Gefängnis. Ich bin wie die breite Gesellschaft sagen würde "" weich*"" und links dazu. Habe dort krasse Leute kennengelernt. Fragt mich gerne Sachen die euch interessieren.  *stehe zu meinen Gefühlen und sowas",0,0,0,0,0,0
deu_train_track_a_00638,Da wäre ich mir nicht so sicher,0,0,0,0,0,0
deu_train_track_a_00639,Egal wenn die CDU aufstellt. Der nächste Kanzler ist grün,0,0,0,0,0,0
deu_train_track_a_00640,"Du bist die Veränderung die Du suchst. Wenn dann Azubis Dir nachfolgend werden sie ein neues, anderes Bild ""der Polizei"" haben, weil Du es neu gemalt hast.  Habe das Selbstvertrauen, Du bist wichtig für die nötige Veränderung!  Danke für Deinen Dienst!",0,0,0,1,0,0
deu_train_track_a_00641,"Von den Machern von „Covid ist nur ne Grippe“, „Bald sind alle Geimpften tot“ und „Ukraine - was geht mich das an?“ Jetzt der neue Blockbuster: „Nazis und ihre NSDAP waren sozialistisch, Hitler war ein Linker!“ Die ganze Wahrheit darüber, wie die Antifa 6 Millionen Juden tötete!",1,1,0,0,0,0
deu_train_track_a_00642,"Wir sind auch ein ziemlich faules Paar, das gerne zockt und Serien schaut, und für uns ist der beste Ausgleich dazu eine Wanderung oder ein langer Spaziergang in der Natur. Super entspannend und hat immer für gute Gespräche gesorgt.",0,0,0,1,0,0
deu_train_track_a_00643,"Höcke vertritt faschistische Positionen, sein Wahlrecht gehört aberkannt. Natürlich löst das nicht das zugrunde liegenden Problem der Spaltung in unserer Gesellschaft, aber bei diesem Symptom nichts zu unternehmen ist wie bei 42 °C Fieber einfach abzuwarten",1,1,1,0,0,0
deu_train_track_a_00644,Der sub kommt genau zur richtigen Zeit. Bin gerade zum zweiten Mal schwanger nach einer Fehlgeburt im Dezember.   u/nebensaechlich erinnere mich noch an deinen Namen aus dem Juli bumper sub :),0,0,0,1,0,0
deu_train_track_a_00645,"Alles gute für dich Respekt diese Geschichte so hier zu äußern, wir Menschen sind Steh auf Männchen , nach jedem Niederschlag stehen wir wieder auf und machen weiter vom Schicksal geführt wirst du neue Menschen treffen und du wirst jemand neues Treffen du hast deine Freudnin immer wieder aufgebaut und keine Mühen gescheut und für den nächsten erst besten hast Sie Dich vielleicht verlassen Krankheit hin oder her sie ist es vielleicht nicht wert gewesen schließ mit den Kapitel ab Steh auf Männchen such dir eine neue Wohnung wenn Dich deine stört , eine neue Arbeitsstelle und eine neue Umgebung Horch in dich hinein und das Schicksal führt dich",0,0,0,0,0,0
deu_train_track_a_00646,"Im russischen Staatsfernsehen wird jeden Tag gedroht und gehetzt. Russland nutzt psychologische Kriegsführung, um in Deutschland Angst zu schüren.   Leider gibt es in Deutschland einige, die diese Ängste bewirtschaften und russische Propaganda weiterverbreiten.   Russland war militärisch bisher nicht dazu in der Lage, große Brücken in Kyjiw, Mykolajiw oder Dnipro zu zerstören.   Wir müssen keine Angst davor haben, dass Russland Brücken in Deutschland angreift.  Gleichzeitig ist die von Russland illegal errrichtete Krimbrücke für die Ukraine ein legitimes militärisches Ziel.",1,1,0,0,0,0
deu_train_track_a_00647,"Ich bin bei 39+3 und gefühlt tut sich auch überhaupt nix. Keine Übungswehen, Bauch geht nicht nach unten, gar nichts.  Habe aber eine Einleitung für Freitag geplant und engmaschige Kontrollen wegen GDM. Also von mir aus könnte es wahrlich jetzt losgehen...",0,0,0,0,0,0
deu_train_track_a_00648,"Habe ich muss ich sagen noch nie von gehört bisher, interessant.  Inwiefern wirkt sich das denn auf dein alltägliches Leben aus? Oder auch auf Beziehungen?  Hast du mit allen diesen Symptomen zu kämpfen oder nur mit einem gewissen Teil?",0,0,0,0,0,1
deu_train_track_a_00649,"🤡Es ist also PROrussische #Propaganda zu sagen, dass die deutsche Regierung die eigene Bevölkerung  vernachlässige um die #Ukraine zu unterstützen?!🤡",1,1,0,0,0,0
deu_train_track_a_00650,Egal nicht alles muss man unter Kontrolle haben,0,0,0,0,0,0
deu_train_track_a_00651,"Kenne mich mit dem Thema Beschäftigungsverbot in der Schwangerschaft nicht aus, kann dir aber sagen dass viele Arbeitgeber überrascht und zickig reagieren. Dabei warst du ja sogar offener als du hättest sein müssen.",0,0,0,0,0,0
deu_train_track_a_00652,"Hilfsgüter abwerfen, aber dafür schön die Hand gegen einen Waffenstllstand heben… Heuchlerei vom feinsten 🤣🤦🏼‍♀️🤬",1,1,0,0,0,0
deu_train_track_a_00653,"Ich war letztens mit Freunden wandern und immer wenn wir über eine Brücke, die über eine Straße führt, gehen mussten haben wir den Autofahrern zugewinkt. Viele haben zurückgewunken oder gehupt :D  Diese kleinen Momente haben uns und ich denke mal auch den Autofahrern ein kurzes Lächeln geschenkt",0,0,0,1,0,0
deu_train_track_a_00654,"Ich finde das kommt darauf an, wie alt ihr seid.  Wenn du jetzt 13 bist ist das sehr früh, aber ab Mitte zwanzig ist es ganz gut so etwas zu klären.",0,0,0,0,0,0
deu_train_track_a_00655,"Korrekt, es wird von dir falsch verwendet.",0,0,0,0,0,0
deu_train_track_a_00656,Wie wäre es mit Bemühungen für Frieden??? Wir das Volk interessieren uns nicht für ein Krieg wir haben genug Probleme!!!!,1,1,0,0,0,0
deu_train_track_a_00657,Wird es ihnen langsam unheimlich ? Drehen sie sich auf der Straße immer wieder um ?👻,0,0,1,0,0,0
deu_train_track_a_00658,Hi. Danke für dein AMA.   Woher kommt denn deine Mutter und ihre Familie? Hat sie einen deutschen geheiratet?  Bist du mit 19 dann abgehauen und hast woanders dein Leben aufgebaut oder wie hat sich das entwickelt?  Schön dass es dir jetzt gut geht. VG,0,0,0,1,0,0
deu_train_track_a_00659,"In Deutschland rechte bekämpfen und in Israel eine rechts-religiöse Regierung unterstützen, genau mein Humor 👏😂",1,0,0,0,0,0
deu_train_track_a_00660,"Die grüne Planwirtschaft karikiert sich selbst und entfernt sich immer weiter von ihren Sektenzielen. Dass sich dabei die deutsche Wirtschaft ins Nirvana verabschiedet und die Gesellschaft immer weiter gespalten wird, nehmen die Grünen gern in Kauf.",1,1,0,0,0,0
deu_train_track_a_00661,Die Tschechen werden sich in der Haltung Ihrer Regierung wiederfinden. Keine Aufnahme dieser Leute !,1,1,0,0,0,0
deu_train_track_a_00662,"Bin auch wegen diverser Psychischer Krankheiten seit 10 Monaten krankgeschrieben.So die ersten 4-5 Monate habe ich von der Krankasse mitunter fast schon wöchentlich Anrufe bekommen ,wies denn nun aussieht,Am Anfang fand ich ja das ganz nett das man fragt wies mir geht,aber als sie mich ""nett""darum gebeten haben doch mit gesundheitlichem Attest zu kündigen das ich aus dem Krankengeld rausbin war ich dann auch verärgert. Mittlerweile kommen keine Anrufe seit dem die wissen das ich demnächst eine Berufliche Rehabiliation machen werde.  Wäre das für dich auch eine Option?",1,0,0,0,1,0
deu_train_track_a_00663,"Ich mein das nicht böse, aber ihr seit 1,5h voneinander entfernt und bekommt es nicht hin euch regelmäßig zu treffen? Oder hab ich das falsch verstanden.  Dieses unbedingte Erhalten der eigenen Freiheit hat euch auf jeden Fall ne Menge Ärger gemacht. Die Frage ist, ob sie das überhaupt mal anders haben will und wie das nach dem Studium denn weitergehen soll. Über sowas solltet ihr vielleicht mal gemeinsam sprechen, bevor da falsche Erwartungen entstehen.  Dass ihr euch bis zum Ende des Studiums aber mal häufiger sehen könnt ist eigentlich echt leicht. Meine Verlobte studiert gerade in München und wir wohnen eigentlich in der Nähe von Holland, selbst wir haben uns öfter gesehen als ihr.",0,0,0,0,0,0
deu_train_track_a_00664,Wir werden Israel niemals vergeben,1,1,0,0,0,0
deu_train_track_a_00665,danke für den song,0,0,0,1,0,0
deu_train_track_a_00666,"Krieg ist keine Lösung sondern ein Kreislauf der Gewalt. Das was jetzt passiert tut mir unendlich leid und ich kann mir nicht vorstellen wie schmerzhaft das für die zu Zivilbevölkerung ist. Es geht entgegen meiner Vorstellungskraft. Ich habe einen Traum , wünsche mir ein ein großes Land in dem alle Religionen vereinigt und friedlich leben können.",0,0,1,0,1,0
deu_train_track_a_00667,Klingt für mich so als hätte sie beim feiern anderweitig interessante Leute getroffen. Aber mal ehrlich wenn ihr seid Jahren kaum Sex hattet dann wurde es auch Zeit das ihr euch trennt denn dann habt ihr keine intakte Beziehung und das seit Jahren.,0,1,0,0,1,0
deu_train_track_a_00668,mach ich abee omg der ust echt schlimm,0,1,0,0,0,0
deu_train_track_a_00669,"Qualitätsmensch, allererste Sahne, danke für dein Eingreifen! Es braucht mehr Menschen wie dich",0,0,0,1,0,0
deu_train_track_a_00670,"Ich bin seit über 10 Jahren depressiv (sowie Borderliner) und habe teils Suizidgedanken.  Ich war bereits bei drei Psychotherapeuten, habe eine Gruppentherapie gemacht, war in einer Selbsthilfegruppe, hab Ergotherapie gemacht, Selbsthilfebücher gelesen, war beim Psychiater und hab Medis ausprobiert.  Nichts hat geholfen, es ist über die Jahre nur immer schlimmer geworden. Ich weiß mittlerweile auch nicht wo ich mich noch hinwenden soll. Die Telefonseelsorge hatte ich kontaktiert aber nur schlechte Erfahrung gemacht...",0,0,1,0,1,0
deu_train_track_a_00671,In 90% der Fälle wird „POV“ falsch verwendet es macht mich wahnsinnig,1,0,0,0,0,0
deu_train_track_a_00672,"Ich bin xy Jahre alt und hatte bei WKDA (WirkaufendeinAuto) gearbeitet.   Eine Ausbildung zuvor in einem anderen Unternehmen hatte ich als Kaufmann für Büromanagement absolviert.  Für die Zeit bei WKDA war ich als Serviceassistent im Kundensupport tätig. Genauso schlecht wie der Ruf dieses Unternehmens ist, war es auch die Arbeit.  Fragt mich alles!",0,1,0,0,0,0
deu_train_track_a_00673,"Verehrter Führer, Schöpfer? Nein, damit kann ich mich nicht identifizieren. Ich bin jemand wie jede/r andere hier mit dem einzigen Unterschied, dass ich irgendwann auf *Subreddit erstellen* geklickt habe. Aber ich nehme mal an, dass das nicht ganz ernst gemeint war :)  Danke für die Ankündigung! Bei mir geht gerade alles ein wenig drunter und drüber, deswegen ist das untergegangen. Ich schaue mal ob ich am Samstag auch etwas beitragen kann.",0,0,0,0,0,0
deu_train_track_a_00674,Das ist doch nicht schlimm mit denn streams lass deine Stimme erstmal ruhen und ich hoffe das es dir bald wieder gut geht❤,0,0,0,0,0,0
deu_train_track_a_00675,"Naja, sie hat halt Angst das du da Frauen klar machst oder sonst was. War von ihr vielleicht auch nicht gedacht das du direkt in den Club sollst. Naja, redet darüber, klärt ab was wie gemeint war. Wird schon wieder.",0,0,0,0,0,0
deu_train_track_a_00676,"Je mehr ihr schreit, lügt und verleumdet, desto überzeugter bin ich das die #AfD die richtige Wahl ist.  Denn wer verlogene Kampagnen gegen eine politischen Gegner ins Feld führt, aus der Regierung heraus gegen die Opposition demonstrieren lässt, die Opposition verbieten und Menschen Grundrechten entziehen will, sich mit linksextremen gemein macht die den Tod von ""AfD´lern"" fordern, der ist mehr Faschist als er selber noch merkt.  Der Faschismus ist nicht rechts - er kommt von links!",1,1,0,0,0,0
deu_train_track_a_00677,Der Gestank in dieser öffentlichen Toilette ist unerträglich!,0,1,0,0,0,0
deu_train_track_a_00678,Peinlich wer AfD wählt,0,1,0,0,0,0
deu_train_track_a_00679,"skrupellos davon zu sprechen, dass seit Beginn des Krieges geliefert wird - das stimmt nicht. Denn ohne die Intervention der USA, wären sie alle schon längst verhungert.",1,0,0,0,0,0
deu_train_track_a_00680,"Die Palästinenser haben die Hamas gewählt. Jetzt zahlen sie den Preis dafür.  Es kann sofort beendet werden: die Hamas legt die Waffen nieder, lässt alle Geiseln unverzüglich frei und ergibt sich.  Wenn nicht, wird die Hamas komplett vernichtet.  Opferrolle sinnlos.",1,1,0,0,0,0
deu_train_track_a_00681,Weil er mehr auf die Hütte bekommt und dadurch mehr Paraden auspacken kann?,0,0,0,0,0,0
deu_train_track_a_00682,"Schluss machen nein. Wieso muss man gleich immer schluss machen? Woher kommt die Mentalität, dass man direkt jemanden wegschmeißen muss nur weil der Sex nicht gut ist? Zusammen daran arbeiten und zusammen wachsen nur so wird der Sex intensiver und schweißt ein mehr zusammen.",0,0,0,0,0,0
deu_train_track_a_00683,Wünsche deiner Oma alles Gute. :/ Mehr kann ich leider auch nicht machen. Ich hoffe sie schafft es.,0,0,0,0,1,0
deu_train_track_a_00684,Die Nachricht vom Tod eines Kindheitshelden trifft mich sehr.,0,0,0,0,1,0
deu_train_track_a_00685,"Es ist wichtig, dass du dir eines immer vor Augen hältst, du bist nicht für das Glück anderer zuständig.  Trennungen sind nie einfach und es zeigt, dass du dir Gedanken machst indem du Rat suchst. Aber wenn du deine Entscheidung gefällt hast, ist weder ihr noch dir geholfen wenn du weiterhin die Beziehung aufrecht hältst.  Wenn du sie noch magst, biete ihr an weiter da zu sein, wenn sie Hilfe braucht. Damit gibst du ihr etwas Kontrolle über die Situation. Den Schmerz nehmen wirst du ihr nicht, aber du zeigst ihr ein Entgegenkommen und Respekt.",0,0,0,0,0,0
deu_train_track_a_00686,Das ganze Land ist korrupt und ihre ausländischen Geldgeber und Kriegstreiber sind es demnach auch!,1,1,0,0,0,0
deu_train_track_a_00687,"Korrektur: RAUM Offenbach, nicht direkt in Offenbach, mea culpa. Wir sind aber mit Öffis gut erreichbar!",0,0,0,0,0,0
deu_train_track_a_00688,"Eigentlich hast du deine Frage schon selbst beantwortet. Schablonenhäuser sind deutlich billiger als architektonische Meisterwerke. Wenn du zum Beispiel hier auf Reddit rumliest, wirst du feststellen, dass die meisten Leute hohe Kredite aufnehmen und nicht selten auf Kante nähen, um sich eine Immobilie leisten zu können. Hätten die mehr Geld würden sich die meisten wohl auch lieber etwas Individuelles hinstellen als den Einheitsbrei. Das ""Müssen"" korreliert also sehr stark mit dem ""Haben"".",0,0,0,0,1,0
deu_train_track_a_00689,Der tägliche Konsum ist schädlich. Das weiß jeder Stoner auch selber.,0,0,0,0,0,0
deu_train_track_a_00690,"Japp, habe genau die selben Erfahrungen gemacht. Erst jammern sie Rum das man sich melden soll. Meldet man sich, kommt keine Antwort, meldet man sich nicht und wird dann gesehen, kommen gleich diese Sprüche wie ""hättest Mal was gesagt"" etc. Ist mir mittlerweile zu blöd, dem letzten der so ankam hab ich das Handy unter die Nase gerieben und ihm gezeigt das ich ihn 5x angeschrieben hab und nix zurück kam. Hab ihn dann mit dummen Gesicht stehen lassen. Dann lieber einsam als mich nicht auf die Menschen verlassen zu können.",1,1,0,0,1,0
deu_train_track_a_00691,mir gehts auch nicht gut,0,0,0,0,1,0
deu_train_track_a_00692,"Ich habe das auch mal abgesetzt, weil ich was anderes bekommen habe und vorher Venlafaxin raus sein musste.   Ich habe das unter ärztlicher Aufsicht langsam ausgeschlichen, also die Dosis über einen längeren Zeitraum immer weiter verringert. Dann sollte das keine großen Probleme geben. Von heute auf morgen einfach nicht mehr nehmen wird schief gehen und Absetzsymptome hervor rufen.   Ich hatte dabei keine anderen Probleme, als das mir halt die stimmungsaufhellende Wirkung gefehlt hat.",0,0,0,0,0,0
deu_train_track_a_00693,Bayern war Bremen Jäger Nummer 1,0,0,0,0,0,0
deu_train_track_a_00694,"Ich finde, jedes Windrad sollte einen Wärter haben wie ein Leuchtturm. Keine Ahnung, was der dann zu tun hätte. Aber ich will den Job, da hätte ich schön meine Ruhe.",0,0,0,1,0,0
deu_train_track_a_00695,"Es ist vollkommen Egal, ob das Subreddit Sex und Liebe trennen kann.  Du weißt doch schon, dass es ein No-Go für dich ist.",0,1,0,0,0,0
deu_train_track_a_00696,"Ich würde hier gern noch mehr schreiben, aber ich verkneife es mir.",1,0,0,0,0,0
deu_train_track_a_00697,"Ich bin momentan zwischen 10. und 11. SSW und bekomme ein Booster von meine FA in die 12. Woche. Meine 2. Impfung war in Juni, also 6 Monate vorher. Fuer mich es sieht sehr wichtig, ich bin asthmatisch und will keine Corona haben, ich habe auch 2 Kleinkinder zuhause die nicht geimpft sind und fuer mich die Extra-Schutz ist wichtig",0,0,1,0,0,0
deu_train_track_a_00698,"Hast du nen Therapeuten? Könntest mit dem gemeinsam an deinen Ängsten arbeiten. Vielleicht helfen dir auch Medis, hab auch welche und die helfen mir persönlich bei Ängsten ganz gut",0,0,0,0,0,0
deu_train_track_a_00699,".. reparieren die den Dalek etwa?  Mein Wissen über Doctor Who ist zugegebenermaßen gering, aber Daleks zu reparieren halte ich für unklug",0,0,0,0,0,0
deu_train_track_a_00700,"Also eine Hungersnot durch eine Naturkatastrophe ausgelöst ist eine Sache und schlimmer genug. Aber eine menschengemachte, absichtlich verursachte Hungersnot wie in #Gaza ist ekelhaft.",1,1,0,0,0,0
deu_train_track_a_00701,Du stehst jetzt auf der Hit-List von Waschmaschinenhersteller. Wenn Sonntagnacht es an der Tür klingelt - MACH NICHT AUF!  Hihi aber Glückwunsch :) Dinge zu reparieren ist so grundbefriedigend!,0,0,0,1,0,0
deu_train_track_a_00702,Erst liefern Sie Waffen an Israel und jetzt wollen sie Hilfsgüter über den Luftweg abwerfen! Finde den Fehler 😣,1,1,0,0,1,0
deu_train_track_a_00703,"Überwiegend am Telefon, aber auch Anfragen per Chat, Mail, Brief, Fax, WhatsApp, Facebook, Twitter - eigentlich über so ziemlich jedes erdenkliches Medium. Meine Themenschwerpunkte war Netztechnik, Handy-Internet und Handy-Defekte.  Wollt ihr dazu irgendwas wissen?",0,0,0,0,0,0
deu_train_track_a_00704,"Gabs eigentlich irgendne Demo auf der Hildmann war, aber nicht von der Polizei mitgenommen wurde? Ist das vielleicht dessen Fetisch?",0,1,0,0,0,0
deu_train_track_a_00705,läuft ja richtig gut,0,0,0,1,0,0
deu_train_track_a_00706,Ja aber dir meisten sind leider komplett unterdosiert oder schlecht zusammengestellt... Vorallem in Deutschland. Mit gesunder Ernährung und Sport wirst du 90% besser schlafen. Würde damit anfangen.,0,0,0,0,0,0
deu_train_track_a_00707,"Hi, ich suche nach Empfehlungen für Bikinis oder Badeanzüge, die ich in der Schwangerschaft zum (sportlichen) Schwimmen tragen kann.   Ich bin in der 26. Woche und leider passen mir meine Badeanzüge und Bikinis nicht mehr - vor allem wegen der gewachsenen Brüste (ich habe aber leider insgesamt auch zugenommen). Vor der SS hatte ich schon 80E. Wo ich aktuell stehe weiß ich nicht mal, ich denke bei 1-2 Größen größer.  Kennt jemand Marken für große Cups/Größen, die gut ""halten""? Ist ein Bikini praktischer, da der Bauch hier in den übrigen Wochen genug Platz hat, und ich evtl. nur das Oberteil austauschen muss, wenn die Brüste weiter wachsen?",0,0,0,0,0,0
deu_train_track_a_00708,Glückwunsch und alles gute für die neue Saison ihr spielt zum Glück erst am letzten Spieltag gegen mein Lieblingsverein😄,0,0,0,1,0,0
deu_train_track_a_00709,"Ich(m35) war auch eigentlich immer in langen Beziehungen, die letzte ging 11jahre davon 4jahre ehe. Und ja ich muss auch sagen das hat sich alles verändert, das liegt aber auch am alter würde ich sagen. Ich hatte jetzt zwei ""Erfahrungen"" nach alle dem und es war jedes mal beim ersten Treffen sex im Spiel. Wiederum waren beide auch sehr offen und ganz anders als ich es kannte. Ich hatte auch direkt die hand an der Kehle, das war seltsam aber ok für mich( was ich nicht dachte). Konsens ist aber auf jeden Fall immer das aller wichtigste! Ich halte mich da jetzt einfach offen dem gegenüber und schau mal was so kommt.",0,0,0,0,0,0
deu_train_track_a_00710,"Ich habe die Schnauze so voll von den Putin trollen. Wenn ihr Putin so huldigt, dann haut doch ab nach Russland er sucht eh nach Kanonenfutter. Euch Spinnern trauert keiner nach ihr Wichser.😡💩",1,1,0,0,0,0
deu_train_track_a_00711,"Alles andere als normal. So extreme Aussagen tätigen die wenigsten überhaupt mehrmals im Jahr, aber gar öfter in der Woche? Ne, das schreit hier nach fehlender Selbstliebe und Aufmerksamkeit. Da versucht das jemand mit äußerlichen Liebesbekunden und co auszugleichen, was im Inneren fehlt, wenn es denn auch so extrem ist wie beschrieben. Vor allem sowas einfordern geht schon mal gar nicht. Der Partner sollte dies auch wollen und nicht gezwungen werden, denn damit überschreitet man Grenzen und schadet dem Partner eher für sein eigenes Bedürfnis etwas hören zu wollen, ziemlich egoistisch.",0,1,0,0,0,0
deu_train_track_a_00712,"leider kann die Kommentarsektion derzeit nicht geladen werden, bitte versuche es später erneut.",0,0,0,0,0,0
deu_train_track_a_00713,Hoffentlich fahren sie dann nicht mehr im SUV der Eltern in die Schule und sagen den nächsten Städtetrip mit Flieger ab. Eher nicht. Wird alles gut. Denkt an die 68er. Die grillen heute auch Dry Age Beef mit 1000 € Weber Grill. Ich muss lachen.,1,1,0,1,0,0
deu_train_track_a_00714,"Ist man automatisch, wenn man gegen Windparks ist, ein Klimawandelleugner? 🤔 Oder ist das die gleiche Geschichte wie während Corona? Ich möchte keine Impfung und bin dann auch sofort Coronaleugner?",1,0,0,0,0,0
deu_train_track_a_00715,"Alleine bei uns in der Verwandschaft haben zwei schwere Probleme, die sie vor der Impfung nicht hatten. 1x Lungenembolie, Herzrhythmusstörungen. Aber das hat natürlich nichts mit der Impfung zu tun und es sind nur Einbildungen. Das würden mir die, die an der ""Pandemie"" sich dumm und dämlich verdient haben, sicherlich bestätigen.",1,1,0,0,1,0
deu_train_track_a_00716,"„Ich werde mit dieser AfD, der angeblichen Alternative, nicht koalieren und nicht mit ihr zusammenarbeiten. Das ist ein Versprechen das gebe ich Ihnen hier heute ab. Alles andere wäre unredlich!"" #hartaberfair",0,1,0,0,0,0
deu_train_track_a_00717,Irrenhaus Deutschland,1,1,0,0,0,0
deu_train_track_a_00718,"Ich überlege gerade eine kleine Box für meine Frau zusammenzustellen mit Dingen auf die sie in der Schwangerschaft Verzichten muss.  Darunter lakritz, Sushi (Gutschein), badeöle, eine kleine Flasche Wein. Was passt da noch rein? Was vermisst ihr am meisten?",0,0,0,1,0,0
deu_train_track_a_00719,"Grundsätzlich ist es rein medizinisch so, dass mit einem Kaiserschnitt die Wahrscheinlichkeit für weitere Kaiserschnitte bei weiteren Geburten steigt. Nach 2-3 Kaiserschnitten wird sogar von vaginaler Spontangeburt abgeraten. Aber das *muss* natürlich nicht der Fall sein, gerade nach einem stehen die Chancen bestimmt nicht schlecht, dass es spontan klappt.",0,0,0,0,0,0
deu_train_track_a_00720,"Lass dir von anderen Dating-Apps nicht so schlecht reden. Downloade es dir einfach mal, schreib ein bisschen mit Leuten und ganz wichtig, nimm solche Apps nicht ernst.   Wenn du sie als das betrachtest was sie sind ist es ganz lustig: Apps auf denen man mit fremden schreibt. Und so ""fies"" wie das erstmal klingt, hast du da keinerlei Verpflichtungen und kannst auch einfach nicht mit Leuten schreiben wenn du keine Lust (mehr) auf die Person hast.  Ich habe die Erfahrung gemacht, dass wenn man entspannt an solche Apps ran geht, man auch schnell auf Leute trifft mit denen man sympathisiert. Hab so auch meine Freundin gefunden.",0,0,0,1,0,0
deu_train_track_a_00721,… an alle Putin Russen geht doch endlich zu eurem tollen Putin (benutzt eure Landsleute als Kanonenfutter) wo man so frei seine Meinung sagen kann. Alle nicht Putin Russen sind herzlich willkommen… sind übrigens ganz nett,1,1,0,0,0,0
deu_train_track_a_00722,"Also erstmal hast du ja wohl mal das mega coolste Hobby auf der Welt. Falls es irgendwo Videos gibt, sag Bescheid :D Dein Freund ist außerdem ein Idiot. Er kann wohl dein Hobby nicht akzeptieren. Dass er mit so immenser Wut darauf reagiert, lässt ihn nicht besonders gut dastehen. Vielleicht kannst du noch ein letztes Mal mit ihm reden und ihm sagen, dass das halt zum Eiskunstlauf dazugehört. Aber wenn er es nicht versteht und dir solche Sachen unterstellt, würde ich mich an deiner Stelle trennen. Das solltest du dir nicht gefallen lassen!",1,1,0,1,0,0
deu_train_track_a_00723,Leider? Die Bilder sind so schön geworden 😃,0,0,0,1,0,0
deu_train_track_a_00724,"Ich hab deb Großteil über Vinted geholt. Bin ich sehr zufrieden mit.  Ich hab erstmal grob ein paar Sachen angefragt und mir dann nach einer Weile eine Tabelle erstellt, damit ich den Überblick behalte - wieviel brauchen wir, passen die Sachen zusammen, etc.  Ich hab nicht zuviel unterschiedliche Marken geholt, weil die Größen ja sehr unterschiedlich ausfallen.",0,0,0,1,0,0
deu_train_track_a_00725,"This comment has been overwritten as a protest against Reddit's handling of the recent [protest against them killing 3rd-party-apps](   To do this yourself, you can use the python library [praw](   See you all on [Lemmy](",0,0,0,0,0,0
deu_train_track_a_00726,"Die Geschichte ist echt schön. Aber trotzdem habe ich so eine krasse Angst vor dem Tod :( Und wenn ich höre ca. 70... klar klingt das alt. Aber mit fast 30 fühle ich mich immer noch so unerfahren im Leben und wenn ich auch so alt werde, ist die Hälfte bald schon rum :(",0,0,1,0,0,0
deu_train_track_a_00727,"Hochwertige BHs. Gut verarbeitet, in der richtigen Größe. Macht einen Riesenunterschied für Bequemlichkeit und den Rücken.  Schuhe Hochwertiges Waschmittel.",0,0,0,0,0,0
deu_train_track_a_00728,Sane echt nicht zu glauben was der heute für nen Mist spielt #GERHUN,1,0,0,0,0,0
deu_train_track_a_00729,"Ich habe mir bei der Geburt meiner Tochter eine PDA legen lassen und das war wirklich toll. Ich werde mir dies auch als Option für die Geburt meines Sohnes im Mai geben. Man muss ja nicht wenn man es dann doch nicht braucht aber zu wissen, dass es Optionen gibt die Schmerzen zu lindern nimmt schonmal ein wenig Angst. Also für mich.",0,0,0,1,0,0
deu_train_track_a_00730,"Das Kleinkind stopft sich liebend gerne Bauklötze in den Body und ärgert sich, wenn sie die nicht mehr raus bekommt.",0,0,0,1,0,0
deu_train_track_a_00731,"Auf die Frage habe ich keine Antwort, aber eins muss ich sagen: Die Wahl des Bildausschnitts ist genial - der Mülheimer im Vordergrund ist episch! *MadeMyDay*",0,0,0,1,0,0
deu_train_track_a_00732,"Nachm ersten Kind, ja. Nachm zweiten Kind, naja, in den meisten Fällen.",0,0,0,0,0,0
deu_train_track_a_00733,Ist eine Partei zu stark versucht man natürlich ganz demokratisch loszuwerden…,1,1,0,0,0,0
deu_train_track_a_00734,"Und doch wird man fortlaufend mit fehlender humanitären Hilfe für Gaza zugedröhnt.   Das verstehe, wer will.",1,1,0,0,0,1
deu_train_track_a_00735,"Ich hab den Eindruck, dass da ein rechter Staatschef unsaubere Lösungen vorschlägt!!! Die Palästinenser brauchen einen eigenen Staat, in dem sie alle Rechte haben, wie auch die Juden.",1,1,0,0,0,0
deu_train_track_a_00736,"Es freut mich zu hören, dass du die Unterstützung bekommst, die du brauchst! Die Wartezeit bis zur Therapie ist echt hart. Eventuell kannst du dich mal mit DIGAs auseinandersetzen. Das sind digitale Gesundheitsanwendungen (quasi apps auf rezept), die vom Arzt oder deiner Krankenkasse direkt verschrieben werden können und gerade im Bereich depression sind die mittlerweile echt gut erforscht und auf jeden Fall hilfreich zur Zeitüberbrückung. Schau dir mal die offizielle Seite im Internet an, da steht alles sehr ausführlich drin und bei Fragen schick mir ruhig ne pn. Ich hab mich da für mein Studium gerade recht ausführlich mit beschäftigt. [DIGA-Verzeichnis](",0,0,0,1,1,0
deu_train_track_a_00737,Leute die wirklich um Karin Ritter trauern Wtf,0,1,0,0,0,1
deu_train_track_a_00738,Was ist dein Plan nach dem Studium? Willst du in der EU bzw. DE bleiben oder zurück in das hoffentlich bald befriedete Land oder lässt du das offen?,0,0,0,0,0,0
deu_train_track_a_00739,"Ich habe extra einige Stillteile gekauft und finde die zum stillen letztendlich nerviger als meine normale Kleidung. Man muss mit Baby im Arm irgendwie die Öffnungen freischaufeln!  Am liebsten trage ich stattdessen normale, weite T-Shirts, wo ich entweder direkt oben meine Brust rausholen kann ( wenn ausschnitt weit genug) oder halt unten das Shirt hochziehe.  Mittlerweile ist es mir auch total egal ob irgendjemand meine Brust dabei sieht  Ansonsten: Vinted(app)!",0,1,0,0,0,0
deu_train_track_a_00740,"Viel Erfolg dabei, Bahn wieder gnadenlos überfordert, wer hätte gedacht dass heute so viele Leute Bahn nutzen wollen 🌚",1,1,0,0,0,1
deu_train_track_a_00741,"Ich werde natürlich dennoch den ganzen Tag laut keuchen und stöhnen und auf Nachfrage möglichst beiläufig: ""Ach nix. Ziemlich erkältet, aber muss ja."" antworten. Besonders wenn ein Vorgesetzter in der Nähe ist, werde ich mich häufig irgendwo anlehnen und die Hand auf die Stirn legen und ""Fuuuh"" machen",0,1,0,0,0,0
deu_train_track_a_00742,Modeentscheidungen haben halt selten was mit Rationalität zu tun.,0,1,0,0,0,0
deu_train_track_a_00743,"Er hat doch recht. Wer die Natur oder in der Natur geniesen will, der soll seinen Dreck wegräumen. Am besten wieder mitnehmen, aber leider schaffen viele es nicht mal den 1,5meter entfernten Mülleimer zu verwenden.",0,1,0,0,1,0
deu_train_track_a_00744,"#Putin ist ein Meisterstratege! Er hat alles erreicht, was er nie wollte. Nato-Erweiterung, 2 Jahre 3-Tage-Krieg, Russlands Kohle ist weg, seine Oligarchenbande bald pleite, Russland hat noch Devisenreserven für 1,5 Jahre und er muss dem kleinen Mann aus Nordkorea die Füße küssen.",0,1,0,0,0,0
deu_train_track_a_00745,keine waffen und kein geld für die ukraine dann ist der spuk schnell vorbei..,1,1,1,0,0,0
deu_train_track_a_00746,Spucke ist irgendwo auch nur Wasser &gt;:,0,0,0,0,0,0
deu_train_track_a_00747,Du glaubst nicht es verfolgt mich mein Leben lang bin deswegen generell traumatisiert,0,0,1,0,1,0
deu_train_track_a_00748,"Ich musste beim Boostern meinen Mutterpass vorzeigen; bei der SSW lügen würde ich also nicht. Ich war zwar schon im zweiten Trimester, hatte aber theoretisch noch drei Tage, bis die sechs Monate Abstand zur Zweitimpfung voll waren - das hat aber nicht interessiert und ich hab die Impfung problemlos bekommen.  Ganz ehrlich: Nimm Impf- und Mutterpass, geh ins Impfzentrum und schildere denen deine konkrete Lage. Versuch es einfach. Mehr als nein sagen können sie nicht, und so wie ich das sehe, werden Impfzentren gerade nicht die Tür eingerannt, du könntest also durchaus auf Kulanz hoffen.",0,0,0,0,0,0
deu_train_track_a_00749,"Vielleicht hat der YoutTube Channel paar hilfreiche Informationen für dich : [TheraminTrees]( z.B. das Video hier [coming out a road map for before, during and after]( Ex-Freundin kannst du auf jeden fall vergessen, etwas das du ihr im Vertrauen gesagt hast deiner Familie zu erzählen ohne über die Konsequenzen für dich nachzudenken geht absolut gar nicht.   Hoffe als Mitatheist das beste für dich und wenn du deiner Familie gegenüber irgendwelche negativen Gefühle empfindest, dann unterdrück sie nicht, das macht krank.",0,1,0,0,1,0
deu_train_track_a_00750,Wenn wir kein Sex haben mach ich das nicht,0,1,0,0,0,0
deu_train_track_a_00751,"Rechte stellen sich selbst ein Bein: Sie leugnen den menschengemachten Klimawandel und hassen Geflüchtete, deren Hauptursache für die Flucht der Klimawandel ist.",0,1,0,0,0,0
deu_train_track_a_00752,Und weil wir endlich eine Expertin für Völkerball brauchen 😂,0,0,0,1,0,0
deu_train_track_a_00753,"18. Februar und die #Hamas hat, trotz Gerichtsurteil des #IGH vom 26. Januar, die #Geiseln nicht freigelassen.  Was macht #Südafrika als Vertreter der Hamas? Nichts!   Das beweist, dass es bei der Klage beim IGH nur um #Israel- und #Judenhass ging.       Belege für einen #Genozid gibt es bis heute nicht.    #BringThemHomeNow 🇮🇱",1,1,0,0,0,0
deu_train_track_a_00754,"Ich würd lieber anrufen, hab auf Mails die ich geschrieben hab eigentlich keine Rückmeldung bekommen.   Einfach: ""Hallo, ich hatte letzte Woche einen positiven Schwangerschaftstest und suche jetzt eine Hebamme, vor allem für das Wochenbett. Ich bin wahrscheinlich in Woche soundso""  Und dann sagen die dir schon, ob sie noch frei sind oder nicht. :)",0,0,0,0,0,0
deu_train_track_a_00755,Lauterbach hat keine vernünftige Erklärung. Vielleicht einfach mal ehrlich sein?,1,0,0,0,0,0
deu_train_track_a_00756,"Habe mich entschlossen dieses AMA zu machen da ich noch keinen Beitrag dazu gefunden habe. Weil dieses Problem jede Altersgruppe betreffen kann, und vor allem bei jungen Männer selten angesprochen wird, möchte ich auch anderen hiermit zeigen das es keinen Grund gibt sich dafür zu Schämen.  Edit:(Danke für die Vielen Fragen, wenn ihr noch fragen habt stellt sie gerne , aber bin jetzt erstmal Offline)  &",0,0,0,0,0,0
deu_train_track_a_00757,Will weinen muss mit daten wieder aufhören,0,0,0,0,1,0
deu_train_track_a_00758,Am anfang von 'roner hatte mein lokaler Aldi ein Schild vor dem Eingang das maximal nur 88 Personen rein dürfen. Jetzt hängt oben so ein digitaler Zähler der anzeigt wie viele noch rein dürfen.,0,0,0,0,0,0
deu_train_track_a_00759,"Ich fürchte, ich könnte meinen Job verlieren. Die Wirtschaft ist so unsicher.",0,0,1,0,0,0
deu_train_track_a_00760,"Hallo,  ich befinde mich gerade in der 12ten Schwangerschaftswoche und habe schon knapp an die 10 kg zugenommen. Ich bin 170 cm groß und habe vor der Schwangerschaft 55 Kilogramm gewogen. Ich habe eigentlich immer ausreichend Bewegung gehabt, wegen dem Fußball. Ich gehe jetzt auch noch nach der Arbeit spazieren. Meine normalen zwei Mahlzeiten esse ich auch noch. Die Menge hat sich vielleicht hier ein bisschen verändert und ich nasche etwas mehr. Aber das kann doch nicht der Grund sein. Laut dem Internet sollte man hier in diesem Zeitraum kaum etwas zunehmen. Wisst ihr woran das liegt? Muss ich mir Sorgen machen?",0,0,1,0,0,0
deu_train_track_a_00761,"Ich stimme all dem zu, was /u/ConstsAndVars geschrieben hat.   Würde dir aber auch nahelegen, Angebote wie die [Telefonseelsorge]( wahrzunehmen. Es gibt auch weitere [Hilfsangebote](   Vergesse nur bitte nicht das Wichtigste: Deine Gefühle sind valide und du brauchst dich niemals für diese zu schämen! Ich finde es toll, dass du darüber reden möchtest und Hilfe suchst. Auch wenn dir keine Depression diagnostiziert wird, ist es richtig und wichtig dir Hilfe zu nehmen. Denn es ist ganz natürlich, dass man Phasen des Kummers durchmacht die einen überfordern.   Kleiner Tipp noch: versuche nicht über die Dinge zu grübeln. Das führt eigentlich immer nur dazu, dich in deinen Kummer rein zu steigern. Mir helfen da Meditationen oder Achtsamkeitsübungen.",0,0,0,1,1,0
deu_train_track_a_00762,Junge ehrlich so eine Maschine anders heftig &lt;3,0,0,0,1,0,0
deu_train_track_a_00763,Wäre Super dann müsste man das Gift wenigstens nicht mehr sehen,0,1,0,1,0,0
deu_train_track_a_00764,Gibt es einen Plan B? So wie es aussieht kommt Russland langsam vorwärts. Wäre Diplomatie nicht langsam angebracht? Ansonsten verschwindet die Ukraine gänzlich und es sterben immer mehr Menschen. Dann ist es zu spät zum verhandeln.,0,0,1,0,0,0
deu_train_track_a_00765,Hallo zusammen!  Ich bin auf der Suche nach einem guten Buch dass mich durch die Schwangerschaft begleitet. Quasi ein Handbuch. Bin in der 6 ssw. Könnt ihr mir ein gutes empfehlen?  Danke im Voraus!   Vielen herzlichen Dank für eure Rückmeldungen!! Das hilft mir schon mal sehr :)),0,0,0,1,0,0
deu_train_track_a_00766,"Mac ist NICHT Windows es brauch nicht viel ist wie Linux, aber klar Apple hat immer mal was neues raus wollen ja Geld machen xD",0,1,0,1,0,0
deu_train_track_a_00767,"Einmal wegen eines Memes das derjenige nicht lustig fand.  Und einmal weil ich Cyberpunk ""gespoilert"" habe, indem ich gesagt habe dass ich das Levelsystem blöd finde.",0,1,0,0,0,0
deu_train_track_a_00768,Wie ist das den vor Gericht abgelaufen und was war genau Ihre Anklage.  Was hat dein Anwalt zu dieser Strafe gesagt? und warum bist du nicht in Revision gegangen?,0,0,0,0,0,0
deu_train_track_a_00769,"Ich habe selbst eine Schilddrüsenunterfunktion und habe es kurz vor meiner Schwangerschaft erfahren. Soweit ich weiß passiert da so schnell nichts, da sie ja sowieso L-Thyroxin nimmt. Ab der 12. Ssw produziert das Baby auch schon selbst Schilddrüsenprobleme.   Ich habe nur eines nicht ganz verstanden in deinem Beitrag. Wenn der TSH Wert zu hoch ist, wird das Medikament erhöht. Wenn er zu niedrig ist, wird reduziert. Wie hoch war ihr TSH- Wert als der Arzt angerufen hat?",0,0,0,0,0,0
deu_train_track_a_00770,Vllt hab ich ja mal Glück 💪,0,0,0,1,0,0
deu_train_track_a_00771,"Hat man vor 2 Monaten nicht gesagt, dass Palästinenser sterben, weil die Hamas sie verhindert, in den Süden zu flüchten? Und passiert jetzt? Israel bombardiert den Süden des besetzten Gazastreifens.",1,0,0,0,1,0
deu_train_track_a_00772,"Denk dran, das höchste an Kompliment ist jetzt ein 'nicht schlecht'!",0,0,0,0,0,0
deu_train_track_a_00773,der letzte satz. Da hat er sich genau an den Montagsmorgensuff erinnert.,0,0,0,0,0,0
deu_train_track_a_00774,"peinlich wer morgens in der bahn nicht weint wenn rapk rappen „kleiner bruder, kleiner dieb“",0,0,0,0,1,0
deu_train_track_a_00775,"Mutig, und du brauchst davor keine Angst haben.",0,0,0,1,0,0
deu_train_track_a_00776,"Italienische Jugendgefängnisse sind voll mit Kindern, die Ketchupspaghetti kochten.   #mussmanwissen",0,0,0,0,0,0
deu_train_track_a_00777,"Nach 7 Jahren ist der ""ich weiß noch nicht so genau""-Zug aber auch einfach abgefahren. Ihr solltet beide sehr genau wissen, was ihr aneinander habt oder auch nicht und eine Entscheidung, ob ihr das für den Rest eures Lebens wollt oder nicht, sollte problemlos möglich sein.  Dazu gehört dann aber auch, mit der unengenehmen Wahrheit umzugehen, dass es vielleicht nicht das ist, was man für den Rest seines Lebens will.",0,0,0,0,1,0
deu_train_track_a_00778,Ihr seid auf Klassenfahrt/Ferienfreizeit/etc. und dürft für morgens einen Song auswählen mit dem über die Hausanlage geweckt wird. Welcher Song ist es?,0,0,0,1,0,0
deu_train_track_a_00779,boah crave ehrlich rummachen mit jmd so schlimm,0,0,0,0,1,0
deu_train_track_a_00780,"Einfach mal davon wegkommen das Drogen so schrecklich sind.  Viele Probleme entstehen ja nur durch das Tabu bzw. die Illegalität.  Wäre alles legal und würde in einer hohen Qualität und zu einem günstigen Preis zur Verfügung stehen , dann hätten wir die meisten Probleme doch gar nicht mehr.  Heroin gab es früher in der Apotheke, Gras könnte jeder der wollte anbauen. Ich bin mir sicher wir könnten auch Sorten züchten die auch ohne besondere Wärmelampen wachsen. So das sich jeder sein Zeug auf dem Balkon anbauen kann.  & nein, Ich rauche kein Gras oder nehme irgendwelche anderen bewusstseinserweiternden Stoffe. Ich denke einfach das wir aktuell sehr falsch damit umgehen.",0,0,0,0,0,0
deu_train_track_a_00781,"Seit wie vielen Wochen poste ich hier regelmäßig Bilder von den Problemen bei den Lieferungen der Hilfsgüter? Menschenaufläufe, Steinwürfe, bewaffnete Hamasniks auf den Lastwagen, illegaler Verkauf der gespendeten Güter auf dem Schwarzmarkt in Gaza. Niemand hat darüber berichtet.",1,1,0,0,1,0
deu_train_track_a_00782,"Naja als sogenanntes Spielchen, würde ich es persönlich nicht abtun, wie er sagte",0,1,0,0,0,0
deu_train_track_a_00783,Keinen Cent mehr für Klimaschutz!,1,0,0,0,0,0
deu_train_track_a_00784,"😡 Die Bluthirnschranke ist eine hochsensible Sicherheitsfunktion unseres Körpers. Das Covid diese Barriere knacken konnte ist extrem allamierend. Wenn ich zurückdenke an das Geschwätz der ""Kritiker"" und ""Querdenker"" dann empfinde ich tiefe Verachtung. Sie haben ohne jede belastbare Belege das Vertrauen in fundierte Wissenschaft untergraben und damit Menschen in Lebensgefahr gebracht, die Performance unserer Wirtschaft geschwächt und den Zusammenhalt der Gesellschaft beschädigt. Müssen wir das kommentarlos aushalten?",1,1,1,0,0,0
deu_train_track_a_00785,Bruh ich kann nicht lesen sorry meine Schuld,0,0,0,0,0,0
deu_train_track_a_00786,"Der Hass wird wieder mehr in diesem Land, oder anders gesagt; man traut sich wieder die hässliche Fratze des Hasses nach außen zu zeigen.  Bedenklich.",1,1,1,0,0,0
deu_train_track_a_00787,"Bis jetzt habe ich nur etwas Schmerzen im Oberarm, fühle mich ansonsten aber wie immer",0,0,0,0,0,0
deu_train_track_a_00788,"Ich glaube, dass Lidl einige Sachen immer online im Angebot hat. Schau doch vielleicht auch da mal!",0,0,0,0,0,0
deu_train_track_a_00789,"friendly reminder dass es als Besatzungsmacht eigentlich Israels Pflicht ist, grundlegende öffentliche Dienste zu gewährleisten und nicht #UNRWA  Flüchtlinge bräuchten auch nicht UNRWA hätte sich Israel an UN Res 194 gehalten und sie in ihre Häuser zurückkehren lassen.",1,0,0,0,0,0
deu_train_track_a_00790,🤡🤦‍♂️😂 Ich ungeimpft.... Und Kern Gesund nicht mal Erkältungen bekomme ich und das seit 4 Jahre.... Mmhh komisch das andere immer und immer wieder krank sind / werden,1,1,0,1,0,0
deu_train_track_a_00791,"Lustig, dass FFF meint, für eine gesamte Generation sprechen zu können.",0,1,0,0,0,0
deu_train_track_a_00792,Selenskyj bzw die Ukraine muss Friedensverhandlungen anstreben. Es reicht langsam...,1,0,0,0,0,0
deu_train_track_a_00793,"Wenn nicht ein echter Paradigmenwechsel stattfindet, hören die auch nicht auf. Warum auch? Die Impfstoffzwängler haben volle Kassen und Lager und die dank Gratis-Propaganda Angst-Kranken brauchen ihren Beruhigungs-Schuß!😱",1,1,0,0,0,0
deu_train_track_a_00794,ehrlich war noch nie so heart broken von typen und hab nichtmal getroffen,0,0,0,0,1,0
deu_train_track_a_00795,Ich habe Nix vom Corona Virus abbekommen. Nicht mal eine Erkältung gehabt. Auch in diesem Winter noch nicht. Bin 3x gegen Corona Geimpft und Beschwerde frei. Hoffe daß das weiter so bleibt,0,0,0,1,0,0
deu_train_track_a_00796,"Leute, wie soll man diesen Corona- Leugnungs- Irrsinn die nächsten Jahre überstehen?! Bitte wie??!🤨🤢",1,1,1,0,0,0
deu_train_track_a_00797,SEI STILL WEIBSBILD!  ICH SAGE DER GEILHEIT AB   DENN IM INNEREN DÜRSTET ES MIR NACH   GLÜCKSELIGKEIT..  AAAAAHAHHAHAAAAAAAAH,1,0,0,1,0,1
deu_train_track_a_00798,Hoffentlich wird dieser palästinensische terroristische Abschaum bald von Israel komplett vernichtet. Danke an die tapferen Soldaten ❤,1,1,0,1,0,0
deu_train_track_a_00799,"Ich hatte etwas ähnliches, meine Hebamme hatte mir Magnesium Tabletten empfohlen die auch geholfen haben.   Zum stillen weil die Brustwarzen weh taten habe ich Stillhütchen   Es kann auch mit an den Stilleinlagen liegen die du nimmst. Die billigen sind nicht so angenehm. Ich habe jetzt die von NUK, die ich günstiger über Amazon bekomme.",0,0,0,0,0,0
deu_train_track_a_00800,"Ich finde es ekelhaft, wenn jemand in der Öffentlichkeit ausspuckt.",0,1,0,0,0,0
deu_train_track_a_00801,"Israel behauptete auch dass sie kein Krankenhaus beschossen haben, und haben daraufhin alle Krankenhäuser beschossen und gestürmt.",1,1,0,0,0,0
deu_train_track_a_00802,"Nur ein kleiner Tipp, dein Mann hat erst 7 (?) Wochen vor deiner Entbindung Kündigungsschutz. Bei ihm kann es Sinn machen die Schwangerschaft nicht bekannt zu geben.   - Kindergeld - Elterngeld - Elternzeit - ggf. Kinderbetreuung - Krankenkasse  - Mutterschutz über Versicherung klären - ich kenn mich da nur bei beamtenrechtlichen Regelungen in BW aus",0,0,0,0,0,0
deu_train_track_a_00803,"Wie läuft das bei euch mit der Impfung? Habt ihr Termine bekommen? Wer impft bei euch und wer nicht? Habt oder hattet ihr Nebenwirkungen und wie schaut der Zeitraum bei euch aus?  **EDIT: Jene, die sich haben impfen lassen, oder es planen, können bei einer** [**Beobachtungsstudie der Charite**]( **mitmachen, um die Datenlage zu verbessern und damit eine bessere Entscheidungsbasis für Empfehlungen der Gesellschaften zu liefern.**  EDIT2: Nebenwirkungsreport 3 Tage nach Impfung - der Arm tat mir 2 Tage lang etwas weh und ich hab geschlafen wie ein Baby - ohne Pipiboxunterbrechung (bin sonst inzw. bei 2-3 Gängen pro Nacht). Alles gut!",0,0,0,0,0,0
deu_train_track_a_00804,Und die Politik hierzulande unterstützt mit Waffen und Geld so einen Genozid und Vertriebung!!!,1,0,0,0,0,0
deu_train_track_a_00805,"Was die anderen sagen. Falls ihr trotzdem noch warten wollt, könntet ihr:  - Eure Ernährung auf möglichst gesund umstellen. Kann auch Spaß machen und schadet auch abseits vom Kinderwunsch nicht.  - Einige Nahrungsergänzungsmittel kann oder sollte man auch vor dem Start schon eine Weile nehmen, z.B. Folsäure - Sport treiben. Vielleicht ja schon eine Sportart, die dann auch schwanger geht? - Euch über Kindererziehung belesen und austauschen",0,0,0,1,0,0
deu_train_track_a_00806,Vielleicht irgendetwas gemeinsam unternehmen oder nochmal 1 verlängertes Wochenende zuzweit wegfahren.,0,0,0,0,0,0
deu_train_track_a_00807,Wir brauchen einfach mehr Aquakultur in Verbindung mit der Landwirtschaft.,0,0,0,0,0,0
deu_train_track_a_00808,"Viele Leute können sich nicht vorstellen, wie oft ein Mensch innerlich sterben kann und dabei das schönste Lächeln zeigt.",0,0,0,0,1,0
deu_train_track_a_00809,Man sollte immer auf dieses:Mhm irgendwas schmeckt komisch Gefühl vertrauen und unbedingt nochmal nach schauen.🤢 Glaubt mir ist besser,0,1,0,0,0,0
deu_train_track_a_00810,"Du zu deinem Date, das zufällig drauf geschaut hat: ""Das ist Duolingo!"" Dein Date: ""Mir doch egal, wie die Schlampe heißt, ich gehe!""",0,0,0,1,0,0
deu_train_track_a_00811,Fährst du mit der Bahn zur Arbeit oder musst du pünktlich sein?,1,0,0,0,0,0
deu_train_track_a_00812,"Ich finde es komisch, dass du aus der Sicht deiner Mutter nicht selber entscheiden darfst, wie viel du mit deinem Vater redest. Das kann sie ja nicht vorgeben!",1,0,0,0,0,1
deu_train_track_a_00813,"Hatte sie vorher Fieber? Es könnte einige Gründe geben, aber wenn sie länger Fieber vorher hatte, könnte es das 3-Tage-Fieber sein. Ist ungefährlich und geht mehr oder weniger von selber weg, aber mit dem Kinderarzt abklären ist bestimmt eine gute Idee.",0,0,1,0,0,0
deu_train_track_a_00814,Nach langer Zeit habe ich endlich wieder mit einem alten Freund gesprochen.,0,0,0,1,0,0
deu_train_track_a_00815,> Auch kommt mal wieder die Frage auf ob mein kompletter Kontaktabbruch zu hart war.   Nein. War das einzig richtige.,0,0,0,0,0,0
deu_train_track_a_00816,"Möge Putin an seinem unnötigen, falschen, menschenverachtenden Krieg politisch zugrunde gehen.",1,1,0,0,0,0
deu_train_track_a_00817,"Finde ich super gemacht  Wie kleingeistig kann man sein, den ohnehin schon nervigen Kot in einem Beutel in den Wald zu werfen. Damit es garnicht erst verrotten kann?",1,1,0,0,0,0
deu_train_track_a_00818,Ich hab immer Angst dass so tiktoker in der Stadt auf mich zukommen und fragen was ich grade höre und dann muss ich einfach Lady Gaga sagen,0,0,1,0,0,0
deu_train_track_a_00819,Schluss machen & nach vorne gucken. Vielleicht noch eine Nummer für einen Therapeuten dalassen damit deine Freundin es beim nächsten Mal besser machen kann,0,1,0,0,1,0
deu_train_track_a_00820,"Ich meine, den eigenen Kindern den Kontakt zum Vater zu verweigern, aber den Anderen ,,helfen“ zu wollen.. So falsch",0,1,0,0,0,0
deu_train_track_a_00821,"Selbst wenn es so wäre, dass es früher wärmer wird, Gott sei Dank. Wir brauchen den Winter nicht. Es muss dringend wärmer werden. In allen Jahreszeiten. Kälte macht krank und depressiv und kostet im übrigen viel Geld. Ich erwarte, dass die Grünen ihr Versprechen einer Erwärmung endlich einhalten!",0,0,0,1,0,0
deu_train_track_a_00822,"Ich musste mal kurzfristig einen Psychiater in einer Großstadt finden (Umzug einer Angehörigen dahin, die bereits entsprechende Medikation kriegte. Es gab also Zeitdruck, jemanden rasch zu finden für neue Rezepte). Ich nutzte Google Maps, machte mir eine Liste von 15 Psychiatern in der Nähe der neuen Adresse und fing an zu telefonieren. Von den 15 blieben am Ende 2 übrig, der Rest war voll. War ähnlich krass wie bei Hautärzten. Der schließlich gewählte (mit 6 Wochen Wartezeit auf den Ersttermin, danach ging es dann) stellte sich dann aber als super heraus. Er hat auch eine Handvoll Onlinekritiken, die wohl erstaunlich zutreffend sind. Aber keine Webpräsenz, obwohl erst in den 40ern.",0,0,0,0,1,0
deu_train_track_a_00823,"Wenn du nur drei/vier Sachen zum scannen hast, dann ist es schneller und einfacher. Wenn allerdings dein Wagen mit dem Wocheneinkauf voll ist und die Hälfte der Dinge kaum oder gar nicht zu scannen geht, dann dauerts viel länger und ist extrem nervig. Da stell ich mich lieber ein bisschen an, soviel Zeit hab ich dann schon.",0,0,0,0,0,0
deu_train_track_a_00824,"Hallo ihr lieben. Mein mittlerweile Exfreund (M30) hat vor mir (W27) über die ganzen 12 Jahre sein Sexualleben geheim gehalten. Er hatte zwei Jobs, war aktiver Sportler und hat es dennoch geschafft, vor mir geheim zu halten, dass er über die Jahre viele Tindersexdates hatte, eine langfristige rein sexuelle Beziehung zu einem Paar mit dem er auch verreist ist und immer wieder in Tantrastudios, Stripclubs und Bordellen war. Ich habe es nur erfahren, da er es mir beim Schlussmachen gesagt hat. Keiner seiner Freunde oder Familie wusste etwas. Im Nachhinein gab es schon Anzeichen, die ich nicht gesehen habe. Vielleicht kann ich jemandem damit helfen.",1,0,0,0,1,1
deu_train_track_a_00825,In 20 Jahren sind die Gletscherreserven so gut wie erschöpft. Was dann?,0,0,1,0,0,0
deu_train_track_a_00826,Seit 9 Monaten nicht mehr am jaxxen deswegen gib freifahrt Schein Cousenq,0,0,0,0,0,0
deu_train_track_a_00827,"In einem anderen Thread hatte jemand geschrieben, dass durch Antidepressiva dauerhafte Sexualstörungen (also auch nach Absetzen) gar nicht so selten auftreten: ist ein Kommentar weiter unten, der auch weiterverlinkt. Nennt sich Post-SSRI Sexual Dysfunction Edit: ich habe meinem Partner gegenüber häufiger formuliert, dass ich ihn vermisse. Also wirklich seine Hand genommen und angeschaut und gesagt ""ich vermisse dich."" In der Regel schaltet er dann was ich meine und ist eher berührt anstatt verärgert oder angegriffen,was sonst häufig bei solchen Diskussionen entsteht. Vielleicht ist das einen Versuch wert um das Thema anders zu transportieren. :)",0,0,0,1,1,0
deu_train_track_a_00828,Alter 🙈 da fehlen einem die Worte… immer schön weiter Angst machen. Was soll das 😢?,0,0,1,0,1,0
deu_train_track_a_00829,"Das Fazit von Lauterbach zur Corona-Pandemie:  ""Jeder hat auch Fehler gemacht, aber unsere Gesamtbilanz ist gut.""  Es ist einfach unglaublich...🤮",1,1,0,0,0,0
deu_train_track_a_00830,"Gibt es hier irgendjemanden, der es bereut, sich nicht gegen Corona geimpft zu haben?",0,0,0,0,0,0
deu_train_track_a_00831,"Bei mir steht bald besagter Test an. Dazu habe ich 2 Fragen: - Wird Blut aus dem Arm entnommen oder aus der Fingerspitze? Ersteres ist das, was ich online gelesen habe, letzteres ist das, worauf meine Mutter pocht, weil es bei ihr vor einige Jahrzehnten so war. - Erhält man das Ergebnis am selben Tag oder wie lange dauert es in etwa? Auch da lese ich verschiedenes. Danke schonmal!",0,0,0,0,0,0
deu_train_track_a_00832,Mir tut das so unendlich leid 🥺 Seit den letzten zwei Jahren kommt wirklich das übelste Innere der Leute zum Vorschein.,0,1,0,0,1,0
deu_train_track_a_00833,"Die AfD ist weder mit christlichen, noch mit humanistischen Werten vereinbar.",0,1,0,0,0,0
deu_train_track_a_00834,Opfer sein ist in heutzutage. Überall Opfer…,0,1,0,0,0,0
deu_train_track_a_00835,"Klimawandelleugner und Windradgegner sind auch irgendwie die einzigen, die sich mit aller Kraft und gegen jeden Verstand gegen günstigen Strom wehren.... Warum zahlt man freiwillig mehr als man muss?",1,0,0,0,0,0
deu_train_track_a_00836,"Nein, dein Freund hat dein Geld abgelehnt.  Du hast es angeboten. Damit fällt für mich der Aspekt des ausnutzen weg.",0,0,0,0,0,0
deu_train_track_a_00837,"Wir erleben eine immense Radikalisierung durch Israels Krieg gegen Gaza.  Es ist schockierend radikal, geradezu extremistisch, Israels Kriegsverbrechen in Gaza zu verteidigen, zu relativieren, zu verschweigen.  Die einzig völkerrechtlich vertretbare und somit mäßigende und moralisch korrekte Forderung ist deshalb die einer sofortigen Waffenruhe.  Wer das nicht unterschreiben kann, ist ein Teil dieser Radikalisierung.",1,1,0,0,1,0
deu_train_track_a_00838,"ich will nicht sagen, dass es leicht ist, aber schau, was dir wichtig ist und schau, dass du davon viel bekommst! der rest ist egal",0,0,0,0,0,0
deu_train_track_a_00839,"Danke fürs AMA!  Wie bist du von der Straße weg gekommen?   Was sind die schönen Seiten, die du andeutest?  Wie kann man deiner Meinung nach Obdachlosen am besten helfen?",0,0,0,0,0,0
deu_train_track_a_00840,"Bin selber Geflüchteter in Deutschland. Ich habe in etlichen Flüchtlingsheimen gewohnt inkl. ehemalige Hangare des Flughafens Tempelhof. Kann mich nur bedanken für die Arbeit, die du machst. Sozialarbeiter und Hausmeister (von Tamaja und AWO) waren immer nett und hilfsbereit und spielten eine wesentliche Rolle bei der Integration und Sozialisation von uns allen.  One love brother <3",0,0,0,1,0,0
deu_train_track_a_00841,Me neither ey Sie schmeißt alle raus die wiedererkennungswert haben und behält so gut wie alle 0815 Leute leider 😭,0,0,0,0,1,0
deu_train_track_a_00842,Nö leider nicht 😔,0,0,0,0,1,0
deu_train_track_a_00843,Das ist ja so ungefähr wo Hunde und Esel hingehören oder? Oder dürfen die bei euch mit am Tisch essen?,0,0,0,0,0,0
deu_train_track_a_00844,"Ne,hatte nur Angst um meine ANNNIIIIII 🥺💗",0,0,1,1,0,0
deu_train_track_a_00845,Gar nicht schlimm was sie sagt.  Schlimm das so viele Menschen das glauben.,1,1,0,0,1,0
deu_train_track_a_00846,"Nichts habe ich gegen dich, du bringst mich ja in Kontakt mit der Exekutive. 😌",0,0,0,1,0,0
deu_train_track_a_00847,Die Besatzer haben im Gaza Streifen und Westjordanland nichts verloren. Schluss mit dem Landraub und illegalen Siedlungsbau.,1,1,0,0,0,0
deu_train_track_a_00848,"Ich habe vor zwei Monaten mein erstes Kind bekommen, ist also noch alles recht frisch im Gedächtnis; so einen Monat vor der Geburt hatte ich wirklich Schwierigkeiten, mehr als eine Stunde am Stück herumzulaufen, ohne von Schmerzen und Druck geplagt zu werden. Aber auch zwei Monate vor der Geburt hatte ich mich in meiner Bewegungsfähigkeit schon eingeschränkt gefühlt und auf Ausflüge keine Lust mehr.  Ich glaube meine Frauenärztin meinte damals, nach der 30., spätestens zur 33. SSW sollte man längere Reisen meiden.   Du wirst zum Ende hin selbst merken, wo dein körperliches Limit ist",0,0,0,0,0,0
deu_train_track_a_00849,Und Deutschland unterstützt Israel bei diesem Krieg gegen Menschheit. Mehr als die Hälfte der getöteten sind Kinder. Genozide muss aufhören.,1,1,0,0,1,0
deu_train_track_a_00850,"Klar, das ist der Grund. Auf keinen Fall die Politik der letzten 2 Jahre… 🤦‍♀️🤷‍♀️",1,1,0,0,0,0
deu_train_track_a_00851,"Hallo, ich arbeite als Kinderkrankenschwester. Ich habe auch kein Arbeitsverbot erhalten, aktuell bin ich in 30. Ssw und muss bis Mutterschutz arbeiten.  In mein Klinikum habe ich Büro Arbeit bekommen, stationsaufgaben die keine Kontakt mit Patienten benötigen.  Betriebsarzt und Frauenarzt wollten mir kein Arbeitsverbot geben, meine Hausärztin hat aber es angesprochen, vielleicht frag deine Hausarzt?",0,0,0,0,0,0
deu_train_track_a_00852,Der Gedanke an Einbrecher in meinem Haus lässt mich nicht zur Ruhe kommen.,0,0,1,0,0,0
deu_train_track_a_00853,"Selbständige Hebammen haben selten Webseiten, die Frauen rennen ihnen sowieso die Bude ein. Im ersten Gespräch wirst du doch merken, ob die Chemie passt. Wenn dir bestimmte Dinge wichtig sind, sprich sie an - wenn die Sicht der Hebamme darauf nicht zu deiner Haltung passt, dann solltest du wen anders wählen. Good luck!",0,0,0,0,0,0
deu_train_track_a_00854,"Meine Schwägerin wurde in der Stillzeit mit AZ geimpft. Nebenwirkungen waren die normalen... Schüttelfrost, etc.  Relevant ist ja für dich eher die Reaktion auf das Kind, oder? Man hat bisher nichts bemerkt. Es ist aber auch erst 4 Wochen her, ich denke, dass hier Langzeitstudien interessanter wären, die es aber halt noch nicht gibt.",0,0,1,0,0,0
deu_train_track_a_00855,wie kann man sowas noch ignorieren,1,1,0,0,0,1
deu_train_track_a_00856,"So wie Trans-Aktivismus eine Möglichkeit bietet, Misogynie unter Berufung auf vermeintlich unterdrückte transgender Personen auszuleben, bietet der Palestina-Konflikt eine Möglichkeit, Antisemitismus unter Berufung auf vermeintlich unterdrückte Palestinenser auszuleben.",1,1,0,0,0,0
deu_train_track_a_00857,Ja sonst bin ich echt gesegnet was das angeht😅 Schmerzen auch nur am ersten Tag. Aber dafür sehr heftig 😢,0,0,0,1,0,0
deu_train_track_a_00858,"Das klingt ja danach dass das Ergebnis erstmal uneindeutig war. Das kann an vielen Dingen liegen, u.a. auch an Fehlern des Laborpersonals bei der Aufarbeitung.  Selbst bei einer Auffälligkeit kann es zunächst sein, dass nur die Plazenta von einer Trisomie betroffen ist und das Kind gesund ist.  Ich würde, gerade wenn die Nackenfaltenmessung gut aussah, einfach (ohne dir zu viele Gedanken zu machen) den Test wiederholen.",0,0,0,0,0,0
deu_train_track_a_00859,Stopp 🛑 den Völkermord in Gaza 🇵🇸💔💔💔,1,1,0,0,1,0
deu_train_track_a_00860,Freiheit für alle politischen Gefangenen. #FreeGeorgThiel,1,0,0,0,0,0
deu_train_track_a_00861,"So geht propagandistischer Schwachfug, der die Realitäten in ein ideologisch verstrahltes Paralleluniversum manövrieren soll. 😂🤣😅 #Neubauer #DemosGegenRechts #Klimawandel",1,1,0,0,0,0
deu_train_track_a_00862,"Menschen gehen dumm auf Klopapier, Mehl und Pflanzenöl",1,1,0,0,0,0
deu_train_track_a_00863,ey ihr keinen heuxhler was interagiert ihr plötzlich net mehr adami hasta etmeyin harbiden HALLO WO SEID IHR,1,0,0,0,0,0
deu_train_track_a_00864,"Spaßfakt: Im ersten bzw. ""original"" Artwork von Pikachu war das Vieh auch fett.",0,0,0,1,0,0
deu_train_track_a_00865,Ihr Motto ist vermutlich Wein für mich und Wasser für den Pöbel,1,1,0,0,0,0
deu_train_track_a_00866,"Hab einen Lehrer im Krankenhaus kennengelernt, der sport und.. Töpfern.. oder schwertkampf lehrt, würde gern wissen was es alles für Fächer gibt.  (Der war echt nett, wir haben die selben Hobbys und find es doof dass ich da von Schmerztabletten benebelt nur halb was in Erinnerung hab. Der sprach auch an, dass er gegen ein gewisses Prinzip oder eine lehrmethode ist, die von der Allgemeinheit als Humbug abgetan wird. Aber hab kein schimmer was gemeint war.)  Nicht schwertkampf, sondern Lehm, Holz, Metal Bearbeitung, genau.",0,0,0,1,1,0
deu_train_track_a_00867,"Ich nehme medizinisches Cannabis jetzt seit ca. 1,5 Jahren und mir hat es extrem geholfen. Ich verdampfe nur ca. einmal am Tag 0.3-0.5 gr.  Meine Diagnose war u. a. rezidivierende Depression. Seit ich mit Cannabis angefangen habe, hatte ich keine richtig schlimme Phase mehr, meine Suizidgedanken sind die meiste Zeit weg und mein innerer Kritiker ist krass zur Ruhe gekommen.  Wenn man aufpasst und damit vorsichtig umgeht seh ich keinen Grund dazu es nicht wenigstens mal auszuprobieren. (Außer bei z. B. psychotischen Vorbelastungen etc.)   Wichtig ist halt, dass Du Dich davor gut informierst bzgl safer use, mögliche Abhängigkeiten etc.",0,0,0,1,0,0
deu_train_track_a_00868,"Endlich zeigen sich die Stimmen, die bisher kaum zu hören waren. Wenn 20% die AFD wählen sind es 80% die es nicht tun. Nein zu Rassismus!",1,1,0,1,0,0
deu_train_track_a_00869,"Hey! Glückwunsch! Das war sicher ein ganz schönes Stück Arbeit und auch nicht einfach. Immerhin muss man aus seinen gewohnten Lebensweisen ausbrechen... Aber gerade was deine Gesundheit angeht, ist dass ein Schritt in die richtige Richtung und ich kann mir gut vorstellen, dass du jetzt schon positive Effekte merkst. Bleib weiter dran. Alles Gute für dich!",0,0,0,1,0,0
deu_train_track_a_00870,"Die sind komplett irre, sie reden nach was die Corona -Oberen ihnen vorbeten. Kein eigenständiges Denken. Und die sind nicht die Mehrheit! Natürlich darf die AfD Fahne nicht fehlen.",1,1,0,0,0,0
deu_train_track_a_00871,"Na und? Die Baerbock und Scholz finanzieren Hamas, und zwar nach 7 Oktober... Und die blöden Michels gehen auf Befehl Rächdss zu meeeeckern.. Deutsche.. Das Volk der ehemaligen Denker",1,1,0,0,0,0
deu_train_track_a_00872,"Also ich bin jetzt kein Angehöriger sondern Betroffene aber stelle es mir unendlich schwer vor, dem geliebten Menschen dabei zusehen zu müssen, weil man ja nicht wirklich helfen kann. Druck machen funktioniert nicht, Hilfe wird nicht angenommen und man fühlt sich machtlos. Es muss leider aus der Person selber heraus kommen, sich da raus zu kämpfen, kannst nur ""da sein"" für ihn.   Kann dir nur empfehlen, dich nach Selbsthilfegruppen für Angehörige in deiner Nähe umzuschauen und im Zweifelsfall selber ne Therapie anzustreben. Und falls du das nicht magst, hoffe ich für dich, dass du jemanden in deinem Umfeld hast, mit dem du immer und immer wieder drüber reden kannst. Drücker an dich!",0,0,0,0,1,0
deu_train_track_a_00873,"Vielleicht hilft ihr diese Übersicht:   gibt auch einen Rechner dazu. Die Wahrscheinlichkeit eines Verlusts in Ihrem Stadium ist äußerst gering.  Eine gewisse Grundanspannung zu dem Thema zu haben ist normal, ich wüsste jetzt allerdings nicht was sich in Bezug auf das Risiko von der 19. auf die 26. Woche groß ändern soll.  Kann sie ihre Bedenken nicht mit der Frauenärztin besprechen, um ein direktes, professionelles Feedback, vor allem in Bezug auf Ihre Endometriose zu erhalten?",0,0,0,0,0,0
deu_train_track_a_00874,"😂 Sehr gerne, möchte ja auch nicht, dass du dich ins Unglück stürzt.",0,0,0,1,0,0
deu_train_track_a_00875,"Kleiner ProTipp von meiner Hausärztin, falls ihr es noch nicht kennt: Auf [Embryotox]( könnt ihr schauen ob die Medikamente die ihr im Haus habt auch in der Schwangerschaft verwendet werden dürfen oder nicht. Einfach den Namen eingeben und schauen ob es einen grauen oder grünen Punkt hat. Außerdem stehen direkt Infos dabei. Hat mir jetzt schon viel Googlearbeit und Anrufe beim Arzt erspart.",0,0,0,1,0,0
deu_train_track_a_00876,"In Spanien ist tatsächlich so, dass der Rabatt an der Kasse gegeben wird.",0,0,0,0,0,0
deu_train_track_a_00877,"Ach komm, den namen musstest du nur abschreiben und er war trotzdem falsch",0,1,0,0,0,0
deu_train_track_a_00878,"Behörde, die lieber 3 Schilder aufstellt, anstatt das zu beheben: Dachschaden",1,0,0,0,0,0
deu_train_track_a_00879,"Ich hoffe, bei mir wird es auch so. :D Bin noch ganz am Anfang (6+1) und kann da nicht mitreden. Ich fühl mich einfach nur immer müde und hab Hunger und manchmal Bauchweh/Übelkeit.",0,0,0,0,1,0
deu_train_track_a_00880,"Ich verstehe einfach nicht die Logik dahinter. Du wirst abgelehnt von dem Geschlecht, an dem du interessiert bist, also hasst du dann das Geschlecht? Stehst du dann folglich auf Männer? Wirst du asexuell?  Wenn du in einem Bewerbungsgespräch abgelehnt wirst, hasst du dann die Firma?  Hör mal auf diese gehirnamputierten Youtube Videos von sogenannten ""Alphas"" zu gucken und verstehe, dass keine Frau auf der Welt dir irgendetwas schuldig ist.",1,1,0,0,0,1
deu_train_track_a_00881,Hatte letztens eine leckere Pistaziencréme genauer inspiziert. Zutaten: Pistazien (nicht aus Südtirol). Ja danke für nichts.,1,0,0,0,0,0
deu_train_track_a_00882,Hol dir unterstützung von leuten die sich mit sowas auskennen: wie schlecht das leben deiner frau ist. Es ist kein Grund dich mit so runter zu ziehen und die Punkte die du nennst sich wirklich Sachen die man keiner Person antut. Vorallem der Person mit der man zusammen ist,0,0,0,0,1,0
deu_train_track_a_00883,"Lieber [lordoflotsofocelots]( das war eine wundervolle Kurzgeschichte, die athomosphärisch ganz intensiv geschrieben war. Das hat meinen Tag etwas schöner gemacht. Ich danke dir.",0,0,0,1,0,0
deu_train_track_a_00884,"Vielleicht willst du dich mal nach Hochschulgruppen oder irgendwelchen Interessengruppen umschauen - Lesezirkel oder sonstwas, da redet man zwangsläufig mehr miteinander, als in irgendwelchen Vorlesungen und das gemeinsame Interesse verbindet. Ansonsten: Wenn das Studium selbst super ist, dann gib das nicht auf! Anschluss und Freunde und Wohlfühlen sind alles Dinge, die Zeit brauchen - gerade wenn dein Studiengang nicht so angelegt ist, dass sowas gefördert wird. Mir ging's am Anfang auch (zu) lange so wie dir, aber irgendwann gibt sich das, wirklich.",0,0,0,0,0,0
deu_train_track_a_00885,Was ein Löwe,0,0,0,0,0,1
deu_train_track_a_00886,"Erstmal Gratulation.   Ich bin am Freitag genau ein Jahr nicht raucher. Das nach 45 Jahre Rauchkarriere. Die erste Woche konnte ich kaum schlafen und die ersten 6 Monate waren die Schmachter ein echte Qual. Heute habe ich nur bei bestimmte Situationen ein Blitz Schmachter, aber ansonsten denke ich gar nicht mehr dran.   Man sagt von Nikotin runter zu kommen ist schlimme als der Entzug von Herion. Wie verlief dein Entzug?",0,0,0,1,0,0
deu_train_track_a_00887,Klimakind ! So ein Schwachsinn Als ob diese Generation nicht konsumiert auf Kosten aller 👏👏🤢,1,1,0,0,0,0
deu_train_track_a_00888,Man will die Stadthalle für einen #Bürgerdialog nicht an eine missliebige Partei vermieten.   Was denken die „#Demokraten“ damit bezwecken zu wollen?,1,1,0,0,0,0
deu_train_track_a_00889,"Es wurde indirekt anerkannt, dass Israel Kriegsverbrechen begeht und ihr schreibt sowas!",1,1,0,0,0,0
deu_train_track_a_00890,"Ich bin seit einiger Zeit wieder an dem Punkt, an dem ich mein Borderline kaum in Schach halten kann. Ich will die Gedanken meinem Umfeld nicht antun - niemand hört gerne, dass eine Freundin nur daran denken kann, sich die Arme aufzuschneiden. Vielleicht hat jemand genug Energie, um mein Borderline ""Gelaber"" zu lesen. Wäre cool. Mir geht's auch nicht darum, Lösungen zu finden (immerhin sind's nur die Gedanken, passiert ist seit Jahren nichts mehr). Ich würde mich nur gerne irgendwo ausheulen können.. :I edit: Es hat sich mittlerweile jemand gefunden, danke. :)",0,0,1,1,1,0
deu_train_track_a_00891,"Keine Frage aber; einer meiner entfernten Verwandten hat das hart gesuchtet. Kaum mehr soziale Kontakte, sehr wahrscheinlich Depressionen und hat all sein Geld darein gesteckt. Irgendwann hatte er einen Herzinfarkt und wurde erst nach über einer Woche im Hochsommer gefunden. Verwesung war im vollen Gange.",0,1,0,0,1,0
deu_train_track_a_00892,"Wer gegen Genozid ist, wird abgeschoben? Aber dann müssen wir doch auch die UN nun angehen, die haben nämlich die Zahlen bestätigt.",1,0,0,0,0,0
deu_train_track_a_00893,"Ich hatte das im 2. Trimester tatsächlich auch ziemlich heftig, bin aber auch vor Jahren mal in Behandlung wegen Depressionen gewesen und dachte, das sei vielleicht einfach wieder aufgeflammt.  Hatte große Probleme mich zu irgendwas zu motivieren und war total schnell genervt.  Mittlerweile, 30. Woche, ist es wieder besser und ich ärgere mich lediglich drüber, dass ich schnell aus der Puste bin und deshalb nicht mehr so viel machen kann ^^  Drücke dir die Daumen, dass es dir auch bald wieder besser geht!",0,0,0,1,1,0
deu_train_track_a_00894,Der ganze Krieg ist wahnsinnig,1,1,1,0,1,0
deu_train_track_a_00895,"Wenn Demokraten auf die Straße geh'n, wird's für die Rechten unbequem - und das ist auch gut so!",0,0,0,1,0,0
deu_train_track_a_00896,"Gute Idee, schwache Umsetzung. Dialog geht gerade noch, an der Sprache hast du noch viel zu schaffen. 3 Minus.",0,0,0,0,0,0
deu_train_track_a_00897,"Fährt sie mit dem Auto zur Arbeit? Sei einfach so nett und mach ihr den Kofferraum voll mit den Dingen die weg sollen. Und Schick ihr ggf passende Standorte per WhatsApp. Wenn sie sich darüber aufregt sag du willst sie nur dabei unterstützen das sie dich unterstützt. Die Kleidung würde ich nicht mehr aufsammeln, allenfalls die der Kinder. Sobald sie sich irgendwann dran gewöhnt hat ihre Sachen liegen zu lassen, lässt du vermehrt die der Kinder zusätzlich liegen.",0,0,0,0,0,0
deu_train_track_a_00898,"Du kannst froh sein so einen Freund zu haben der dir sowas anbietet, als ich meinen Freundeskreis langsam bekannt gemacht habe das ich depressionen habe und auch diese Gedankengänge habe, haben sich alle langsam von mir abgewendet und jetzt stehe ich alleine da :(",0,0,0,0,1,0
deu_train_track_a_00899,"Das sind doch Terroristen! Ich kaufe mir zum Selbstschutz direkt einen Pritt-Stift. Braucht man da in Bayern ein polizeiliches Führungszeugnis? Geht das mit dem kleinen Bastelschein? Am liebsten würde ich ja direkt einen Sekundenkleber kaufen, aber ich habe Kinder im Haus.",1,1,0,0,0,0
deu_train_track_a_00900,Meine Herz Blutet für die Kinder in Gaza mein Herz Blutet für die Menschen in Gaza jeder mit Herz und Verstand ist gegen diesen Krieg 😢,0,0,0,0,1,0
deu_train_track_a_00901,"Verfolgt ihr Drogenkonsum ernsthaft, oder ist euch bewusst das niemand wirklich nüchtern in Club will?",0,1,0,0,0,0
deu_train_track_a_00902,"Ihr habt längst über die Hälfte der Geiseln ermordet. Hört auf, kaltblütig Zivilist:innen zu ermorden, statt die Schuld auf andere zu schieben. Die volle Verantwortung liegt bei euch, den Mördern.",1,1,0,0,1,0
deu_train_track_a_00903,"Russland hat schon klar gemacht dass es an der Ukraine nicht aufhören wird und das russische Imperium von 1900 wieder herstellen will. Dazu gehören Finnland, die baltischen Staaten ein Teil von Polen und Moldawien",0,0,1,0,0,0
deu_train_track_a_00904,"Hey, kurzgefasst, ich leide schon länger an Depressionen. Gerade in dieser Woche stecke ich echt in einer Krise. Ich weiß nicht mehr, wo ich mit mir hin soll. Nach einiger Hilfe von meinem Freund habe ich meinen ersten Termin beim Therapeuten Mitte Juni. Mein Hausarzt schließt gleich, da wir Mittwoch haben. Das werde ich nicht mehr schaffen. Gerade kämpfe ich leider sehr doll mit Selbstmordgedanken, da ich mit einigen Dingen einfach überfordert und selbst keine Lösung finde. Dann wäre es endlich vorbei. Gibt es sowas wie die Notaufnahme im Krankenhaus auch für psychische Fälle? Mir fällt Telefonieren leider total schwer, in solchen Fällen ist es eigentlich unmöglich für mich.",0,0,1,0,1,0
deu_train_track_a_00905,Ein Zahnarzt wollte nachmittags ein Date mit mir (Termin war vormittags).,0,0,0,0,0,1
deu_train_track_a_00906,"Ja eben , ist der Staat erst ruiniert lebt es sich Rech ungeniert. Hoch die Tassen solang die Kapelle noch spielt",1,1,1,0,0,0
deu_train_track_a_00907,Ihn direkt darauf ansprechen wird dringend nötig sein. Vor allem willst du ja sicher auch Gewissheit ob es mit der zukünftigen Familie klappt oder nicht. Da ist Kommunikation der Schlüssel.,0,0,0,0,0,0
deu_train_track_a_00908,Die Verursacher sollten zur Rechenschaft gezogen werden ausserdem die Brudervölker rundum haben geld und Platz zu Hauf aber Israel wird wieder angeklagt😢,1,0,0,0,1,0
deu_train_track_a_00909,"Red Flag!  Übrigens, ich bin 25 und fahre trotzdem nächstes Jahr mit meinen Eltern in den Urlaub (und mein Partner kommt nur auf einer Teilstrecke mit, weil er weniger freie Tage hat). Wohne seit einigen Jahren nicht mehr bei meiner Familie und so ist es immer ganz nett mal ein/zwei Wochen mit ihnen zu verbringen.",0,1,0,1,0,0
deu_train_track_a_00910,"Sach ma, warum machst du denn die ganze Hausarbeit? Sie muss ja jetzt nicht deine Hausfrau sein, aber zumindest 50/50 sollte es ja doch sein. Das sie sich da nicht anbietet finde ich auch etwas schwach.  Ich kann zu der Beziehung selber nicht viel sagen, aber mir scheint es gibt ein starkes Ungleichgewicht. Und das geht auf Dauer nicht gut. Habe das öfters bei Freunden erlebt. Wer immer zurückstecken muss, hat irgendwann die Nase voll. Der Punkt scheint befindet da zu sein.",1,0,0,0,0,0
deu_train_track_a_00911,Das sind lächerlich geringe Kosten die einem Menschen die Tage retten können. Also ja.,0,0,0,0,0,0
deu_train_track_a_00912,"Vaterschaftsanerkennung bedeutet nicht gleich Sorgerecht, das ist eine eigenständige Erklärung, wird aber beim gleichen Termin gemacht. Falls das nicht so besprochen ist vielleicht nochmal anrufen, dass das mit vorbereitet wird",0,0,0,0,0,0
deu_train_track_a_00913,"Neulich habe ich angefangen bei einer Bäckerei zu arbeiten und habe mir das Gleiche gedacht. Da kommt schon einiges Essbares am Ende der Schicht zusammen, das man zur Retoure geben muss. Gleichzeitig denke ich mir aber auch: Wenn die Bäckerei einfach nach Ladenschluss die Reste verschenken würde, wie viele Leute würden dann die Sachen noch kaufen? Wie viele Menschen würden dann nicht mehr morgens oder mittags ihre Brötchen kaufen sondern stattdessen sich immer am späten Nachmittag kostenlos Brötchen für den nächsten Morgen holen? Ist ne Zwickmühle, denke ich.",0,0,0,0,0,0
deu_train_track_a_00914,Aus Ihrem Mund ist das eine contradictio ad adjecto.,0,1,0,0,0,0
deu_train_track_a_00915,Oh danke wie süß Bruder wollte eig nixhtmal zurück aber wurde angestiftet,0,0,0,1,0,0
deu_train_track_a_00916,Besteuert vernünftig die Superreichen dann habt ihr auch mehr Geld um die schwächeren zu unterstützen.,1,0,0,0,0,0
deu_train_track_a_00917,Wie streng sind Eure Anforderungen an die Vermittlung eines Tieres?  Als mein Partner und ich auf der Suche nach unserem Hund waren hieß es in einem tierheim um die Ecke dass sie nur an Haushalte mit eigenem Garten und 24/7 Betreuung im Haushalt vermitteln.  Dass wir in einer 100qm-Wohnung 30m vom wald entfernt wohnen und den Hund mit auf die Arbeit hätten nehmen oder anderweitig unterbringen können hat uns zu unzumutbaren Interessenten gemacht.  Haben unseren Schatz dann in einem 150km entfernten Tierheim gefunden.,1,0,0,0,0,0
deu_train_track_a_00918,Dass du so nen geiles Filmcover für so nen Schmutz nutzt bodenlos,1,1,0,0,0,0
deu_train_track_a_00919,Dass Frauen auch Sex wollen ist mit bewusst. Sie wollen nur nicht mit mir Sex!,0,0,0,0,1,0
deu_train_track_a_00920,"Sowohl die Israelis, als auch die Ukrainer, haben Narrenfreiheit. Niemand interessiert es, wieviele sie töten.",1,1,0,0,0,0
deu_train_track_a_00921,"Ich habe ein Schwangerschaftsvitamin ausgesucht, in dem die empfohlene Menge an Omega-3 enthalten ist (steht immer auf der Packung, manchmal als DHA/EPA angegeben). Ich versuche gelegentlich Lachs zu essen, immer durchgegart.",0,0,0,0,0,0
deu_train_track_a_00922,"Wir haben den großen, hohen Kinderwagen von Nuna. Der Modellname ist Demi Grow.   Das Kind sitzt wirklich hoch, es ist einfach zu fahren, und die Sitze sind einfach auszutauschen (die Wanne ersetzt man dann durch den Sportsitz wenn's soweit ist). Es hat einige riesige Tasche unter dem Sitz, wo wir bei einem Einkauf alles deponieren könnten (bzw. konnten, jetzt mag die Kleine sich unten darin reinlegen).   Man kann auch einen zweiten Sitz reinlegen, sodass zwei Kinder damit transportiert werden können.   Ich habe einige andere Kinderwagen von Freunden geschoben und bin dann immer so leicht irritiert, weil es nicht so gut fährt wie unsere.",0,0,0,0,0,0
deu_train_track_a_00923,Mich überrascht das gerade tatsächlich. Ich war gerade im Krankenhaus und da war auf der Intensiv quasi nix los.... Die sagen aktuell sei alles wie außerhalb der Pandemie....  Vielleicht regional so viel bei euch aktuell?,0,0,0,0,0,1
deu_train_track_a_00924,"Herzlichen Glückwunsch und lieben Dank für deinen tollen Bericht, das macht Mut!",0,0,0,1,0,0
deu_train_track_a_00925,"Mitgekriegt, Gespräch zwischen Subunternehmer und Vorgesetztem (die Subunternehmer liefern Ware aus, die wir im Lager stellen.)  ""Die Touren sind einfach zu groß. Wir arbeiten jeden Tag 13 Stunden und kommen immer erst so spät nach Hause..."". ""Dann fang doch einfach früher an."". ""Das ändert doch nichts an der länge der Arbeit."". ""Dann kann ich dir auch nicht helfen."".  Edit: Rechtschreibfehler berichtigt",0,0,0,0,0,0
deu_train_track_a_00926,schwach kein radiant 🌚,0,0,0,0,0,0
deu_train_track_a_00927,"Ich hab eine diagnostizierte grün - grün Schwäche, die nur gelegentlich auftritt. Augenarzt wollte mir das erst nicht glauben. Hat mich dann in eine spezielle Klinik überwiesen.   Die haben mich dann mit einem: ""Das ist aber ungewöhnlich. Das sollte so nicht sein. Kann man Nichts machen."" wieder entlassen.  Danke Medizin.",1,0,0,0,1,0
deu_train_track_a_00928,"Mich langweilt dieses Schangri La der Linken und Rechten: ""Palästina"". Ein einziges Ärgernis. Im Grunde ist das nur ein feiges verstecken hinter der wirklichen Parolo: Wir hassen Israel. Dabei ist das der einzige funktionierende orientalische Staat weit und breit. Für jedes Problem in der Gegend - Gesundheit, Wohlstand ect. gibt es in Jerusalem oder Tel Aviv eine Telefonnummer. Ruf einfach mal an. Mehr Hirn, weniger Hamaz. Übrigens: Seit München 1972 ist der Zug abgefahren. Terror bei Freunden geht gar nicht. Ich bin nachtragend.",1,1,0,0,0,0
deu_train_track_a_00929,"Tee wird nicht empfohlen? Kenn ich so gar nicht. Ich trinke ständig Tee (in Maßen).  Ansonsten finde ich Fertigessen super, wenn sie nicht viel machen darf. Fertigsuppen im Glas, heiße Schokolade oder Muffins die man in einer Tasse machen kann (selber gemacht oder bei DM), selbstgekochtes Essen, Snacks.   Für Kind und Mama: man weiß natürlich nicht, was sie schon haben, aber mir fallen ein - Bilderbücher - Puzzles altersgerecht - Tonie für Tonies Box, falls vorhanden",0,0,0,1,0,1
deu_train_track_a_00930,"Mein Therapeut meinte man könne 2 Jahre nach Ablauf neue Stunden beantragen (wenn ich mich richtig erinnere). Während diesem Zeitraum habe ich 2 Stunden pro Quartal, weiß aber nichts genaues darüber als was das abgerechnet wird oder wie das funktioniert. Ist also nur meine Erfahrung.",0,0,0,0,0,0
deu_train_track_a_00931,Immer in der Schulbücherei ausgeliehen xD. Lehrer in der Lese Stunde hassen diesen Trick😂.,0,0,0,1,0,0
deu_train_track_a_00932,Wow! Das Restaurant hat uns das Essen spendiert. Damit habe ich nicht gerechnet.,0,0,0,1,0,1
deu_train_track_a_00933,"Der Moment ist überhaupt gekommen, wo ich dir in die Fresse haue.",1,0,0,0,0,0
deu_train_track_a_00934,Danke für dein AmA! Es ist spannend zu lesen wie du die Arbeit erlebst.   Glaubst du deine männlichen Kollegen verhalten sich anders wenn eine Frau mit auf der Baustelle ist oder nehmen sie keine gesonderte Rücksicht wenn du dabei bist?,0,0,0,1,0,0
deu_train_track_a_00935,"Ich versuche jeden Tag raus zu gehen.   Mag ehrlich gesagt so regnerisches Wetter, mit angenehmen frischen Wind.   Im Sommer schwitze ich meist zu Tode und leider habe/hatte ich bisher da eh ein Problem mit wegen sozialer Phobie.   Also ja, es hat auf jedenfall Einfluss auf mein Gemüt.",0,0,0,1,1,0
deu_train_track_a_00936,"Das ist so was, da bin ich kurz vorm schwach werden, nach 32 Jahren Vegetarismus.",0,0,0,0,0,0
deu_train_track_a_00937,🤣😂🤣😂  Moin Du Knaller !,0,0,0,1,0,0
deu_train_track_a_00938,Ey ich geh sterben das war mir grad so unangenehm,0,1,0,0,0,0
deu_train_track_a_00939,"Hattest du viel Angst dich zu infizieren? Also, z.b gab es Patienten, die bereits sichtlich erkrankt waren und hofften es wäre nur ein starker Husten? Sind deine Kollegen alle gesund geblieben und welche Schutzausrüstung und Hygienevorschriften habt ihr?  Danke für das AMA, sehr spannend :) und danke für deinen Einsatz natürlich.",0,0,0,0,0,0
deu_train_track_a_00940,"Super, dass es noch geklappt hat! Ich wünsche Ihnen auch ein frohes Fest 😊",0,0,0,1,0,0
deu_train_track_a_00941,"Es ist ist doch längst durch neutrale Quellen der #Hamas unwiderlegbar nachgewiesen, dass bereits 500Mio Palästinenser in Gaza vernichtet wurden. Also ersparen sie uns diese relativierende Kleinrechnung der Opferzahlen!!",1,0,0,0,0,0
deu_train_track_a_00942,"Hi u/Lumgres ich habe gerade nicht genug eigene Kapazität um tiefer auf deinen Post einzugehen und ich habe ihn gelesen und fühle mit dir. Danke für dein dich mitteilen! Wenn du daran Interesse hast, kann ich dir noch einen Link schicken mit Telefonnummern für reden/Unterstützung und kann auch voll verstehen, wenn es zb schon nicht einfach war den Post zu schreiben und eben keine Kraft da ist.",0,0,0,0,1,0
deu_train_track_a_00943,"Ich bin jetzt in der 38. Woche und hab das auch, ich denk seit Mitte des 2. Trimesters. Senkwehen an sich sind das bei mir nicht sondern Übungswehen (Braxton Hicks). Die sollten eigentlich nicht schmerzhaft sein aber ich hab wohl Pech gehabt. Bei mir hat sich bis jetzt noch nichts gesenkt. Vielleicht sind deine produktiver? Mein erstes Kind war auch ein SGA Baby, da hatte ich das überhaupt nicht. Bei mir wirds durch Stress und Bewegung immer schlimmer, laut meiner Ärztin ist das aber normal und kein Grund zur Sorge.",0,0,1,0,0,0
deu_train_track_a_00944,"Ganz ehrlich, ist doch total egal was seine Tante von dir hält. Die wird dafür bezahlt ihren Job zu machen, egal ob nun du, der Papst oder Max Mustermann die Dienstleistung fordert. Wenn Ihr geschieden seid, wirst du von dort doch ohnehin verschwinden also kümmer dich doch nicht drum, was andere von dir halten. Sollen Sie dich eben blöd finden, peinlich oder was auch immer? Ist doch egal.",0,1,0,0,0,0
deu_train_track_a_00945,"Wir sind hier nicht bei 'Wünsch dir was', sondern bei 'So isses' und das gilt auch für den schlechtesten Bundesminister für #Wirtschaft und #Klimaschutz Robert #Habeck  Keinen Bock mehr...was ist denn das für eine Aussage?",1,0,0,0,0,0
deu_train_track_a_00946,"Es gibt keine #Klimaflüchtlinge  Das sind nur #Schlagwörter, die weitere illegale #Migration rechtfertigen sollen!  #Klima #Remigration",1,1,0,0,0,0
deu_train_track_a_00947,"Ich werde mir definitiv keine Biontech Spritze mehr einverleiben, Seht lieber zu, dass ihr euch zur Rechenschaft zieht, mit euren Massen an Impfschäden und Krebserkrankungen die ihr zu (mit hoher Wahrscheinlichkeit) zu verantworten habt!",0,1,1,0,0,0
deu_train_track_a_00948,"hab mal vor fast 2 jahren mit meinem betriebsratsheini gesprochen, weil es war wieder tarifverhandlungszeit und ich wollte gerne weniger arbeiten und da meinte er ja das ist auf lange sicht geplant sowas durchzusetzen, dann kam leider der krieg in der ukraine und meine kollegen wollten leider diese lächerliche inflationsspirale mitmachen, deswegen hab ich nun ein höheres gehalt und genauso wenig freizeit wie vorher. Von geld kann ich mir leider keine freizeit kaufen.",0,0,0,0,1,0
deu_train_track_a_00949,"Dein Schreibstil ist so schön und geht in den Kopf direkt und bleibt da für ne Weile. Danke, und wie ein Vorposter schon schrieb: Du kannst echt gut schreiben. Danke",0,0,0,1,0,0
deu_train_track_a_00950,"Anmerkung: Als Felder wurden die höchstgewählten Kommentare ausgewählt, die a) nur einen Vorschlag beinhalteten und b) nicht doppelt waren.",0,0,0,0,0,0
deu_train_track_a_00951,"Einer der Schlosser in dem Betrieb wo ich gelernt hatte meinte mal auf die Frage warum der immer 30 Minuten zum scheißen weg ist: ""5 Minuten zum Kacken und 25 Minuten bis sich das Arschloch weit genug wieder zusammengezogen hat damit die Hose danach sauber bleibt.""",0,1,0,0,0,0
deu_train_track_a_00952,Dafür benötigt man leider ein eigenes Dach und einen eigenen Stellplatz…,0,0,0,0,1,0
deu_train_track_a_00953,"Ich hatte am Anfang die Elevit Kapseln genommen, im 2. Trimester musste ich davon dann immer kotzen. Meine FA hat mir dann Probepackungen von alternativen mitgegeben, ich bin dann bei Velnatal gelandet.  Vielleicht hat deine FA ja auch Proben? Dann musst du dich nicht durchkaufen.  Mit den Eisenpräparaten: nimmst du die Tabletten oder die Kapseln? Ich habe nur die Kapseln vertragen, von den Tabletten wurde mir auch immer schlecht.",0,1,0,0,0,0
deu_train_track_a_00954,ilo ruft mich an und sagt “digga wir haben voll lange nicht mehr über dich geredet” haha i almost cried,0,0,0,1,0,0
deu_train_track_a_00955,Dings ich find Justin auch lachnummer aber was zum fick hat er bitte hier falsch gemacht,1,1,0,0,0,1
deu_train_track_a_00956,"So entstehen Weltkriege.  Die Ukraine ist weder EU-, noch NATO-Mitglied, also kein Bündnispartner.",0,0,1,0,0,0
deu_train_track_a_00957,Saftlos sind deine Inhalte  jedenfalls schonmal. Gibst  dich hier als alter Mann aus.,1,1,0,0,0,0
deu_train_track_a_00958,"Der Mann wurde vor Gericht zitiert, was trägt 1 denn heutzutage so zu ner Zeugenaussage?",0,0,0,0,0,1
deu_train_track_a_00959,"Wenn es ihm gefallen hat, wirst du ganz sicher bald einen booty-call erhalten. Da bin ich mir an Sicherheit grenzender Wahrscheinlichkeit sicher.",0,0,0,1,0,0
deu_train_track_a_00960,"keinen Tropfen Alk mehr oder keine Hochzeit, es führt immer immer und immer wieder zu Ärger, spreche da, als schuldiger, aus Erfahrung.",0,0,0,0,1,0
deu_train_track_a_00961,Dieser User könnte heute mal in Ruhe Football schauen. Also werde ich um 21 Uhr einschlafen.,0,0,0,0,0,0
deu_train_track_a_00962,"Nimm deine wichtigsten Wertsachen und flieh sobald du kannst zu deiner Familie, so würde ich das machen.  Persönlich würde ich auch auf die 10.000 scheissen, wenn ich von so einem Vieh wegkommen könnte. Spar dir etwas an, rede mit deiner Familie und dann ciao.  ""Wenn er auf den eigenen Beinen stehen kann"" beisst sich mit dem von dir beschriebenen Verhalten, dass er faul ist usw und ich bin mir absolut sicher, dass es niemals besser werden wird. Wenn er mit 31 nichtmal selber aufräumen kann ist Hopfen und Malz verloren.",0,1,1,0,0,0
deu_train_track_a_00963,"Der arme , ist jetzt bestimmt traurig",0,0,0,0,1,0
deu_train_track_a_00964,"Eine Lehrerin ist nachts betrunken auf dem Gang in Unterwäsche rumgelaufen, um sich über den Krach der Schüler zu beschweren.",0,0,0,1,0,1
deu_train_track_a_00965,"Ein Pärchen Senioren, wahrscheinlich ein Ehepaar, beide adrett gekleidet, gehen Arm in Arm Spazieren. Plötzlich sagt der Mann so aus dem Nichts "" ich hab eine Affäre..."". Das Gesicht der Frau entgleist...  War jetzt nicht so mega seltsam, finde es aber bis heute faszinierend wie schnell so ein harmonisches Bild mit einem Satz in Sekunden in etwas so Düsteres und Trauriges verwandelt wurde. Habe noch immer das Gesicht der Frau vor Augen im Moment des Schocks.",0,0,0,0,1,1
deu_train_track_a_00966,Und bald auch erste Klima lockdowns..,1,0,0,0,0,0
deu_train_track_a_00967,"Wie läuft das mit deinem Vater denn ab? Einerseits NPD und rechte Freunde, aber zu Hause weltoffen am viben mit dem schwulen Sohn? Hat er / seine Freunde sich da nie negativ zu geäußert?  Na ja, vielleicht ist es egal, solange biodeutschschwul :D",0,0,0,0,0,1
deu_train_track_a_00968,Die Ukraine stürzt uns alle noch ins verderben,0,0,1,0,0,0
deu_train_track_a_00969,"Also ich kann beides verstehen - ich frage mich, ob eine Fernbeziehung bis zum Ende des Studiums unmöglich ist? Danach kann man ja immernoch zusammen in eine Stadt ziehen? Oder sie zieht nach Corona zu Dir, wenn es wieder mehr Sozialisierungsmöglichkeiten gibt. Ich denke hier fehlt etwas Kontext.",0,0,0,0,0,0
deu_train_track_a_00970,Ich bin stolz auf meine Mitmenschen 👏,0,0,0,1,0,0
deu_train_track_a_00971,"##URL## Klimaheuchlerin #Baerbock ordert extra Flieger. Ein Extra-Flug eines Regierungsjets über 1290 Kilometer, damit die Ministerin drei Stunden früher nach Hause kann? #GrueneDoppelmoral am Limit. #GruenerMist #grueneSekte  #GrueneRausausdenParlamenten",1,1,0,0,0,0
deu_train_track_a_00972,Ich würde dich mit dem gürtel schlagen,1,1,0,0,0,0
deu_train_track_a_00973,"Einige Krankenkassen haben Online-Kurse ( die Tk glaube ich bin mir aber nicht 100%sicher) wenn es keine Möglichkeit vor Ort für ihn gibt. Vielleicht könnt ihr den zusammen schauen? Mein Mann ist Amerikaner und wir fanden diesen englischen Kurs ,wenn auch schon etwas älter, sehr hilfreich. Er ist von einer britischen Hebamme. Mann fand den Kurs sehr hilfreich nicht wegen der Versorgung des Kindes sondern weil er auf den Geburtsablauf vorbereitet wurde und wie er mich unterstützen kann. Er fühlte sich durch den Kurs besser informiert und sicherer.",0,0,0,0,0,0
deu_train_track_a_00974,"Ansichten, Sorgen und Ideen mit mir teilen.  Ich konnte/musste unheimlich viel lernen, aber ich bin nicht alleine. ♥️",0,0,0,1,0,0
deu_train_track_a_00975,Exponentiell schlecht wie bei crazy Ciwo 😤✌️,1,0,0,0,0,0
deu_train_track_a_00976,"Ich habe noch niemanden kennengelernt, der den Klimawandel als nicht existent abtut. Dass der aktuelle Klimawandel von Menschen gemacht ist, das bezweifeln viele. Dass die Zerstörung der Natur und der Umwelt von Menschen gemacht wurde, das ist Fakt. Auch und besonders die Zerstörungen durch die Maßnahmen gegen den Klimawandel!",1,1,0,0,0,0
deu_train_track_a_00977,"Es kann sein das die ersten Wehen noch sehr harmlos sind und du sie als nicht richtiges Signal wahrnimmst. Sobald die Wehen aber stärker werden wirst du es definitiv merken. Auch Anfang und Ende der Wehen fühlen sich ganz anders an als Senkwehen.  Falls du denkst Fruchtwasser läuft aus, kannst du entweder daran riechen oder dir Teststreifen besorgen. Fruchtwasser riecht meist ein wenig nach Ammoniak, also auch ganz anders als Urin.",0,0,0,0,0,0
deu_train_track_a_00978,"Danke für dein AMA.  Du hast also nie sexuelle Gefühle? Gibt also auch keine Selbstbefriedigung?  Woher weißt du, dass nicht evtl. etwas unterbewusstes ""dich dazu macht""?",0,0,0,0,0,1
deu_train_track_a_00979,"Nach einer hässlichen Trennung nach einer Langzeitbeziehung war es bei mir so ähnlich. Von einem Tag auf den anderen war mein gesamter Freundeskreis weg. Es wird ziemlich hart aber wie sagt man ""If you're not invited to a table, build your own table"".",0,0,0,0,1,0
deu_train_track_a_00980,Naja eben eine persönliche Assistenzleistung über die Eingliedierungshilfe. Dafür müsste bei dir eine wesentliche Hilfebedürftigkeit nachgewiesen werden. Oder eben gleich der rechtliche Betreuer. Auch bei diesem kannst du festlegen wofür er zuständig ist und wofür nicht.  Eine niedrigschwelligere Möglichkeit ist vielleicht ein Rezept für Soziotherapie.,0,0,0,0,0,0
deu_train_track_a_00981,"Die Sorge um Ungeimpfte war berechtigt. Heute wissen wir, dass das allgemeine Sterberisiko, das Risiko an Long-Covid zu erkranken und auf rechte und russische Lügenpropaganda reinzufallen für Ungeimpfte erheblich höher war als für Geimpfte. Bhakdi hat Euch Trottel verarscht.",1,1,1,0,0,0
deu_train_track_a_00982,"Wer dem Geld gibt, hat die Kontrolle über sein Leben verloren",1,1,0,0,0,0
deu_train_track_a_00983,"Wirklich teuer finde ich nur wohnen. Egal ob Stadt oder Land. Vor 10-15 Jahren hätten wir uns mit unserem jetzigen Einkommen locker ein Haus kaufen können ohne sich auf Lebzeit zu verschulden, aber jetzt ist es nur lächerlich.",1,0,0,0,0,0
deu_train_track_a_00984,"Demonstrieren die Demonstranten eigentlich gegen das Vorhandensein einer bestimmten demokratisch gewählten Partei, oder demonstrieren sie gegen jegliche Art des Radikalismus? Wissen die Demonstranten das überhaupt, oder wollten sie nur mal an die ""frische Luft"" kommen?",0,1,0,0,0,0
deu_train_track_a_00985,"Wir hatten bei der Auszählung einen Herren von ""die Basis"" zu Besuch, der alles ganz genau beobachtet hat. Als in unserem Wahlbezirk keine Zweitstimme an die Basis ging, meinte er ganz entrüstet, dass das ja nicht sein kann und er genau gesehen hat, wie wir mindestens 12 oder 13 Zettel mit denen hatten. Haben für ihn die Zweitstimmen noch 2x gezählt und wieder keine gefunden ... Das hat unendlich viel Zeit gekostet und wir vermuten, dass er einfach bei der Auszählung der Erststimmen dabei war und danach gar nicht dabei war.  Und dann halt noch Omis mit MaskenFreiAttest, Männer die zusätzlich mit dem Stimmzettel der Frau (ohne Frau) kamen etc",1,1,0,0,0,0
deu_train_track_a_00986,"Rein von der Faktenlage her (nur Sexting, keine emotionale Verbindung) hätte ich mich auch nicht getrennt. Aber maßgeblich wäre für mich, wie mein Partner mit diesem Ausrutscher umgeht. Zeigt er ehrlich Reue oder geht es ihm nur schlecht, weil er erwischt wurde? Kann er reflektieren, warum er so gehandelt hat und überlegt sich Strategien, wie es nie wieder dazu kommt? Macht er proaktiv Vorschläge dazu (Paartherapie, mehr Dates planen, ...) und handelt auch dementsprechend? Sowas wäre mir z. B. wichtig.",0,0,0,0,0,0
deu_train_track_a_00987,"Verstehe den ersten Satz nicht, aber stimme dir beim Rest auf jeden Fall schon mal zu!",0,0,0,0,0,0
deu_train_track_a_00988,Wahnsinn ist es den Krieg aus der Portokasse zu zahlen weil wir es ihnen so leicht möglich gemacht haben Frau Zarenknecht,1,0,0,0,0,0
deu_train_track_a_00989,niemand darf niemanden schlagen - niemals,0,0,0,0,0,0
deu_train_track_a_00990,"Die Frage geht gar nicht, da schwillt mir so derartig der Kamm! Bei mir/uns kam die sogar innerhalb der Familie. Nein, das ist reiner Zufall, dass wir beide, mitte 30, letztes Jahr geheiratet haben und in eine größere Wohnung gezogen sind und jetzt total erstaunlicher Weise schwanger geworden sind (nicht, dass man das alles machen muss, aber HELLO Captain Obvious?) Die waren nicht überrascht oder so, die waren regelrecht SCHOCKIERT!",1,0,0,0,0,1
deu_train_track_a_00991,"AfD: ""Wir stehen für das christliche Abendland!"" Deutsche Kirchen: ""The fuck you are!""",0,1,0,1,0,0
deu_train_track_a_00992,"Der Unterschied zwischen Auschwitz und Gaza:  Die Auschwitz-Häftlinge fürchteten, dass die Welt nicht glauben wird, was dort geschah.  Die Gaza-Häftlinge wissen seit über 76 Jahren, dass ihnen der Westen nicht glaubt.   Daraus erwuchs ihre Stärke. Israel hasst das.",1,1,0,0,1,0
deu_train_track_a_00993,"Sehr gut, so verhält sich ein wahrer und authentischer Staatsmann!",0,0,0,1,0,0
deu_train_track_a_00994,Welche Pandemie denn??🤔Ach so bestimmt die Verarschung 😡,1,1,0,0,0,0
deu_train_track_a_00995,"Es ist immer wieder faszinierend, was für ein Höllentor sich bei X öffnet, wenn man über Putin etwas schreibt. Sollte dies in Kombination mit Tucker Carlson passieren und auch das kritisch ausfallen, sind die Pöbeleien der 🇩🇪-Flaggen-Accounts, „Ich bin Ungeimpft!!!“-Stolzen und extrem männlichen AfD-Anhängern tausendfach hier unterwegs. Die Wut, der Hass und die komplette Verrottung der Sprache sollte uns allen Sorgen machen.",0,1,1,0,1,0
deu_train_track_a_00996,Hast du auch noch ein richtiges Geschenk für sie? Dann könnte es witzig sein.,0,0,0,1,0,0
deu_train_track_a_00997,"[Sexualpartner\*innen über Gerüche auszuwählen ist übrigens so ein Körperding, da alle Menschen einen eigene Geruch haben und je näher verwandt Menschen miteinander sind, desto ähnlich wird dieser Geruch. Das ist ein körpereigner Inzestschutz.]( hab leider keine direkte Quelle dazu, aber dieser Schutz dient der Vielfalt an Immunsystem um irgendwo Nachwuchs zu schaffen mit Menschen die ein anderes Immunsystem haben. Kann aber sein, dass ich hier irgendwo was verdrehe.  zl;ng: fall es dich interesiert: dein Steinzeithirn sagt dir, dass Sarah gut zum Kinder machen ist. Aber nur vom Körper her, nicht wie sie sich verhält.",0,0,0,0,0,0
deu_train_track_a_00998,Wer waren Deine Abnehmer? Ein halbes KG holt ja niemand für den Eigenkonsum.  Und wie zur Hölle verifiziert man ein solches AMA? :D,0,0,0,0,0,1
deu_train_track_a_00999,Die hätt ixh gern für die Prüfung im Mai 🙃 vll isses dann erträglicher,0,0,0,0,0,0
deu_train_track_a_01000,"Das schlimme ist. Unsere Politik hat es geschafft , mehr Angst vor der Ausgrenzung zu haben als vor der Krankheit selbst...",0,1,0,0,0,0
deu_train_track_a_01001,Was würdest du anders machen?,0,0,0,0,0,0
deu_train_track_a_01002,"Kein Ding, ist aber schön länger ;)",0,0,0,1,0,0
deu_train_track_a_01003,Menschen die sich durch die #Impfung geschützt und von #Russland bedroht fühlen...was ist mit denen bloß passiert?,1,1,0,0,0,0
deu_train_track_a_01004,"Ein Mann hat verhindert, dass mir das Handy geklaut wurde.  Ich hatte auf eine S-Bahn gewartet und jmd hat mir schon das Handy aus meiner Jackentasche entwendet bis der Mann mich laut darauf aufmerksam gemacht hat.  Ich bin ihm immer noch so unendlich dankbar, er war wahrlich ein guter Mensch.  Anzeige gegenüber dem Dieb war auch möglich!",0,1,0,1,0,0
deu_train_track_a_01005,"Gratulation an Macron & Scholz für diese Shitshow der letzten Tage! Eine bessere Vorlage für Putin, hätte niemand sonst für seine Rede an die russische Nation vorbereiten können.",1,1,0,0,0,0
deu_train_track_a_01006,"Bin ganz bisschen neidisch - aber mit meiner Aufmerksamkeitsspanne wär es grenzwertig in Alaska Cargoflugzeuge zu fliegen, vielleicht besser, dass ich im Büro sitze :D",0,0,0,0,0,0
deu_train_track_a_01007,"Der Konsum von Cannabis steht ja auch nicht unter Strafe. :D Da muss einer schon nen echt schlechten Tag haben, das er sich deswegen den Papierkram antut.",0,1,0,0,0,0
deu_train_track_a_01008,Wegen der Gier von paar Reichen hatt man vor 30-40 Jahren das Klima schon geleugnet. Was für eine saubere Welt eir heute hätten hätte man damals schon den Mut gezeigt den Reichen auf die Zehen zu steigen. Weiter so!,1,0,0,1,0,0
deu_train_track_a_01009,Hunde pups riecht so schlimm kann sie bitte damit aufhören ich ersticke gleich,0,1,0,0,0,0
deu_train_track_a_01010,"Wie kam es zu deinem ersten Rausch? Konsomierst du noch andere Drogen? Und die letzte Frage, gab es schon Mal Stress mit dem Gesetz (du scheinst ja auch zu dealen)?",0,0,0,0,0,0
deu_train_track_a_01011,"Ich würde dir auch raten dich erst einmal nicht zu melden. Wenn es wirklich nicht anders geht, dann kannst du später immernoch schreiben. Ich habe festgestellt, dass dann aber schnell wieder neue Zweifel aufkommen und die von die beschriebenen Gefühle zunehmen.  Ich wünsche dir, dass du es schaffst Dinge **für** dich zu tun. Das mag dir aktuell total schwer fallen, aber vielleicht kriegst du kleine Schritte hin: Nutze regelmäßig Zahnseide, schau dir ein Video/Film/Serie an, geh Spazieren. Fang mit Dingen an, die du dir am ehesten vorstellen kannst. Es wird wieder bessere Zeiten geben, soviel ist sicher.  Falls dir danach ist, meine DM sind offen. Ich wünsch dir ganz viel Kraft.  Edit: Typo",0,0,0,0,1,0
deu_train_track_a_01012,Sinn ist ein konzept das Menschen entwickelt haben um Verhalten zu erklären. Die Natur und das Universum hat keinen Sinn.,0,0,0,0,0,0
deu_train_track_a_01013,"Wie groß ist das Kraftwerk (kW, Durchfluss, Fallhöhe) Wie viel Arbeit müsst ihr aufwenden, wie viel Ertrag kommt raus?",0,0,0,0,0,0
deu_train_track_a_01014,"Extinction Rebellion hat vor den Klimaklebern regelmäßig andere Proteste ausprobiert, zum Beispiel Privatjets blockieren, keiner hat darüber berichtet. FFF gibt es immer noch, keiner berichtet drüber.  Ich finde die Klimakleber ulkig, Protest ist aber da um Aufmerksamkeit zu generieren und wenn es anders nicht geht ist das eine in sich gedacht logische Aktion um Aufmerksamkeit für diese Themen zu bekommen, da andere Protestformen nicht mehr wahrgenommen werden.",0,0,0,0,0,0
deu_train_track_a_01015,"Mein Eindruck ist, hier in Deutschland herrscht eine merkwürdige Auffassung von Antisemitismus. Kritik an Israel und dessen Politik ist kein Antisemitismus. Auch Israel hat keinen Blancocheck für grenzenlose Gewalt.",1,1,0,0,0,1
deu_train_track_a_01016,"Und dann labert die AfD was von Frieden schaffen ohne Waffen, kann man sich nicht ausdenken.",1,1,0,0,0,0
deu_train_track_a_01017,"Klar. Selektive Wahrnehmung, die die Grenze zwischen Freund und Feind verschwimmen lässt ...",0,1,0,0,1,0
deu_train_track_a_01018,"Ich habe bis zur 36. SSW sowohl ASS 100 genommen als auch Heparin gespritzt. Die haben keinerlei Wechselwirkungen und dürfen/können problemlos kombiniert werden, insbesondere wenn vom Arzt verschrieben bzw. empfohlen. Persönlich würde ich Heparin immer in dem Bauch spritzen, ich finde Oberschenkel signifikant schmerzhafter. Lass dir bitte in der Apotheke genau erklären, wie du die Spritze setzt. Falsch gesetzt tut das weh und kann große blaue Flecke geben. Ob du für den Flug ein Attest brauchst, kann dir die Airline sagen. Normalerweise findest du solche Infoemationen auf der Webseite. Meines Wissens wird das erst ab der 28. SSW benötigt, ich bin aber nie so spät geflogen.",0,0,0,0,0,0
deu_train_track_a_01019,"Das sind zu 90% dropshipper. Dieser ganze schrott der da angeboten wird kommt von aliexpress (in den meisten fällen wurden sogar direkt die bilder mit kopiert). Du kannst dir da sicher sein dass es die ganzen Produkte bei aliexpress für mindestens die Hälfte vom Preis gibt. Ebay ist übrigens auch voll davon. Und da Facebook die sonderschule vom Internet ist und die Werbung da vergleichsweise günstig ist, gibt's da genug Leute die jeden Müll kaufen.",1,1,0,0,0,0
deu_train_track_a_01020,"Ich weiß es ist schwer von seinem ersten Kind getrennt zu sein. Es ist doof alleine im KH zu sein und zu warten.   Aber tu es. Warte mit der Einleitung so lange es geht.  Ich wurde bei meinem zweiten Kind auf drängen der Ärzte eingeleitet und dachte ""so schlimm kanns ja nicht werden"". Doch wurde es. Und noch schlimmer. Es war schrecklich und ich bin gerade dabei das Trauma zu verarbeiten.  Deswegen, solange es dem Kind gut geht warte lieber noch. Entspanne dich so gut es geht, schau irgendeine lustige Serie oder so, Ablenkung hilft meistens sehr gut.  Ich drücke dir die Daumen!",0,1,1,0,1,0
deu_train_track_a_01021,"Hallo Zusammen, Ich überlege ein Hormonstatus machen zulassen. Da es mit dem schwanger werden einfach nicht klappen will. Hat jemand erfahrung damit? Hat es was gebracht? Und wie lange dauert es bis man ergebnisse etc hat. Würde ihn selbst bezahlen da FA meint es sei nicht nötig. Bin für jede Info und Erfahrung dankbar. Danke :)",0,0,0,0,0,0
deu_train_track_a_01022,"Bei Genossenschaften gibt das definitiv einen Bonus, unbedingt sagen!  Bei unserer allerdings würde man zu zweit gar keine 4-Zimmer-Wohnung bekommen. Sie sind da auch sehr streng, erst wenn das Kind geboren ist, zählt es als eine Person mehr im Haushalt. Aber vielleicht ist bei uns (München) der Platzdruck höher als bei euch, oder unsere Genossenschaft wirklich sehr sozial und fair.",0,0,0,0,0,0
deu_train_track_a_01023,"Ich könnt Dir n gutes Stück müde abgeben, aber weiß nicht, ob die Post es rechtzeitig...",0,0,0,0,0,0
deu_train_track_a_01024,"Gemeinsam über Sex reden: Kann nicht schaden.  Aber eine Frage wie ""Warum möchtest Du mit mir schlafen?"" - Wtf was soll man auf sowas antworten?  o ""Warum liegt hier Stroh""  o ""Nüsse sind gesund, jetzt steck sie in den Mund. Die Haselnuss, ..""  o ""Mein Trieb, kann nix dafür..""  o ""Du bist halt hotter als Tabasco baby""  Jetzt mal im Ernst. Wie wäre es mal mit einfach fallen lassen und geniessen? Dass man nicht immer Sex haben kann oder möchte ist klar. Aber etwas Geheimnisvolles sollte man der schönsten Sache namens Sex schon lassen..",0,1,0,0,0,1
deu_train_track_a_01025,Redakteur von tasteatlas an seine Mitarbeiter (allesamt unbezahlte Praktikanten): Einer von euch googelt mal auf die Schnelle 100 Brotsorten und sortiert zufällig daraus eine Rangliste.,0,1,0,0,0,0
deu_train_track_a_01026,"Israel ist von Terrorstaaten umzingelt, da kann man nicht super-demokratisch bleiben.",0,1,0,0,0,0
deu_train_track_a_01027,"Du packst jetzt deine wichtigsten Sachen (Pass, Geld, Zugangsdaten, emotionale Erinnerungsstücke) und schaffst diese Dinge an einen Ort, der sicher ist. Dann packst du deine Sachen und gehst. Schreib ihr genau das, was du oben geschrieben hast: >Ich fühle mich in der Beziehung erdrückt und eingeschränkt > >weil ich sonst fast ausnahmslos verurteilt werde > >Ich kann nicht mehr > >Ich muss hier raus",0,1,1,0,0,0
deu_train_track_a_01028,"Viel lief schief, aber das allermeiste war mit Bedacht und richtig entschieden. Dramen wie in Italien oder den USA blieben aus; vieles blieb uns erspart. Natürlich waren einige Einschnitte hart, besonders für Kinder und im medizinischen Berufen. Dennoch: Gut gemacht.",0,0,0,1,0,0
deu_train_track_a_01029,"Nennen wir mich einfach ""einen Mann mit großer erotischer Nutzfläche"".",0,0,0,1,0,0
deu_train_track_a_01030,Der Sieg sei in Reichweite und eine Frage von Monaten??!?!? Wow also bis alle tot sind inklusive die Geiseln… Mehr als 27.000 Tote aber reicht noch nicht und es geht schon lange nicht mehr um die Befreiung der Geiseln…,1,1,0,0,1,0
deu_train_track_a_01031,"Vielleicht ist dein Schlaf nicht erholsam genug. Du kannst deine Schlafphasen im Schlaflabor überprüfen lassen. Xywav ist ein recht neues Schlafmedikament, dass man dauerhaft nehmen kann. Manche Leute schnarchen und wachen unbewusst mehrmals in der Nacht auf durch Atemnot. Da kann dann ein CPAP oder eine OP helfen.",0,0,0,0,0,0
deu_train_track_a_01032,"hatten wir auch heute, also zu Hause, auf der Arbeit war Strom den ganzen Tag da",0,0,0,0,0,0
deu_train_track_a_01033,"So ist es halt. Deutschland hat die Moral, den Umweltschutz und die Menschenrechte, während Katar, Öl, Gas und Geld hat? Wer wird überleben?",1,1,1,0,0,0
deu_train_track_a_01034,Schön geschrieben. Ich musste allerdings Ouija Board Googlen. Hat mir leider nichts gesagt. Das hat mir dann ein bisschen die Wendung vermiest.,0,0,0,0,1,0
deu_train_track_a_01035,"Wahrscheinlich ging es vielen am Anfang genau gleich. Irgendwann bist du derjenige, der gut zuredet.",0,0,0,0,0,0
deu_train_track_a_01036,Glückwunsch. Bin letztes Jahr nichtmal über die Video-Vorrunde gekommen und mache jetzt eine Ausbildung als Fahrradmechaniker um mir ein Standbein aufzubauen und dann vielleicht irgendwie in die Künstler-Welt zu kommen.,0,0,0,1,0,0
deu_train_track_a_01037,"Habe meist alle Türen zu, sofern ich nicht gerade ständig hin- und herrenne zwischen zwei Räumen beim Aufräumen oder sowas.  Offene Tür beim Schlafzimmer geht gar nicht, da kommen die Monster und Geister rein, wenn das Licht aus ist.",0,0,1,0,0,0
deu_train_track_a_01038,"Welche Krankenhäuser sind den überfüllt, die wurden doch alle bombadiert. Wie viel sollen diese Menschen vorallem die Kinder noch leiden. Wir erleben diese Katastrope/Genozid im 21 Jahrhundert. Unglaublich!!!",1,1,0,0,1,0
deu_train_track_a_01039,das ist sehr wohl eine Beleidigung nur weil das für dich keine sein mag ändert das nix an der Tatsache,1,0,0,0,0,0
deu_train_track_a_01040,"Vor allem meine Generation und auch ich haben diese Welt, so wie sie jetzt ist auf dem Gewissen. Es tut mir so Leid! Ich bewundere euch!",0,0,0,1,1,0
deu_train_track_a_01041,Samstagabend und ich hätte voll Bock an deiner Stange zu tanzen.,0,0,0,1,0,0
deu_train_track_a_01042,"Taliban: Morde, Vergewaltigungen, Zwangsheiraten, systematische Massaker an der Zivilbevölkerung, Menschenhandel, künstliche Hungersnot als Kriegswaffe, Terrorismus, Verschleppungen, Hinrichtungen.  CDU: Ja, genau wie die #LetzteGeneration",1,1,0,0,0,0
deu_train_track_a_01043,"11.827 Anträge auf Anerkennung eines Impfschadens. Ich erinnere mich gut daran wie vehement Impfgegner behaupteten, dass in ihrem Umfeld 5 oder mehr Impfschaden-Patienten wären. Haben etwa die Impfgegner ihrem Umfeld nicht geholfen entsprechende Anträge zu stellen? Im Impfgegner Umfeld gibt's doch so tolle Anwälte und Mediziner. Da wären doch Gutachten und rechtlicher Beistand kein Problem",1,1,0,0,0,0
deu_train_track_a_01044,"Ein ziemlicher Hohn, wenn man bedenkt, dass wir so großen Wert auf unsere visuelle Wahrnehmung legen. Ohne Brille sinkt die Lebensqualität für Menschen mit schlechter Sicht massiv.",1,0,0,0,1,0
deu_train_track_a_01045,"Brownie Update: Superweich, saftig und schokoladig. Etwas mehr Zucker hätte rein können, aber ich sag einfach das war Absicht wegen Gesund und so.",0,0,0,1,0,0
deu_train_track_a_01046,Die sind zu arrogant um zu erkennen dass sie falsch gehandelt haben.,1,1,0,0,0,0
deu_train_track_a_01047,"Die meisten hier können sich selbständig informieren und wissen, das es sicherlich zu Vergewaltigungen kam. Sinn und Zweck des Hamas-Überfalls war das nicht. Was wollen Sie eigentlich? Einen möglichen Genozid relativieren, an dem Sie als Regierungsmitglied beteiligt sein könnten?",1,1,0,0,1,0
deu_train_track_a_01048,Schuhe aus du Hurensohn ist ab jetzt mein Lieblingsschild für ne Haustür,0,0,0,1,0,0
deu_train_track_a_01049,"Ja, ich hatte auch einen Patient, der Covid-Pneumonie hat. Die Lungen sehen hässlich aus. Und wenn gefragt, warum er sich vorher nicht impfen lässt. Er denkt die zukünftigen Konsequenzen sind schlecht. Ich bin normalerweise sehr nett an meinen Patienten und höre einfach zu, aber ich musste ihn fragen was die Konsequenzen seiner vernarbten Lungen sein soll. Wie ein Witz!",1,1,0,0,1,0
deu_train_track_a_01050,"Das tut mir unfassbar leid fúr dich. Aber weißt du was das Gute ist? Du hast es jetzt erfahren und bist noch so schön jung und kannst dein Leben jetzt anders gestalten! Trenn dich von ihm und zieh (wenn du das willst) zurück zu deinen Eltern oder allgemein weg von ihm. Du brauchst ihn nicht. Finanziell kann man alles regeln, Eltern fragen, soziale Hilfe, alles ist da erstmal irgendwie möglich also daran soll es bitte bitte nicht scheitern! Du bist nicht von ihm abhängig. Du hast noch dein ganzes Leben vor dir. Ich wünsche dir nur das Beste!!",0,0,0,1,1,0
deu_train_track_a_01051,"*Nach Kundenfeedback:*  >Grünländer legt jetzt in den Ställen [Kunststoff Rasenteppich]( aus, damit sie auf der Verpackung mit Freilauf-Kühen auf grünen Wiesen werben können.",1,0,0,0,0,0
deu_train_track_a_01052,Danke für dein AMA.  Wenn ich fragen darf: Wie ist es so weit gekommen und was ist der Grund weshalb du jetzt in Therapie bist?,0,0,0,0,0,0
deu_train_track_a_01053,"Grüßt euch, mein Name ist Tim, 23 Jahre alt und ich arbeite als Rettungssanitäter hauptamtlich im Rettungsdienst. c.a. 80% meiner Schichten fahre ich auf dem Rettungswagen (RTW) und die restlichen 20% als Verantwortlicher auf dem Krankentransportwagen (KTW). Ich bin auf eure Fragen gespannt. Werde die nächste Stunde sicher online sein und auch danach werde ich noch Fragen beantworten sollten welche gestellt werden ;) EDIT: Ich bedanke mich recht herzlich für Reddit Gold c: EDIT 2: **112** Upvotes, vielen Dank ;)",0,0,0,0,0,0
deu_train_track_a_01054,Wir grüßen so unsere Kollegen.  Festes Bremsen -> Alle nicken schön mit dem Kopf -> Grüßt den Kollegen -> Kollege erwidert mit leichter Bremsung,0,0,0,1,0,0
deu_train_track_a_01055,"Das die UNRWA schon lange in den Händen der Hamas ist, ist auch schon lange vor dem Gaza Krieg bekannt gewesen.  Nur unsere dumme Regierung hat weiterhin hunderte Millionen dorthin geschickt. 🤡",1,1,0,0,0,0
deu_train_track_a_01056,"Hab mich nicht umorientiert, aber studiert und (aufgrund externer Umstände) nicht abgeschlossen.   Mein Tipp: Es schadet sicher nicht, sich bereits jetzt Gedanken zu einer Umorientierung zu machen, aber: Schließe Dein Studium auf jeden Fall ab.   Zur Not kannst Du darauf zurückgreifen, sofern Du Deine Kenntnisse irgendwie aktuell halten kannst. Und selbst falls nicht -- in Deutschland zumindest zeigt es konservativ eingestellten Leuten immerhin, dass Du in der Lage bist, eine schwierige und langwierige Aufgabe erfolgreich zuende zu bringen.",0,0,0,0,0,0
deu_train_track_a_01057,Rechts ist bürgerlich-konservativ. Also nur links erlaubt in diesem Land?,1,0,0,0,0,0
deu_train_track_a_01058,Als ich den Mann kennenlernte trug Dieser auch S. Dann hab ich ihn auf L gefüttert und jetzt ist er gut bei M eingefüttert.,0,0,0,1,0,0
deu_train_track_a_01059,"Danke für deinen Beitrag.  Bei dem Thema andere Menschen und Beziehungen frag ich mich ja, ob die merken, dass man mit sich selber nicht ganz im Reinen ist. So scheint mir das zumindest. Vielleicht ist was dran an dem Satz, dass man sicher erst selber lieben können muss, bevor einen andere Menschen lieben können.",0,0,0,0,0,0
deu_train_track_a_01060,Der eigene Mann verhindert die Führung klassischer FC,0,0,0,0,0,0
deu_train_track_a_01061,"Wann werden diejenigen, die gegen Waffenlieferungen an die Ukraine zur Selbstverteidigung sind, auch fordern, dass Russland – das Land, das diesen Krieg begonnen hat – keine Waffen oder Waffenteile mehr erhält? Denn ohne Waffenlieferungen an Russland würde dieser Krieg nicht fortbestehen.",1,0,0,0,0,0
deu_train_track_a_01062,"Heuchlerei angesichts der Unterstützung Israels..Alles nur noch purer Wahnsinn überall! Aber wir alle haben nur diese eine Leben, ohne Frieden haben wir alle nichts!",0,1,1,0,1,0
deu_train_track_a_01063,"Es ist für mich überhaupt nicht nachvollziebar, dass ein einigermaßen demokratisch tickender Mensch, nach all den Informationen, die es über die AfD gibt, nicht erkennt, was das für ein übler Verein ist, der Deutschland schadet!",1,1,0,0,0,1
deu_train_track_a_01064,"Hab selbst nen Hund und bin auch Team Stockwerfer. Mal abgesehen davon, dass aktuell Brut- und Setzzeit ist, hat ein Hund, der nicht abrufbar ist, nicht ohne Leine zu laufen.",1,0,0,0,0,0
deu_train_track_a_01065,irgendwann war der jentower mal das höchste haus in germani .... immer immer weiter,0,0,0,0,0,0
deu_train_track_a_01066,"Typiaches Problem in Deutschland, dass man sich immer bezüglich der Schicht falsch einschätzt...😂",0,0,0,1,0,0
deu_train_track_a_01067,"Hallo, ich bin 18 Jahre alt, gehe noch zur Schule und werde gerne eure Fragen beantworten. Leider kann ich euch keine Persönlichen Information geben. Aber sonst könnt ihr mir gerne Löcher in den Bauch fragen.",0,0,0,0,0,0
deu_train_track_a_01068,An alle Ungesunden Lost Veganer! Fleisch und Fisch ist nunmal Qualitativ the Best High Protein für den Körper,1,1,0,0,0,0
deu_train_track_a_01069,"Zuversicht und Hoffnung: Der erste Schritt auf dem Weg zu mehr Optimismus  Hey, es hat mich gestört, dass die Coaching Serie vom Spiegel noch nicht fertig ist, also hab ich die Schritte mit Inhalt gefüllt. Vielleicht hilft es ja irgendwem.  Hoffnung und Zuversicht entwickeln ist oft ein erster Kernmoment, um überhaupt wieder Kraft zu entwickeln gegen eine Depression anzukämpfen. Sicher sind viele Schritte ziemlich schwer umzusetzen, aber ich denke einige Punkte hier können auch spontan hilfreich sein. Vielleicht wirkt es aber auch einfach nur als Inspiration.   scheint ein älterer Artikel sein, der vielleicht als Idee für die Spiegel Coaching Serie gedient hat   poste die Steps in die Kommentare sonst wirds zu lang",0,0,0,1,0,0
deu_train_track_a_01070,"Hab schon im Job mit Kacke zu tun, brauch die Schlumpfkacke von Euch nicht noch drauf.  #AfDsindFaschisten #AfDmachtDumm #AfDVerbotjetzt",1,1,0,0,0,0
deu_train_track_a_01071,"AfD Politiker einfach beliebter, wenn sie im Knast sitzen.",0,1,0,0,0,0
deu_train_track_a_01072,"Interessante Grafik, aber irgendwie passen hier Titel und Grafik nicht zusammen",0,0,0,0,0,0
deu_train_track_a_01073,"Wie viel ""Tagesgeschäft"" läuft bei euch noch ?  Fühlt ihr euch eig. gut genug geschützt? (Ansteckung)  Ihr müsst alle viel mehr Stunden leidten und geht teilweise an euer Limit (erstmal thx <3) Wie geht ihr im Kollegenkreis damit um?",0,0,1,0,0,0
deu_train_track_a_01074,ch hab einfach keine Lust mehr aufzustehen und diesen Mist zu lesen,1,0,0,0,1,0
deu_train_track_a_01075,"Die Schüler können jetzt in den Ferien beweisen, ob's ihnen ums Klima oder ums Schuleschwänzen geht.",1,1,0,0,0,0
deu_train_track_a_01076,"Ich habe Mal bei einer Zeitarbeitsfirma gearbeitet und wurde eingeteilt um Datenvernichtung zu machen. Einer der Stopps war so eine Sammelstelle für tote Wildtiere (also wenn Tiere überfahren werden und von der Straße eingesammelt werden) und die hatten einen.... Tank?! Oder sowas wo die ganzen toten Tiere drinnen gesammelt wurden und vor sich hergeschimmelt sind.  Das hat so unendlich gestunken und überall auf dem Gelände war eine Bräunliche Stinkende Brühe auf dem Boden was im Grunde eine Mischung aus verwesendem Tier, Kot und Blut war.",0,1,0,0,0,0
deu_train_track_a_01077,"Hab richtig Bock auf verliebt sein aber iwie haut das nicht hin, warum seid ihr alle so whack",0,1,0,0,1,0
deu_train_track_a_01078,Hast du schon einen Plan wo es nach dem Studium hingehen soll? Pharma? Krankenhaus? Praxis auf dem Land?,0,0,0,0,0,0
deu_train_track_a_01079,"Sendet Diplomaten, keine Waffen! Mit Waffen erreicht man keinen Frieden.",1,0,1,0,0,0
deu_train_track_a_01080,"Oder vielleicht überhaupt garnicht heiraten? In den extrem religiösen Ländern sind vorallem die Frauen oft so jung. Finde das richtig komisch, wenn sich Leute unter 20 das Ja-Wort geben",0,1,0,0,0,0
deu_train_track_a_01081,"Die Rache der Geimpften (Wenn sie verstanden haben, was da passiert ist) wird grenzenlos sein.",1,0,1,0,0,0
deu_train_track_a_01082,Ich selbst versuche es zum Teil zu vermeiden ist aber oft gar nicht möglich,0,0,0,0,0,0
deu_train_track_a_01083,"Ich habe während der ganzen Kinderwunschphase keinen Alkohol getrunken, ebenso mein Mann, da Alkohol auch die Fruchtbarkeit verringern kann.  Meine Frauenärztin sagte auch, dass man nicht schon vor nem positiven Test darauf verzichten muss, ich habe mich aber deutlich wohler so gefühlt.",0,0,0,1,0,0
deu_train_track_a_01084,"Danke. Stolpersteine putzen ist eine wichtige Geste. Noch viel wichtiger ist es, m.E., folgendes mehr ins Licht zu rücken: Die Gedenkveranstaltung der jüdischen Gemeinde in Dresden heute wurde mit dem Hinweis auf Corona verboten. Im gleichen Atemzug darf PEGIDA heute in Dresden auflaufen inklusive Redebeitrag vom Nazi Kalbitz. Das muss man sich auf der Zunge zergehen lassen...Und anschließend kotzen...Warum kommt hier kein Druck vom Bund?",1,1,0,0,0,0
deu_train_track_a_01085,Donezker Volksrepublik - Beschuss eines belebten Marktes in der Regionalhauptstadt 25 Zivilisten getötet durch die Ukraine - dies meldet Ihr aber nicht - Im Krieg gibt es keine Wahrheit vom ÖRR habe ich auch keine erwartet. Schämt Euch.,1,1,0,0,0,0
deu_train_track_a_01086,"Du hast dein ich verloren und ""zwingst dich nur noch zu leben"" damit du seine Taten verhindern kannst?   Bitte hol dir sofort professionelle Hilfe, sowas übersteigt Empfehlungen bei reddit in meinen Augen deutlich.",0,0,1,0,0,0
deu_train_track_a_01087,"Und, wird Israels Absicht jetzt klarer oder ist das noch „Selbstverteidigung“!? Haben wir noch unsere Scheuklappen aufgesetzt und rattern Sätze wie „seit den schrecklichen Angriffen vom 7. Oktober…“ runter !? Oder wird uns jetzt bewusst, dass wir einen Genozid mitverantworten!?",1,1,0,0,1,0
deu_train_track_a_01088,"Das ist vielleicht eine komische Frage aber ich sehe manchmal auf Schildern, die **über** der Autobahn hängen, Spuren von Graffiti. Auch an Bahnhöfen teilweise an Orten, wo ich mir nicht erklären kann, wie jemand da hinkommt. Kommt da jemand mit ner Leiter an oder wird da geklettert?",0,0,0,0,0,1
deu_train_track_a_01089,"My Brest Friend, auch amerikanisches Stillkissen genannt! Beim ersten Kind hatte ich ein normales, wurstförmiges - das war super zum Schlafen oder Halbschlaflehne auf dem Sofa, aber zum Stillen - naja, da durch die Füllung das Kind langsam von der Brustwarze wegrutscht. My Brest Friend ist eher wie ein steifes Babytablett, das man sich umschnallen kann. Dort liegt das Kind immer auf guter Höhe zur Brustwarze. Ich bin der Überzeugung, dass das die Schmerzen beim Stillen und die wunden Brustwarzen beim zweiten Kind deutlich vermindert hat. Für den Rücken ist es auch besser, da man sich weniger dem nach unten rutschenden Stillkissen hinterherbeugen muss.",0,0,0,1,0,0
deu_train_track_a_01090,"Offensichtlich ist wie Beziehung schon lange vorbei. Und du bist nur zusammen, weil wegen der Kinder. Sie ist nur wegen dir zusammen, weil sie den Luxus nicht mehr missen möchte. Tue dir und deinen Kinder einen Gefallen, beende es. Glaube mir, es ist als Kind auch nicht gut, wenn die Eltern sowas wie ihr habt vorzuleben. Und wer die Kinder bekommt, könnt ihr ja klären (weiß nicht, wer das bestimmen kann). Lebe dein Leben wieder, sei glücklich und sei damit auch ein Vater, wo die Kinder glücklich sind. Kinder merken es, wenn man unglücklich ist",0,1,0,0,1,0
deu_train_track_a_01091,"Der ""my profiles"" trend auf tiktok macht mich fertig ich will heulen ehrlich",0,0,0,0,1,0
deu_train_track_a_01092,"Die Zukunft ist umweltfreundlich, bunt und offen!",0,0,0,1,0,0
deu_train_track_a_01093,Warum landen solche Leute nicht mit Corona im Krankenhaus und müssen dort mal zeigen wer stärker ist! Schade!😏,1,1,0,0,1,0
deu_train_track_a_01094,Der Socialmemer der Tagesschau hat sich offensichtlich beim Postillon kundig gemacht wie die Schwarmintelligenz den Pott freibekommen würde.,0,1,0,0,0,0
deu_train_track_a_01095,ist schon lange auf Stürmers Spuren. Eine Schande für #Deutschland,0,1,0,0,0,0
deu_train_track_a_01096,"Kann mich nur anschließen. Nicht mehr reinlassen, Klingel aus.    Ansonsten wäre es noch eine Idee sich mit ihr an den Tisch zu setzen und zu sagen: ""Brigitte, das mit dem vorbei kommen klappt nicht mehr und wir wollen das so nicht. Die Beziehung zu dir ist uns wichtig. Ab jetzt treffen wir uns jeden Mittwochabend und essen gemeinsam.""    Quasi einen festen Tag ausmachen. Dein Mann kann ja sonst auch mal alleine zu ihr.",0,1,0,0,0,0
deu_train_track_a_01097,"!""Schatz, ich habe Aktien gekauft!:Wie Sie die Angst vor der Börse verlieren und Ihr Geld vermehren """,0,0,0,0,0,0
deu_train_track_a_01098,Du bist gut,0,0,0,1,0,0
deu_train_track_a_01099,Kannst Du bitte erklären was Geocaching genau ist und was Ihr macht? Danke.,0,0,0,0,0,0
deu_train_track_a_01100,"Ich sehe das ähnlich wie die anderen. Ich habe durch mein Hobby ( Fußball ) auch sehr viele männliche Bekannte und Freunde und auch mit Arbeitskollegen harmoniert es meist mehr als mit Arbeitskolleginnen. Ich treffe mich mit denen auch privat, alleine - aber alles in Absprache mit meinem Partner. Solange das für ihn in Ordnung ist, steht dem nichts im Wege. Genauso wie er es mit seiner Freundin klären sollte. Gerade wenn ihr vier auch oft gemeinsame Dinge unternimmt.",0,0,0,0,0,0
deu_train_track_a_01101,Erhältst du Rückmeldung darüber ob tatsächlich eine Strafe verhängt wurde?,0,0,0,0,0,0
deu_train_track_a_01102,"Ja, kenn ich. Habe wegen sowas den Kontakt zu einer Bekannten sogar abgebrochen. Aber Nein heißt nunmal Nein und niemand kann dich zwingen diesen Scheiß mitzumachen. Manchmal muss man die Leute halt auch einfach mal stehen lassen. Überraschungs-Babyparty? Gut, dann gehst du halt direkt wieder.  Wer sowas anderen aufdrängt will sich sowieso nur daran aufgeilen wie toll er selbst ist und interessiert sich nicht für die schwangere oder das Kind!",1,1,0,0,0,0
deu_train_track_a_01103,"5/10 solide, bin meist enttäuscht",0,0,0,0,1,0
deu_train_track_a_01104,Wo sind eigentlich die ganzen Demos gegen Linksextremismus oder religiösen Extremismus ?  Gibt es das nicht? Oder wird das nur jeden Tag aufs Neue totgeschwiegen?  Warum gibt es eigentlich keine Demos gegen JEDE Form von Extremismus ?   Sollte man sich jedesmal fragen.,1,0,0,0,0,1
deu_train_track_a_01105,"ja, und zwar sehr sehr sehr schnell bitte",0,0,1,0,0,0
deu_train_track_a_01106,"Ich war im Februar 2020 in Ischgl. Nach 5 Tagen hatte ich Fieber, Schüttelfrost, Erkältungssymptome und Grippe Effekte. Also war unfassbar schwach konnte mich kaum bewegen. Kurz gesagt mir ging es dreckig. Meine Freundin ebenso, jedoch kein Fieber / Schüttelfrost.  Nehmen wir man an das war Covid 19. Kann ich das noch im Blut bei meinem Hausarzt nachweisen lassen ?   Irgendwie interessiert mich das dann ja doch. Weiß aber nicht ob das jetzt zu spät ist.",0,0,0,0,0,0
deu_train_track_a_01107,"Was hältst du von Bodycams? Ich habe gelesen, dass bei den jetzigen Modellen der Polizist die Bodycam einschaltet und das nur wenn die Stituation irgendwie brenzlig wird und er/sie dann auch den ""Kunden"" darauf hinweisen muß (Datenschutz). Das gibt dann halt leider das Problem, dass sämtliche Videos/Beweise nur vorhanden sind, wenn der Polizist es will. Sollten Bodycams nicht immer im Einsatz laufen und nur aus gutem Grund abgeschaltet sein (Pausen etc.) ?",0,0,0,0,0,0
deu_train_track_a_01108,Sie gehören weggesperrt! Wie abartig böse dieser Tweet dich ist🖕,1,1,0,0,0,0
deu_train_track_a_01109,Eh was für Blut ?,0,0,0,0,0,1
deu_train_track_a_01110,"Imagine: Palästinenser, die seit Tagen am verhungern sind, versuchen an Lebensmittel für ihre Kinder/Babies zu gelangen und werden von IDF erschossen",1,1,0,0,1,0
deu_train_track_a_01111,"Die #Gegenveranstaltung zur #Sicherheitskonferenz findet in #Russland unter dem Motto ""für die #Freiheit der #Nationen"" statt. Vertreter aus über 50 Nationen nehmen Teil. Thema ist, den westlichen #Imperialismus und #Kolonialismus zurückzudrängen. ##URL##",0,0,0,0,0,0
deu_train_track_a_01112,"Scheint ein Account zu sein, der sich ausschließlich auf diesen Witz spezialisiert hat.",0,0,0,0,0,0
deu_train_track_a_01113,frag ob du in-ear Kopfhörer haben darfst wenn ja hol dir welche steck sie ein und mach laute klassische musik an.,0,0,0,0,0,0
deu_train_track_a_01114,"Es wurde nur eine erhöhte Strahlung festgestellt, weil mehr gemessen wurde!",0,0,0,0,0,0
deu_train_track_a_01115,"Ich sollte in meiner Wohnung mal einen Geochach installieren, dann bekommt man wahrscheinlich eventuell endlich mal Besuch.",0,0,0,1,1,0
deu_train_track_a_01116,"Mir gefallen Norah, Mascha und Marla am besten! Vielleicht gefällt euch ja auch Nela? Ist ein bisschen eine Mischung aus eurer Namensliste",0,0,0,1,0,0
deu_train_track_a_01117,"Erpresser formulieren das wie folgt. « Wir töten so lange gezielt unschuldige Zivilisten, Frauen und Kinder, begehen Kriegsverbrechen, bis ihr die Geiseln freigelassen habt. » #Israel #Gaza",1,1,0,0,1,0
deu_train_track_a_01118,"Dazu müsste man wissen, dass in der Schweiz Klage eingereicht worden ist.",0,0,0,0,0,0
deu_train_track_a_01119,Mutmaßlicher Angriff also das war eindeutig. Hat Libanon jetzt auch das Recht auf Selbstverteidigung? Oder ist dAs wAs AnDeReS?,1,0,0,0,0,0
deu_train_track_a_01120,"Reingehen, zählen, rausgehen.  Wenn unter 230, wieder reingehen.  Ab 230 zur Polizei und sich selbst anzeigen, weil man eig. nicht in den Laden durfte.",1,0,0,0,0,0
deu_train_track_a_01121,"Ich pflichte den anderen bei, such dir professionelle Hilfe. Abgesehen davon habe ich mal in einer Doku gesehen, dass Patienten die sich ritzen dadurch geholfen wurde, dass sie statt sich zu ritzen die Wunden mit einem roten Stift 'simulieren' und das dann die Ersatzhandlung ist. Sprich in dem Moment in dem sie die Klinge nehmen möchten zum schneiden nehmen sie dann den roten Stift und machen den Strich auf dem Arm statt einen Schnitt. Ich empfehle aber so oder so den Gang zum Psychiater, mit dem Gedanken musst du dich anfreunden.",0,0,0,0,0,0
deu_train_track_a_01122,"Die Leugnung der Pandemie ist dieselbe Kategorie wie die Leugnung der #Klimakrise: esoterisch & naiv. Es wird uns die Zukunft kosten. Heute schon kostet es Gesellschaft & Wirtschaft Mrd €. Das wird sich aufsummieren, wenn wir vorhandene Maßnahmen nicht ergreifen. #ScienceMatters",1,1,1,0,1,0
deu_train_track_a_01123,Das ist ja ein ekelerregendes Denkel…Sie sind maximal widerlich,0,1,0,0,0,0
deu_train_track_a_01124,Wie kann man sich nur so hart gönnen?,0,0,0,0,0,1
deu_train_track_a_01125,Homeoffice hilft mir z.B ungemein. Sonst sind nette Kollegen auch sehr wichtig,0,0,0,1,0,0
deu_train_track_a_01126,"Der Großvater meines Mannes ist auch krank. Ich weiß gar nicht, ob es Alzheimer ist, aber ich vermute schon, da er sich auch nicht mehr an die Namen seiner Kinder kann, körperlich und geistig sehr abgebaut hat, nicht mehr redet. Weißt du, wie sich dein Großvater in seinen letzten Tagen verhalten hat? Gab es kurz vor dem Tod eine Verhaltensänderung?",0,0,0,0,1,0
deu_train_track_a_01127,Sehr gut,0,0,0,1,0,0
deu_train_track_a_01128,"Dönermann bei uns im Kaff heißt ""Döner & Pizza Evin"". Wir, Stammgäste, Almans. Nennen den guten Mann seit 2 Jahren Evin. Irgendwann letztens Google Translator rausgeholt. Evin heißt einfach Haus.  Ich hab ihn letztens tatsächlich mal drauf angesprochen, er so lachend: ""Macht mir nix aus abi, mein richtiger Name ist eh viel zu kompliziert."" Bester Mann.",0,0,0,1,0,1
deu_train_track_a_01129,"toxic nich, eher dass ich nich so vielen inne TL auf die Nerven gehe 🙈",0,0,0,0,0,0
deu_train_track_a_01130,"nicht corona hat die GEsellscahft gespallten sondern korrupte, gierige REgierungen, hätte man das ganze nicht so derart medial künstlich aufgeblasen, wäre es wahrscheinlich nur einfach ne stärkere Grippewelle gewesen, einen winter lang, so wie es war haben sich viele politiker die taschen voll gestoppft, damit das sie die bevölkerung unterdrücken und ausbluten lassen",1,1,0,0,0,0
deu_train_track_a_01131,"Auf keinen Fall!  Ich befürchte, du hast mich falsch verstanden 😅",0,0,0,0,0,1
deu_train_track_a_01132,"Der Text ging mir gerade richtig durch Mark und Bein.  Danke OP, das war verdammt intensiv zu lesen!",0,0,0,0,1,0
deu_train_track_a_01133,"Danke für deinen Post, OP. Hast du vielleicht Lust, ihn auch auf /r/depression_de/ zu posten? Vielleicht kannst du uns auch ein wenig mehr zu deiner Situation erzählen? :)",0,0,0,1,0,0
deu_train_track_a_01134,du kannst gut mit geld wenn du viel davon hast,0,1,0,0,0,0
deu_train_track_a_01135,"Erinnert mich alles an mich. Vielleicht ist es eine chronische Depression, die ist nicht ganz so schwerwiegend, dafür aber länger vorhanden, was wiederum große Probleme verursachen kann. Ich hab leider keinen wirklichen Rat für dich. Ich gehe immer zu meiner Mutter, wenn ich Termine brauche, und hab sonst nur die Energie Dinge für Andere zu machen. Vielleicht gibt es eine Beratung bei deiner Uni, bei der du grob von deinen Problemen erzählen kannst?",0,0,0,0,1,0
deu_train_track_a_01136,"Ich habe (vor der Schwangerschaft und auch einmal währenddessen) mit Harnwegsinfekten zu kämpfen gehabt, mein ET ist aber erst im Herbst. Bei mir hat der Entbindungsmodus in puncto Blasenentzündungen bisher keine Rolle gespielt. Man hat mir lediglich geraten, im Falle eines Kaiserschnitts rechtzeitig darauf hinzuweisen, damit der Blasenkatheter nicht so lange drin bleibt.  Ansonsten helfen mir Übungen für den Beckenboden.",0,0,0,0,0,0
deu_train_track_a_01137,Seit #Corona glaube ich den Medien weniger als meinem Dreck unter den Fingernägeln. Jeder mit einem bisschen Restverstand sollte sich selber informieren.,1,1,0,0,0,0
deu_train_track_a_01138,schlimm wie diese ganzen Pornschlampen Twitch als Plattform ausnutzen um horny Nerds abzuziehen.,1,1,0,0,0,0
deu_train_track_a_01139,"Danke erstmal für dieses AMA.  Warum sind die Spiele von kleine Indy Developern meist besser, liebevoller gestaltet und machen mehr spaß, als die der großen Firmen?",0,0,0,1,0,0
deu_train_track_a_01140,Die Ukraine braucht weiter Unterstützung. Sowohl militärisch als auch zivil. Die europäischen Länder müssen endlich für Nachschub und eine aufrecht gehaltene Versorgung sorgen.,0,0,0,0,0,0
deu_train_track_a_01141,Vielleicht studiere ich jetzt doch was anständiges! Oder kaufe Apple Aktien und lass das mit dem studieren ganz...,0,0,0,1,0,0
deu_train_track_a_01142,"Die Militärhilfen für die Ukraine sind viel geringer als der Preis, den wir für eine weitere Ausweitung von Putins Neoimperalismus zahlen müssten!",0,1,0,0,0,0
deu_train_track_a_01143,Einfache Wahrheiten:  Wer gegen Krieg ist muss noch lange nicht pro Putin sein.,0,0,0,0,0,0
deu_train_track_a_01144,"Der Automod hat als Kommentar Hilfenummern geschickt, ruf die entsprechende Nummer an und lass dich beraten.   Angst vor Gewalt bei Beenden einer Beziehung ist ein Hinweis auf Gewalt in der Beziehung.   Hol dir Hilfe.",0,0,1,0,0,0
deu_train_track_a_01145,"Ich bin keine Lehrerin, insofern nicht ganz vergleichbar, aber: mein Chef wollte auch, dass ich es dem gesamten Team erzähle und unserem Kunden. Ich habe beides verweigert - geht mMn niemanden was an. Er hat es dann ohne mich zu informieren erzählt und hat jetzt eine Abmahnung, weil ich mich bei Personal- und Rechtsabteilung beschwert habe.   Deine Schwangerschaft fällt unter den besonderen Schutz personenbezogener Daten. Wenn die Chefetage das nicht versteht, gibt es rechtliche Wege ihnen das beizubringen.",1,1,0,0,0,0
deu_train_track_a_01146,"Sie meinen den Krebs, der seit den Biontech-Spritzen wuchert wie irre?",1,1,1,0,0,0
deu_train_track_a_01147,Wie viele bereuen es dann bei der Festnahme? Ich meine damit natürlich wirklich Reue zeigen und nicht nur so,0,0,0,0,0,0
deu_train_track_a_01148,Die Mehrheit der bei einem Autounfall tödlich Verunglückten waren angeschnallt….,0,0,0,0,0,0
deu_train_track_a_01149,"Also normal finde ich das nicht. Wenn mir meine Eltern von den Wintern früher erzählen, lag teilweise wochenlang Schnee.",0,0,0,0,1,0
deu_train_track_a_01150,"Wer heute sagt, es gäbe nur zwei Geschlechter, gilt in Berlin als ""rechtsextrem"". Man kann also ganz entspannt behaupten: Wer heute nicht ""rechts"" ist, hat ziemlich einen in der Waffel.",1,1,0,0,0,0
deu_train_track_a_01151,"Hört sich an, als hätte er eine Episode mit Zwangshandlungen/OCD. Hol du dir Hilfe, wie du damit umgehst, und es wäre gut, wenn er sich diagnostizieren lassen würde.",0,0,1,0,0,0
deu_train_track_a_01152,"I'm Beruf bzw Karriere gibt es NIE den richtigen Zeitpunkt für ein Kind, vor allem nicht als Frau. Lass dich daher davon bitte nicht wegen des Zeitpunktes beeinflussen. Bedenke auch, dass du ganz schnell aber auch sehr schwer schwanger werden könntest. Vielleicht denkst du, es ist ein guter Zeitpunkt und dann dauert es ein Jahr, bis es klappt. Bis dahin ist es dann kein guter Zeitpunkt mehr und dann? Wichtig ist nur, dass du und dein Partner euch sicher und einig sein solltet. Wie du die Wartezeit überbrücken kannst, weiß ich leider auch nicht. Wir waren uns da gemeinsam gleichzeitig sicher, es zu versuchen, daher kann ich dazu leider nichts sagen.",0,0,0,0,1,0
deu_train_track_a_01153,"Vielleicht rechtlich prüfen lassen, ob es für stalking reicht.",0,0,0,0,0,0
deu_train_track_a_01154,Ganz klar für eine Impfpflicht. Anders werden wir das wohl nicht in den Griff bekommen.,0,0,1,0,0,0
deu_train_track_a_01155,"Ich habe den Eindruck, dass die #AfD und ihre Jünger in einem ""Schwurbelhirnschiss"" Paralleluniversum leben. Sie sind auch nicht mehr zu retten, weil sie sich immer weiter von der Realität entfernen. #LAUTGegenRechts",1,1,0,0,0,0
deu_train_track_a_01156,Ich verstehe das nicht. Deutschland müsste diese Zahlungen sofort einstellen. Sonst soll sich kein Politiker nochmal dahin stellen und Solidarität mit Israel heucheln.,1,1,0,0,0,1
deu_train_track_a_01157,Nach der #wiesn reden wir dann über #Corona!!!! Gell?! Wenn alle krank sind.,1,0,0,0,0,0
deu_train_track_a_01158,"Du suchst dir vielleicht einfach die falsche Frau aus für eine Beziehung. Mach deinen Standpunkt von Anfang an klar und dass du nicht bereit bist dein Leben für sie fast aufzugeben. Am besten hältst du nach einer ähnlich aktiven Frau Ausschau, die ebenfalls viel Zeit für Hobbys braucht.",0,0,0,0,0,0
deu_train_track_a_01159,Gut gemacht!  Mach Dir zur Belohnung nen Bier oder ne Brause oder wasauchimmer auf.   Du hast das Richtige gemacht und kannst stolz auf Dich sein!,0,0,0,1,0,0
deu_train_track_a_01160,Deutschland wird lange unter den drastischen Folgen von Long-Ampel leiden.,0,1,1,0,1,0
deu_train_track_a_01161,"Ja man muss einfach nur alles anders machen als in der Vergangenheit, dann wird alles gut. Auch ne Logik.",1,1,0,0,0,0
deu_train_track_a_01162,"Die 12 Jährige kam vorhin sehr traurig nach Hause. Sie wollte morgen mit einem Mädchen aus ihrer Klasse noch zum Mäcces, aber deren Mutter verbietet den Umgang mit meiner Tochter, weil ich sie gegen Covid hab impfen lassen.  Und ich dachte, solche Leute gibt es nicht in echt. 🥲",0,1,0,0,1,0
deu_train_track_a_01163,Wie kontrollierst das? (Ich verlass mich immer voll auf die Devices...),0,0,0,0,0,0
deu_train_track_a_01164,"Hast du vielleicht einige Tipps die wir als Eltern Zuhause mit unserem Kind üben können um die Sprachentwicklung zu fördern?  Wie involviert sind die Eltern generell im täglichen Ablauf ihres Kindes? Stört es dich als Erzieher wenn die Eltern beim Abholen viele fragen über den Tagesablauf haben? Sorry, dass ich soviele Fragen habe.",0,0,0,0,0,0
deu_train_track_a_01165,omg wir sind so gleich  mir gehts auch schrecklich,0,0,0,0,1,0
deu_train_track_a_01166,find das was luna sagt gut,0,0,0,1,0,0
deu_train_track_a_01167,Gesund ohne impfen 😊 Die wo sich impfen lassen sind selber schuld dass das Hirn verbrannt 🙈,0,1,0,1,0,0
deu_train_track_a_01168,"Mir sagte Mal jemand, dass auch von den ""Sie bringen mit"" Anforderungen abseits vielleicht irgendeines Abschlusses (muss nicht Mal der passende haben, vielleicht nur das passende Niveau) keine zwingend wäre. Schön wäre es, wenn jemand 60% hat.   > Es gibt niemanden, der das alles hat. Wir schreiben alles rein, weil wir möglichst viele ansprechen wollen  Die haben halt nicht verstanden, dass sie damit niemanden ansprechen, weil natürlich jeder denkt, dass man mit so vielen nicht erfüllten Anforderungen da nicht arbeiten sollte.   Trotzdem werden die dann eingestellt. Die Papieranforderungen sind nicht, was hinten bei rauskommt.",0,1,0,0,0,0
deu_train_track_a_01169,"Ich hab selber zwei Katzen und ich könnte mir das niemals vorstellen die einfach irgendwo zurück zu lassen. Meine Cousine hat ihre Beiden Katzen damals auch bei einem Exfreund gelassen aber das war wenigstens alles vernünftig besprochen. Ich glaube für die Mietze wäre es natürlich schöner bei dir zu sein, als im Tierheim aber du solltest dich auch nicht nur aus schlechtem Gewissen dazu gezwungen sehen. wünsche euch das ihr euch gut zusammen lebst oder du vielleicht ein schönes zu Hause für sie findest. PS Würde mich auch über ein Bild freuen, wenn ihr euch von dem Schock erholt habt.",0,0,1,0,1,0
deu_train_track_a_01170,Ironischerweise hat der ältere Herr mehr für sein Land geleistet als der braun-uniformierte Affe neben ihm....,1,1,0,0,0,0
deu_train_track_a_01171,"Warum wird im Pimmelgate so vollkommen unverhältnismäßig ermittelt? Wenn ich einen verletzenden Tweet gegen meine Nachbarn absetze, würde die Polizei deshalb niemals meine Wohnung durchsuchen.",1,0,0,0,0,1
deu_train_track_a_01172,"> Dedication > Den Wichsern. Ohne euch und eure feuchte Maimais wäre das ganze hier nicht möglich. Hochwähls bitte zur Linken. Wie kann man sich nur so hart gönnieren. Schreibfehler von OP, nicht von mir.",1,1,0,0,0,0
deu_train_track_a_01173,Martin Luther King Jr und Anne Frank sind im selben Jahr geboren,0,0,0,0,0,0
deu_train_track_a_01174,"Brudi, Sie zockt, mag Memes. Das sind einfach gute Punkte. Das klingt einfach nach ner netten Frau. Und so ein bisschen schüchtern wie du da dran gehst hat das schon einen bestimmen Charme. Du packst das. Nimm was du kriegen kannst und gib nichts wieder zurück.",0,0,0,1,0,0
deu_train_track_a_01175,Russland trollt einfach weiter die ganze Welt. Der nächste Konflikt in Europa wird vorbereitet. Und unser Kanzler eiert weiter nur rum..,1,0,1,0,1,0
deu_train_track_a_01176,Wie traurig und wahr....,0,0,0,0,1,0
deu_train_track_a_01177,"Mit Omicron ist also Corona jetzt so ansteckend wie ich dachte, das es am Anfang der Pandemie wäre, richtig?",0,0,0,0,0,1
deu_train_track_a_01178,Russland raus = Frieden!,1,1,0,0,0,0
deu_train_track_a_01179,Starke Nerven und einen kühlen Kopf!,0,0,0,0,0,0
deu_train_track_a_01180,"Du musst dringend Hilfe für ihn suchen , schnell mit allen Mitteln , es klingt nach einer beginnenden Psychose",0,0,1,0,0,0
deu_train_track_a_01181,"Keine Sorge, du kannst wieder schwanger werden, am besten mit Hilfe von künstlichen Befrüchtung. Wenn alles wieder gut ist, suche eine Kinderwunsch Klinik neben dir. Zwei erste Versuche werden von Krankenkassen übernommen.  Es tut mir sehr leid für dich. Viele andere haben auch ähnliche traurige Erfahrungen machen müssen, viel mehr als du vielleicht denkst. Nimm dir genug Zeit, um das auch wirklich hinter dir zu lassen.",0,0,0,0,1,0
deu_train_track_a_01182,"Tolle Aussicht! Kommt mir irgendwie bekannt vor, kann sein dass ich hier als Kind mal war.",0,0,0,1,0,0
deu_train_track_a_01183,Ist schon geil aber overrated höre mir lieber Kamin oder regengeräusche an aber wir können ja trotzdem heiraten,0,0,0,1,0,0
deu_train_track_a_01184,"Bei uns gibt es eine zentrale Website des Landkreises, wo man seine Daten eingibt und sich freie Hebammen dann melden können. So habe ich meine Hebamme gefunden, obwohl bei uns auch ein ziemlicher Mangel herrscht. Meine Hebamme hat auch gerade erst ihren Abschluss gemacht und hat deswegen noch so viel Verfügbarkeit, vielleicht hatte ich ganz schön Glück...  Vielleicht gibt es so etwas bei euch auch? Ich hab auch gesehen, dass in meiner gyn. Praxis Zettel dafür auslagen.  Wenn du nichts findest, ruf deine Krankenkasse an und bitte um Hilfe. Ich wünsche dir, dass du bald eine Hebamme bekommst!",0,0,0,1,0,0
deu_train_track_a_01185,"Völlig ok, mach dir kein schlechtes Gewissen! Habe eine bisher eine ziemlich unproblematische Schwangerschaft. Trotzdem immer wieder extreme Durchhänger und Müdigkeit. An Bürotagen zwinge ich mich einfach zum Durchhalten und bin abends im Eimer, aber ehrlich gesagt lege ich mich, wenn ich Homeoffice habe, auch öfter mal hin. Wenn man sich, so wie du, Lerninhalte einprägen muss, dann ist das ja noch mal eine Spur schwieriger. Gönn dir die Ruhe.",0,0,0,0,0,0
deu_train_track_a_01186,Habe von meiner damaligen Freundin einen geblasen bekommen. Ihr Kater kommt aufs Bett gehüpft. Schaut kurz zu ihr was sie da macht.... Ratter ratter ratter in seinem Hirn...   Kommt näher zu meinem Schienbein und fängt an es abzulecken/sauberzumachen.   Freundin und ich haben uns totgelacht.,0,0,0,1,0,1
deu_train_track_a_01187,"Ich denke, dass er das auch so checkt, wenn du schreibst dass du es schön fandest und deine Nummer schickst.  Warte halt ab.   Prinzipiell würde ich raten, nicht beim ersten Treffen miteinander zu schlafen.",0,0,0,0,0,0
deu_train_track_a_01188,Kann mich den Tipps nur anschließen.    Halte dich für deine eigene Gesundheit bloß fern von solchen Foren wie Urbia. Das tut einem teilweise wirklich nicht gut dort mitzulesen und hilfreich ist es oft auch nicht.,0,0,1,0,0,0
deu_train_track_a_01189,"Der Job ist doch relativ egal, als ITler wirst du doch gut verdienen. Viel bedenklicher finde ich, dass du keine Freunde hast und 0 likes bekommst.  Lies vielleicht mal ein paar tutorials wie du dein dating Profil attraktiver gestaltest. Und bei den vielen Hobbys würde ich mich an deiner Stelle auf ein paar Hobbys konzentrieren um da Freunde zu finden.",0,0,0,0,0,0
deu_train_track_a_01190,"Israel ist ein dreckland , dass nur frauen und kinder tötet . Schämt euch wie kann man sich freuen über diese Völkermord",1,1,0,0,1,0
deu_train_track_a_01191,"Die Ukraine existiert und Russlands drei Tage Operation zieht sich. Ohne den Westen würde die Ukraine nicht durchstehen und Russland würde an NATO Staaten, zu welchen sie Gebietsansprüche haben, grenzen. Deswegen ist jede Unterstützung wichtig und richtig.",0,0,1,0,0,0
deu_train_track_a_01192,Das schwerste auf'm Heimweg ist nicht abgelenkt zu werden... Von Essen oder Taxen oder Essen... Frauen sind mir egal aber Essen ja,0,0,0,1,0,0
deu_train_track_a_01193,"Dieses Mal fang ich gleich wieder an: ich hätte gerne vorher gewusst, dass es NICHT ""Morgenübelkeit"" ist, wie man immer so sagt. Der Scheiß geht \*den ganzen Tag lang\*! Und ich hatte ja gedacht, dass ich verschont werde, weil meine Mutter nie Übelkeit hatte (und sie hatte Mädchen UND Jungs, weil ja oft als Altweibermärchen erzählt wird, dass einem bei einem Mädchen schlecht ist und bei Jungs nicht so sehr - sagt das mal der armen Toilette, die ich beim ersten Jungen vollgekotzt hab \*lol\*). Leider wird da wohl nix ""vererbt"" :(",0,1,0,0,1,0
deu_train_track_a_01194,"Manchmal fallen mir in synchronisierten Filmen Übersetzungsfehler auf. Ist dir das auch schon aufgefallen und hast es dann korrigieren können?  Manche Sätze lassen sich nicht oder nur sehr schlecht in eine andere Sprache übersetzten. Gab es Momente in denen es dir schwer gefallen ist eine Szene zu synchronisieren, weil du wusstest, dass Vieles in der Synchronisation verloren geht?  Schaust du Filme lieber original oder synchronisiert?",0,0,0,0,0,0
deu_train_track_a_01195,"Die einzige demokratisch-rechtsstaatlich legitime Reaktion auf das IGH-Urteil in Den Haag wäre es, Israel sofort sämtliche Waffenlieferungen zu streichen und jegliche Unterstützung zu entziehen. Ein Staat, der unter Völkermordverdacht steht, hat keinen Anspruch auf Fördermittel!",1,1,0,0,0,0
deu_train_track_a_01196,Zwei Jahre Wahnsinn im Einzelhandel. Ich glaube wir haben alle Massnahmen durchlebt.,1,0,0,0,1,0
deu_train_track_a_01197,"Vor 2 Jahren war ich gegen Waffenlieferungen, inzwischen bin ich für ein Angriff auf den Kreml. Putin ist einfach zu unberechenbar!!",1,1,0,0,0,0
deu_train_track_a_01198,"Ich hab am Freitag mein Leid über die FFP2-Pflicht in Niedersachsen geklagt und dass ich dank meiner psychischen Probleme keine tragen kann.   Einige von euch haben mir die Air Queen von Siegmund Care empfohlen und ich hab sie mir bestellt.   Es funktioniert! Der Atemwiederstand ist wirklich wesentlich besser und ich hab nicht das Gefühl zu ersticken. Hab sie seit zehn Minuten auf und die Angst ist minimal.    Ihr glaubt gar nicht wie erleichtert ich bin. Eeeeendlich kann ich wieder am normalen Leben teilhaben, ich kann in eine Klinik, wenns mir wieder schlechter geht.   Gerade möchte ich die ganze Welt umarmen. Danke euch!!",0,0,0,1,0,0
deu_train_track_a_01199,"VWP hier. Habe sie so ziemlich genau ab 21+0 gespürt, konnte aber die Bewegungen da noch nicht als Kindsbewegungen zuordnen. Sicher war ich erst nach dem Termin der Feindiagnostik, also so ab der 23. SSW.   So richtig ging es aber erst los, als sich die Gebärmutter über den Bauchnabel geweitet hat. Oberhalb des Nabels ist nämlich keine Plazenta mehr und da merkt man dann ALLES ganz genau. Konnte ab dann unterscheiden ob mich da gerade Finger kitzeln oder Füße treten.",0,0,0,0,0,0
deu_train_track_a_01200,Ganz schön egoistisch von den Gäulen xd,0,1,0,1,0,0
deu_train_track_a_01201,"Vielleicht eine dumme Frage, aber: Wie findet man denn immer wieder eine passende Partnerin dafür? Gibt es so viele Frauen, die Bock auf One-Night-Stands haben, siehst du einfach verdammt gut aus und hast Charisma ohne Ende oder bezahlt man dafür?",0,0,0,0,0,1
deu_train_track_a_01202,"Studium ist ein weiter Schritt. Viele kann das stark vordern oder überfordern. Nach Depression klingt das recht wenig. Mehr nach Soziophobie oder etwas ähnlichem. Der Vorteil beim Studium, du bist recht frei in deinen Entscheidungen. Geh kleine Schritte, geh in eine Vorlesung oder Veranstaltung. Werde dir deiner Umgebung bewusst. Solltest du das nicht mehr länger packen, geh einfach raus. Wichtiger Punkt dabei ist dann aber auch, zu sagen was du geschafft hast nicht was schlecht war. Geil ich habe jetzt......... geschafft. Vielleicht wäre auch schön es hier einfach zu Posten. Leute es geht mir so und so aber Heute habe ich das geschafft. Ich glaube etwas postives Feedback würde dich schon verdammt voran bringen",0,0,0,0,0,0
deu_train_track_a_01203,">Glaubt ihr die Beziehung ist vorbei?  Kurz und knapp: ja.  Er scheint keinerlei Interese an dir und deinem Wohlergehen zu haben. Das ist aber in meinen Auge, ich weiß nicht wie du das siehst, ein wichtiger Punkt in einer Beziehung. Interesse am Partner und sich um dein Wohlergehen mit zu kümmern (nicht ausschließlich natürlich).",0,0,0,0,1,0
deu_train_track_a_01204,"Schlimm ,keine Partei außer der AFD kämpft für die Interessen der Deutschen.",1,1,0,0,1,0
deu_train_track_a_01205,"Dass die fucking Handwersksammer auch bei Fotografen die Hand aufhält - und zwar unabhängig davon, wie viel die verdienen. Ich mache das ganze nebenberuflich und habe mit der Fotografie in den letzten 3 Jahren jeweils einen Umsatz von knapp 2.000 - 3.000 Euro gemacht, Jahresgewinn vermutlich irgendwo dreistellig.   Interessiert die HWK kein Stück - die wollen ihre 200 Euro (?) im Jahr haben.  Wegen dieser beschissenen Kammerpflicht bin ich eigentlich permanent kurz davor, alles hinzuschmeißen und einfach schwarz weiterzuarbeiten.",1,1,0,0,1,0
deu_train_track_a_01206,"Ohje, Gewalt - egal von wem sie ausgeht - ist ein No Go und ein Trennungsgrund. An deiner Stelle würde ich das Thema beenden. ABER: deine Freundin scheint eine der etwas gestörten Sorte zu sein, d.h. Möglicherweise wird sie die Trennung nicht akzeptieren und wieder gewaltätig werden, Lügen erzählen oder dich verbal angreifen und dich bei anderen schlecht machen. Da sie sonst so nett und süß ist wird dir keiner glauben. Entschuldige diese Vorverurteilung, aber dein Text lässt es zu sie in diese Kategorie zu stecken. Such dir Zeugen, mache Screenshots von bösen Nachrichten die sie evtl. geschickt hat.",0,1,1,0,0,0
deu_train_track_a_01207,"Hallo Thorsten, hoffe dir geht es trotz alle dem entsprechend gut? Vergiss dich darüber hinaus nicht. Vielleicht gibt es Gruppen für angehöriger von chronisch depressiven in deiner Nähe? Ist für dich auch als Fürsorge und Vorsorge auch ganz gut.  Ich finde einen offen Platz für Tabletten die einsehbar, aber unzugänglich für Kinder sind, auch super.  Rede mit ihr darüber. Ruhig und verständnisvoll bleiben, sie nicht bevormunden. Erzähl mal wie es geklappt hat.  Liebe Grüße",0,0,1,0,1,0
deu_train_track_a_01208,"Hunderte Palästinenser in #Gaza erheben ihre Stimme gegen die #Hamas.   WARUM setzen sich Palästinenser im freien Europa nicht auch lautstark für die Palästinenser in #Gaza ein und protestieren gegen die Hamas, statt immer nur Juden dies und Israel jenes zu schreien?",1,0,0,0,0,0
deu_train_track_a_01209,"Jetzt dürfen alle erwachsenen Unterstützer, insbesondere die Eltern, begeistert in die Hände klatschen: Hurra! Die CO2 - Steuer kommt. 😊",1,0,0,1,0,0
deu_train_track_a_01210,Ich guck jetzt auch endlich mal #JKvsP7 nach🥹,0,0,0,1,0,0
deu_train_track_a_01211,"Hatte mir heute mittag Terra X angesehen. Da ging es um die ganzen Zeiten. Und siehe da, es gab vor Millionen von Jahren den Klimawandel schon. Von kalt auf heiß usw. Sollten sich mal einige anschauen, könnte etwas bilden.",0,1,0,0,0,0
deu_train_track_a_01212,"kannst den uterus gern haben, sein name ist mike und er ist sehr wütend und schlägt gern.",1,0,0,0,0,0
deu_train_track_a_01213,"War positiv überrascht, auch von den Kartoffel/""Wurst""-Salaten. Die Käse-Imitate finde ich auch witzig. Ich werde mir auf jeden Fall das nächste mal etwas ""Wurst""-Salat mitholen.",0,0,0,1,0,1
deu_train_track_a_01214,"Der Antisemitismus ist ja gruselig in den Kommentaren. Nein, Kritik an Israel ist nicht gleich Antisemitismus. Aber eure gewaltverherrlichenden Kommentare schon. Ekelhaft.",1,1,0,0,0,0
deu_train_track_a_01215,"Falls ihr es nicht schon habt: besorg Dir eine Trage fürs Baby, dann kannst Du es auch beim Arbeiten mal ein Stündchen an Dich rankleben. Vielleicht kann sie ja auch abpumpen und Du fütterst das dann per Flasche zu? Sprich mit ihr, wie Du sie entlasten kannst. Einfach mal ein Stündchen spazieren gehen oder alleine in Ruhe aufs Klo wirken schon Wunder.",0,0,0,0,0,0
deu_train_track_a_01216,"Wenn es wirklich eine Sache gibt die ich zutiefst bereue, dann das ich mich habe impfen lassen. Ich habe mir eingeredet, ich würde es für meine Familie und die Freiheiten tun, aber im Endeffekt, bin ich einfach nur eingeknickt. Großen Respekt, an alle die standhaft geblieben sind",0,0,0,0,1,0
deu_train_track_a_01217,„Free Palestine“ ist das neue Heil Hitler.  #Israel #Hamas #Gaza,1,1,0,0,0,0
deu_train_track_a_01218,"Irgendwer hat in unserem Verwaltungsgebäude auf den Klodeckel geschissen. Hätte ich vielleicht an der Autobahn am Rastplatz erwartet, aber nicht im Rathaus.",0,1,0,0,0,1
deu_train_track_a_01219,"Und so wird mit Füßen auf alle getreten und werden alle bespuckt, die sich tagtäglich für den Umwelt- und Naturschutz einsetzen.",1,0,0,0,1,0
deu_train_track_a_01220,"Saucen aller Art gehen gut, ich konnte noch gut Nudeln oder Reis kochen. Auflaufen finde ich auch gut einfrierbar, Grundsätzlich geht alles. Nur Vorsicht mit Tomate, falls du stillen willst. Kenne einige, mir inklusive, deren Babys dann wund wurden.  Ansonsten kannst du ja auch mal gute TK-Kost aus dem Supermarkt probieren. Eine Freundin hat davon gelebt und mir auch massig geschenkt. Aber ich war unerwartet fit im Wochenbett und hab auch kaum meine eingefrorenen Vorräte angepackt. Aber hab sie dann später gegessen und einige waren nachgewürzt echt gut und zumindest laut Inhalt nicht wirklich schlecht.",0,0,0,1,0,1
deu_train_track_a_01221,"Hallo Christian. Wann sehen wir dich und Schlien beim Eurovision Song Contest als Moderatoren?  Ernsthafte Frage: Siehst du es nicht etwas kritisch, dass der Begriff ""Killerspiel"" überhaupt noch verwendet wird. Natürlich setzt sich deine Dokumentation eben damit auseinander, aber alleine schon die Begrifflichkeit setzt doch ein gewisses negativ-denken voraus, oder? :)",0,0,0,0,0,0
deu_train_track_a_01222,Jaaa ich will unbedingt mal wieder sowas lesen aber ich find leider nichts mehr was soo krank is so ein geiler Manga,0,0,0,1,0,0
deu_train_track_a_01223,"Die Palästinenser haben weit über 30.000 Angehörige verloren, darunter über 13.000 Kinder - unter unvorstellbar grausamen Bedingungen ! Es ist IHR eigenes Land, in dem sie seit 1947/48 besetzt, ermordet, vertrieben worden sind - bis heute !!",1,1,0,0,1,0
deu_train_track_a_01224,"Danke für das AMA, sehr interessant! :) Wie viele Nächte im Monat schläfst du im Truck?",0,0,0,1,0,0
deu_train_track_a_01225,"Der IGH bestätigt den Verdacht des Genozids. Warum wird das weggelassen? Das muss in aller Deutlichkeit gesagt werden. Es besteht der Verdacht Genozidaler Handlungen. Und Deutschland unterstützt dieses Land. Mittlerweile über 26000 tote wehrlose Zivilisten. Es wird absichtlich auf Zivilisten geschossen. Aus purem Hass. Das ist Faschismus, das ist apartheid. Das ist Genozid.",1,1,0,0,1,0
deu_train_track_a_01226,">Wir sind gerade in einem extrem tiefen Loch gefangen und wissen nicht, wie wir da wieder raus kommen sollen.  Paar-/Beziehungstherapie?   >Sie sagt, das Leben sei hohl geworden mit mir. Dass wir nie irgend etwas von Wert tun und uns nie miteinander beschäftigen. Ich sehe das nicht so, denn hin und wieder sind wir uns sehr nah und beschäftigen uns miteinander, aber das reicht ihr offenbar nicht.  Irgendwie klingt es so als würdest du damit primär (körperliche) Intimitäten verbinden und sie eventuell etwas völlig anderes (wie gemeinsame Aktivitäten)?  Edit: Ich hoffe ihr könnt euch bald aussprechen und habt keinen schlechten, sondern einen guten Start ins neue Jahr.",0,0,1,0,1,0
deu_train_track_a_01227,Hamas ist nur eure Ausrede um die Palästinenser zu vernichten!,1,0,0,0,0,0
deu_train_track_a_01228,"Ein bisschen relativieren muss man das schon. Die muss erstens nicht auf 30° geheizt werden damit der Schnee schmilzt. Ein paar Stunden bei +10° reichen vermutlich aus um die Einfahrt frei zu bekommen. Mit einem extra Solar-Modul auf dem Dach wäre sowas ja bei so einer steilen Einfahrt gar keine dumme Idee und auch für die Sicherheit sehr vorteilhaft. Ich glaubs zwar nicht, aber auf der anderen Seite könnte noch eins auf dem Dach hängen...",0,0,0,0,0,0
deu_train_track_a_01229,"Also für mich haben zahlen auch Charaktereigenschaften und farben, aber habe das nie als Wahrnehmung empfunden, eher als Assoziation. Wo würdest du die Grenze ziehen? Weil ich denke für die Diagnose Synästhesie muss man das ja schon wahrnehmen oder?   Übrigens ist die 7 definitiv lila und ziemlich gemein, al kind hab ich immer gesagt, dass die 7 eine Zicke ist :D",0,0,0,1,0,0
deu_train_track_a_01230,"Es nicht mehr verkrampft versuchen hat geholfen.  Ich habe ET +11 entbunden und hatte an ET +10 einen Termin zur Einleitung. Am Abend vorher hatte ich mich dann damit abgefunden. ""Dann wird halt eingeleitet, bin ich ok mit.""  Zwei Stunden vor dem Termin ist dann die Fruchtblase geplatzt, hat mir noch etwas Zeit verschafft und letztendlich kamen auch Wehen ohne Einleitung.",0,0,0,0,0,0
deu_train_track_a_01231,Das ist Verrat am deutschen Volk! Woher kommt nur dieser absolute Vernichtungswille dieses unsäglichen #bundeskanzlers? #Friedensverhandlungen jetzt!,1,1,0,0,0,0
deu_train_track_a_01232,"Mein letzter AG hat im Anschluss an die Kündigung meine Papiere zurückgehalten. Es ging um meine letzte Abrechnung usw, zuerst war er Mega kleinlich, ich sollte alles ganz korrekt beantragen und Vorlagen einreichen usw.   Als er dann keine Ausreden mehr hatte hat er einfach meine Nummer blockiert und mich völlig ignoriert.  Daraufhin hab ich dann bei der Gewerkschaft angerufen und nachdem die Rechtsabteilung sich drum gekümmert hat, hat's keine Woche gedauert bis ich die Sachen hatte.",1,0,0,0,0,0
deu_train_track_a_01233,Wir können schon aber helfen wird uns das ganz sicher nicht,0,0,0,0,0,0
deu_train_track_a_01234,Lass mal bitte Mo :( der Mann ist unter Terzic immer stramm gewesen…,0,0,0,0,1,0
deu_train_track_a_01235,Russia gonna Russia. Gezielte Desinformation ist zu einer von Russlands Hauptwaffen geworden und wird schon sehr viel länger auf westliche Staaten gerichtet. Siehe US Wahlkampf 2016.  Man hätte sich also vorbereiten können und müssen.,0,1,0,0,0,0
deu_train_track_a_01236,"Ukraine deckt auf 😂😂😂😂😂 Die mussten was sagen, nicht das man denkt der Staat wäre korrupt und es würde keinen Kampf dagegen geben ☝️  Korrupt bleibt korrupt - auch die, da wird sich auch nichts änder 😆",1,1,0,0,0,0
deu_train_track_a_01237,Ich kann es kaum glauben - ich wurde für ein TV-Interview ausgewählt!,0,0,0,1,0,1
deu_train_track_a_01238,"Hast du es nur fürs Geld gemacht oder hat dir der Job auch Spaß gemacht? Wurde immer auf den Schutz geachtet oder haben es da manche nicht so ernst genommen? Wurden während Corona Drehpausen bei ""Professionellen"" Pornos gemacht oder wurde weiter gedreht? Empfindest du den Sex mit deinem/einem Partner anders oder fällt es dir manchmal schwer nicht in deine Rolle zu schlüpfen?",0,0,0,0,0,0
deu_train_track_a_01239,"Kein Sex, wie sah es allgemein aus, habt ihr euch kaum geküsst, umarmt und gekuschelt?   Falls nicht und der Fakt das sie regelmäßig feiern war, spricht für mich eher das sie wahrscheinlich jemand anderes gefunden hat, wahrscheinlich mittendrin in einer Affäre drin steckt.    Wäre meine erster gedanke. Eine ehe ohne Kommunikation klappt selten gut. Sie möchte nichtmal um eure Ehe kämpfen. Denke sie hat da jemand anderes gefunden.",0,1,0,0,1,0
deu_train_track_a_01240,Bitte nimm dich und deine Bedürfnisse ernst. Stell dich nicht hinten an! Bei uns gibt es Notfall Krisenzentren bei dem man sich melden kann (ist aber in der Schweiz) weiss nicht wie das bei euch ist. Oder melde dich bei einem Sorgentelefon. Die Situation mit den Therapeuten hier ist auch sehr prekär. Alles voll und man wird nur noch abgelehnt.,0,0,1,0,1,0
deu_train_track_a_01241,Haben wir sonst keine anderen Sorgen?,1,0,0,0,0,0
deu_train_track_a_01242,"Ich hoffe, die Regierung hört Ihre und die anderen, hunderttausendfachen Stimmen auf den Straßen und macht endlich etwas gegen Rechts.  LG  LW",0,0,1,0,0,0
deu_train_track_a_01243,"Wieso ist jetzt Putin Schuld,wenn hier der 3.Weltkrieg geplant wird und man sich dabei auch noch abhören lässt...wenigstens wissen jetzt alle Bescheid und denken vielleicht nochmal nach 😅🙃",1,1,0,0,0,1
deu_train_track_a_01244,Vor 100 Jahren ging man auf die Strasse weil man hoffte ein besseres Leben in Deutschland zu bekommen. Heute gehen die 🐑🐑🐑 auf die Strasse um die Regierung zu einem weiter so zu animieren! FELIZ ALEMANHA 🙈🙈🙈,1,1,0,0,0,0
deu_train_track_a_01245,"Danke für den AmA... 4 Jahre sind eine lange Zeit, wie kam es zu deinem Sinneswandel ?",0,0,0,0,0,0
deu_train_track_a_01246,Ab wann fällt so etwas unter den Straftatbestand der Volksverhetzung?,0,0,0,0,0,0
deu_train_track_a_01247,Jetzt mal ohne viel drum herum Gelaber: Ist dein Freund dumm oder so?,1,0,0,0,0,0
deu_train_track_a_01248,"Es macht einfach Hoffnung! Und ich hoffe, dass sich dadurch noch viele weitere Menschen inspirieren lassen aufzustehen!",0,0,0,1,0,0
deu_train_track_a_01249,Der Anblick von Schimmel auf Lebensmitteln lässt mich erschaudern.,0,1,0,0,0,0
deu_train_track_a_01250,Wir wollen das Klima nicht verbessern. Ich will das Menschen noch lange leben.,0,1,0,0,0,0
deu_train_track_a_01251,Netanjahu behandelt sie wie Tiere und wir schauen zu,1,1,0,0,1,0
deu_train_track_a_01252,"Ich verstehe es einfach nicht, dass plötzlich so ne Taurus-Geilheit entsteht bzw schon entstanden ist. Keiner denkt darüber nach, was der Einsatz dieser Waffen für Folgen haben kann.",0,1,1,0,0,1
deu_train_track_a_01253,"Hm, okay, klingt erträglich. Solange nicht ein dauerhafter Kampf ausgetragen wird…",0,0,0,0,0,0
deu_train_track_a_01254,"Es gehört ja mittlerweile zum guten Ton die #AfD in jeglicher Form mit 1933 gleichzusetzen, aber hat man schonmal darüber nachgedacht das die AfD die einzige Partei ist, die für Deeskalation und Diplomatie steht, während alle anderen Parteien ausschließlich den Krieg und das Leid mit immer mehr Waffen anheizen wollen?",1,1,0,0,0,0
deu_train_track_a_01255,"Ich war als Zuschauer bei einem der Specials auf der Burg Drachenfels. Nur dort sind Zuschauer zugelassen. Die Menschen dort im Publikum sind dann größtenteils echte Zuschauer und die die im Hintergrund laufen sind Komparsen, weil bei der Vorstellung der Stücke natürlich alle Zuschauer sich die Verhandlung anschauen wollen. Die Menschen die sonst in der Schlange stehen sind alles Komparsen. Allgemein kann ich es nur empfehlen, die Experten sind alle super nett und man kann sie auf dem Gelände immer treffen und hallo sagen. Der Horst ist eh klasse, hatten ein netten Plausch nebeneinander am Pissoir.",0,0,0,1,0,0
deu_train_track_a_01256,Ich transplantiere meiner Katze Daumen damit sie mich endlich im Schlaf ermordet,0,0,0,1,1,0
deu_train_track_a_01257,"Ich kenne zwei Trans-Personen, die sich allerdings eindeutig ihrem ""neuen"" Geschlecht zugehörig fühlen. Vielleicht gibt es ja Menschen die ich kenne und die sich keinem Geschlecht zugehörig fühlen, aber das Thema ist wohl noch nicht aufgekommen. Noch wichtiger als diese Diskussion finde ich allerdings, dass man einfach mal entspannter mit den Vorurteilen der Geschlechter umgeht, und dass viele Sachen quasi geschlechtsunabhängige Eigenschaften bzw. Vorlieben werden. Ich glaub damit wäre schon vielen sehr geholfen.",0,0,0,0,0,0
deu_train_track_a_01258,"Diesen VS nimmt sowieso niemand mit einem Funken Restverstand noch ernst, hat er sich doch längst als Regierungsschutz entlarvt.",1,1,0,0,0,0
deu_train_track_a_01259,"Weißt du, was ich noch schlimmer finde? Deutsche, die den Massenmord an den Juden im 2. Weltkrieg als Schande etc., bezeichnen, aber gleichzeitig denken, sie hätten dadurch das Recht, die Juden von heute permanent moralisch zu belehren.",1,1,0,0,0,0
deu_train_track_a_01260,Baguette heist einfach Stab  Das Brot heist in Wirklichkeit Baguette de Pain (wird glaube ich anders geschrieben aber ich binn gerade zu faul die umlaute auf meiner Tastatur zu suchen die es braucht),0,0,0,0,0,1
deu_train_track_a_01261,meine existenz interessiert sich immer für die gefühle anderer,0,0,0,0,0,0
deu_train_track_a_01262,Ich wäre jetzt so gerne genau dort. Tolles Bild!,0,0,0,1,0,0
deu_train_track_a_01263,"Dann müsste man auch gegen Köln Fans in Stuttgart ermitteln, kaum auszuhalten, manche haben das Stadion verlassen wegen Pyro.",1,1,0,0,0,0
deu_train_track_a_01264,"Spannend, wenn Putintrolle und AfD- Fans nach Frieden rufen, ist immer besonders der Fakt, dass niemand von diesen Leuten jemals gefordert hat, dass Russland einfach seine Truppen aus der Ukraine abziehen soll. Zufall? Bestimmt! 🤡",1,1,0,0,0,0
deu_train_track_a_01265,nichr schlimm bro,0,0,0,0,0,0
deu_train_track_a_01266,Wow das Schwein,0,1,0,0,0,0
deu_train_track_a_01267,…dass reichlich gesunder Menschenverstand unterm Baum liegen möge…,0,0,0,0,0,0
deu_train_track_a_01268,"Als ich dir letztens helfen wollte, hast du mich am Ende beleidigt. Seitdem hast du wieder 2 Threads hier eröffnet. Da ich selbst an Depression leide, ist es nicht so schön, so behandelt zu werden. Ich sage das nur, weil du weiterhin klagst, aber offenbar keine Hilfe annehmen willst.   Ich sage dasselbe wie letztes Mal: SO hässlich bist du sicher nicht, und *falls* doch, ist das kein Grund, keine Freundschaften zu haben.",0,0,0,0,1,0
deu_train_track_a_01269,Hunderttausende Menschen und vor allem Kinder und Frauen sehenden Auge verhungern zu lassen? Das ist einmalig in der Geschichte 😡,1,1,0,0,1,0
deu_train_track_a_01270,"Ich habe damit angefangen und dann in der Schwangerschaft damit aufgehört - die Cravings und Essensaversionen waren zu stark. Ich habe beispielsweise extremen Ekel vor Fleischersatzprodukten und Soja bekommen. Ich habe vorher zwei Ernährungsberatungen gemacht, Blutbilder und diverse Vitamine genommen, das würde ich dir auch raten. Ansonsten sehr großzügig mit Nahrungsergänzungsmitteln umgehen.  Ich nehme eigentlich in jeder Schwangerschaft bisher extra Calcium, Breitbandschwangerschaftsvitamine, Proteinshakes und extra B12 - denn auch nicht vegan ist meine Ernährung immer noch sehr sehr pflanzenbasiert.   Ein gutes Buch zur Einführung ist ""Vegane Ernährung - Schwangerschaft, Stillzeit und Beikost"" von Keller und Gätjen (hat mir meine Ernährunfsberaterin empfohlen).",0,1,0,0,0,0
deu_train_track_a_01271,"Es kommt dir nicht nur wahnsinnig übergriffig vor, es IST wahnsinnig übergriffig. Himmel, sie war an euren Schränken, und zwar an denen, wo man Kondome und Vibratoren lagert, und das ist ihr nichtmal peinlich!   Wenn sie jetzt gemeckert hätte über staubige Heizkörper und dreckige Fenster - OK, unhöflich, aber egal.   Aber eure persönlichen Sachen in geschlossenen Schränken gehen sie nichts an.   Bitte brüllt sie so an, wie sie es verdient, nehmt den Schlüssel weg und erklärt dass ihr mit solchen Leuten nicht unterm Weihnachtsbaum sitzen wollt. Das erfordert eine sehr große Entschuldigung, und echte Einsicht, bevor man sich da wieder annähern könnte.",1,1,0,0,0,0
deu_train_track_a_01272,"Ich denke es wäre wichtig dir selbst klar zu werden ob du diese Beziehung wirklich nicht mehr weiterführen möchtest, oder ob du sie vielleicht lieber in getrennten Wohnungen weiterführen willst.   Vielleicht wäre es ja eine Lösung das einer von euch ausszieht, ihr aber beide in Berlin bleibt und es dann so erstmal versucht. Das wird natürlich auch kein angenehmes Gespräch und es besteht definitiv die Chance das sie dann schluss macht. Aber wenn es so für dich nicht weiter geht wäre es ja eine Alternative.  Wenn du natürlich ganz klar sagst, du willst die Beziehung nicht mehr, unabhängig von der Wohnsituation, dann musst du es wohl hinter dich bringen.",0,0,1,0,1,0
deu_train_track_a_01273,"Mittlerweile weiß man, dass mindestens 200.000 Mio Menschen durch die #Corona Maßnahmen dem Hunger anheim gefallen sind. Länder in denen die Menschen von Tagelöhnerei leben sind verhungern. Und ihr rechtfertigt diesen Unsinn immer noch. Was stimmt nicht mit euch?",1,1,0,0,1,0
deu_train_track_a_01274,38000 Essensportionen für mehr als 1 Million hungernde Zivilisten ? Eine Alibiaktion. Gleichzeitig werden wie viele Bomben geliefert?,1,1,0,0,1,0
deu_train_track_a_01275,"Vor allem ehemalige und aktive Finanzminister haben verdient, in den sofortigen Ruhestand geschickt zu werden.",1,1,0,0,0,0
deu_train_track_a_01276,Woher nehmen Leute diese Motivation so übertrieben geiles Frühstück zu machen lak ich esse das erstbeste was mir entgegen kommt wegen Hunger,0,0,0,0,0,1
deu_train_track_a_01277,"Der Klimawandel ist ein völlig normaler Prozess, den der Mensch nicht beeinflussen kann. Change my Mind",0,0,0,0,0,0
deu_train_track_a_01278,"Meins ist: über Themen ausführlich recherieren, einen halben Collegeblock mit den Informationen in Schönschrift füllen und dann darüber eine Powerpoint-Präsentation erstellen, nur um diese dann niemals auch nur einer einzigen Menschenseele zu zeigen.",0,0,0,0,1,0
deu_train_track_a_01279,wodurch die Sanktionen zur Farce werden)...  Fragen über Fragen und die Politik hat keine Antworten. Null.,1,0,0,0,1,0
deu_train_track_a_01280,Unsere Putin-Freunde genießen in Europa Freiheit und Demokratie während sie sowas unterstützen.,1,1,0,0,0,0
deu_train_track_a_01281,"Mit meinem Sohn hab ich zwei oder drei Tage nach Fälligkeit der Periode getestet, da war er direkt dick positiv.  Bei meiner Tochter hab ich +6/+7 nach ES getestet, allerdings dachte ich, dass ich da meine Regel bekommen sollte. War so hauchdünn positiv, dass mein Partner ein paar Stunden später damit um die Ecke kam und meinte, der ist doch positiv. Hatte damals noch gestillt und einen entsprechend unregelmäßigen Zyklus, den ES hat dann der Frauenarzt anhand der Entwicklung grob eingeschätzt.  Wenn du einen regelmäßigen Zyklus hast, sollte er selbst jetzt bei einer Verschiebung des Eisprungs von ein paar Tagen jetzt auch langsam positiv sein. Viel Glück!",0,0,0,0,0,0
deu_train_track_a_01282,Und was ist jetzt so schlimm daran? Schweißer sind gesuchte Leute die gut bezahlt werden.,0,0,0,0,0,1
deu_train_track_a_01283,Ist es das nicht immer? Oder jedenfalls habe ich es immer mit gegessen... °-°,0,0,0,0,0,1
deu_train_track_a_01284,"Habe eine 5 Stellige Summe in Equpment investiert um auf einem Balkon einer Großstadt ""in die Sterne zu schauen"" und damit einen Kindheitstraum von mir zu erfüllen.  Astronomie hat nichts mit Sternzeichen zu tun. Das eine ist Wissenschaft, das andere wie Globoli.  & meiner Lieblinsbilder: [ Danke schon Mal für die vielen interessanten Fragen. Ich muss jetzt für ein paar Stunden weg, mache aber am Abend weiter mit beantworten.  Edit2: Wow, mit solch einer großen Resonanz hätte ich nicht gerechnet. Vielen Dank für die tollen und interresanten Fragen! Ich schaue Montag abend nochmal rein, falls jemand noch etwas fragen möchte :)",0,0,0,1,0,0
deu_train_track_a_01285,"Das könnte eine neue Version von Tales from the Crypt sein. ;)  Danke fürs Teilen, wir bleiben gespannt!",0,0,0,1,0,0
deu_train_track_a_01286,"Sowas ähnliches habe ich letzte Woche erlebt, aber ich kann es nicht so gut beschreiben wie du. Das war sehr schön zu lesen",0,0,0,1,0,0
deu_train_track_a_01287,"Was denkt ihr kann man in den Schulen tun, um Menschen Medienkompetenz beizubringen, damit diese zumindest nicht auf die ganz offensichtlichen Fakes reinfallen?",0,0,0,0,0,0
deu_train_track_a_01288,"Huhu schön das du hier schreibst. Mir selbst geht es auch oft so. Da muss man sich total zwingen was zu tun. Das Gute ist nach einen runter kommt wieder ein hoch - also das wird schon.  Manchen hilft es auch sich eine Art Zeitlimit zu setzen, 2 Tage und dann geht's weiter. Liebe Grüße und viel Energie sende ich dir :) (:",0,0,0,1,0,0
deu_train_track_a_01289,"Die meiste Software wird nicht so regelmäßig aktualisiert, wie eigentlich notwendig. Da sind teilweise so heftige Sicherheitslücken drin. Es ist ein Wunder, dass es vergleichsweise selten so große leaks oder cyberangriffe gibt.",0,0,1,0,0,0
deu_train_track_a_01290,Jahrelange Unterdrückung des Palästinensischen Volkes im eigenen Land ist der ausschlaggebende Punkt.  Berichtet auch mal über die toten Kleinkinder in Gaza #doppelmoral,1,1,0,0,0,0
deu_train_track_a_01291,"Gibt es überhaupt noch Geiseln, die befreit werden können? Oder hat Israel sie alle zerbombt und getötet?",0,1,0,0,1,0
deu_train_track_a_01292,"Lieber weiter rumballern, nicht wahr?  Naja, Ihre Flaggen im Profil sagen ja schon alles. 🙄",0,1,0,0,0,0
deu_train_track_a_01293,"Unglaublich! Es ist ja nicht so, dass es nicht schon vorher schlimm war. Aber seit Putin Tucker Carlson dieses Interview gegeben hat, haben westliche Medien und Politiker nur mehr Schnappatmung. Am liebsten würden die Redakteure des Staatsfernsehen Putin persönlich den Krieg erklären.🙈🙈🙈",0,1,0,0,0,0
deu_train_track_a_01294,Als jemand der bei einem Bestattungsinstitut gearbeitet hat kann ich dir sagen das dies eines der normalsten Sachen ist. Der Tod gehört zum Leben dazu. Ich habe sehr viele Eltern mit ihrem Baby auf Beerdigungen gesehen und dies hat niemanden gestört.,0,0,0,0,0,0
deu_train_track_a_01295,"Wenn man ins Schwimmbad geht, muss man logischerweise in eine Umkleidekabine gehen, um sich umzuziehen. ""Familienumkleidekabinen"" sagen mir jetzt ehrlich gesagt nichts, sondern nur Gruppenumkleidekabinen. Ist aber auch völlig egal, ich sehe das Problem nicht, oder ich hab die Fragestellung nicht verstanden.",0,0,0,0,0,0
deu_train_track_a_01296,"Eine Besprechung über konkrete militärische Alternativen für einen Angriff auf die Krim- Brücke mit Taurus durch hochrangige deutsche Bundeswehrangehörige, das ist die Brisanz, nicht das Abhören allein. Ein Angriff auf ein Land, mit dem wir nicht im Krieg sind. Aber was kann man von Grünen- Politikern schon erwarten. Die Brücke ist übrigens zivile Infrastruktur. Dort fahren PKW und auch Züge . Taurus darf nicht geliefert werden, das ist jetzt eindeutig, ergibt sich aus dem Gesagten, aus allen erwogenen Alternativen, das ist eine Kriegsbeteiligung.",1,1,1,0,0,0
deu_train_track_a_01297,"Also erstens würde ich mir definitiv mehr wünschen weil ich dieses setting wahrlich vergöttere. Ich, als der lovecraft und Horror Fan der ich bin, liebe das Fischerdorf setting so unnormal sehr das ist unglaublich und du hast es mit diesen zwei Kapiteln in einer brillianz umgesetzt welche mich zutiefst erstaunte. Danke das ich ein solches Werk lesen durfte und ich bin ehrlich höchst gespannt wie diese Geschichte nun weiter geht.",0,0,0,1,0,0
deu_train_track_a_01298,"Soll Deutschland wirklich das letzte europäische Land, dass irgendwelche Konsequenzen zieht? Nur wir blamieren uns noch zusammen mit den USA und UK.",1,1,0,0,0,0
deu_train_track_a_01299,"Super, danke für die schnelle  Antwort ! 👍",0,0,0,1,0,0
deu_train_track_a_01300,"Alle meine Follower, die in der Küsrenregion leben:Stay save. Ich drücke euch die Daumen, dass alles gut verläuft  #Zeynep #Sturm",0,0,1,0,0,0
deu_train_track_a_01301,"Nur die Ukrainer haben das recht über eine diplomatische Lösung zu entscheiden und zu verhandeln, sie zahlen den Preis und sie sind als einzige berechtigt den Wert Ihrer Freiheit beziffern zu können. Als Partner können wir nur so viel Hilfe wie möglich leisten, dankt jeder Autokrat sieht wie wehrhaft eine liberale Demokratie sein kann!",1,0,0,0,0,0
deu_train_track_a_01302,"Wir sollten uns schäme, dass wir es zulassen, dass als Vergeltung auf einen bestialischen Angriff der Hamas ein ganzer Landstrich dem Erdboden gleichgemacht wird. Mit Mittlerweile 30.000 Toten und jeder Funke an Versöhnung immer unmöglicher wird. Das kleingeistige Denken der Haubitzenfreunde gewinnt leider immer mehr an Oberhand. Wenigstens kennt unser Bundeskanzler noch Grenzen. Sonst müssten wir wahrscheinlich unsere Kinder schon bald in den Krieg schicken.",1,1,1,0,1,0
deu_train_track_a_01303,Wieso steht Israel über alle internationalen Gesetze?,1,0,0,0,0,1
deu_train_track_a_01304,"Meiner Erfahrung nach lässt sich sowas nur sehr bedingt ändern. Du stehst auf dominante Männer, er ist nicht dominant. Vielleicht fehlt ihm die Kreativität, die Imagination oder es entspricht einfach nicht seiner Persönlichkeit.  Man macht oft den Fehler zu glauben, dass alle eine ähnliche Art von Sex mögen müssten oder auf diese oder jene Sachen stehen. Zwischen manchen Leuten liegen Welten und er ist auch nicht auf dem Weg zu deiner sexuellen Normalität. Er ist in seiner angekommen.",0,0,0,0,1,0
deu_train_track_a_01305,"Wahnsinn 😳 Ich kann mich noch erinnern, als ein Herr Dirk Müller genau das, vor über einem Jahr vorausgesagt hat !",0,0,0,0,0,1
deu_train_track_a_01306,Mit dem Bild habe ich vor 4 Monaten 3k gesammelt. Viel Glück dir! Guter Geschmack bei der Bildauswahl.,0,0,0,1,0,0
deu_train_track_a_01307,Eine berechtigte Reaktion auf das Massaker letztes Jahr - Verteidigung.,0,1,0,0,0,0
deu_train_track_a_01308,"Wir behandeln nun einen Satzungsänderungsantrag, dass die JA einen festen Platz im Landesvorstand erhält. #LPT #AfD #Stuttgart",0,0,0,0,0,0
deu_train_track_a_01309,Würde Kreuzfahrten einfach verbieten und das mein ich völlig ernst,1,1,0,0,0,0
deu_train_track_a_01310,Damit ist die Kirche offiziell für die AfD linksgrünversifft,0,1,0,0,0,0
deu_train_track_a_01311,"Hatte auch Mal so eine ""Beziehung"".  Mein Highlight: Ich hatte meine erste Stelle nach dem Studium angetreten und war Abends immer richtig am Arsch und wollte mal 10 min für mich, um auf der Couch zu gammeln und mir irgendwelche Scheiße auf YouTube zur Gehirnaufweichung anzusehen. Ihr Argument dagegen: Habe Mal in den Semesterferien gekellnert, 10h am Tag. Da war ich nie so müde, jetzt stell dich nicht so an. Joa als die Dame dann Mal ihr erstes Praktikum gemacht hatte, konnte sie es nachvollziehen. Hat sich aber nie entschuldigt oder so. Naja bin froh aus der Beziehung zu sein. Dir alles gute, vielleicht hilft ne Paartherapie?!",0,1,0,0,0,0
deu_train_track_a_01312,"Das tiefe Problem liegt an deinem Einstellung im Kopf.   Wenn dein Hirn eine Frau sofort zwischen 'hereitbar' oder nicht entscheidet, obwohl unterbewusst, bedeutet dass du im Kopf schon die Absicht und immer hast jemanden neu zu finden und daten.   Warst du von deiner letzten Beziehung emotional abhängig? Du suchst vielleicht nach einem Ersatz.  Das musst du selbst dran arbeiten.",0,0,0,0,0,0
deu_train_track_a_01313,Auf so einem Pedalfahrdings habe ich mir Anfang der 90er als kleiner Bub im Kindergarten einen Milchzahn ausgeschlagen... Der Anblick lässt mich erschaudern,0,0,1,0,0,0
deu_train_track_a_01314,"Ein Schritt vor, zwei zurück. Habe mich nach Jahren(!) endlich meiner Schulden angenommen, damit dass endlich von meiner Seele kommt. Dafür ist mir dann gestern ein Zahn halb weggebrochen. Ich weiß nicht ob ich es schaffe zum Zahnarzt zu gehen, aber es ist ein Zahn der beim Lächeln sichtbar ist. Bemitleide und hasse mich grade selber, halte mich dadurch ab andere wichtige Dinge zu erledigen.",1,0,1,0,1,0
deu_train_track_a_01315,"Ich hab das Gefühl ich müsste es sehen.  Wobei keiner will, das ich Blut sehe.",0,0,1,0,0,0
deu_train_track_a_01316,das kenne ich zu gut 🙄,0,1,0,0,0,0
deu_train_track_a_01317,"So langsam erkennt man auch die Taube in ihm. ""Damals"", als er noch ein kleines Küken war, hätte ich nicht erraten um was für ein Vogel es sich handelt.",0,0,0,0,0,1
deu_train_track_a_01318,"Erstmal wünsche ich dir alles Gute und, dass die Symptome bald nachlassen.  So weit ich weiß, sollen Gynäkologen keine Beschäftigungsverbote ausstellen. Meine Frauenärztin meinte auch, wenn sie dürfte, würde sie eigentlich jede Schwangere ins BV schicken.  Warst du schon bei einem Betriebsarzt deswegen?  Mein AG hat mit zu dem für unsere Region geschickt um auf der sicheren Seite zu sein. Dieser hat mich direkt ins BV geschickt.  Habe aber auch schon leider mitgekriegt, dass es da strengere und nicht so strenge gibt..",0,0,0,0,1,0
deu_train_track_a_01319,"In Deutschland wird systematisch geleugnet, dass ein Genozid im Gazastreifen stattfindet. Wenn ihr euch gefragt habt, wie es sein konnte, dass die deutsche Mehrheitsgesellschaft den Holocaust stillschweigend hingenommen hat: wir erleben es gerade live mit.",1,1,0,0,1,0
deu_train_track_a_01320,"Ich denke damit ist dir 12. Schwangerschaftswoche gemeint. Das heißt von dem ersten Tag der letzten Regel vor der Schwangerschaft, was ca. 2 Wochen bevor man überhaupt schwanger sein kann, ist.   Warum das so ist, darf wer anders erklären, ich versteh es leider auch nicht. :D Geht's da um ""volle"" Monate zum rechnen?",0,0,0,0,0,0
deu_train_track_a_01321,"Wie kommt es, dass du so hervorragend Deutsch sprichst?  Was ist, würdest du sagen, die Meinung der Russen über Deutschland?  Danke fürs Q&A.",0,0,0,0,0,0
deu_train_track_a_01322,Der Gedanke an eine schwere Krankheit lässt mich nachts nicht schlafen.,0,0,1,0,0,0
deu_train_track_a_01323,er besitzt mehr ehre als der ganze rest hier auf twitter aber gut das er es doc nicht getan hat,0,1,0,1,0,0
deu_train_track_a_01324,Nur Liebe für Stumpf &lt;3,0,0,0,1,0,0
deu_train_track_a_01325,"Religion ist wenn der Tod eines Einzelnen vor 2000 Jahren wichtiger ist, als der Tod von momentan Hunderten täglich.",0,1,0,0,1,0
deu_train_track_a_01326,"Hatte auch einen Frühabbort bei der letzten Schwangerschaft, aber keine Tabletten verschrieben bekommen. (Nun in der 35ten Woche) Ich würde es ganz einfach als Unterstützung sehen. Progesteron ist vor allem bis zur 12ten Woche wichtig und wenn du somit die Chance auf eine weitere Fehlgeburt verringern kannst, ist es doch gut. Wenn du dir aber unsicher bist, frag doch nochmal deinen Arzt oder lies den Beipackzettel.",0,0,0,0,1,0
deu_train_track_a_01327,"Wir bezahlen die anderen Täter doch auch gleich direkt. Als ob da nicht alles an die Hamas gehen würde, was nach Gaza geschickt wird.",1,1,0,0,0,0
deu_train_track_a_01328,twitter ist wie crack wenn es schädlich wäre,0,1,0,0,0,0
deu_train_track_a_01329,Wer schützt uns vor Umweltschützer?,1,1,0,0,0,0
deu_train_track_a_01330,Ich hab mich endlich aufgerafft und bin heute aus der Kirche ausgetreten. Und es fühlt sich gut an.,0,0,0,1,0,0
deu_train_track_a_01331,Danke dafür! Deine Arbeit für die Sache ist so wichtig! 🖤✊🏾,0,0,0,1,0,0
deu_train_track_a_01332,"Läuft zwischen deiner Ex-Verlobten und deinem ältesten Freund dann jetzt was ernsthaftes?   Wow, echt wilde Geschichte. Kenn ich eigentlich nur aus Filmen und Serien.",0,0,0,0,0,1
deu_train_track_a_01333,"Ich hatte das bei meinem Großen auch ziemlich stark, da hat mir ein halbes Brötchen gereicht um den halben Tag satt zu sein. War nur blöd weil ich voll gestillt habe und meine Hebamme hat mir da sehr ins Gewissen geredet weil es einfach für mich und mein Kind nicht gesund war.  Ich war innerhalb von 2 Monaten wieder auf meinem Vor-Schwangerschafts Gewicht... ich hab mich bemüht mehr zu essen und ganz viel Stillvitamine genommen weil ich dadurch auch einen krassen Eisenmangel hatte. Nach ein paar Monaten ging es wieder aber bis dahin musste ich mich wirklich an jede Mahlzeit erinnern, hab mir Wecker gestellt und wir haben uns oft was geholt.",0,0,0,0,0,0
deu_train_track_a_01334,AfD ist rechts. Aber keinesfalls rechtsextrem. Da gibt es einen gewaltigen Unterschied.,0,0,0,0,0,0
deu_train_track_a_01335,"Moin, ich werde das erste mal Vater und hab eine Frage zum Thema Ultraschalltermine. Habt ihr euch dafür jedesmal Urlaub genommen oder wie habt ihr das gemacht? Wie oft ist das denn in der Schwangerschaft?   Danke schonmal für eure Hilfe.",0,0,0,0,0,0
deu_train_track_a_01336,"Hihi, also unter Corona eindrücken könnte man eher behaupten das Gegenteil sei 16 Jahre lang der Fall gewesen 😂",0,1,0,1,0,0
deu_train_track_a_01337,"Wie läuft das ab, wenn es mal eine Schaden geben sollte? Kann ja immer mal passieren. Sei es beim parken oder eben bei einem der Sonderwünsche. Oder anders gefragt. Schon was kaputt gemacht? Hat man vielleicht sogar schon mal versucht dir oder einen Kollegen einen Schaden unter zu jubeln?   Wie lief das abwerben beim neuen Arbeitgeber ab? Einfach so gefragt worden ""hey willst ab morgen für mich fahren?""",0,0,0,0,0,0
deu_train_track_a_01338,Was können wir angesichts von Israels Völkermord tun? 1. Israel kritisieren und verurteilen wann und wo immer es geht! 2. Ab sofort keine proisraelischen Politiker und Parteien mehr wählen! 3. Pro-palästinensische Aktionsbündnisse unterstützen! 4. Zionistischen Lobbyismus ächten!,1,1,0,0,0,0
deu_train_track_a_01339,nene bin schon krank also ich bin aber noch nicht so krank.,0,0,0,0,0,0
deu_train_track_a_01340,Mein schwester lan haltet Abstand ‼️‼️,1,0,0,0,0,0
deu_train_track_a_01341,"Bist du vielleicht gut aussehend? Babyface, 1,70m? Wenn ja, ich denke das es damit zu tun hast das die leute denken dass sie alles mit dir tun können weil du kurzer bist und ein Babyface hast und dich ärgern wollen weil du besser aussieht als sie.  (Entschuldige bitte mein Deutsch, ich bin es noch am lernen Ü)",0,0,0,0,1,0
deu_train_track_a_01342,Diskriminierung ist Strafbar und wir leben echt in einer Diktatur . Nachrichten berichten nur das was der Staat vorgibt . Puten hat und hatte mit allem recht . Wir lassen uns unterdrücken .,1,1,0,0,0,0
deu_train_track_a_01343,Als ältester von deinen Geschwistern ist es deine Aufgabe allen jüngeren einzureden das man sie im Müll gefunden hat🤝🏼,0,0,0,1,0,0
deu_train_track_a_01344,Die USA sollten sich mäßigen Israel zu ermahnen. Israel handelt moralisch richtig.,0,0,0,0,0,0
deu_train_track_a_01345,"Kenne ich nur zu gut. Bin mal gespannt welche Tipps hier kommen. ""Witzig"" finde ich auch, dass man aufgrund seines Berufs eine gewisse Expertise in seinem Fachbereich hat, die Leute am Tisch sich aber lieber für das Halbwissen der anderen interessieren und mandann Mühe hat einige Sachen klarzustellen. Dabei wird man dann ständig unterbrochen.",0,1,0,0,0,0
deu_train_track_a_01346,Warum wird plötzlich zum Totschlag in Münster geschwiegen? Warum werden die Täter zu Opfer umgedeutet?,1,0,0,0,0,1
deu_train_track_a_01347,So wie früher in 🇵🇱 unter kommunistischer Herrschaft.,0,0,0,0,0,0
deu_train_track_a_01348,Die Idee ist großartig! Ich wette du bist Rollenspieler! Danke für die tolle Geschichte!,0,0,0,1,0,0
deu_train_track_a_01349,"Der beste Urlaub meines Lebens war eine Mongolei Expedition. 4.000 Offroadkilometer quer durch dieses wundervolle, wilde Land war atemberaubend. Die Gastfreundlichkeit der Nomaden war genauso beeindruckend wie deren Lebensweise. ALLES wird verwertet, kein Stück Müll oder Reste bleiben zurück wenn die Familie sich nach ein paar Wochen einen neuen Standort sucht.  Fantastisches Land und Leute.",0,0,0,1,0,1
deu_train_track_a_01350,Grüße dich. Vor ein paar Wochen hat hier in der Nähe ein Polizist dreimal auf ein flüchtendes Fahrzeug geschossen.  Der PKW hatte wohl zuvor noch beschleunigt und ist direkt auf den Beamten zugefahren. Nach meinem Kenntnisstand könnte der Kollege für jede Kugel ne Woche Urlaub nehmen zum Berichte schreiben ect.  Ist das wirklich so schlimm mit dem Schriftkram bei sowas?,0,0,0,0,0,0
deu_train_track_a_01351,Was für eine Überraschung! Meine Eltern haben mir ein Auto geschenkt.,0,0,0,1,0,1
deu_train_track_a_01352,"Nächstes mal nimmst du gefälligst meine Katzen, meine Frau, unsere Angeln und mich mit. So ist das ganz schön frech, findest du nicht? :P",0,0,0,1,0,0
deu_train_track_a_01353,"ist vielleicht ne unangenehme Frage, aber das hab ich mich schon länger gefragt, wie das bei einer Querschnittslähmung ist: Klappt bei dir der Stuhlgang, bzw. merkst du, trotz Lähmung, wenn du musst?",0,0,0,0,0,0
deu_train_track_a_01354,"Solange die Garantie der Hersteller für Entschädigung bei Impfschäden abgelehnt wird, KEINE Impfung! 😡",1,1,0,0,0,0
deu_train_track_a_01355,Ich bin 24 und seit 2020 bin ich jetzt Patient im Maßregelvollzug aufgrund einer Straftat aus 2019 unter Alkoholeinfluss.  Fragt gerne alles was euch interessiert und lernt vielleicht ein wenig aus meinen Fehlern :),0,0,0,0,0,0
deu_train_track_a_01356,"Ich glaube, man muss ""Nebenwirkungen von Medikamenten"" und ""Impfreaktion"" unterscheiden. Wenn Du impfst, geht der Körper aus Vollkurs Verteidigung - das ist in Ordnung so - auch wenn keine Gefahr besteht.  Nebenwirkungen wären, wenn Du einen dritten Arm bekommst oder grüne Pusteln auf dem Po.",0,0,0,0,0,0
deu_train_track_a_01357,"Digga alles was gelb ist ist nervig oder hässlich  Bienen, Wespen, gelbe Bonbons (kein Mensch will Zitrone essen)",1,1,0,0,0,0
deu_train_track_a_01358,"Der leichteste Weg ist, die Polizei zu verständigen. Die haben die Möglichkeit, zum einen den Unfall aufzunehmen und zum anderen gibt es die Möglichkeit eine Meldung zur Überprüfung der Fahreignung (Paragraph 2 Absatz 12 StVG). Diese Meldung ist der schnellste Weg, der Führerscheinstelle solche Vorkommnisse mitzuteilen.   Und bezüglich deines Tipps mit dem Zettel beim Unfall hinterlassen, rechtlich gesehen reicht das nicht aus um seinen Pflichten nachzukommen. Es gibt diverse Urteile, dass trotz des Zettels das Entfernen von der Unfallstelle vollendet ist. Und die Konsequenz sind hohe Strafen.",0,0,0,0,0,0
deu_train_track_a_01359,"Gute Besserung, das tut mir echt leid :/  Leider wissen sehr viele nicht dass richtige Katzenbisse (auch von der eigenen Katze) immer vom Arzt abgeklärt werden sollten und Notfälle sein können.  Wir mussten unsere Arbeitskollegin einmal fast zum Arzt zwingen weil sie meinte es wäre alles nicht so schlimm und man sieht ja noch gar nichts. Der Arzt war gar nicht erfreut darüber wie locker sie das genommen hat!",0,0,1,0,1,0
deu_train_track_a_01360,Das tut mir so leid für euch.  Ich versuche bei sowas immer dankbar über die gemeinsame schöne Zeit zu sein und mich vor allem an den positiven Erinnerungen festzuhalten.,0,0,0,0,1,0
deu_train_track_a_01361,"Der Autofahrer, der bei 0:37 auf die Autobahn fahren wollte hat sich schön erschrocken.",0,0,0,0,0,0
deu_train_track_a_01362,"Erst lässt Selenskyj den Bürgerkrieg in seinen östlichen Landesteilen zu, um russischstämmige Ukrainer zu beseitigen, und nun sieht er zu, wie seine jungen Männer auf dem Schlachtfeld sterben oder ins Ausland flüchten. Er wird bald selbst beseitigt 👍",1,1,0,0,0,0
deu_train_track_a_01363,"Ich komme zwar aus Berlin, kann dir zu deiner Frage aber leider auch nichts sagen. Ich wollte nur einen kleinen Sprachtipp dalassen: c-section heißt auf deutsch 'Kaiserschnitt', um Verwirrung zu verhindern :) Alles Gute dir!",0,0,0,0,0,0
deu_train_track_a_01364,"In einem tiefen Tunnel versteckt sich Yahya Al-Sinwar und schützt sich mit Kindern, Frauen und Alten. Nach Kriegsende wird er wie eine Maus aus dem Tunnel auftauchen und sagen: „Ich habe gewonnen.“ Leider wurden diejenigen vertrieben, die vertrieben wurden und Hungrige und die ihr Zuhause und ihre Kinder verloren haben, werden ihm applaudieren.",1,1,0,0,1,0
deu_train_track_a_01365,Viele Regale wären leer,0,0,1,0,0,0
deu_train_track_a_01366,"Komisches krokodil   Edit: danke fuer die awards, das erste mal dass ich welche bekommen hab, und dann auch noch fuer so nen intellektuell hochwertigen kommentar!",0,0,0,1,0,1
deu_train_track_a_01367,"Auf jeden Fall jetzt schon anfangen.  Ich hab ""erst"" in der 12. Woche angefangen und viele waren schon voll.  Ich telefonier nicht so gerne, also hab ich auch einigen Hebammen eine E-Mail geschrieben, wenn eine Adresse angegeben war um erstmal herauszufinden ob sie noch Kapazitäten hat.  Hast du vielleicht Freunde, die dir eine Hebamme empfehlen können? Wenn man auf persönliche Erfahrungen von anderen zurückgreifen kann, ist es ja auch ganz gut.  Es steht dir auf jeden Fall eine Hebamme zu, nutz das, egal was dein Hintergrund ist. Die Hebamme kümmert sich ja nicht nur um das Neugeborene sondern auch um die Neu-Mama.",0,0,0,0,0,0
deu_train_track_a_01368,"Ich glaub Boris Johnson hatte seine US Staatsbürgerschaft abgetreten, weil er als US Bürger dort auch hätte Steuern zahlen müssen. Wie schaut es da bei dir aus, gilt das für alle oder erst ab einem bestimmten Einkommen? Oder kann man das umgehen?",0,0,0,0,0,0
deu_train_track_a_01369,Keine Stadthalle für Nazis ✌️,1,1,0,0,0,0
deu_train_track_a_01370,Der Russenknecht heult? Gut so. Mit der internationalen Hilfe für die Ukraine ist Euer Geldgeber aus dem Kreml bald erledigt.,1,1,0,1,0,0
deu_train_track_a_01371,Die Bösen Viecher wenn man das Licht im Keller ausmacht und wieder hochrennt.,0,0,0,0,0,0
deu_train_track_a_01372,"Die Energie wird nie wieder billiger werden, da der Staat jeden Cent benötigt um Milliarden in der ganzen Welt verschleudern zu können",1,1,0,0,0,0
deu_train_track_a_01373,"Wenn Du sie unterstützen möchtest, melde Dich doch einfach vielleicht über Chat, ob und wo Du sie unterstützen kannst.   Je nachdem wie nahe ihr euch steht, kannst Du ihr Hilfe im Haushalt anbieten, aber auch Essen bringen, einkaufen oder einfach ein bisschen da sein.",0,0,0,1,0,0
deu_train_track_a_01374,Diese Nacht hoffe ich auf sehr viele brennende orcs. Diese Wut und der Hass wächst und wächst ins unermessliche,1,1,0,0,0,0
deu_train_track_a_01375,Ein weiterer Fortschritt aber du bist richtig cute !!,0,0,0,1,0,0
deu_train_track_a_01376,"Kommt am Ende auf das Labor an. Ich bin mir ziemlich sicher, dass 5 Tage so der Richtwert ist, aber habe auch schon von längeren Wartezeiten gehört. Ein guter Arzt schaut sie sich ja dann nochmal an und sagt dann Bescheid bzw lässt Bescheid sagen, wie die Ergebnisse sind. Denke mal, dass die sich dafür dann auch noch mal ein paar Tage Raum gegeben wird.",0,0,0,0,0,0
deu_train_track_a_01377,"Als Kind. Die Tante schickte zu Weihnachten ein Päckchen. Der Karton versprach von außen einen Soundblaster für den PC. Wir waren gerade im vollen PC-Selbstbau-Alter. Wir konnten es kaum abwarten bis Heiligabend...Karton aufgerissen, drin waren: Socken! Selbst gestrickt! Hässlich! Kratzig! Der Soundblaster trötete derweil fröhlich im PC vom Onkel.",0,1,0,0,1,1
deu_train_track_a_01378,"Ich habe auch nun von 36/37 Größe 38 nötig.  Das ganze ist jetzt aber erst nach meiner zweiten Schwangerschaft. Also 36 habe ich schon nach der ersten nicht mehr tragen können. Meine Podologin meinte, dass sei halt nicht so selten weil ja mehr Gewicht auf die Füße drückt und man dann oft breitere Füße auch bekommt.",0,0,0,0,0,0
deu_train_track_a_01379,"Auf jeden Fall ihm das ganze erklären.  Wenn er sauer ist, dann is man einen toxischen Bekannten los. Er hat keinerlei Berechtigung auf deinen Freund sauer zu sein, da der nix falsches getan hat.  Wenn er vernünftig ist is er eine toxische Beziehung los.  Fucking hell, wenn ich so durch die Kommentare lese is echt erschreckend was für schlechte Freunde leute hier sind... einfach nicht einmischen und so ein anderer nonsense. Wenn Freunde von mir betrogen und dadurch disrespected werden und möglicherweise in einer längeren Beziehung bleiben ohne das zu wissen und ich das ändern kann dann ist das eine moralische Pflicht. Sonst ist man nicht mit der Person befreundet.",0,1,0,0,0,0
deu_train_track_a_01380,"Die Abläufe hat vor allem unser Gegner drin, wenn er die langen Bälle abläuft.",0,0,0,0,0,0
deu_train_track_a_01381,"Größtes Problem der #AfD-Bubble: vollständig fehlende Medienkompetenz, ""informieren"" ausschließlich in der AfD-Bubble und die konsequente Verweigerung, mehr als eine Überschrift zu lesen. #Correctiv",1,1,0,0,0,0
deu_train_track_a_01382,"Korrektur: es heißt Klimaterroristen. Bitte, gern geschehen.",1,1,0,0,0,0
deu_train_track_a_01383,Also Geld für die Folgen bereitstellen während man weiter Teil der Ursache ist? Ok cool,1,1,0,0,0,0
deu_train_track_a_01384,Ich freu mich unglaublich für dich/euch!  Es ist nie zu spät um liebe zu finden :)  Wünsche euch alles gute <3,0,0,0,1,0,0
deu_train_track_a_01385,"Warum wird eigentlich so wenig darüber geredet, dass die Arbeit des #UNRWA sehr gefährlich ist, so gefährlich, dass bereits mehr als 150 Mitarbeiter bei dem Versuch getötet wurden, humanitäre Hilfe für die völlig verzweifelte Bevölkerung in #Gaza zu organisieren?",1,1,0,0,1,0
deu_train_track_a_01386,Wenn die Vollidioten aus der Politik verschwunden sind.🙄,1,1,0,0,0,0
deu_train_track_a_01387,"Besonders beliebt ist auch ""Wir mussten während Corona auf so viel verzichten"". Der Satz kommt bestimmt von denen, die während Corona auch gern auf die Maske verzichtet haben.",1,1,0,0,0,0
deu_train_track_a_01388,"Ich komme aus einer sehr bildungsfernen Hartz IV Familie, habe als einzige Person in der gesamten (auch erweiterten) Familie das Gymnasium besucht und das Abitur gemacht. Danach habe ich im In- und Ausland studiert, arbeite nun und bin ein Teil der Mittelschicht. Das fühlt sich für mich immer noch alles sehr surreal an.  EDIT: Bis auf wenige Ausnahmen, bin ich wirklich positiv überrascht von dem respektvollen und aufgeschlossenen Umgang mit dem Thema. Ich möchte mich bei allen bedanken, die hier in dieser Weise mit mir interagiert haben.",0,0,0,1,0,1
deu_train_track_a_01389,"Fändest du es genauso unterhaltsam wie ich wenn wir Doping Olympiade hätten? Wo jeder soviel Zeug nehmen und spritzen kann wie er/sie will und dann einfach ab dafür? 100 m Lauf mit 40 km/h, Weitwurf über 2 km und das ganze Basketballteam is 3 meter im Durchschnitt?",0,1,0,1,0,0
deu_train_track_a_01390,"Was muss man alles machen um dorthin auszuwandern? Und was muss man beachten? Nicht nur was den reinen Prozess des Auswanderns angeht, sondern auch was sich im Leben so am stärksten ändert. Frage als jemand der das später auch machen will",0,0,0,0,0,0
deu_train_track_a_01391,"In der Schule waren zwei, die sich geprügelt haben. Ich bin hin und wollte sie auseinander ziehen. Dabei habe ich einen von beiden von hinten umfasst, beide Arme waren am Körper und habe ihn mit einem Ruck nach hinten weggezogen. Habe ihm so den rechten Arm gebrochen.  Wie man es macht, macht man es falsch.",0,0,0,0,1,0
deu_train_track_a_01392,"Sehr schön! Auch das Tierchen schön in den Fokus bekommen, Belichtung gefällt mir auch. Sehr gut :)   Meine Freundin ist auch ein bisschen talentiert und ich versuche auch oft dagegen anzustinken und mich zu verbessern :D Bleib dran",0,0,0,1,0,0
deu_train_track_a_01393,Krieg ist die Hölle auf Erden!,0,1,0,0,1,0
deu_train_track_a_01394,"Wie alle anderen schon gesagt haben... Cyto und Röteln sind kein Spaß, wenn du schwanger bist. Falls du zögerst, ins Verbot zu gehen, dann frag dich am besten vorher, ob du jemand bist, der sich schnell Vorwürfe machen würde, wenn es am Ende leider nicht ganz klappt.  Viele Frühschwangerschaften gehen ja, wie du wahrscheinlich weißt, bis zur 14. Woche noch ab, teils völlig grundlos, bedauerlicherweise gibt es dann aber viele, die sich trotzdem fragen oder eben gar Vorwürfe machen, ob sie etwas hätten anders machen sollen, hat mir meine Hausärztin mal ans Herz gelegt.",0,0,1,0,0,0
deu_train_track_a_01395,Sehr geil. Da wird mein Sammlerherz ganz schön neidisch - aber sei Dir natürlich gegönnt. Behalte sie in Ehren. 👌👍,0,0,0,1,0,0
deu_train_track_a_01396,"Das ist zwar schön geschrieben, aber es klingt so als wäre das Ziel am Ende Suizid. Oder irre ich mich da?",0,0,1,0,1,0
deu_train_track_a_01397,"Fit werden. Das Leben ist um Größenordnungen geiler, wenn man fit ist.  Andererseits ist es auch nie zu spät dafür.",0,0,0,1,0,0
deu_train_track_a_01398,"#Kriegstreiber, #Hetzer und #Rüstungslobbyist #Masala lehnt bei #Maischberger Verhandlungen im #NATO #Stellvertreterkrieg in der #Ukraine gegen #Russland ab und sagt, wir müssten uns an #Krieg gewöhnen. Die #Militarisierung in den Öffentlich Rechtlichen weitet sich aus.",1,1,0,0,0,0
deu_train_track_a_01399,"In dem frühen Stadium kann man das nicht so richtig sagen, aber periodenähnliche Krämpfe sind zumindest nichts Außergewöhnliches. Deine Gebärmutter dehnt sich schon. Ich hatte ganz am Anfang auch solche Schmerzen, aber eher im oberen Bereich des Unterleibs und im Rücken statt noch weiter unten wie sonst bei meiner Periode, und nicht so stark. Bei mir war alles in Ordnung. Viel Glück!",0,0,0,0,0,0
deu_train_track_a_01400,"Was sind das nur für Menschen, ein Land in einen Krieg zu führen und das eigene Land dadurch zu zerstören.",1,1,0,0,1,0
deu_train_track_a_01401,"Ich glaube es war so um die 20. SSW rum, dass ich die Kleine gespürt habe. Durch die Vorderwandplazenta hatte ich aber selbst am Ende der Schwangerschaft nie große Beulen am Bauch, die durch Tritte verursacht wurden.",0,0,0,0,0,0
deu_train_track_a_01402,"Klimabonus für Asylwerber ist gut füttern für Flüchtling hinter Grenzen von Österreich , das ist schmutzige politik von Politiker.",1,1,0,0,0,0
deu_train_track_a_01403,Zum Cop sein geboren. Fehlen nur noch die auf den Daumen gepressten Oakleys.,0,0,0,0,0,0
deu_train_track_a_01404,Jedes andere land hätte schon längst sanktionen ohne ende gesehen und würde wirtschaftlich und politisch geächtet werden.... aber nicht israel,1,1,0,0,0,0
deu_train_track_a_01405,Beiden unterstützt und finanziert den Genozide auf GAZA und dann will er großzügig sein und Hilfsgüter abwerfen nachdem er selbst die Hungersnot zu verantworten hat. #free Palestine 🇵🇸,1,1,0,0,0,0
deu_train_track_a_01406,Free Palästina 🇵🇸 ich hoffe die Wünsche der Israelis werden wahr und Netanyahu wird abgesetzt! Er muss dafür büßen!,1,1,0,0,0,0
deu_train_track_a_01407,"Liebe Querdenker, solltet ihr an COVID erkranken und oder intensivpflichtig werden, therapiert euch zu Hause. Sollten Langzeitfolgen bleiben oder ihr Long COVID krank sein, geht nicht zu Fachärzten, das geht auch zu Hause. Wenn schon konsequent, dann richtig. Vor kurzem hatte ich einen inkonsequenten Querdenker, der war plötzlich auf der COVID Intensivstation und wollte nicht zu Hause sterben. Konnte ich nicht verstehen, war doch nicht so schlimm 🤔",1,1,0,0,0,0
deu_train_track_a_01408,"""die Erde fackelt ab""  Wenn dann auch das dumme Gequatsche aufhört, soll mir das recht sein ....",1,1,0,0,0,0
deu_train_track_a_01409,Es sind nicht nur ukrainische Kinder betroffen. Auch Kinder anderer Nationalitäten bekommen oft nicht zeitnah einen Platz in der Schule. Trotz Schulpflicht.,0,0,0,0,1,0
deu_train_track_a_01410,"Na, bei dem Optimismus kann ja nix schief gehen 😅",0,0,0,1,0,0
deu_train_track_a_01411,"Ich habe Angst, dass ich nie den richtigen Partner finden werde.",0,0,1,0,0,0
deu_train_track_a_01412,"Ich glaube ich würde eher die Familienplanung über den Haufen werfen. Am Ende weiß man eh nicht wie es mit der Schwangerschaft klappt. Das 2. Kind kann auch so auf sich warten lassen und dann hättest du voreilig eine Ausbildung abgebrochen, was vielleicht nicht nötig gewesen wäre. Oder man wird ungeplant doch früh wieder schwanger. Kinder sind halt echt schwierig zu planen. Außerdem können sich Geschwister gut verstehen oder schlecht verstehen egal welches Alter. Falls es dich beruhigt mir wurde gesagt, es ist eigentlich ganz angenehm wenn das erste Kind etwas älter ist, dann ist das ein wenig einfacher als zwei Kleinkinder (auch wenn ich da persönlich nichts zu sagen kann)",0,0,1,0,0,0
deu_train_track_a_01413,"Sorry, aber wenn ich fragen in diese Richtung höre, frage ich mich wirklich was bei einigen Falsch läuft... ""Meine Mutter will dass ich (Seit paar Jahren Volljährig) etwas mache, was ich jedoch nicht will. Was mach ich jetzt?"" Du bist ein Mann der seit Sechs Jahren Volljährig ist und der in jemand mit Epilepsie verliebt ist. Daran ist nichts verwerfliches und deine Mutter hat sich da nicht einzumischen",1,0,0,0,0,0
deu_train_track_a_01414,Kennt jemand eine gute Alternative zu Digga? Suche etwas mit Klasse. Vielleicht sogar edel.,0,0,0,0,0,0
deu_train_track_a_01415,"Die Schlimmste vielleicht ein paar Monate, mittel- / leichtschlimm - ca. 20-25 jahre. Glücklich und zufrieden bin trotzdem nicht.",0,0,0,0,1,0
deu_train_track_a_01416,Sehr gut 🌷. Hoffentlich bleibt es so  :). Ich leider nicht 😭.,0,0,0,1,1,0
deu_train_track_a_01417,"Schlechte Nachrichten. Das sieht aus wie zwei Weibchen, erkennbar am langen Legestachel am Hinterleib. Musst dir wohl neue Namen ausdenken.",0,0,0,0,0,1
deu_train_track_a_01418,"Angst zu haben ist normal. Die hat jeder. Deswegen ist es sehr mutig von dir, dass du diesen Schritt gewagt hast!",0,0,0,1,0,0
deu_train_track_a_01419,"Hallo! Ich bin momentan 7 Wochen und 1 Tag schwanger mit meinem ersten Baby und könnte darüber nicht glücklicher sein! Leider leide ich unter ständiger Übelkeit, die den ganzen Tag und die ganze Nacht hält. Übergeben muss ich mich selten, aber es ist schon sehr unangenehm.. dazu kommt das ständige Völlegefühl, dass es mir schwer macht viel zu mir zu nehmen.  Vielleicht hat da ja jemand einen guten Tipp für mich!  Danke :)",0,0,0,0,1,0
deu_train_track_a_01420,"Das so belastend hier, will doch einfach nut entspannt fahren aber nein ich wohne auf nem Berg mit hügeln",0,0,0,0,1,0
deu_train_track_a_01421,"Die Hamas müsste nur ihre Niederlage eingestehen, die Waffen niederlegen und sich komplett ergeben und schon könnte die Not der Zivilbevölkerung aktiv international gelindert werden. Aber solange die Hamas ihren aussichtslosen Krieg weiterführt und sich dabei hinter Kindern und Kranken versteckt, solange ist sie alleine schuld an der Lage in Gaza.",1,1,0,0,1,0
deu_train_track_a_01422,Was ist denn das für eine Erpressung!? Humanitäre Güter müssen IMMER die Menschen erreichen können! Nicht nur nach Bedingungen!,1,1,0,0,0,0
deu_train_track_a_01423,Wie genau aeussern sich die Zwangsgedanken bei dir? Resultieren sich bei dir dadurch auch Zwangshandlungen0(z.B. Waschzwang)?,0,0,0,0,0,0
deu_train_track_a_01424,"Wie kann mir die Räume in so einem Heim vorstellen - jedes Kind ein eigenes Zimmer? Gruppenzimmer? Gruppenbäder? In welchen Gruppengrößen läuft das Leben ab?  Wie ist der typische Tagesablauf?  Ist der Verlauf ""einmal rein, bis 18 drin bleiben"" typisch oder gibt es häufig mehr Wechsel rein/raus?  Wofür hast du ""Hauskinder"" (oder wie nennt man das?) beneidet, wo waren die vielleicht neidisch auf dich?",0,0,0,0,0,0
deu_train_track_a_01425,"Nun ja 🤔🤫. Mich stört in erster Linie die mMn existente Gefahr des Staatsterrorismus, in Komplitzenschaft mit einer Scheinjustiz, welche oft eine willige Hure der Machthaber zu sein scheint. Diese Gefahr scheint mir schon lange wesentlich greifbarer.🤮",1,1,1,0,0,0
deu_train_track_a_01426,Ihr wollt mich doch verarschen,1,0,0,0,0,1
deu_train_track_a_01427,und so ein Land soll in die EU und NATO?,1,1,0,0,0,1
deu_train_track_a_01428,Die Hamas hat die Möglichkeit das Blutvergießen jederzeit zu beenden - wo bleibt der internationale Druck auf diese Partei? 🤔,0,1,0,0,0,1
deu_train_track_a_01429,Wie macht man sowas am Hodensack? Stelle mir das unmöglich vor. Oder habe ich es falsch verstanden und es geht ausschließlich um die Pofalte?,0,0,0,0,0,1
deu_train_track_a_01430,"Ich finde das einfach groß, grau, riesig, hässlich, wenn man drin ist erschlägt es einen fast, bäh!  Ich kann mir nichts besseres vorstellen wie man ein Mahnmal zum Holocaust gestalten soll. Ich meine: Der Holocaust war viel größer, hässlicher, und einer der niedersten Momente der deutschen Geschichte oder besser: DER niederste Moment. Da tuts ein gefälliges Mahnmal nicht, das wär wertlos. Ein Mahnmal soll nicht schön sein, es soll zum Gedenken anregen und Mahnen. Diesen Zweck erfüllte das Mahnmal bei mir. Es ist gut so wie es ist.",0,1,0,1,0,0
deu_train_track_a_01431,Omg wie schlimm darf es auf dieser Plattform eigentlich werden?,1,1,1,0,0,0
deu_train_track_a_01432,"Was für eine Schulart und in welchem Bundesland nist du? Kann das Sekretariat, der stellvertretende Schulleiter oder dein ehemaliger Klassenlehrer vielleicht helfen? Ansonsten wende dich an das Schulamt oder Regierungspräsidium und beschwere dich dort.",0,0,0,0,0,0
deu_train_track_a_01433,"Das ist NICHT okay und du bist NICHT im Unrecht!! Bitte hör nicht auf deine gestörten Freunde. Ich find es schon sehr besorgniserregend, dass dein Freund deine Krankheit nicht ernst nimmt. Dass er dir das sogar offen sagt!  Wenn eure Beziehung noch eine Chance haben soll, musst du auf jeden Fall mit ihm sprechen. Das wird dich sonst von innen auffressen. Vielleicht hilft dir eine Entschuldigung von ihm. Wenn er nicht einsieht, was er dir angetan hat ist sowieso alles verloren. Dann könntest du auch über eine Anzeige nachdenken, ja. Ich find das ganz furchtbar. Es tut mir sehr leid!!!",1,1,1,0,1,0
deu_train_track_a_01434,Wieso verletzen Geschichtsdokus tagtäglich Adolf Hitlers Recht am eigenen Bild? Ich als stramm Liberale finde das so rücksichtslos!!!,1,1,0,0,0,0
deu_train_track_a_01435,"Die Stilltops von H&M sind super. Kann ich nur empfehlen.   Außerdem gibt es Auffangschalen (hab die von Medela), die kannst du sowohl in den Still BH tun oder mit dem Stilltops tragen. Gerade, wenn man auf einer Seite stillt, kann man damit die Milch, die auf der anderen Seite ausläuft auffangen.    Wenn du dann ein bisschen ausstreichst, dann laufen die Brüste auch nicht mehr so schnell aus. Zumindest hab ich es dadurch in den Griff bekommen. Vorteil, Mann kann es dann auch einfrieren.    Es gibt auch Frauen, die die Auffangschalen immer im Top tragen, dann aber die Milch nicht mehr zum Füttern verwenden, lieber ins Badewasser geben.",0,0,0,1,0,0
deu_train_track_a_01436,"Guter Schritt, lass dich vom Hass nicht unterkriegen. ✌",0,0,0,1,0,0
deu_train_track_a_01437,">Beide Elternteile sind sehr konservativ (kein Sex vor der Ehe) und wollen, dass wir bevor wir heiraten unsere jeweiligen Masterabschlüsse absolvieren.  Schön für sie, inwiefern ist das euer Problem?  Warum zieht ihr nicht in eine eigene Wohnung oder zumindest ein WG-Zimmer? Ich kenne eure finanzielle Situation nicht, aber wer über Hotel nachdenkt, kann sich mMn auch ein WG-Zimmer leisten.",0,0,0,0,0,0
deu_train_track_a_01438,"Wie war es für dich als er immer extremer wurde? War der Prozess sehr schleichend oder warst du damals zu naiv um das zu sehen (soll kein Angriff sein. nicht jeder ist in allem bewandert)? Oder standest du unter so psychologischem Druck, dass es schwer war noch klar zu sehen?  Hätte es für dich theoretisch rechtliche Folgen geben können, da du quasi von einem potentiellen Gefährder wusstest?",0,0,0,0,0,0
deu_train_track_a_01439,Long Covid ausgelöst durch die Impfung. Das sollte man nicht verschweigen!!!,1,0,0,0,0,0
deu_train_track_a_01440,"Hi op,  & gab eine sehr alten Witz, was etwa in deiner Richtung kommt. Zwei Frau sprechen mit einander und die Eine beklagt sich: ""Mein Mann ist wieder spät, wahrscheinlich ist er mir fremdgegangen!"". Die Andere antwortete: ""Sei doch nicht so pessimistisch. Vielleicht wurde er von ein Auto überfahren.""  & anders ausgedrückt, du weißt nicht warum sie nicht da ist. Lieber anrufen und schauen dass alles in Ordnung ist. Und wenn sie einfach nicht antwortet, oder einfach keinen Lust auf dich hat, na ja. Das Leben geht weiter.",0,0,0,1,1,0
deu_train_track_a_01441,"Deutschland wird traditionell von der NATO beschützt, nicht Kiewer Preisboxern und deren korrupten Kombattanten.   Seit dem 9. Mai 1955.  Hört auf, Lügenpropaganda zu verbreiten!",1,1,0,0,0,0
deu_train_track_a_01442,Ja krank sogar Bruder stell dir vor sie sieht so richtig süß aus und redet wie ali sagt auf einmal was willst du allerr,0,0,0,0,0,1
deu_train_track_a_01443,"Danke für den Hinweis! Bisher hatte ich noch nichts von ihm gehört, aber Respekt.",0,0,0,1,0,0
deu_train_track_a_01444,Wieso witzig jz,0,0,0,0,0,1
deu_train_track_a_01445,"Leider fehlen vielen Menschen generell Empathie und Einfühlungsvermögen für andere Menschen, Tiere aber auch für sich selbst. Aber sie haben es sich auch nicht so ausgesucht, so ein Leben zu führen, genauso wenig wie du dir dein Leben mit all seinen Schwierigkeiten und Problemen freiwillig ausgesucht hast.",0,0,0,0,1,0
deu_train_track_a_01446,"Es gibt eine Zuzahlungsbefreiung die man bei Krankenkassen beantragen kann.  Das bekommt man wenn die Zuzahlungen mehr als 2%des jährlichen Bruttoeinkommens entsprechen, bzw 1% bei chronisch Kranken. Vielleicht ist das ja dann bei dir der Fall, dann würde ich an deiner Stelle das beantragen",0,0,0,0,0,0
deu_train_track_a_01447,"Warum plädieren nicht alle Politiker täglich für den Frieden, schon bizarr den Ruf nach einer friedlichen Lösung nicht ein einziges mal gehört zu haben die letzten zwei Jahre 🙇🏼‍♀️",1,0,0,0,0,0
deu_train_track_a_01448,Immer 4 Fenster mit irgendwelchen Quatsch Tabellen gleichzeitig aufmachen plus Outlook....nebenbei schön surfen,0,0,0,0,0,0
deu_train_track_a_01449,"Irgendwo mal gelesen: ""Stop hoping for a better past.""  Als jemand, der an großen Teilen seiner Jugend und Adoleszenz echt knabbert und sich wünscht, dass vieles anders gelaufen wäre, hat der Spruch den Nagel auf den Kopf getroffen.",0,0,0,0,1,0
deu_train_track_a_01450,"Das ist eine sehr schöne wenn auch traurige Geschichte. Auch wenn du der Beerdigung leider nicht beiwohnen konntest besteht ja trotzdem irgendwie die Möglichkeit dass du dich um sein Grab kümmern kannst. Das klingt jetzt etwas Vorwurfsvoll, aber das soll nicht so sein. Ich denke dass das mindeste ist was du tun kannst um sein Andenken in ehren zu halten. So wie du das geschrieben hast wünschte ich auch dass ich einen Fred in meinem Leben hatte.",0,0,0,0,1,0
deu_train_track_a_01451,Selten hat mich dieser Frosch so gut widergespiegelt wie heute,0,0,0,1,0,0
deu_train_track_a_01452,"Finanziell können wir dir leider nicht helfen. Aber wir können für dich Klatschen.  Liebe Grüße, deine ach so solidarische Gesellschaft",1,1,0,0,1,0
deu_train_track_a_01453,"Ich glaube manchmal, viele Frauen sind so häufig von sehr aufdringlichen Typen ""angesprochen"" worden, dass ihnen gar nicht bewusst ist, dass neben diesen extrovertierten Exemplaren jede Menge ""normale"" Männer herumlaufen, denen gerade in der angesprochenen ""Kennenlernphase"" genau dieselben wirren und konfusen Gedanken durch den Kopf gehen wie ihnen selbst. Und dazu muss man kein introvertierter Mann sein.  Und so ist eben nicht alles eindeutig, manchmal deutet einer ein Signal falsch und zögert und manchmal deutet jemand ein Signal falsch und geht auf's Ganze. Und manche raffen garnichts.  Antwort daher: Kommt drauf an. Zur Sicherheit frag lieber nochmal nach, wenn es dir wirklich wichtig ist.",0,0,0,0,0,0
deu_train_track_a_01454,"Jeden Tag sterben viele Menschen an Corona. Es ist aber ein ganz anderes Gefühl, wenn es aus den eigenen Reihen ist. Ein viel kälteres.  Vor wenigen Tagen in Quarantäne wegen positivem Ergebnis, gestern Abend dann Intensivstation und kurz darauf das Ende.  Ich habe es erst vor wenigen Stunden erfahren und begreife es immernoch nicht wirklich.  Zieht eure Maske auf. Danke.  Edit: Danke für eure Beileidsbekundungen. Es fühlt sich immernoch unrealistisch an, ihn nicht mehr auf Familienfeiern - sofern sie irgendwann mal stattfinden sollten - zu sehen.",0,0,0,0,1,0
deu_train_track_a_01455,"Warum genau ist für linke die vorstellung Massenmigration einzuschränken und illegale migranten abzuschieben eigentlich so viel schlimmer als vergewaltigte Frauen, abgestochene Jugendliche und Bahnhöfe, an die man sich nach 8 kaum noch traut? Was ist das für ein kaputtes mindset?",1,1,0,0,0,1
deu_train_track_a_01456,Das Stadion gehört gleich wie Hartberg verboten,1,1,0,0,0,0
deu_train_track_a_01457,ob du interessiert bist hat er gefragt bembel,0,0,0,0,0,0
deu_train_track_a_01458,"Der Trick ist, sich von überzogenen Erwartungen nicht abschrecken zu lassen und sich trotzdem zu bewerben. Das was in Stellenausschreibungen steht, ist das maximale Wünsch-dir-was des Arbeitgebers. Davon nicht verunsichern lassen. Was mir extrem gut geholfen hat, war es, das Erstellen vernünftiger Anschreiben zu lernen. Die YouTube Videos von Martin Wehrle waren dazu wirklich Gold wert. Seitdem kam auf jede Bewerbung eine Einladung zum Vorstellungsgespräch.",0,0,0,1,0,0
deu_train_track_a_01459,"erstaunlich wenig tweets, erstaunlich viel zu tun",0,0,0,0,0,1
deu_train_track_a_01460,"Für mich klingt das so als wärst du ihr kleiner Fifi der immer da ist und sie heiraten will, bei dir hat sie Sicherheit. Du bist wahrscheinlich einfach nicht mehr so aufregend für sie. Das sie rumgedruckst hat als du mit wolltest finde ich ist ein klares Signal dafür, dass sie die Zeit ohne dich als ""me-time"" sieht, in der sie machen kann was sie will.   ""Eine Gute Freundin von mir, meinte ich solle es zugeben!!!!"" so viele Ausrufezeichen wegen einem Kuss der angeblich nur von ihm ausging? Glaube ich ehrlich gesagt nicht.",0,1,0,0,0,0
deu_train_track_a_01461,"Peinlicher Regierungskurs bei Waffenlieferungen:Die Ukraine ist zu Recht wütend auf Deutschland weiße fahnen stricken,,,wird halt dauern",1,1,0,0,0,0
deu_train_track_a_01462,danke am  für den hinweis! ⚽️💊,0,0,0,1,0,0
deu_train_track_a_01463,"#Nawalny stirbt in einer abgelegenen Strafkolonie, in fast völlig Isolation und permanenter Überwachung. Trotzdem gibt #Russland ""dem Westen"" die Schuld für seinen Tod. Die vielen Statements ""westlicher Führer"" seien bereits ""vorbereitet gewesen"", so daß Außenministerium 🤡",1,1,0,0,0,0
deu_train_track_a_01464,"ist leider echt traurig was für ein schlechtes Image Veganismus hat, da wenig Leute damit in Kontakt kommen  Aber, schon dass du was dazugelernt hast :)",0,0,0,1,1,0
deu_train_track_a_01465,"Hallo erstmal, ich bin in der Elternzeit schwanger geworden, meine Elternzeit endet März nächsten Jahres. Das erste Kind is 17 Monate und das zweite Kind würde zu Februar 2025 kommen.   Ich habe im Internet zur Berechnung nichts gefunden. Vielleicht kann mir da jemand helfen und kennt sich aus. Würde ich deutlich weniger EG bekommen?",0,0,0,0,0,0
deu_train_track_a_01466,russische lieder mit deutschen parts sind auch so wild  versteckkk dich hinter meinem rückennn wird es dir zu heavyyyyy,0,0,0,1,0,0
deu_train_track_a_01467,"Hi, wie ist das Niveau von Studenten aus anderen Ländern (besonders außerhalb EU) wie z.b. USA, Indien, China usw ?  Oft hört man ja das die (weil sie bezahlen müssen für ihr Studium) den Abschluss hinterhergeschmissen bekommen und das Deutsche Unis/Schulen ja viel schwieriger sind und deswegen unsere Abiturienten bzw Bachelor-/Masterstudenten viel besser sind als vergleichbare ausländische.",0,0,0,0,0,0
deu_train_track_a_01468,"#Drosten meint ja, in jeder Familie gibt es mindestens einen Corona-Toten 🤡  Also in meiner Familie nicht. Und ich kenne auch keinen, der jemanden kennt der jemanden kennt, bei dem das so wäre. Keinen Einzigen.",1,1,0,0,0,0
deu_train_track_a_01469,was für endlich,0,0,0,0,0,0
deu_train_track_a_01470,"Moin, hat hier jemand ein paar heiße Tips für Online-Wunschlisten abseits von Amazon?   Wir wollen in ein paar Wochen unseren Familien vom Nachwuchs erzählen und weil gerade *meine* Eltern ein ganz besonderes Talent dafür haben uns ausnahmslos nutzlosen Kram aufzudrücken, hätten wir auf ""Wir schenken euch dann beizeiten X"" gern direkt eine Liste parat um dem vorzubeugen. Am besten eine wo der jeweilige Schenker direkt Sachen wieder runternehmen/kennzeichnen kann, damit nichts doppelt ist.",0,0,0,0,0,0
deu_train_track_a_01471,"in Münster herrscht strikte Ein-Kind-Politik...mit dem Zweitgeborenen gehen die Münsteraner dann jedes Jahr raus aufs Eis...Auf dem Land laufen einige Dinge unerwartet ab, für euch Städter",0,0,0,0,0,0
deu_train_track_a_01472,Wenn das weiter so geht mit immer wieder Waffen hin schicken dann endet der Krieg nie langsam können die sich ja wohl mal einigen und Friedensgespräche führen usw macht mehr Sinn als dieses Rum ballern,1,0,0,0,0,0
deu_train_track_a_01473,"Bei den Kommentaren mangelt es schon wieder an Empathie. Kann man Unrecht nicht einfach als Unrecht benennen, egal von welcher Seite es kommt. Das geht bei einigen aber offenbar nicht, da der Hass auf Israel so stark ist das offenbar alles gerechtfertigt ist.",0,1,0,0,1,0
deu_train_track_a_01474,Elf Bar Crack ist sehr wild ngl,0,0,0,1,0,1
deu_train_track_a_01475,"Ohh schade🥺, schön solche Plätze, vielleicht findest du ähnliche wieder🙂🐕🐾",0,0,0,0,1,0
deu_train_track_a_01476,dachte gerade kadse ist irgendein Gerät weil ich keine gesehen habe omg bissl erschrocken,0,0,0,0,0,1
deu_train_track_a_01477,"Das einzige Buch was ich lese ich ""artgerecht"". Sonst höre ich noch den Hebammensalon. Generell empfehle ich dir dich auch 2 oder 3 gute Quellen zu beschränken. Sonst drehst du völlig am Rad.  Noch ein Hinweis, du findest die Leitlinie zur Schwangerschaftsvorsorge offen im Internet und das Ding hat auch eine Suchfunktion. So kann man noch mal einschätzen ob dein Arzt veraltetes Zeug macht um mit dir Geld zu verdienen.   Zu guter letzt:  HERZLICHEN GLÜCKWUNSCH! Alles Gute für dich.",0,0,0,1,0,0
deu_train_track_a_01478,Erst die Bomben liefern damit Israel den Streifen plattmacht und jetzt auf Samariter tun. Die Doppelmoral der USA ist grenzenlos,1,1,0,0,0,0
deu_train_track_a_01479,"Wegen dem Song 1001 Nacht, dem einen Phantomtor und weil er eben oft getroffen hat  Eigentlich ganz gut imo",0,0,0,1,0,0
deu_train_track_a_01480,"Ja, ich meine genau dich. Unternehmt was? Nein UNTERNIMM WAS für dich ganz alleine. Du hast noch einen Gutschein von der/dem Ex? Nutz es aus. Möchtest du in den Tierpark? Möchtest du in's Kino? Mach es, ganz unverbindlich. Habe einen schönen Tag für dich alleine ohne auf jemanden angewiesen zu sein.",0,0,0,1,0,0
deu_train_track_a_01481,"Ich hatte das gleiche Problem und habe es nach 2 Jahren aufgeben müssen, du bist kein Arzt und nicht für sie Verantwortlich.",0,0,0,0,1,0
deu_train_track_a_01482,"Ich finde das ein sehr wichtiges Thema und es gab auch schon teils Beiträge hier im Sub. Mir geht es nicht darum Angst zu schüren, sondern um Aufklärung, weil viele Menschen einfach Kliniken empfehlen und das kann total helfen und vielleicht gibt es teils keine andere Möglichkeit und gleichzeitig gibt es auch Menschen die keine guten Erfahrungen gemacht haben. Teilt gerne eure Erfahrungen mit Kliniken/Psychiatrien.",0,0,0,0,0,0
deu_train_track_a_01483,"Also wenn Du noch atmest, schlägt auch das Herz. So habe ich es zumindest beim erste Hilfe Kurs gelernt. Wenn man atmet, braucht man den Puls gar nicht erst suchen, weil er im Schockzustand eh sehr schwach in den Extremitäten ist. Der Körper konzentriert sich nur noch auf die Organe und alles andere wird runtergefahren.   Wenn Dir kalt war, hattest Du vlt auch einen schockähnlichen Zustand. Vlt zu wenig gegessen, niedriger Blutzucker, etc. Oder einfach der Kreislauf.",0,0,0,0,0,0
deu_train_track_a_01484,"Als ich anfing mit der Ausbildung fand ich es auch befremdlich nach der Arbeit duschen zugehen (Gemeinschaftsdusche nur Kerle), aber nachdem ersten mal war das Scharm Gefühl weg. Ich meine jeder hat doch schon mal ein nackten Körper gesehen, und das es dort Millionen Varianten gibt ist auch bekannt, also gönn dir.",0,0,0,0,0,0
deu_train_track_a_01485,"Letztenendes, medizinisch betrachtet, endet eine Depression wenn man für den großen Teil von 2 Wochen die Symptome nicht mehr oder kaum vorhanden sind. Wenn das der fall ist, hast du gute Chancen, dass eine Depression (Anhalten von Symptomen über 2 Wochen hinaus) nichtmehr auftritt. Hattest du vorher aber schonmal eine depressive Episode, stehen die Statistiken nichtmehr so zu deinem Sinne. Kann sein, dass dich deine Reaktionen auf Stressoren in der Zukunft hellhörig, vielleicht sogar etwas ängstlich machen, dass es wiederkehrt. Das ist genau der Punkt wo du ansetzen könntest, um das zu verhindern. Letztenendes ist aber immer wichtig: Gehts dir besser? Bist du wieder grob auf einer Baseline von vor der Depression?",0,0,0,0,0,0
deu_train_track_a_01486,"Die armen, naiven Handlanger der Regierung…",0,1,0,0,0,0
deu_train_track_a_01487,"Napoleon war gar nicht klein.  Dies wurde von der englischen Propaganda popularisiert, die Napoleon in ihren Karikaturen immer als ausgesprochen klein darstellte. Tatsächlich hätte Napoleon mit gut 1,68 m eine für Männer seiner Zeit durchschnittliche Körpergröße erreicht.   [Napoleon Bonaparte auf Wikipedia](",0,0,0,0,0,0
deu_train_track_a_01488,"an alle freiwillig geimpften: fragt euch mal wie oft ihr vor der impfung im jährlichen durchschnitt krank wart und wie es seit der impfung aussieht. Glückwunsch an alle Ungeimpften, aber leider wurde man gefühlt gezwungen und in den medien regierungsgesteuert beeinflusst wurdet🙌🏻",0,1,0,0,0,0
deu_train_track_a_01489,"Diese Regierung und der sogenannte Verfassungsschutz ist eine Lachplatte ohne Gleichen… Kümmert euch endlich um Gerechtigkeit, Gleichbehandlung, Schutz der eigenen Bevölkerung, Sicherung des Einkommens und der Renten und so weiter und sofort… aber Hauptsache ihr steckt euch die eingezahlten Gelder in die eigene Tasche oder verpulvert sie ins Ausland… schämt euch",1,1,0,0,0,0
deu_train_track_a_01490,"Was die meisten ""Friedensbewegten"" nicht verstehen: Die Ukraine hat den Traum der Abrüstung gelebt und all ihre Atomwaffen an Russland abgegeben. Der Dank ist dieser Überfall. Stärke bewahrt vor solchen Angriffen",1,0,0,0,0,0
deu_train_track_a_01491,Die überflüssige Vernichtung bringt uns zur Aufgabe. So wie die Schule der Grausamkeit. Zum Ende gehen wir immerzu.,0,1,0,0,1,0
deu_train_track_a_01492,Woha😱😱😱😱 ich würde auf dem Konzert sterben,0,0,0,1,0,1
deu_train_track_a_01493,"Das wäre so ein typischer Fall von ""Was hat sich der Künstler wohl dabei gedacht?"".",0,0,0,0,0,1
deu_train_track_a_01494,"Es ist nie zu spät Beckenbodentraining zu machen. Das ist ein Muskel der trainiert werden kann. Du kannst also auch nach 5/10/20/50 Jahren noch wirkungsvolles Training machen. Es bietet sich natürlich nach der Geburt an, da man dann wirklich eine lose Beckenbodenmuskulatur hat.",0,0,0,0,0,0
deu_train_track_a_01495,"Weil es nichts Schöneres gibt, als einen Mann beim Ejakulieren zu beobachten. Man, man, man, man, man...",0,1,0,0,0,0
deu_train_track_a_01496,"Diese wahnsinnigen Politiker und ihre Waffenlobby steuern die Menschheit immer weiter in elendige Kriege. Schlimm, dass die Deutschen wieder ganz vorne mit dabei sind. Als Pazifist wird man hier in diesem woken und grün roten Gutbürgerland schon angegriffen, sobald man einen friedlichen Gedanken äußert. Die Waffenlobby mit ihren geldgeilen und karrierebesessenen Politikern hat übernommen. Die Medien, allen voran das gebührenfinanzierte Regierungsfernsehen, sind nur noch Propagandablätter und  willfährige Gehilfen, Kritik, Diskurs unerwünscht.",1,1,0,0,1,0
deu_train_track_a_01497,"Manch einer verheimlicht seine Depression, ein anderer geht offen damit um. Wie verhaltet ihr euch und was sind eure Beweggründe?",0,0,0,0,0,0
deu_train_track_a_01498,"Ich habe direkt vor Corona mehr aus Interesse, als aus echtem Geschäftswillen heraus 21 Hüpfburgen anfertigen lassen, und dann erstmal eingelagert, da die Coronamaßnahmen nichts erlaubt haben. Seitdem das Aufstellen von Hüpfburgen wieder erlaubt ist, haben wir uns stetig vergrößert und sind mittlerweile die größten im Bundesland.",0,0,0,1,0,0
deu_train_track_a_01499,"Geld für Linksexgreme um gegen Extremismus vorzugehen 🤦‍♂️ Realsatire vom Feinsten, und die Schafe jubeln.",1,1,0,0,0,0
deu_train_track_a_01500,Sozialistische perspektive schön und gut aber was wenn ich dir sage dass das himmlische jerusalem quasi zum greifen nahe ist????,0,0,0,0,0,0
deu_train_track_a_01501,Der Gedanke an eine weitere Pandemie lässt mich erschaudern.,0,0,1,0,0,0
deu_train_track_a_01502,"Wer den Staat Israel kritisiert, ist noch lange kein Antisemit. 85% der jüdischen Bevölkerung distanziert sich ganz klar von der israelischen Regierung.",0,0,0,0,0,0
deu_train_track_a_01503,Genau! In solchen Fällen muss #Selbstjustiz straffrei sein! Poltiker wollen ihre Frauen schlagen und es soll Straffrei sein!,1,1,0,0,0,0
deu_train_track_a_01504,"Alleine würde ich zu ja tendieren, mit meinen Kids hätte ich vermutlich zu viel Angst und würde versuchen zu flüchten",0,0,1,0,0,0
deu_train_track_a_01505,"Die Eckpunkte kenne ich nur zu gut. Gab es einen konkreten Trigger.? Hast Du dich vielleicht mit dem Thema ""Borderline""befasst ? Der Frage nach dem ""Warum"" hechelst Du ansonsten Dein ganzes Emotionales Leben hinterher .",0,0,1,0,1,0
deu_train_track_a_01506,"Hab jetzt einige Zeit Medikamente genommen, um Stabilität rein zu bringen. Hat echt was gebracht. Momentan werde ich aber umgestellt, weil hinter der Depression was anderes steckte... Daher gerade ohne Medis (deutlich schwerer mich aufzuraffen).   Mir hilft das wissen ungemein, dass es ohne Tagesstruktur schlimmer wird und daher zwinge ich mich. Meistens ist den Widerstand überwinden das größte Problem, wenn man angefangen hat läuft es eigentlich von selbst.   Gibt es vielleicht einen Weg für Dich das zu schaffen?",0,0,0,0,1,0
deu_train_track_a_01507,Gegen Terrorismus sind wir mit Israel 💙🇮🇱,1,0,0,0,0,0
deu_train_track_a_01508,Das ist nur ein Verschleierung um die Appelle Krieg zu beenden zu entkräften und IS.rael darf die Genozide weiter treiben. Mir fehlt die Wörter,1,1,0,0,1,0
deu_train_track_a_01509,Geld stinkt nicht 😝,0,0,0,1,0,0
deu_train_track_a_01510,Heute vor zwei Jahren hatte ich meinen 28ten Geburtstag. Mit Corona in Quarantäne. Dann begann der ganze Horror. #LongCovid #MECFS,0,0,1,0,1,0
deu_train_track_a_01511,"Ich möchte gern in deutsche Cannabismedizin arbeiten. Ich studiere Biologie, und dieses ist meine zweite Semester mit Deutschlernen. Ich liebe Pflanzenbiologie! Mein Hochschulabschluss ist fast fertige.",0,0,0,1,0,0
deu_train_track_a_01512,Sagten sie und verbreiten Hass.,1,0,0,0,0,0
deu_train_track_a_01513,"Schraub ""einfach"" die eigenen Ansprüche runter, das hilft mir immer. Anderen fällt auf wie unaufgeräumt oder dreckig es bei dir ist... So what? Was sollen sie tun, dich verklagen? Die Bausubstanz meiner Bahausung lässt andere nervös lächeln... Egal. Du bist zu müde um höflich zu jemandem zu sein? Teil dich mit, sag ab, fordere Hilfe ein. Ich wünsche Kraft für die 4 Wochen! Wenn du es wirklich willst, kannst du es auch schaffen. Würde ich mein jüngeres Ich coachen können, würde ich ihm Meditation angedeihen um aus dem Gedankenkarussell herauszukommen. Und den Weg zum Hausarzt wenn man heulend auf dem Boden sitzt und alles hinschmeißen will.",0,1,0,0,1,0
deu_train_track_a_01514,"Wenn du so krasse Probleme mit Motivation hast, dass du seit zwei Jahren Probleme mit deinem Studium hast, steckt da sicherlich ein härterer Grund hinter als einfach ""Faulheit"". Schau mal ADHS nach (ja auch Leute die nicht hyperaktiv sind können ADHS haben und es lässt sich ganz gut behandeln) und vielleicht schaust du auch Depressionen nach.  Denk auf keinen Fall dass du einfach ""zu faul"" bist, und wenn du wirklich dieses Studium machen willst und es dir so peinlich ist aber dir trotzdem so schwer fällt gibt es sicherlich einen ernsteren Grund",0,0,0,0,0,0
deu_train_track_a_01515,Und warum regnet es schon wieder? Hab ich nicht bestellt! 😠😠 Also wird aus dem Sonntag ein Betttag! 3x t sieht irgendwie falsch aus! 🤔🤔,1,0,0,0,0,0
deu_train_track_a_01516,"Wie denkt man in der Türkei über die Leute die ihr ganzes Leben in Deutschland verbringen, in der Türke aber immer noch schön weiter Erdogan wählen?",1,1,0,0,0,0
deu_train_track_a_01517,Danke für dein AMA!  Was hast du studierst? Wie viele Sprachen sprichst du?,0,0,0,0,0,0
deu_train_track_a_01518,"Man kann leider Friedrich Merz nicht im Hintergrund hören wie er zynisch ""Schneller!"" zuruft.",1,1,0,0,0,0
deu_train_track_a_01519,"Woche fängt mit Kopfschmerzen und verstopfter Nase an, na, danke! Hoffentlich ist es bei Euch besser, einen guten Start in die kurze Woche!",0,0,0,0,1,0
deu_train_track_a_01520,"Ich bin heute an ES +15 und habe jetzt den 3. Tag in Folge ein Ziehen im Unterleib und leichte Schmerzen im unteren Rücken. Es fühlt sich an, als würde meine Periode kommen, die hätte am Freitag eigentlich da sein sollen und ist sonst verlässlich wie ein Schweizer Uhrwerk.  Meine Brüste sind zwar etwas empfindlich, jedoch nicht mehr, als wenn meine Periode kommen würde.  Wie habt ihr diese Warterei ausgehalten? Wann meint ihr, dass ein Test sinnvoll ist? Soll ich noch ein paar Tage warten?",0,0,1,0,0,0
deu_train_track_a_01521,"Hi, erstmal danke für dieses Ama!   1. Wie kam es dazu? Wie lange wart ihr zusammen bevor ihr euch entschieden habt es mal als Päärchen zu probieren?  2. Hat einer von euch im Vorhinein Erfahrung gemacht in der Swinger-Szene?  3. Wie ist es mit dem Thema Eifersucht? Habt ihr bestimmte Vorkehrungen oder 'Regeln' für euch getroffen die es euch erleichtern?  4. Habt ihr auch andere Paare mit denen ihr euch regelmäßiger trefft oder bleibt es bei spontanen Treffen auf den Partys?  5. Was ist euer schönstes/interessantestes Erlebnis auf einer solchen Party?",0,0,0,0,0,0
deu_train_track_a_01522,"Spaß freut mich für dich, viel Glück",0,0,0,1,0,0
deu_train_track_a_01523,"Der zionistische Terror bringt Menschen Verachtung und Rassismus auf ein neues, trauriges Niveau...",1,1,0,0,1,0
deu_train_track_a_01524,🌹🌹🌹So bezaubernd und hinreißend 🌹🌹🌹,0,0,0,1,0,0
deu_train_track_a_01525,"<3 Vielen Dank für die Hoffnung! Meine Oma möchte auch lernen. Geht aber seehhhr langsam. Sie hat nicht einmal einen Computer und versteht das Internet gar nicht, also es wäre wirklich schön wenn sie es zumindest mit dem Handy verwenden könnte. Ich bin auch stolz auf deine Oma!",0,0,0,1,0,0
deu_train_track_a_01526,Lost wer 2024 noch Fleisch&Fisch isst.,0,1,0,0,0,0
deu_train_track_a_01527,"Hast du denn auch versucht, dich wirklich ruhig mit ihm hinzusetzen, und ruhig deine Gedanken zu schildern? Dass dich das sehr verletzt.  Also auch ohne mit Vorwürfen o.ä. Einfach nur sagen wie du dich fühlst und fragen, was ihr tun könnt, ob es ihm denn gut geht oder ob vielleicht mehr dahinter steckt",0,0,0,0,0,0
deu_train_track_a_01528,Jeder kennt wahrscheinlich die Geschichten von den Großeltern wie Opa mit 17 in die Fabrik reinmarschiert ist und mit einem 50 Stunden Fließband Job zwei Häuser und fünf Kinder ernähren konnte. Von dieser Überspitzten Darstellung abgesehen stimmt es aber dass früher sehr viele Haupterwerber eine ganze Familie ernähren konnten während ein Partner zuhause war. In Anbetracht der immer steigenden Lebenserhaltungskosten kann ich mich als Single schon kaum über Wasser halten und dabei spare ich mir sogar das Avocadotoast /s. Habt ihr einen klassischen Hauptverdiener und wie macht ihr es ?,0,0,0,0,0,0
deu_train_track_a_01529,"Mir fällt hier in den Kommentaren gerade eine weitere Strategie der AfD auf: ""Ich wähle nicht die AfD, schlage mich aber trotzdem auf deren Seite... "". Soll wohl vorgaukeln, dass die Mitte der Gesellschaft sie akzeptiert. Dazu kann ich nur sagen: Nö! #wirsindmehr",1,1,0,0,0,0
deu_train_track_a_01530,"Wer nach den etlichen Aufnahmen von hingerichteten ukrainischen Kriegsgefangenen, die nach der Eroberung von Avdijkwa aufgetaucht sind, noch immer pro-Russland ist, dem ist auch nicht mehr zu helfen.",1,1,0,0,0,0
deu_train_track_a_01531,Ich werde kündigen und nur noch bei Bedarf mal einen Monat buchen.,0,0,0,0,0,0
deu_train_track_a_01532,Da müsste man ihm vielleicht einfach eine Mail an seinen Agentur Kontakt schicken? mail.de Kann u.U. ganz einfach sein....,0,0,0,0,0,0
deu_train_track_a_01533,"Ich glaube auch, dass du dich schon entschieden hast, und nein, du bist deshalb kein Arschloch.  Ich würde trotzdem nicht direkt kommentarlos Schluss machen, sondern dir ein Herz nehmen und in ein paar ruhigen Stunden ehrlich alles auf den Tisch bringen, was dich stört.  Vielleicht bist du überrascht, was sie vorzuschlagen hat, vielleicht endet das Gespräch mit einer Trennung.  Geh unvoreingenommen ran und ohne das Ziel irgendwem die Schuld für irgendwas geben zu wollen.",0,0,0,0,0,0
deu_train_track_a_01534,"Zu den schwerwiegenderen Nebenwirkungen von Venlafaxin zählen u.a. abnorme Blutungen und Blutergüsse. Dies solltest du Ernst nehmen und auf deine Ärztin hören und das Medikament langsam ausschleichen lassen. Wenn du Schmerzen empfindest, ist es immer ein Zeichen des Körpers, dass etwas nicht in Ordnung ist und das etwas deinen Körper und damit deine Existenz schädigt. Dies solltest du Ernst nehmen und das Medikament langsam absetzen. Ich kenne nicht deine Krankheutsgeschichte, aber eventuell gibt es aus dem Bereich der Naturheilkunde etwas wie zB. CBD-Öl, dass dir beim Entspannen und Beruhigen hilft. Hilfreich kann auch Autogenes Training, Progressive Muskelentspannung, MBSR-Meditation, Yoga Nidra Entspannung, usw. sein.",0,0,1,0,0,0
deu_train_track_a_01535,Der größte Feind sind Parteien die eine demokratisch gewählte Patrtei verbieten wollen #Demokratie,1,1,0,0,0,0
deu_train_track_a_01536,War ausnahme und war eh gut bis auf WL,0,0,0,1,0,0
deu_train_track_a_01537,"Putin ist alles, nur kein Diktator. Ein bisschen mehr Putin würde uns auch nicht schaden. Er denkt wenigstens an sein Volk. Unsere Regierung macht sich nur Sorgen um andere Völker",1,1,0,0,0,0
deu_train_track_a_01538,"Denke die wollen sichergehen, dass die Gläser leer sind wenn die Gäste wieder abhauen.  Die Wahrscheinlichkeit, dass jemand ein 0,3 Glas Saft halb voll stehen lässt ist höher.  Außerdem verbrauchen die Leute weniger Saft weil sie nicht alle 2-3 Minuten rüber laufen wollen. Deshalb sind auch die teller und Brötchenkörbe gerne mal klein.  Die ""Scham"" 2x zu gehen führt dazu, dass die Leute weniger essen/trinken und somit mehr Gewinn über bleibt beim Pauschalpreis.",0,0,0,0,0,0
deu_train_track_a_01539,Es stellt sich also heraus dass der Freund zufällig den Reddit-Account kennt? Wann wenn nicht in einem solchen Fall nutzt man einen ThrowAway? Da stimmt doch irgendwas nicht. Habe eher den Eindruck dass wir es hier mit einer aufmerksamkeitsheischenden DramaQueen zu tun zu haben. Falls der Kerl wirklich existiert - mein tiefstes Beileid.,0,0,0,0,1,0
deu_train_track_a_01540,"Ist das maßgeblich durch den Entzug entstanden, kann man das abschätzen? Wie kams dazu, dass sie aufgehört hat und wie hat sie das bewerkstelligt? Also kalter Entzug oder mit ärztlicher Hilfe? Dir und deiner Schwester weiterhin viel Kraft!",0,0,0,0,1,0
deu_train_track_a_01541,Aber wir müssen vorsichtig bleiben. Noch steht diese Art auf der roten Liste und könnte jeden Moment wieder aussterben.,0,0,1,0,0,0
deu_train_track_a_01542,"Ich glaube, der Trick ist es einfach zu machen. Am Anfang muss man sich sehr überwinden, hält vielleicht auch nicht so lange durch. Aber nach ein paar Tagen gewöhnt man sich langsam dran und kann sich auch wieder besser darauf konzentrieren. So jedenfalls meine Erfahrung mit sowas.",0,0,0,0,0,0
deu_train_track_a_01543,"> Ich bin der Meinung das ist wer lediglich zum Arbeitgebervorteil. So ist es auch. Du wirst da viel Willkür finden. Das ist selbst in Tarifunternehmen so, wo angeblich ""Strikt nach Stellenbeschreibung"" bezahlt wird. Dem Bereichsleiter gefällt deine Nase? Glückwunsch: 90% Homeoffice bewillig. Rest kriegt 0%. Nur dumm, wenn der Kollege damit herumprahlt. Nun wollen alle weg :-)",0,1,0,0,0,0
deu_train_track_a_01544,Ich kann über 220 Länder und Territorien auf der Weltkarte zeigen (ja auch die ganzen komischen kleinen Inseln),0,0,0,1,0,0
deu_train_track_a_01545,Schaue Mal meine neusten tweets ich habe unter einem anderem tweet mir eine Zelle mit melly geklärt 😎,0,0,0,1,0,0
deu_train_track_a_01546,"Und warum zur Hölle soll dann ab dem 20.3 alles gelockert werden? Ich checks nicht, Karl.",1,0,0,0,0,1
deu_train_track_a_01547,"Interessantes AMA, danke dafür.  Wie meisterst du den Alltag? Wie oft kommt es zu einer Derealization? Bester Erfahrung bisher? Lustigste Erfahrung bisher? Schlimmste Erfahrung bisher?  Kann man dagegen etwas tuen? z.B. Training/Therapie oder ähnlich?",0,0,0,0,0,0
deu_train_track_a_01548,Das Geld wurde halt in den letzten 20 Jahren großzügig in Prestigeobjekte in Bayern gesteckt. Jetzt ham wa den Salat.,1,0,0,0,0,0
deu_train_track_a_01549,"Das ist a mal geil. Ich habe vor \~15 Jahren immer wieder Woodland gespielt, aber die aktuellen magfed events mit der First Strike Munition ist ja mal ne krasse Weiterentwicklung. Was würdest du sagen, wie wichtig der taktische Teil bei deinem Event ist? Bei den Woodland-Spielen damal ist immer jeder Richtung Gegner gelaufen, meistens hat man sich gegenseitig gesehen noch bevor man in Reichweite war, dann beide hinter den näcshten Baum und so lange abwechseln aufeinander geschossen, bis mal irgendwer mehr oder weniger zufällig getroffen wurde (SupAir war da um einiges taktischer). Ist das bei den großen magfeed-events anders? Gibt es relevante Teambesprechungen, hat man von einem geplanten Vorgehen einen echten Mehrgewinn?",0,0,0,1,0,0
deu_train_track_a_01550,"Beendet dieses unsägliche Drama, dann braucht es diese unwürdige Aktion der Versorgung der Menschen nicht, da man einen politischen Offenbarungseid hinlegt. Es sind die selben Leute die mit ihren Veto gegen diesen Krieg, dessen Fortführung gesichert haben!",1,1,0,0,1,0
deu_train_track_a_01551,Die Regierung ist ja sowieso ein Kaspaltheater dir müssen nix mehr feiern zu Fasching,1,1,0,0,0,0
deu_train_track_a_01552,Frauen können als förmliche Kleidung ein Kleid anziehen während wir Männer in der langen Anzugs Hose und langen Hemd evt. mit Sakko dasitzen. Was im Sommer definitiv keinen spaß macht.,0,1,0,0,0,0
deu_train_track_a_01553,"Wenn ich mich in die Frau des verstorbenen versetze - mir wäre das sowas von egal.   Was für mich nicht gehen würde, wäre den Namen eines Kindes zu verwenden, das verstorben ist. Bei meinem Partner könnte ich das komplett trennen.",0,1,0,0,1,0
deu_train_track_a_01554,Ja. Der Tod ist nah! Wer glaubt Ihnen noch etwas? Ich glaube Ihnen nicht einmal mehr das Datum.,1,1,0,0,0,0
deu_train_track_a_01555,"Das ist Diktatur !!! Nicht in Deutschland, wie viele Querdenker und die braune Bande es behaupten. Wir leben hier in einer Demokratie",1,1,0,0,1,0
deu_train_track_a_01556,Wenn 20.000 Querdenker wirklich glauben das wir im Faschismus oder in einer Diktatur leben (wie die behaupten) - würde es keine 20.000 Querdenker mehr geben. Gruss von Kim aus Pjöngjang Ich verstehe die Leute echt nichtmehr....,1,1,0,0,0,1
deu_train_track_a_01557,"Danke, dass du das getan hast! Mich würde sehr interessieren wie es dem Kind (Jugendliche/n :) ) nun geht und sie/er reagiert! Vielleicht hälst du uns auf dem Laufenden?",0,0,0,1,0,0
deu_train_track_a_01558,Penetrant den Warentrenner an die andere Cola schieben,1,0,0,0,0,0
deu_train_track_a_01559,Immer wieder lustig wie von dem Kernproblem unseren unfähigen Ampel abgelenkt wird und plötzlich unser größtes Problem in Deutschland der Kampf gegen die AfD ist🤣 und die Medien puschen diesen ganzen Irrsinn auch noch täglich.,1,1,0,0,0,0
deu_train_track_a_01560,Da braucht du jetzt auch garnicht neidisch werden. Der arbeitet bestimmt auch 20.000 mal mehr als du.,1,1,0,0,0,0
deu_train_track_a_01561,kann ich so bestätigen - das größte toxische verhalten habe ich immer bei rocket league im ranked an den tag gelegt,0,1,0,0,0,0
deu_train_track_a_01562,"Gibt auch Männer, die lieber an der Stange tanzen sollten als Politik zu machen. Die 9 hier zB",1,1,0,0,0,0
deu_train_track_a_01563,"Ägypten. Sobald wir die Hotelanlage verließen wurden wir direkt angequatscht. Als wir einen Kerl ignorierten meinte er ""Fuck you, I hope you die"". Und ein anderer Kerl hat mich mitten auf einem Markt am Arm gepackt weil ich ihm nicht zugehört habe. Wir waren da wohlgemerkt mit einer Reisegruppe auf dem Markt unterwegs. Will gar nicht wissen wie es Leuten ergeht die dann nicht in einer Gruppe sind.",0,1,1,0,0,0
deu_train_track_a_01564,Wann endlich Gabby Epstein heiraten,0,0,0,0,0,0
deu_train_track_a_01565,Ich kann auch Zorn ohne Geld.🤨,1,0,0,0,0,0
deu_train_track_a_01566,"Vielleicht möchtest du über Weihnachten irgendwo freiwillig aushelfen? Im Tierheim, Obdachlosenheim, etc.? Du wärst nicht alleine und würdest gleichzeitig was Gutes tun.  Oder du startest irgendwo einen Aufruf - vielleicht gibt es Communities dafür - für Leute, denen es ergeht wie dir. An den Weihnachtstagen haben Cafés und Restaurants in der Regel geöffnet. Ich drücke die Daumen, dass du eine für dich gute Lösung findest!",0,0,0,0,0,0
deu_train_track_a_01567,"Hin und wieder stolpere ich über einen Beitrag, der mir entweder weiterhilft oder mich unerwartet zum Lachen bringt. Diesen Leuten gebe ich einen Award in dem Wissen, dass das Geld einen kleinen Beitrag dazu leistet, die Plattform für diesen Beitrag bereitzustellen.",0,0,0,1,0,0
deu_train_track_a_01568,"Gratuliere. Weiter so, vielleicht musst du dich nur an diese Sachen gewöhnen. Angewohnheiten sind nicht mehr anstrengend.",0,0,0,1,0,0
deu_train_track_a_01569,Wir wünschen uns ein baldiges Ende des Krieges durch Verhandlungen. Alles andere wird in einer Katastrophe enden,0,0,1,0,1,0
deu_train_track_a_01570,War sein Vater GroSmeister oder sonstiges oder wie ist es dazu gekommen das er dich im Schach spielen trainiert hat?,0,0,0,0,0,0
deu_train_track_a_01571,"Ich hab nachgedacht über die enorme Häufing von angeblichen Impfschäden im deutschsprachigen Raum, die nirgendwo sonst auf dem Planeten beobachtet wurden:  Entweder sind wir arischen Hünen genetisch ziemlicher Müll oder es gibt richtig viele dumme Menschen hier.",1,1,0,0,0,0
deu_train_track_a_01572,"Danke für das Teilen der Erfahrung. Sehr schön geschrieben! Ich denke, ihr habt alles richtig gemacht, es ausprobiert, alles kommuniziert und dann auch wie besprochen alles beendet als es zu emotional wurde. Alles Gute auf dem weiteren Weg.",0,0,0,1,0,0
deu_train_track_a_01573,"Wenn du die Sprache nicht wirklich sattelfest beherrscht würde ich es nicht machen. Ist ja dann auch irgendwie unnatürlich oder?  Wir erziehen von Anfang an zweisprachig, da mein Mann aus Irland kommt. Ich spreche einwandfreies Englisch, hab aber bis vor kurzem nicht mal auf Englisch vorgelesen. Mittlerweile weiß unsere Tochter, dass sie mit Papa Englisch spricht und mit Mama Deutsch. Erst jetzt les ich ihr auch Englische Bücher vor. Sie ist auch 2,ist sprachlich aber schon sehr weit, bei Sätzen von 4-5 Wörtern in beiden Sprachen.",0,0,0,0,0,0
deu_train_track_a_01574,"Vielleicht ist das Rühren nur ein Vorwand um selbst aus dem Fenster gucken zu können. Und dann hat er seine Freunde geholt, damit sie auch die kuriosen Nachbarn sehen können die jeden Tag zur selben Zeit immer Teig am Fenster kneten.",0,0,0,0,0,0
deu_train_track_a_01575,Strompreiszonen jetzt! Dann geht das mit dem Netzausbau ganz schnell.,1,0,0,0,0,0
deu_train_track_a_01576,Wie bitte? Mein längt vergessenes Bankkonto enthält noch Geld?,0,0,0,1,0,1
deu_train_track_a_01577,Katastrophe diese Selbstdarstellerin...,1,1,0,0,0,0
deu_train_track_a_01578,"„Denn Sie wissen nicht was Sie tun“, es gibt keine einfachen Lösungen wie es die Afd verspricht. Jeder der AfD wählt, weiß was er wählt. Rechtsextreme, die den demokratischen Staat verachten, Menschenrechte verachten…",1,1,0,0,0,0
deu_train_track_a_01579,"Leider ist unterschiedlicher sexdrive echt ein wesentlicher Faktor, so auch meine Erfahrung aus zwei Beziehungen, in denen es so war. Ich würde davon abraten, trotzdem weiterzumachen. Ein sehr niedriger Sexdrive hat aber auch Ursachen. Vielleicht redest du mal mit ihm darüber, ob er er nicht mal -sowohl ihm als auch dir zu liebe- sich damit auseinandersetzen möchte. Neben psychische Ursachen kann ein niedriger Sexdrive auch mit bestimmten Medikamenten oder der Ernährung (Stichwort Libido) zusammenhängen.",0,0,0,0,0,0
deu_train_track_a_01580,"Musk ist so reich, aber anstatt mal was umweltfreundliches zu unternehmen und klimaschutz und naturachutzprojekte zu finanzieren, macht er das gegenteil und zerstört sie immer weiter.",1,1,0,0,1,0
deu_train_track_a_01581,"Hey You!  Mag den fast ""lyrisch"" anmutenden Aufbau der Geschichte. Anfang, besonders aber das Ende gefallen mir. Im mittleren Teil fehlt mir etwas mehr Tiefe.  *Jetzt wo ich darüber nachdenke.*  *Die Kälte ist schön.*  &",0,0,0,1,0,0
deu_train_track_a_01582,Ich würde gern so ein heiliges Stück haben und ehren OwO,0,0,0,1,0,0
deu_train_track_a_01583,"Nein nein nix da, fuck den schön weiter ab bis er seinen scheiß weg räumt, oder räum es ihm auf den Arbeitsplatz. Der macht dir damit nur mehr Arbeit, da würde ich an die Decke gehen",1,0,0,0,0,0
deu_train_track_a_01584,"Alles Gute dir.   Das alle Teller mit Knacks entsorgt werden sollten, das stimmt mitnichten. Deine Lebensrealität ist nicht die aller Anderen.",0,0,0,0,0,0
deu_train_track_a_01585,Ich finds witzig und andere auch. Es ist ja gerade witzig weil es so kringelig klingt. Es sind halt deutschsprachige unterlasses.,0,0,0,1,0,0
deu_train_track_a_01586,"Vielleicht erstmal 1-2 Wochen ""sacken lassen""  Danach sieht man oft klarer. Ich glaube nicht, dass es nur an der Arbeit liegt. Ihr seid mit 19 Jahren (bzw 17Jahren) zusammenkommen, der Mensch verändert sich in diesem Zeitraum halt sehr.",0,0,0,0,1,0
deu_train_track_a_01587,Dieser Lärm von der Baustelle nebenan macht mich wahnsinnig!,1,0,0,0,0,0
deu_train_track_a_01588,"Ich lebe lieber mit meiner FFP2/3 Maske, als mit Corona & mit Long Covid. Die Maske kann ich jederzeit absetzen. Eine Infektion & bleibende Folgeschäden hingegen nicht. So einfach ist das. 😷",0,0,1,0,0,0
deu_train_track_a_01589,Danke fürs Kompliment,0,0,0,1,0,0
deu_train_track_a_01590,"Die Menschen die fähig sind selbstzudenken, werden sich nicht mit irgendwelchen rot/grün/schwarz/lgtbq/Palestina/Antifa Demos einschüchtern lassen. Ich bin Migrantin und habe keine Angst vor der von den Medien herausgefundenen Deportation. AfD will keinen deportierten sondern abschieben. Abschieben ist gut. Das Gesetz muss angewendet werden.  Wenn die Gesetze missachtet werden, gibt's kein Rechtsstaat mehr. Wenn die Staatsanwaltschaft auf Befehl der Regierung arbeitet, gibt's kein Rechtsstaat. In Deutschland ist es eine Tatsache. AfD muss das kranke Land heilen.",1,1,0,0,0,0
deu_train_track_a_01591,"Ist tatsächlich auch abhängig vom Gynäkologen bzw Diabetologen. Hab zweimal den großen Test gemacht, Blut wurde aber immer aus dem Arm genommen. In meiner ersten Schwangerschaft war ich bei der Gynäkologin, da gab es das Ergebnis nach drei Tagen. Jetzt in meiner zweiten Schwangerschaft habe ich durch Umzug die Praxis gewechselt, die führen den großen Test selber gar nicht durch, deshalb war ich direkt beim Diabetologen und da gab es das Ergebnis sofort. Kommt also auf die Ausstattung der Praxis an.",0,0,0,0,0,0
deu_train_track_a_01592,"Das kommt auf den Vermieter an. Manche wollen keinen kleinen Kinder und schon gar nicht Babys im Haus, anderen ist es egal bzw die bevorzugen Familien für größere Wohnungen, da die in der Regel länger bleiben als z.B. WGs.  Am wichtigsten wird aber immer das Geld sein und wie sicher dieses ankommt.",0,0,0,0,0,0
deu_train_track_a_01593,"Erst jammern alle über den Klimawandel und jetzt wenn die USA ihn aktiv bekämpfen will, ist es den Leuten auch wieder nicht recht.",1,0,0,0,0,0
deu_train_track_a_01594,"Das nenne ich guten Geschmack, mein Geologenherz schlägt gerade ganz hoch ;) Danke für die kontinuierlichen Updates, richtig schön!",0,0,0,1,0,0
deu_train_track_a_01595,"Die Zustimmung zum Wiederaufbau der Berliner Mauer stieg im EU Parlament zuletzt um 7,6%",0,0,0,0,0,0
deu_train_track_a_01596,"Man kann gar nichts mehr glauben. In Deutschland ist die Demokratie verloren gegangen auch wenn man ständig ""Demokratie"" schreit.",1,0,0,0,1,0
deu_train_track_a_01597,"Weinen beste. Ich weine regelmäßig, alleine schon wenn ich bei excel ne Formel nicht hinbekomme lol   Manche Menschen sind einfach so, dass sie auf Stress oder auf allgemein bestimmte Reize mit weinen reagieren. Tränen reduzieren Stresshormone. Ich fühle mich danach oft echt besser. Also ja, ich finde das normal. Ich könnte jetzt eine Best-of-Tränen-Liste erstellen. Insbesondere wenn man als Frau noch mit PMS zu kämpfen hat.",0,0,0,1,1,0
deu_train_track_a_01598,"Bei mir wurde Oktober 2021 bei einer Magenspiegelung Magenkarzinom diagnostiziert. Seit November bis Januar hatte ich 4 chemotherapien, am 18. Januar wurde der Magen komplett entfernt, seit Mitte Februar weitere 2 chemotherapien bekommen, mitte März mit Corona infiziert, was dazu führte, dass mein Immunsystem komplett down war und deshalb sich ein Abzess am Hintern gebildet hat. Musste notoperiert werden. Seit Ende April kriege ich die letzten zwei chemo Behandlungen. Heute ist der Tag, an dem der ganze spuck ein Ende hat.   Wie ihr seht, kann das Leben manchmal hart zu einem sein. Gebt nicht auf. Egal durch was für Zeiten ihr aktuell durch musst. Alles wird irgendwann wieder gut.",0,0,0,1,1,0
deu_train_track_a_01599,"Die, die es bereuen könnten, sind tot.",0,0,0,0,1,0
deu_train_track_a_01600,"Es gibt Denker und Mitläufer. Das war schon immer so. Corona hat nur gezeigt, wer wir wirklich sind... 😉",0,1,0,0,0,0
deu_train_track_a_01601,Reicht doch langsam mit Ukraine,1,0,0,0,0,0
deu_train_track_a_01602,Ich kann diesen Mann nicht mehr ertragen... Die ganze CSU sondert nur noch Unsinn ab...,1,1,0,0,0,0
deu_train_track_a_01603,Brandenburg. Ich bin dort familientechnisch ab und zu unterwegs... Dort liegt der Hund begraben und die Katze gleich mit,0,0,0,0,1,0
deu_train_track_a_01604,"Wie schlimm ist es?  Und Was ist so die eindrücklichste Geschichte die du erlebt hast, die zeigt, wie die zustände so sind?  Du meinst die Politik hat die Gegend vergessen? Woran merkt man das und was könnte man deiner Meinung nach machen?",0,0,0,0,0,0
deu_train_track_a_01605,"So blöd und fad es auch klingt: Das wird sehr wahrscheinlich die Zeit regeln. Vermutlich redest du dir die Gefühle gerade auch etwas ein, weil es eben nicht geht. Da ist unsere Psyche ein wenig fies. Atme mal durch und mach ihn nicht so zur verbotenen Frucht. Wenn es sein soll, wird es sein. Aber vielleicht sieht die Welt in ein, zwei Wochen eh schon wieder ganz anders aus. :)",0,0,0,0,0,0
deu_train_track_a_01606,🍲😋Das Essen sieht köstlich aus und du siehst toll aus in diesem roten Halstuch.😍🐑,0,0,0,1,0,0
deu_train_track_a_01607,Teror Staat Israel,1,1,0,0,0,0
deu_train_track_a_01608,wie gehts dir mental? muss ja schon abartig schlimm gewesen sein dass du mit 12 weggerannt bist. wie hast du dich ernährt und den winter überlebt? wünsche dir dass du es schaffst deine träume zu verwirklichen und dir dein eigenes leben aufzubauen!,0,0,0,0,1,0
deu_train_track_a_01609,"Ich wurde mal mit händen hinter dem Rücken gefesselt mit Handschellen, seitdem weiß ich, dass zu locker definitiv schlecht ist bei sowas. Gruß geht raus an meine Eltern die zu meinen Striemen einfach kein Wort gesagt haben",0,1,0,0,0,0
deu_train_track_a_01610,"Hi Tröti, der Satz von euch :""wahrlich ein Sonntagsschmaus"" 👍😃👍made my day",0,0,0,1,0,0
deu_train_track_a_01611,"Ich habe es mir nicht ausgesucht zu leben. Dennoch bin ich hier. Beenden darf ich es aber auch nicht. Der Zugang zu zuverlässigen Methoden ist eingeschränkt und wenn man es doch versucht ist die Wahrscheinlichkeit sehr hoch, dass man gerettet wird und man muss mit den Konsequenzen dann weiterleben. Die Behandlungsversuche von Psychiatern und Psychologen klappten nicht. Diese haben sogar noch bestätigt, dass man mir nicht helfen kann. Ich war noch nie mit meinem Leben zufrieden. Mir macht nichts Spaß, sogar im Gegenteil Aktivitäten stressen mich sehr. Ob ich jetzt die nächsten Jahrzehnte nichts mache oder gleich sterbe macht keinen Unterschied. Warum zwingt man mich zum Leben?",0,0,1,0,1,0
deu_train_track_a_01612,"Gott stehe uns bei! Bislang waren wir ""nur"" am Verarmen, was kommt jetzt noch alles auf uns zu?!",0,0,1,0,0,0
deu_train_track_a_01613,Wie oder wo denkst du ist dein Stalker das erste mal auf dich aufmerksam veworden?,0,0,1,0,0,0
deu_train_track_a_01614,"Würde noch einen Schuss Zynismus dazu nehmen, bitte - danke!  😎",1,0,0,0,0,0
deu_train_track_a_01615,"Wir hatten auch Schwierigkeiten mit dem Stillen, allerdings erst nach 3 Monaten. Meine Hebamme war leider keine große Hilfe, wollte sich das Stillen nicht weiter ansehen weil sie meinte das sei nicht nötig ;) haben dann auch angefangen zuzufüttern. Es gibt außerhalb von Krankenhäusern und Hebamme. Stillberater*innen, die euch helfen könnten! Würde ich euch empfehlen, uns hat es am Ende sehr geholfen noch eine andere Meinung außer die der Hebamme einzuholen :)",0,0,0,1,0,0
deu_train_track_a_01616,">Laschets Aussage, als Christ mache man anders Politik, weil man an ein Leben nach dem Tod glaube und daher nicht das Paradis auf Erden verwirklichen wolle. Hast du da das genaue Zitat",0,0,0,0,0,0
deu_train_track_a_01617,"...und dann bleiben sie stehen und räumen die Scherben auf, mitten in der Nacht und im Dunkeln, mit Hilfe der Handtaschenlampe. Damit keiner drauf tritt. Das hat mich sehr gefreut.",0,0,0,1,0,0
deu_train_track_a_01618,Es ist erschreckend wie viele Faschos und Nazis es in Deutschland gibt.,0,1,1,0,0,1
deu_train_track_a_01619,"Das hat halt absolut nichts mit Sarkasmus zu tun. Aber okay,  Wenn das, der einzige Beitrag zu dem Thema ist.",0,1,0,0,0,0
deu_train_track_a_01620,Die Länge is nur eine Berechnung und kann stark abweichen je nach Messung. Wichtiger ist das Gewicht auf der Kurve. Wenn die Ärztin sich keine Sorgen um das Wachstum insgesamt gemacht hat würde ich mir kein Kopf machen. Wenn du dir Sorgen um die Kindsbewegungen machst und vor allem wenn sie abnehmend sind dann würde ich mich beim Arzt vorstellen.,0,0,0,0,0,0
deu_train_track_a_01621,"Lustig, dass man immer gleich rechts ist, nur weil man mit der aktuellen Regierung nicht einverstanden ist... 🙄🙄",1,1,0,0,0,0
deu_train_track_a_01622,"Es würde eher Sinn machen nicht zu kündigen wg. Mutterschutz, Elternzeit und co.; nehme einfach deinen  Gesamturlaub zum Schluss vor dem Mutterschutz (6 Wochen vor ET) und ziehe einfach dann um. Kündigen kannst du zum Ende der Elternzeit dann später. Dein Partner kann sich ja bis dahin um alles - Wohnungstehnisch - kümmern, damit du nicht so viel stress mit dem Umzug hast.",0,0,0,0,0,0
deu_train_track_a_01623,"Mein Friseur hat gesagt, es ist noch kein Kind mit blauen Haaren zu Welt gekommen, nur weil die Mutter die Haare gefärbt hat.   Schlau, ich weiß.  Also meine Ärztin hatte mir gesagt, es gibt (wie bei 100.000 anderen Substanzen und Verhaltensweisen) keine verlässlichen Studienergebnisse zu den Auswirkungen in der Schwangerschaft. Sie riet mir, vorsichtshalber die ersten drei Monate nicht zu färben.   Daran habe ich mich gehalten, plus noch etwas länger, und danach sah ich so scheiße aus (grau), dass ich sehr froh war, meinen Schlaumeier-Friseur wiederzusehen.",0,0,0,0,0,0
deu_train_track_a_01624,"Wenn deine Gefühle, deiner Freundin gegenüber, sich ändern weil sie Dinge anders macht als du, dann trenne dich.   Es ist vollkommen in Ordnung das mein Partner Dinge anders angeht, aber das muss man erstmal aushalten, und da scheint es bei dir zu hapern.   >gibt es entweder immer das gleiche oder die Küchenaktion endet zu 75% im Chaos.  >. Es wird Besserung gelobt und beim nächsten mal 2 bis 3 Alibi-Vorschläge gemacht  Wenn sie was macht, meckerst du. Und dann wunderst du dich das sie nie was macht?",0,1,0,0,1,0
deu_train_track_a_01625,"Wie der Titel schon verrät. Ich weiß ich darf keinen weichkäse, vor allem keinen blauschimmelkäse etc. Essen.  Ich habe Tiefkühlpizza gekauft und nicht gesehen, dass da blauschimmelkäse drauf ist. Hab eben auf Salami Pizza verzichtet.   Wenn ich die sehr sehr gut durcherhitze (heißt fast zu dunkel werden lasse) , darf ich die dann essen? (ich schmeiß sie gerne weg, wenn ich nicht sollte. Sicher ist sicher.)  Danke schon mal.",0,0,1,0,0,0
deu_train_track_a_01626,"Mit Waffenlieferungen ist der Krieg sicher nicht schnell zu beenden. Da wird nur weitergekämpft bis der Ukraine die Soldaten noch weiter ausgehen. Dann haben wir zwar Putin ein wenig auf Kosten der Ukraine geschwächt, die Ostukraine ist trotzdem weg. Dieser Krieg ist der Preis für unsere jahrzehntelange falsche Abrüstungspolitik. Mit einer funktionsfähigen Bundeswehr hätte die Abschreckung Putins funktioniert oder wir hätten entschlossener helfen können.",1,1,0,0,1,0
deu_train_track_a_01627,"Dein Wert steigt mit der Teilnahme an einer WELTMEISTERSCHAFT deutlich. Nach der Spielerkarriere sind diese Erfahrungswerte gefragt. Niemand in der Industrie/Medien etc. wird einen Rebell einstellen, da unberechenbar und kein Mitläufer. In der übernächsten WM ist Katar bereits vergessen. Als Sportler ist eine WM der Mount Everest der Bergsteigens, auf dieses Ziel arbeitest du jahrzehntelang hin und hast nur wenig Chancen dieses Ziel zu erreichen.",0,0,0,0,0,0
deu_train_track_a_01628,Dafür bekommst du bei uns in Hessen keine 2 Häuser. Es sei denn du meinst so 80qm Fliegenpilze ohne Garten,0,0,0,0,0,0
deu_train_track_a_01629,"Ich finde die Jugend toll..Es ist Ihre Zukunft, nicht unsere... #FridaysforFuture",0,0,0,1,0,0
deu_train_track_a_01630,"Seit 2013 fühle ich mich ständig lethargisch und schlapp, egal wie viel ich schlafe. Die Ärzte finden nix - Blutwerte in Ordnung, keine Schlafapnoe, Hormone in Ordnung. Die letzte Vermutung immer: ""Haben Sie Stress? Sind Sie vielleicht depressiv?""  Nein, so richtig depressiv bin ich nicht mehr aber von 2011 auf 2012 hatte ich so eine Phase. Kann sowas einen vielleicht nachhaltig beeinflussen? Spürt ihr auch noch Jahre später, dass ihr euch verändert habt?",0,0,0,0,1,0
deu_train_track_a_01631,"Erstmal: Meine Tiefstes Beileid. Sowas hat niemand verdient und es ist unfassbar eklig so benutzt zu werden, I know the feeling.   Wie schon jemand anderes hier angemerkt hat, gibt es Männer die quasi ne virgin kink haben. Die benehmen sich wie die tollsten Männer der Welt und sagen dir alles was du hören willst, bis sie dann ihr Ziel erreichen. Danach suchen sie sich ne neue. Ob das der Fall ist, kann man nicht sagen. Bei dem Verhalten aber, meiner Ansicht nach, wahrscheinlich.",1,1,0,0,1,0
deu_train_track_a_01632,Suche vergeblich nach einem Bearbeitungsbutton. Jetzt lohnt sichs auch nichtmehr nochmal neu zu schreiben.,0,0,0,0,1,0
deu_train_track_a_01633,Heiligkeit kann nur durch Buße und Abkehr von der Sünde kommen. #EternalRestWithGod,0,0,0,0,0,0
deu_train_track_a_01634,"KREML-PUTIN zestört Alles was Ihm im Weg ist, danach retten die USA die Ukraine und jemand in Ruskieland erbarmt sich Vladi, danach habe fertig, eine neue Ukraine wird aufgebaut und wir beweinen wie ehren alle Verletzten wie gefallenen im Kreml Russland Ukraine Krieg. Inklusive Alexey Nawalny.",1,0,0,0,1,0
deu_train_track_a_01635,"Wie nett von Dir, dass er auf seine Kosten kommt und Du nicht. Und er befriedigt sich lieber selbst aufm Klo auf Arbeit, anstatt mit Dir Sex mit Kondom zu haben? Das soll tatsächlich besser sein, als Sex mit Kondom? Junge Junge, Dein Partner darf sich ruhig mal ein paar kritische Fragen gefallen lassen",1,1,0,0,0,0
deu_train_track_a_01636,"Gilt es als Totschlagargumenttotschläger, wenn ich jemanden den Link auf diesen Artikel als Gegenargument schicke?",0,0,0,0,0,0
deu_train_track_a_01637,"Ich hatte bei allen meinen Kindern in den ersten Wochen/Monaten eine Pumpe, da sie noch in der Klinik waren. Frag am besten bei Apotheken in deiner Nähe, ob die welche verleihen, mit der elektrischen Doppelpumpe von Medela habe ich gute Erfahrungen gemacht (unbedingt 2 Pumpsets nehmen! ). Ich konnte die telefonisch noch aus der Klinik reservieren und das Rezept vom Frauenarzt nachreichen, das wird meist für einen Monat ausgestellt. Das Folgerezept, falls nötig, stellt der Kinderarzt aus. Es gibt also relativ easy die Möglichkeit, eine Pumpe zu benutzen, eine eigene hatte ich nie. Und Mann war ich froh, als das Ding wieder aus der Wohnung raus war und ich ganz normal stillen konnte...",0,0,0,0,0,0
deu_train_track_a_01638,Diese Panik und Angst. Keine Sorge kleiner Quakerich. Du bist der Beste.,0,0,0,1,0,0
deu_train_track_a_01639,"Bei meiner ersten Schwangerschaft hat sich der Bauch paar Tage vor Entbindung wirklich merklich gesenkt. Bin jetzt in der 35., ab morgen der 36. Woche und man sieht, es tut sich jetzt schon einiges. Mir wurde daher schon mehrmals gesagt ich solle langsam machen, dass wir auf jeden Fall bis 37+0 kommen. Das 6 mal nachts pieseln finde ich persönlich nicht aussagekräftig, ich hab das phasenweise in der ganzen Schwangerschaft. Was du machen kannst ist viel Bewegung. Laufen, Treppen laufen und so, ist nämlich das, was verboten wird, wenn es zu schnell geht.",0,0,0,0,0,0
deu_train_track_a_01640,"In ukrainischen Schützengräben ist noch Platz für alle.. 🇺🇦🤡🇩🇪🤣🤣🤣🤣🏆 Im nächsten Krieg braucht es keine Blechsärge , Urnen reichen , Putin hat gerade im TV vor dem nächsten Atomkrieg gewarnt.",1,1,1,0,0,0
deu_train_track_a_01641,">Und sie möchte nicht das Werkzeug sein, um meine Bedürfnisse zu erfüllen.   Naja, du bist ja auch ihr Werkzeug, um ihre Bedürfnisse zu erfüllen... Man geht ja Beziehungen ein, weil man ein Bedürfnis danach hat... nur gibt es halt unterschiedliche Bedürfnisse und sie hat scheinbar kein großes Bedürfnis nach Sex...  Ich würd's ja recht witzig finden, wenn Du das nächste mal, wenn sie sich irgendwas wünscht sagst ""Nein, ich möchte nicht das Werkzeug sein, um deine Bedürfnisse zu erfüllen"" :D  Sorry, aber das einfach so ein Quatsch...",0,1,0,0,0,0
deu_train_track_a_01642,"Renny (Minzgeschmack) habe ich kiloweise gekauft. Das mit dem Sodbrennen fing aber auch in Woche 9 an und ging bis zum Schluss.  Gaviskon bekam ich beispielsweise überhaupt nicht runter. Da hätte ich mich jedes mal übergeben können.  Was mir auch empfohlen wurde (was mir aber nicht half):  Heilerde  Natron  Fachingen Heil trinken  Teelöffel mit Senf essen   Ich erwähne einfach mal alles, vielleicht ist ja was für dich dabei",0,0,0,0,0,0
deu_train_track_a_01643,das heißt ich bin cringe und sollte mich löschen,0,1,0,0,1,0
deu_train_track_a_01644,"Ich sags mal ganz frei heraus: du solltest wirklich froh sein, dass du dieses Arschloch nicht geheiratet hast.     Mir ist eh nicht ganz klar wieso ihr heiraten wolltet, auch ohne diese affairen hört sich das nach keiner guten Beziehung an.",1,1,0,1,0,0
deu_train_track_a_01645,">Interessenstechnisch wäre ich definitiv weiterhin bei der FDP besser aufgehoben da ich sehr gut verdiene und die Grünen bei 100%-iger Umsetzung ihrer Steuerpläne etc. für mich sicherlich weniger netto im Jahr bedeuten würden, dies finde ich allerdings fair.  War die Frage, was für dich persönlich kurzfristig dabei herumkommt, für dich bisher bei der politischen Orientierung ausschlaggebend gewesen?",0,0,0,0,0,0
deu_train_track_a_01646,"Klar dafür, vor allem in Berufen, die im Bereich Gesundheit und Pflege anzusiedeln sind, in Positionen, die als Spreader wirken können - und vielleicht auch in der Gastronomie. Hab auch per se nichts gegen eine Generelle, vielleicht ist eine schrittweise Einführung aber sinnvoller.  Impfpflicht ist nicht Impfzwang, übrigens. Niemand kommt mit einer Spritze in dein Haus und nötigt dich.",0,0,1,0,0,0
deu_train_track_a_01647,Wenn wir alle mal ehrlich sind:Niemand vermisst den HSV in der Bundesliga,0,1,0,0,0,0
deu_train_track_a_01648,Ich kann mich mit dem Urlaub auch sehr gut arrangieren. Schönen Urlaub dir,0,0,0,1,0,0
deu_train_track_a_01649,"Was für Dokus waren das bitte die sowas pauschal behaupten?   Ich denke das kann sicher ein Mittel sein, aber nicht jede Person die weint, setzt das mit dieser Motivation zum eigenen Vorteil ein.",0,0,0,0,0,0
deu_train_track_a_01650,"Ist leider Standard in Unternehmen. Alles wird bis zum letzten Tag ausgereizt und meißt noch weit darüber hinaus (weint in zig Windows Server 2008 Installationen, bei denen der Support vor über einem Jahr gestoppt wurde).  Z.b. hat Adobe Anfang des Jahres Flash abgeschaltet. Mit einem hart einprogrammierten Ende Datum in der Software, die einen Start nach dem 31.12.2020 nicht mehr zulassen soll.  Und nun ratet mal wer einen obskuren, 3rd Party workaround mit einem textfile implentieren müsste, damit eine alte Software wieder läuft, für die es schon längst ein neues Update gibt...",1,0,0,0,1,0
deu_train_track_a_01651,"Hi, ich habe diesen Beitrag gerade erst gefunden. Bist du noch an einer Antwort interessiert? Ich frage, bevor ich mir die Mühe mache und das Thema vielleicht gar nicht mehr aktuell ist. Kann schnell gehen (Erfahrungswerte...)  Lieben Gruß",0,0,0,0,0,0
deu_train_track_a_01652,"Die #USA schicken u.a. 1.000 weitere MK-82 500-Pfund-Bomben nach #Israel, bezahlt von US-Steuergeldern. Seit Kriegsbeginn gab es ~21.000 smart bombs aus 🇺🇸:  Der Genozid in #Gaza ist auch Washingtons Genozid.",1,1,0,0,1,0
deu_train_track_a_01653,"Ich fühl dich, MistaFistaKanista. Finde es stark von dir, dass du hier schreibst. Und auch, dass du ne Therapie machst. Ich bin zur Zeit in diesen 2 Jahen Sperrzeit zwischen Therapien und ich frag dich, weil ich denke du kannst das Nachvollziehen und vielleicht nen Tipp hast oder auch einfach wie du damit umgehst, falls du das auch kennst: Diese Gefühle von Unsicherheit und Angst ob der Scheiß irgendwann aufhört, also besser wird, meine ich. So dass man iwann nicht mehr mit diesen Dämonen, den Folgen oder Symptomen oder wie auch immer man das nennen will so zu kämpfen hat. Kennst du das auch? Wie gehst du damit um?",0,0,1,0,1,0
deu_train_track_a_01654,"Hast du auch schon psychotherapeutische Ambulanzen, auch an Unikliniken in Betracht gezogen? An meiner Uni ist diese Ambulanz, die man über die Uni website selbst findet, zb auch free for all. Und da ist die Anzahl der Therapeuten so hoch, dass die Wartezeiten akzeptabel sind. Ich drücke dir echt alle Däumchen, dass du bald etwas findest! Oder du nimmst vielleicht für den Übergang Hilfestellen wie die der Caritas oder so in Anspruch? Keine Dauerlösung, aber ein Anfang um wieder eine Perspektivre zu haben. EDIT: Grad erst gesehen dass du ja studierst: Dann gibt es auch IMMER eine interne psychologische Beratung für Studenten.",0,0,0,0,0,0
deu_train_track_a_01655,"Hallo liebe Community, ich weiß nicht so recht, ob der Beitrag hier hin passt, aber ich habe leider keine andere Gruppe gefunden.   Wenn ich, als Laie, mir das Spermiogramm meines Mannes anschaue, sind die meisten Werte zwar im Normbereich, jedoch oft an der unteren Grenze. Ist das normal? Er hat keine schnellen-linear progressiven Spermien, ist das schlecht? Seine Morphologie hat einen Wert von 2, was nochmal gut unter dem Normwert liegt. Was bedeutet das?  Was sagt ihr grundsätzlich zu seiner Fruchtbarkeit? Ist die gut?",0,0,1,0,0,0
deu_train_track_a_01656,Zu 100%nur AFD 👍👍💙💙💙💙💪🇩🇪,0,0,0,1,0,0
deu_train_track_a_01657,Keine Diktatur mehr...... Deshalb AfD 🙏👍👏👏👏👏,0,0,0,1,0,0
deu_train_track_a_01658,"Also nur mal so als Tipp für die Zukunft: Wenn regelrecht 100 von 100 Sachen an einem Menschen scheisse sind, inklusive Messi Bude, monatelang nicht duschen, faule Zähne usw. dann komm mit dieser Person nicht zusammen!  Das nach all diesen Sachen erst only fans der Trennungsgrund war...uff.",0,1,0,0,0,1
deu_train_track_a_01659,"Er hat Dich betrogen und belogen. Du kannst ihm offenbar - und verständlicherweise - nichr mehr vertrauen.   Für mich persönlich ist eine Beziehung vorbei, wenn das Vertrauen fehlt. Du musst es selber wissen, klar. Aber willst Du wirklich so leben? Ich würde es nicht wollen. Und ich schlage eigentlich nie leichtfertig eine Trennung vor, aber eure Beziehung hat Risse bekommen, die man vermutlich nicht mehr reparieren kann..",0,1,0,0,1,0
deu_train_track_a_01660,"Erst wenn der letzte Baum gerodet, der letzte Fluss vergiftet, der letzte Fisch gefangen ist, werdet ihr merken, dass man Geld nicht essen kann.",1,1,1,0,1,0
deu_train_track_a_01661,Danke für dein AMA!  Wie viele nutzen ein Kontakt-Tagebuch und können die Einträge direkt digital weitergeben?,0,0,0,0,0,0
deu_train_track_a_01662,"Danke kann auch sexy,  nicht nur Porno oder hardcore........ freut mich das es dir gefällt...",0,0,0,1,0,0
deu_train_track_a_01663,"Tut mir leid, dass du das mitmachen musst. Klingt nach Migräne. Richtig kacke, wenn man nix nehmen darf.  Ich hab selbst gelegentlich Migräne (mit Aura) und in meiner zweiten Schwangerschaft auch im ersten Trimester einige Wochen wo ich mehrere Tage am Stück Migräne hatte.  Sehr untypisch, da ich normalerweise höchstens 1x im Monat einen Anfall hab und in meiner ersten Schwangerschaft komplett Migränefrei war.  Ich hab's mit Paracetamol versucht (hat eher schlecht als recht geholfen) und mich krank schreiben lassen. Als die Hormone sich eingependelt hatten wurde es besser.  Sprich mal mit deiner Gyn. Die werden wissen, was du ggf. nehmen darfst.",0,0,0,0,1,0
deu_train_track_a_01664,"Würdest du im Nachhinein Fliesen an der schräge gut finden? Kind, das mit Wasser spritzt...?",0,0,0,0,0,0
deu_train_track_a_01665,"Herr Bundespräsident, berufen Sie diese Bundesregierung ab!",1,0,0,0,0,0
deu_train_track_a_01666,"Müdigkeit, die dem Wort eine völlig neue Bedeutung gegeben hat. Und Brustspannen.",0,0,0,0,1,0
deu_train_track_a_01667,Ich bin bis heute nicht geimpft und glücklich drüber Habe auch Corona gehabt und es war nicht schlimmer als jede andere Erkältung die ich vorher auch hatte,0,0,0,1,0,0
deu_train_track_a_01668,"Hab ein paar Eier in der Hose, setze dir Grenzen und bleib denen treu. Das mit dem Küssen würde mir ausreichen um das Ganze zu beenden - vorallem kombiniert mit der Tatsache, dass sie es verheimlichen wollte.",0,1,0,0,0,0
deu_train_track_a_01669,Na Ja die westliche Pop Kultur Kommunismus besteht ja eigentlich nur aus zB dem Schanzenfest.,0,1,0,0,0,0
deu_train_track_a_01670,Meine Generation hat viel falsch gemacht schön das sich junge Menschen gedanken machen wir sie es besser machen können . Weiter so !!!👍👍👍👍,0,0,0,1,0,0
deu_train_track_a_01671,"Geben die Zahlen aber nicht her, wo haben sie die denn her?",0,0,0,0,0,1
deu_train_track_a_01672,"Der Täter hat die Tat zu verantworten, aber nicht diese Opfer! #Wuerzburg",1,1,0,0,1,0
deu_train_track_a_01673,Leo Katastrophe  Aber die bilder passen immer zusammen irgendwie? Also sonst immer faygo,0,0,0,0,0,0
deu_train_track_a_01674,Weiß nicht ob das schon relevant ist. Aber kann man babies noch weiterhin stillen mit brustimplantaten?,0,0,0,0,0,0
deu_train_track_a_01675,Die zweite Halbzeit war richtig stark das sah sehr gut aus heute. So muss es weitergehen.,0,0,0,1,0,0
deu_train_track_a_01676,"Immer wieder höre ich den Vorwurf, ich sei ein #Deutschlandhasser, nur weil ich mich politisch Links-Grün engagiere. Dabei ist das Gegenteil der Fall: Ich liebe mein Land und will es noch besser machen. Mein Einsatz für soziale Gerechtigkeit, Umweltschutz und Solidarität ist Ausdruck dieser Liebe. Rechts ist keine moderne, nachhaltige Zukunft. Nicht hier und nirgendwo! #LAUTgegenRechts",1,0,0,1,0,0
deu_train_track_a_01677,"Wenn dann würde ich gleich ein NIPT machen, dann und nur dann hast du ein aussagekräftiges Ergebnis. Und wie es weiter ginge falls du einen positiven Befund hättest. Just saying, man glaubt natürlich immer dass alles ok ist aber man muss auch überlegen was ist wenn es nicht so ist. Ich hab die Erfahrung gemacht dass man ziemlich alleine gelassen wird",0,0,1,0,0,0
deu_train_track_a_01678,"Irgendwie redet sich die BVG mit der Antwort raus. Es kann vor Ort natürlich anders aussehen und es werden entsprechend Bußgelder verteilt, aber es bleibt ein Beigeschmack.",0,1,0,0,0,0
deu_train_track_a_01679,"Ich habe das ganze bis jetzt nur zwei Menschen erzählt und habe das Gefühl, dass das Thema etwas zu wenig Aufmerksamkeit hat. Sowohl die Vergewaltigung von Männern, als auch Vergewaltigung allgemein die nicht sofort als solche erkannt wird. Außerdem möchte ich mit möglichen Vorurteilen aufräumen.",0,0,0,0,1,0
deu_train_track_a_01680,Der erste Biss in die selbstgebackene Torte - einfach himmlisch!,0,0,0,1,0,0
deu_train_track_a_01681,Noch alle fix baden gehen. Denn ab kommender Woche sind laut #Lügenpresse alle Weltmeere komplett verdunstet. #Klimahysterie,1,1,0,0,0,0
deu_train_track_a_01682,Meine Freundin hat mal gefragt ob Polizisten auch nachtschichten haben.   Neee nachts haben die frei dann kann man ungestört Verbrechen begehen.,0,0,0,1,0,0
deu_train_track_a_01683,Was passiert hier unter dem Tweet? Da haben wohl 'n paar Leute zu viel in die Slot Machine geschaut ohje,0,1,0,0,0,1
deu_train_track_a_01684,"Renommierte Experten sagen: Das Klima kann man nicht schützen. Mal nachlesen bei Shellenberger, Kirstein, Clauser uvm. Letztlich basiert das Narrativ der Klima-Apokalypse auf Lügen, Unterschlagungen und Manipulationen eines korrumpierten Wissenschaftsbetriebes.",1,1,0,0,0,0
deu_train_track_a_01685,"Meine Güte, sind auch kurz vor Wahnsinn",0,1,0,0,1,0
deu_train_track_a_01686,Ich habe mal spaßeshalber bei Google Scholar das Thema eingegeben:    scheint unter besonderen Umständen zum Orgasmus führen zu können.,0,0,0,1,0,1
deu_train_track_a_01687,Ich checke es ehrlich nicht. Früher bei bo2 mw2 etc. War es doch noch nie ein Problem?!!! Warum ist es jetzt ein großes thema,1,0,0,0,0,1
deu_train_track_a_01688,Häufiger.  Grade wenn mir auffällt dass ich meinen Punkt nicht gut ausformuliert kriege oder doch keinen Bock auf Diskussion habe,0,0,0,0,0,0
deu_train_track_a_01689,"Hi, nachdem ich von dir auf dieses Subreddit aufmerksam gemacht wurde (danke nochmal) eine kurze Bemerkung von mir:   Ich selbst habe einen Menschen mit Autismus im engen Umfeld, dessen Gedanken in deinem Alter genauso aussahen. Mittlerweile ist er erwachsen und hat seinen Platz gefunden, auch wenn das für ihn nicht möglich schien. Ich weiß, dass gerade das sehr schwer ist, aber versuch, Dir immer Hoffnung zu bewahren.",0,0,0,0,0,0
deu_train_track_a_01690,"Letztens waren wir in der Stadt, alles was wir erledigen wollten lief schief. Wir sind wieder in die Parkgarage zu unsrem Auto gelaufen, ich noch mit einem Eis in der Hand. Ein Auto fährt mit offenen Fenster vorbei und hat laut ein Lied von Miley Cyrus an. Was nicht umbedingt unsre Wahlmusik ist aber doch so ins Ohr geht. Ohne jegliche Scham hüpfen wir rum und singen. Ich benutze mein Eis als Mikro und wir lachen. Das war eine Situation von vllt 1 Minute doch es war so ein kleiner schöner Moment. Den will ich nicht vergessen",0,0,0,1,0,0
deu_train_track_a_01691,"Kollege hat in der Schule versucht eine leere Tintenkapsel (für Füller) in den Mülleimer zu schnipsen, vom Ende des Raumes in den Eimer neben der Tür. Ich kam grad reingerannt, weil ich spät dran war und er schnipst das Ding und es bleibt in meinem Ohr stecken. Das ist mittlerweile über 10 Jahre her und ich erinnere mich noch daran als sei es gestern gewesen.",0,0,0,1,0,1
deu_train_track_a_01692,"Wer da noch an Märchen glaubt ist gut dran Eine Klimaerwärmung hat es schon früher gegeben da brauch ich keinen Nagellack von Loctide Wir sprechen hier von Zwischeneiszeit,für diejenigen die in Geschichtskunde gefehlt haben und einige Gletscher sind nur 500 Jahre alt Früher war man um diese milden Winter froh,da war das Heizen nicht so teuer",1,1,0,0,0,0
deu_train_track_a_01693,"Frage mich ernsthaft, ob AFD-Wähler überhaupt Liebe empfinden können, außer vielleicht für ihre eigene Sippe.",1,1,0,0,0,0
deu_train_track_a_01694,"Liebe Leute,  habe noch eine ganze Menge Schwangerschaftsvitamine (Folsäure, Magnesium, Eisen..) und das sehr teure Utrogest zuhause. Ich habe die Präparate ausgewechselt und daher nicht weiter eingenommen, deshalb sind noch fast volle Packungen übrig. Ich habe mich gefragt ob diese Vitamine gespendet werden können?   Das Utrogest habe ich gar nicht genommen da ich dann doch ein anderes Präparat bekommen habe, das kostet ca 80 Euro, und vielleicht braucht es jemand der es sich nicht leisten kann? Kann man diese Medikamente spenden?  LG und danke für die Antworten.",0,0,0,0,0,0
deu_train_track_a_01695,"Ich danke euch allen, dass Ihr euch die Zeit genommen habt meinen Beitrag zu lesen und danke euch für eure Beiträge und Ratschläge. Es tut gut zu wissen, dass man nicht der einzige mit derlei Problemen ist, obwohl mir das natürlich auch davor klar war.  Ich antworte noch direkt auf einen Beitrag bevor ich es vergesse und schreibe dann noch etwas für alle.",0,0,0,1,0,0
deu_train_track_a_01696,"Und die Freunde der rechtsextremen Partei drehen durch, weil sie erkennen müssen das sie eben nicht für das Volk sprechen.",0,1,0,0,0,0
deu_train_track_a_01697,der zweite backprint ist verrückt abee farbe mag ich dunkler wäre besser,0,0,0,0,0,0
deu_train_track_a_01698,Das macht Mann doch gerne,0,0,0,1,0,0
deu_train_track_a_01699,"Is muss schon sagen, Florida ist ein echt bescheidener Platz, um sich vor Hurrikan Irma zu verstecken.",0,1,0,0,0,0
deu_train_track_a_01700,"Im Weg stehen bleiben.   Es gibt so viele Beispiele: Im Supermarkt mitten im Gang, nach Rolltreppen, um den Weg zu suchen oder gestern eine ganze Familie im Hallenbad, weil sie einer Putzfrau eine volle Windel geben mussten.   Ich verstehe diese fehlende Umsicht nicht. Wenn jeder ein bisschen (muss echt nicht viel sein) Rücksicht auf seine Umwelt nehmen würde, wäre vieles einfacher.",1,1,0,0,0,0
deu_train_track_a_01701,"Naja, man hat es mir zwar vorher gesagt, aber ich habe nicht wirklich ernst genommen, wie viel anstrengender alles wird, weil ich vorher eine relativ entspannte Schwangerschaft hatte. Ich habe immer noch ziemlich viel Glück, aber vor allem die Kreislaufprobleme machen mir sehr zu schaffen.",0,0,0,1,1,0
deu_train_track_a_01702,"Mir wurde immer erzählt: ""Von reichen Leuten lernt man das sparen.""  Sag einfach nächstes mal: ""Der Hersteller hat die Preise erhöht und dann müssen wir das natürlich auch machen. Auf jeder Flasche ist eine Adresse oder Telefonnummer. Die freuen sich bestimmt von Ihnen zu hören.""",0,0,0,0,0,0
deu_train_track_a_01703,Sehr gut da besteht noch Hoffnung,0,0,0,1,0,0
deu_train_track_a_01704,"Ich bin selbst jüdisch und hab in der Schule extrem schlechte Erfahrungen mit muslimischen Mitschülern gemacht. Könnte dazu einige Anekdoten erzählen, aber das würde zu weit führen und ist ca. 10 Jahre her. Nur eine Kirsche: in der 7. Klasse hat sich ein (libanesischstämmiger) Junge den Unterarm aufgeschlitzt (offensichtlich eine selbst hinzugefügte Wunde) und meinte: ""Ich bin ein paar Juden begegnet und die haben mich festgehalten und mit einem Messer attackiert!"". Als würden Juden in Gangs rumlaufen lel  Aber in was für einem Bereich arbeitest du denn? Ich hab sehr viele türkischstämmige Kollegen/-innen, die sehr offen und eigentlich eher Almans sind.",0,1,0,0,1,0
deu_train_track_a_01705,#Gazastreifen ?  Dieser ist mit politischer u. militärischer Unterstützung der 🇩🇪 Bundesregierung zu einem großen Massengrab geworden!  #GazaGenocide #StopGazaGenocide,1,0,0,0,1,0
deu_train_track_a_01706,"Deutschland liebt die #Berlinale:  Vom hohen Ross können wir arrogant und selbstgerecht die ganze Welt belehren, dass unser fragiles deutsches Ego hier das wahre Opfer ist, und müssen uns nicht mit der lästigen Tatsache arrangieren, dass wir Komplizen am Genozid in #Gaza sind.",1,1,0,0,1,0
deu_train_track_a_01707,"Wenn die politischen Ansichten der Person wichtiger als unsere auf Liebe, Achtung und Respekt basierende Beziehung sind - nein.",0,0,0,0,0,0
deu_train_track_a_01708,aber doch etwas Hoffnung gehabt.  nun ja #Wirbelose,0,0,0,0,0,0
deu_train_track_a_01709,"Bei einer Club Closing Party geriet ein Freund in einen Streit, am Ende ist die ganze Gruppe rausgeflogen mit ihr habt alle Hausverbot.... Ich musste so sehr lachen während wir Rausbegleitet wurden.... Auf die Frage warum das lustig ist.... Naja Closing Party. Das war der letzte Abend wo dieser Club offen war ... Also dauer.... Vll ein paar Stunden.",0,0,0,1,0,1
deu_train_track_a_01710,"Ich finde dein Freund stellt sich an wie ein kleines Kind. Es zu schaffen sein Geschirr bis in die Küche bringen aber dann nicht in die Spülmaschine ein zu räumen ist lächerlich faul.   Das mit 27 noch nicht auf die Kette zu kriegen klingt für mich danach als ob es bisher die Mutter gemacht hat, und jetzt brauch er jemand neues.",1,1,0,0,0,0
deu_train_track_a_01711,Kommt auf den Grund der Sperre an. Man/frau kann auch stolz drauf sein😉😉,0,0,0,1,0,0
deu_train_track_a_01712,"Nicht näher genannte ""israelische Behörden"" sind ja auch eine ganz seriöse Quelle.",0,1,0,0,0,0
deu_train_track_a_01713,"Ihr rechten Hirnsuppen von der AfD, wir gehen nicht mit der Regierung auf die Straße. Die Regierung geht mit uns auf die Straße! #LAUTgegenRechts  #DeutschlandStehtAuf",1,1,0,0,0,0
deu_train_track_a_01714,Geld ist immer ein gutes Argument. 😅,0,0,0,0,0,0
deu_train_track_a_01715,"insgeheim bini froh dassi memo tweets nonig ha, ich wette drunk hätt ich scho so viel bullshit gmacht",0,0,0,1,0,0
deu_train_track_a_01716,">Trink das Gebräu von Sakrotan, das hab ich auch schon oft getan  Potzplitz. Das erklärt endlich die Gesichtsfarbe des Potus.",0,0,0,0,0,0
deu_train_track_a_01717,"Solange die Menschen nicht begreifen (wollen!) wird es sich auch ändern, aber nur zum Schlechten! Go vegan 💚",0,1,0,0,1,0
deu_train_track_a_01718,"Der Wasserverbrauchsunterschied ist ja echt enorm Einfachmal das 198,5 fache",0,0,0,0,0,1
deu_train_track_a_01719,Draußen zwitschert es schon...  Guten Morgen ☕☕  Kommt gut durch den Tag.,0,0,0,1,0,0
deu_train_track_a_01720,"Wie oft rufen Leute an, die nackt unglücklich gestolpert sind und mit dem Hintern auf einen Gegenstand gefallen sind und ihn selbst nicht rausbekommen?",0,0,0,1,0,0
deu_train_track_a_01721,"Immer weiter mit viel Elan, bis er endlich weg ist!",0,0,0,0,0,0
deu_train_track_a_01722,"Sollte viel mehr Meldungen geben, wenn etwas doch nicht so schlimm wurde, wie gedacht. Gut für die allgemeine Ehrlichkeit und Psyche.",0,0,0,1,0,0
deu_train_track_a_01723,"Zeigt mir irgendwie, dass es auch bei den Nörglern unter den alten weissen Männern welche gibt, die irgendwie zwar rummaulen, aber eigentlich doch irgendwie recht human sind (ich sag nur Suppe) - gibt Hoffnung. Danke für den Text!",0,0,0,1,0,0
deu_train_track_a_01724,Eine Blamage für diese Protest Partei . Nicht Mal ihre eigene Veranstaltung kriegen sie geregelt. Und sowas will regieren. Unfähig er brauner Haufen,1,1,0,0,0,0
deu_train_track_a_01725,"Hi, mir geht es ganz ähnlich obwohl ich erst in der 18. Woche bin. Mir hat das Stillkissen sehr geholfen. Damit rolle ich mich im ständigen Positionswechsel durch die Nacht. Das gibt zwar nur mäßig, aber es hilft. Hast du für Yoga vielleicht ein Video oder ähnliches das du empfehlen könntest? Tut mir leid, dass ich dir nicht mehr helfen kann. Alles Gute!",0,0,0,0,1,0
deu_train_track_a_01726,"Nein gar nicht, herzlichen Glückwunsch an die Tochter",0,0,0,1,0,0
deu_train_track_a_01727,Du schmeißt euren gemeinsamen Haushalt und thematisierst es nun des lieben Friedens Willen nicht mal mehr - wie praktisch für ihn. Offensichtlich will er weiterhin nichts tun. Möchtest du so mit ihm zusammenleben? Tu dir selbst den Gefallen und lebt in getrennten Wohnungen.,1,1,0,0,1,0
deu_train_track_a_01728,Glaube bin jetzt Sportfunktionsnahrungsaccount 😌,0,0,0,1,0,0
deu_train_track_a_01729,"Sich krank zur Arbeit schleppen, da alle Kollegen anstecken und dann damit prahlen, dass man in 7 Jahren nicht einen Tag AU war.",1,1,0,0,0,0
deu_train_track_a_01730,"Hab mit 10 mg angefangen und wurde nie erhöht.  Hab die positiven Wirkungen gleich an Tag 2 gespürt - das war voll krass. Hab dann gelesen, dass je mehr man es braucht, desto schneller wirkts, weil's der körper braucht.  Hatte nach ein paar Wochen auch keine Nebenwirkungen mehr. Waren aber auch keine schlimmen bei mir (Orgasmusverzögerung).",0,0,0,1,0,1
deu_train_track_a_01731,Deutschland ist mittlerweile im Sozialismus angekommen und die meisten merken es nicht einmal.,1,0,0,0,1,0
deu_train_track_a_01732,"Ich muss noch etwas hinzufügen. Mein Freund weiß Bescheid, aber meint dass ich das jetzt einfach durchstehen muss bis morgen. Zudem habe ich ihm öfters schon gesagt, dass ich mich schlecht fühle, wie alle zu mir sind. Er meint nur, ich soll das einfach ignorieren. Er wird mich jedenfalls nicht mehr zu seiner Familie mitnehmen meinte er.  Jedenfalls hab ich von mir aus nichts getan. Die mögen nicht, dass mein Freund mich öfters mal einlädt. Keine Ahnung. Ich höre immer nur, dass sie über mich geredet haben.   (Ich habe leider nicht viel Geld, mein Freund und deren Familie schon echt gutes Geld.)",0,0,0,0,1,0
deu_train_track_a_01733,"Das Getränk wird auf das gewählte Essen abgestimmt, nicht anders rum",0,0,0,0,0,0
deu_train_track_a_01734,"Tja...  man hat von der deutschen Seite auch sehr viel dafür getan, nicht wahr!?",1,0,0,0,0,0
deu_train_track_a_01735,">Des weitern ist es meine Schuld dass die Kleine Krebs hatte und schlechte Augen.  Das klingt nach einem tiefgründigen Problem und für solche Probleme werden Dir ein paar User auf Reddit nicht wirklich helfen können. Hat Deine Frau psychische Probleme seitdem euer Kind Krebs hatte? Versucht sie sozusagen eine ""saubere und gesunde"" Umgebung für Dein Kind zu schaffen damit es nicht mehr krank wird? Das wären die Fragen die Du ihr stellen solltest, danach könnt ihr (und nur ihr beide alleine) an einer Lösung arbeiten",0,0,1,0,1,0
deu_train_track_a_01736,"Dann doch lieber 100 milliarden für die Bundeswehr wa, scheint ja wichtiger zu sein",1,0,0,0,0,0
deu_train_track_a_01737,"Ich danke euch jetzt schonmal, der Tag heute ist wirklich nicht gut für mich. Hat jemand noch Tipps für ablenkung? Ich war schon 4 Std mit dem Hund draußen der will grade nicht mehr",0,0,0,0,1,0
deu_train_track_a_01738,"In wie fern bist du ""sozial gewachsen"" und wie zeigt sich das im echten Leben ?",0,0,0,0,0,0
deu_train_track_a_01739,Danke schön und dir auch ein schönes Wochenende 😊,0,0,0,1,0,0
deu_train_track_a_01740,"Hatte auch monatelang keinen Hunger und kaum was gegessen. Dafür natürlich versucht mit Stillvitaminen doch noch alles wichtige zu bekommen und weil ich voll gestillt habe, habe ich noch darauf geachtet zumindest ausreichend Calcium und Wasser zu mir zu nehmen. Mein Wochenfluss war wie er sein sollte und tatsächlich sogar weniger als meine Periode (die zugegebenermaßen sonst immer sehr stark war). Also mach dir keine Sorgen und versuch einfach immer wieder kleine Snacks zu essen. Gerade jetzt gibt es ja langsam wieder viele schöne Obst-und Gemüseangebote :)",0,0,0,0,0,0
deu_train_track_a_01741,"Der mächtigste Staat der Welt und der größte Unterstützer und Finanzier Israels, tut so, als sei er nicht in der Lage, Hilfsgüter über Ägypten oder Israel nach #Gaza zu liefern, wirft aber nun paar Hillfspakete über #Gazastreifen aus der Luft.  The Show must go on! #USA #Airdrop",1,1,0,0,0,0
deu_train_track_a_01742,"Ich hatte so starkes Sodbrennen, dass ich manchmal echt dachte, dass ich einen Herzinfarkt habe :D Am besten fand ich Gaviscon, alle aus der Drogerie haben bei mir nur kaum gewirkt. Schmeckt jedoch relativ stark nach Pfefferminze, falls das nicht so deins ist. Milch hat auch manchmal ganz gut gewirkt, aber andere Hausmittel haben leider nicht so gut angeschlagen",0,0,0,1,0,0
deu_train_track_a_01743,Dein Profilbild ist absolut wild 🔥🔥🔥,0,0,0,1,0,0
deu_train_track_a_01744,jez mal ehrlich wer von euch hat bözemann ins bein geschossen?,0,0,0,0,0,0
deu_train_track_a_01745,"Eine Entmenschlichung nach der anderen,wieviel sollen die Palästinenser noch ertragen.WAFFENSTILLSTAND SOFORT!!!!",1,1,0,0,1,0
deu_train_track_a_01746,"Wenn man seine Müllgebühren nach Gewicht bezahlt, ist das nachvollziehbar.",0,0,0,0,0,0
deu_train_track_a_01747,"“Das höchste UN-Gericht rief Israel“ …“zudem auf, alles dafür tun, dass es bei seinem Militäreinsatz gegen die Hamas im Gazastreifen nicht zu einem ""Völkermord"" kommt. ” Es ging um die Völkermordkonvention, da Völkermord in „“ zu setzen, darauf muss man erst mal kommen.",1,1,0,0,0,0
deu_train_track_a_01748,Habt ihr Erfahrungen mit Bauch tapen und ob das irgendwelche Nachteile haben kann?,0,0,0,0,0,0
deu_train_track_a_01749,"Mein Doc Holiday schreibt immer für ne Woche Krank und wenn es bis dahin nicht besser wird halt für noch eine Woche.  Zitat: ""Na, wenn Sie mitte der Woche schon gesund sind, dann gönnen sie sich die Auszeit einfach für die mentale Gesundheit""",0,0,0,1,0,0
deu_train_track_a_01750,"Hasi, ich hab den Müll rausgebracht.",0,0,0,1,0,0
deu_train_track_a_01751,"Selenskyj kann ja unmöglich so wenig wissen haben und wirklich denken, es gab nie Provokationen auf allen Seiten. Warum fragt man Selenskyj nie nach den Verhandlungsergebnissen, die im April 2022 schon aufgesetzt waren? Ist es seiner Meinung nach aus heutiger Sicht richtig gewesen, auf Profiteure des Krieges aus dem Westen gehört zu haben?",1,1,0,0,0,0
deu_train_track_a_01752,"joa, so siehts bei mir üblicherweise auch aus :)",0,0,0,1,0,0
deu_train_track_a_01753,"Wenn du den Rest auch noch heimlich entsorgen kannst, hat es die Dose vielleicht nie gegeben.",0,0,0,0,0,0
deu_train_track_a_01754,Große Teich Amphibien.  GTA II mit der Vogelperspektive wäre auch spannend gewesen :),0,0,0,1,0,0
deu_train_track_a_01755,Bin aktuell in der 31. SSW mit dem 2. Jungen und wir haben bisher noch keinen Namen gefunden,0,0,0,0,0,0
deu_train_track_a_01756,"behalte den letzten satz als gedanken im kopf für die kommende zeit. du bist gut, wie du bist. und du wirst nicht einsam sein, weil du dich selbst immer dabei hast.  gibt leider kein mittel, außer zeit.. wünsch dir alles gute <3",0,0,0,1,0,0
deu_train_track_a_01757,">Tee, Wärme, schlafen Genau das, in der Reihenfolge. Nichts anderes wie normal auch :) bei starkem Husten kann man Prospan nehmen. Ich hab mir dann diese ""heiße Zitrone"" Trinkbeutel geholt, war aber nur für den Kopf weil Zitronengeschmack=gesund :D viel trinken, viel Ruhe und mehr braucht es eigentlich nicht. Gute Besserung!",0,0,0,1,0,0
deu_train_track_a_01758,"Ich war bis vor kurzem auch auf Suche nach einem neuen Job. Das erinnert mich an einen Satz, den ich beim selben Arbeitgeber so ähnlich in jeder Stellenausschreibung lesen durfte:   ""Dein Profil: Du kannst auch mal nicht auf die Uhr schauen""   Besseres anti-advertising geht gar nicht. Kann man fast für dankbar sein.",0,1,0,0,0,0
deu_train_track_a_01759,Was ist ein Catfish und was ist passiert?,0,0,0,0,0,0
deu_train_track_a_01760,Ja genau!  Erst schön warm in der Hand. Ein Handschmeichler.... Aber sehr schnell kalt ..... Politik eben 🤣🤣🤣🤣🥳🍀,0,1,0,1,0,0
deu_train_track_a_01761,"Merke für das nächste mal: Leg ihn einfach gleich aufs Sofa.  Klingt allgemein so als würdest du dir zu viele sorgen machen. Er war halt hacke dicht, is nicht schön aber kein Weltuntergang. (zumindest wenn es selten passiert!)",0,0,0,0,0,0
deu_train_track_a_01762,"Kenne ich leider sehr gut. Häufig hab ich zwar vorallem über den Sommer ein ganz gutes sozialleben und knüpfe dann sogar neue Kontakte aber selbst das bleibt meist nicht lange bestehen, weil ich ähnlich wie du dank depressionen und adhs sehr schlecht im Kontakt halten bin. Im Winter bricht dann meistens fast alles weg, wenn die Depressionen schlimmer werden außer mein bester Freund.",0,0,0,0,1,0
deu_train_track_a_01763,"Als ich meinem Arbeitgeber von der Schwangerschaft erzählt habe, ist der Urlaub automatisch mit Mutterschutz überschrieben wurden und ich hatte die zwei Wochen wieder zur freien Verfügung.   Wobei der Urlaubsanspruch, so weit ich das bis jetzt verstanden habe, pro Monat in Elternzeit um ein Zwölftel gekürzt werden könnte. Das gilt allerdings wohl nicht für die Zeit des Mutterschutzes.",0,0,0,0,0,0
deu_train_track_a_01764,"Nach wie vor ist ausschließlich die Hamas das Problem. Auf allen Ebenen. Ich weiß nicht, was dieses ewige verzerren der Fakten erreichen soll.",1,1,0,0,0,0
deu_train_track_a_01765,"Ich schneide seit Jahren meine Äpfel so wie du, wenn ich sie in meinen Joghurt tun will. Der Nachteil ist, dass so bei manchen Apfelformen Eckstücke entstehen, die relativ viel Schale bei relativ wenig Fruchtfleisch haben.",0,0,0,0,0,0
deu_train_track_a_01766,Welche halluzinogenen Pilze finden sich in deutschen Wäldern und bieten eine Kombination aus einfacher identifizierung und wenig Nebenwirkungen. Natürlich rein hypothetisch,0,0,0,0,0,0
deu_train_track_a_01767,"Knapp mehr als 300 Wörter. ;) Teilweise sind die Sätze etwas unbequem. Aber das tut der Sache keinen Abbruch!   Eine sehr ungewöhnliche, wunderschöne Geschichte! Tolles Motiv, toll ausgemalt! Zumal ich ein großer Fan von Pelorus Jack bin! ;)  Und, ey: Voll fies! Gib ihm sein Armband!",0,0,0,1,0,0
deu_train_track_a_01768,Sowas ist voll schön,0,0,0,1,0,0
deu_train_track_a_01769,Junge wär sehr wild,0,0,0,1,0,0
deu_train_track_a_01770,"Zum Fremdschämen, unser Land geht den Bach runter und die Almans denken sie verbessern die Welt. Wir sind verloren",1,1,0,0,1,0
deu_train_track_a_01771,Nr. 4: Voll mit Pflanzen als Sichtschutz und weil es schön ist.,0,0,0,1,0,0
deu_train_track_a_01772,Katzen sind ja auch die kuhlsten Geschöpfe in unserem Spiralarm der Milchstraße.,0,0,0,1,0,0
deu_train_track_a_01773,"Das kann man schlecht voraussagen. Meine Brüste haben sich in der Stillzeit nicht mehr vergrössert. Ich fand das schlafen in einem BH (evtl. mit Stilleinlage) bequemer als ohne, weil dann die Brustwarzen etwas gepolstert waren.",0,0,0,0,0,0
deu_train_track_a_01774,"Soll ich ihn jetzt dafür loben, dass er etwas abschaffen will, das es nie hätte geben dürfen?🤷🏻‍♂️😂",1,1,0,0,0,0
deu_train_track_a_01775,"Jo. Teilweise einen ellenlangen Text geschrieben und dann sowas gedacht wie ""das bringt ja keinen weiter"" oder "" wen interessiert das jetzt?"" Ich glaube dass ich damit in 90% der Fälle das richtige tue.",0,0,0,0,1,0
deu_train_track_a_01776,"Mit Hauptschulabschluss seid ihr nichts wert,alles was ihr hier tut hat keinen Wert. Wenn ihr mit dem Stoff hier nicht klar kommt, dann braucht ihr an Familie und Auto garnicht zu denken.  War krass, hatte mein Selbstbild nachhaltig gestört",0,0,0,0,1,0
deu_train_track_a_01777,Warum muss man denn dann auf dem Schiff sein? Wenn man eh alles machen kann was man auch an Land kann....ach ja ...man muss ja möglichst viel Umwelt kaputt machen,1,1,0,0,0,0
deu_train_track_a_01778,"Danke für dieses AmA. Tut mir leid, wie es dir aktuell geht, i feel you.  Ich bin auch schon eine ganze Weile depressiv, mit Schlafstörungen und mal mehr oder weniger starken Ängsten. Gedächtnisprobleme hatte ich lange nicht trotz Depression, eher im Gegenteil, mein Gedächtnis war immer super.  Dann hatte ich 2018 eine heftige Absetzreaktion von den ach so tollen Antidepressiva aus der SSRI Klasse und seitdem ist insbesondere mein Kurzzeitgedächtnis zerrüttet und ich habe oft starken Brainfog. Ich kann mich zwar erinnern was ich so gemacht habe aber die Details verschwinden oder verschwimmen.   Gibt es etwas, dass dir hilft damit dein Gedächtnis zumindest temporär besser wird?",0,0,0,0,1,0
deu_train_track_a_01779,"Hast du mal Hobbies online ausprobiert, wo man einfach socialized und nicht auf Krampf datet? Gerade gemischte Sachen sind doch schön um sich locker mit anderen über was zu unterhalten ohne Not mehr draus machen zu müssen.",0,0,0,0,0,0
deu_train_track_a_01780,"Vier Monate nach dem brutalsten Massenmord an Jüdinnen:Juden seit der Shoa, hänge ich den ganzen Tag am Telefon und erkläre Menschen, dass Antisemitismus keine politische Meinung ist und das Verprügeln eines jüd. Studenten kein „Konflikt“. WTF.",1,1,0,0,1,1
deu_train_track_a_01781,ch hoffe die Bundesregierung zeigt sich solidarisch und spendet weiter Geld damit es den Leuten im eigenen Land fehlt 🫡🙃,1,0,0,0,0,0
deu_train_track_a_01782,"Du sagst, ihr entwickelt B2B Software für Unternehmen - wie läuft das Geschäft hierbei überhaupt ab? Ich stelle mir vor, dass jede etablierte Firma bereits irgendeine Software verwendet. Wie stellt man Kontakt zu kaufinteressierten Firmen her und wie überzeugt man sie zum Software-Wechsel? Ist die Reaktion nicht meist 'ach, das läuft alles gut, das lassen wir lieber, never change a running system'?",0,0,0,0,0,0
deu_train_track_a_01783,Ein Gerücht hat festgestellt: Die Hamas begeht Kriegsverbrechen am laufenden Band und anhaltend. Israel bisher nicht.,1,1,0,0,0,0
deu_train_track_a_01784,"Jeder normaldenkende weiß schon längst, dass die #Propaganda gegen die  @<username>  nur ein Kampf gegen den Machtverlust vor dem eigenen Volk ist. #nurnochafd",1,1,0,0,0,0
deu_train_track_a_01785,"Es kann wirklich niemand mehr behaupten, dass man nicht wusste, was man wählt!",1,1,0,0,0,0
deu_train_track_a_01786,"Mein Schwiegervater hat als Ingenieur auf der ganzen Welt Industrieanlagen gebaut und war irgendwie nur an Weihnachten in Dtld. Ich kenne die Gedanken die Du hast :) Ich hab mich damals für seine Arbeit interessiert gezeigt und so den Abend mit ein paar lustigen Baugeschichten verbracht.  ps. Wenn die Mutter Dich mag, hat der Alte eh nix zu melden ;)",0,0,0,1,0,0
deu_train_track_a_01787,"Ich auch nicht. Ich habe auch noch andere ähnliche Gedanken. Wenn ich die meine Mitmenschen erzähle, geraten die in Panik und wollen die mich in eine Klinik wegsperren. Wenn ich das meinen Therapeuten erzähle, hat der kein Problem mit mir. Erzähle ich das wiederum meine Mitmenschen zweifeln die dann an die Kompetenz des Therapeuten. Ich hatte schon Klinikaufenthalte hinter mir und kann sagen, dass ein erneuter Aufenthalt sicherlich solche die Depression und diese Gedanken ein Stück reduzieren würde. Jedoch sobald ich wieder raus bin, wäre wieder alles beim alten.",0,0,1,0,1,0
deu_train_track_a_01788,3 kindermünder wollen gefüttert werden. 😁😁😁,0,0,0,1,0,0
deu_train_track_a_01789,"Ich bin neugierig: Was würdet ihr als euer traurigstes Hobby einstufen? Sei es, weil es so selten und außergewöhnlich ist und ihr der Freizeitbeschäftigung alleine frönen müsst.   Oder aber weil es einfach bemitleidenswert ist.",0,0,0,0,1,0
deu_train_track_a_01790,"Hattest du deine Periode dann auch schon viel früher? Hast du dann größtenteils ältere Freunde gehabt? Hast sich das jetzt alles ""angeglichen""?  Noch nie davon gehört, das es das gibt. Das muss ja eine anstrengendere Kindheit gewesen sein...",0,0,0,0,1,1
deu_train_track_a_01791,Alles Gute! Bin auch mal mit ner Pneumonie von der Insel zurückgekehrt. War aber zum Glück kein großes Ding.,0,0,0,1,0,0
deu_train_track_a_01792,"Ich weiß, das zählt nicht viel, aber es gibt da einen Fremden aus dem Internet, dem dein Post sehr gut gefallen hat. Vielleicht willst du dein Vorhaben ja irgendwann wieder aufnehmen?",0,0,0,1,0,0
deu_train_track_a_01793,"Hallo :),  ich nehme seit etwa 7 Monaten 200 Gramm Sertralin. Ich bin sehr klein, daher ist die Dosis eigentlich zu hoch, jedoch baut mein Körper Medikamente sehr schnell ab und daher konnte ich die Dosis bis 200 Gramm steigern. Ich merke jedoch, wie ich emotional sehr abstumpfe und fühle mich nicht mehr sehr wohl damit Sertralin zu nehmen. Ich habe erst in einigen Wochen meinen nächsten Termin bei meiner Neurologin und dann werde ich auch ansprechen, dass ich das Medikament gerne absetzen würde. Jedoch interessiert mich schon im Vorraus, wie dies in etwa ablaufen würde und wie lange das Absetzten bei einer so hohen Dosis dauern würde.",0,0,0,0,0,0
deu_train_track_a_01794,Kleiner Tipp: nicht alles glauben was Leute anonym auf Reddit über Vermögen und Einnahmequellen erzählen,0,0,0,0,0,0
deu_train_track_a_01795,"Und wenn Jesus nix erlebt hat, dann vielleicht jemand in seinem Umfeld.",0,0,0,0,0,0
deu_train_track_a_01796,"Find ich nicht. Also es macht zumindest nicht den Eindruck, dass du am Rad drehst.   Ich finde deine Gefühle sehr verständlich. Im Zweifel das nächste mal klar kommunizieren das du nicht in ihr kommen magst.   Sie hat die Situation ja reflektiert und sich entschuldigt was ich stark finde.",0,0,0,0,0,0
deu_train_track_a_01797,"Bernie hat gerade über den Anschlag in Hanau getweeted -- ich dachte es ist vielleicht auch hier relevant, denn der Täter anscheinend so sehr mit amerikanischen Verschwörungstheorien (Qanon und co.) befasst war.",0,0,0,0,1,0
deu_train_track_a_01798,"Wie kommt es, dass Zelensky nicht weiß, dass sich eine seiner  Flugabwehrraketen nach Polen verirrte? Dass die USA es aber sofort wussten? Wer steuert die ukrainischen Raketen? Hängen die USA im Ukrainekrieg tiefer drin, als sie zugeben? Wie wär's mit Wahrheit, Herr Zelensky?",1,1,0,0,0,1
deu_train_track_a_01799,"Leider hat Eventim eine ziemliche Monopolstellung.. ich versuche den Drecksladen so oft zu vermeiden, wie möglich",1,1,0,0,0,0
deu_train_track_a_01800,?! Grenzenlose Gier macht Menschen krank und die Welt kaputt.,1,0,0,0,0,0
deu_train_track_a_01801,naja da muss man ja nicht mehr hin. Mir reicht die letzte Impfung danach war 9 Monate krank und bin noch nicht wie vorher. Heute niemals mehr.🤮,1,1,0,0,1,0
deu_train_track_a_01802,Nach zwei Jahren Krieg: EU will sich auch noch ins andere Knie schiessen. #Fixedit,1,1,0,0,0,0
deu_train_track_a_01803,"Wundert mich leider gar nicht. Meine Mutter war Richterin am Amtsgericht, und was die Leute da teilweise bringen, geht auf keine Kuhhaut.  Drück euch allen die Daumen, dass sich keiner angesteckt hat!",0,1,1,0,1,0
deu_train_track_a_01804,"Mal abgesehen davon, dass die Dinger nerven können, die meisten haben ja auch mittlerweile Kameras und da sehe ich das eigentliche Problem. Ich würde das Filmen, nicht nur Fotos machen und dann zur Polizei. Keine Ahnung was die genau dagegen machen außer vielleicht mal zum richtigen Zeitpunkt da zu sein und die Drohne so lange im Blick zu behalten, bis sie zum Besitzer zurück geflogen wird.",0,1,1,0,0,0
deu_train_track_a_01805,Geil. Polizeieinsatz im Zug   Randalierende(!!!) Person die hier mega Aufstand macht   MASKENVERWEIGERER   Fickt euch 😫😫,1,1,0,0,0,0
deu_train_track_a_01806,Was soll der Unfug? Sie gefährden ein Geschäftsmodell! 😤,1,0,0,0,0,0
deu_train_track_a_01807,"Sehr viele Juden glaubten zu dieser Zeit, dass ihr Dienst im 1. WK sie schützen würde. Als sie feststellten, dass dies keineswegs der Fall war, war es oft zu spät zum Fliehen.",0,0,0,0,1,0
deu_train_track_a_01808,Das wünsche ich dir ebenfalls. Hier kommt gerade die Sonne raus. ☀️,0,0,0,1,0,0
deu_train_track_a_01809,"Freu mich schon drauf, wenn bald die olympischen Spiele beginnen. Hoffentlich schneidet Deutschland gut ab.",0,0,0,1,0,0
deu_train_track_a_01810,"Deutschland, der ""Kumpel "", den niemand leiden kann,,der aber immer mitgenommen wird, weil er am Ende für alle zahlt",1,0,0,0,0,0
deu_train_track_a_01811,"Ich war genau eine Woche über dem Termin noch fröhlich durch den Garten gewatschelt und hab mich bei den Nachbarn beklagt, dass das Kind wohl nie kommen wird. Nachts um 12 hatte ich einen Blasensprung und passend zum Mittagessen war er da.  Am Tag davor hatte ich bei der Ärztin auch noch keine Anzeichen gehabt.",0,0,0,0,0,1
deu_train_track_a_01812,"Finde das in diesem Fall legitim, das ist ja etwas völlig anderes, als wenn du ihr völlig grundlos gegenüber Vertrauensprobleme gehabt hättest. Hier gab es einen sehr konkreten Anlass bzw. Verdachtsmoment.  (Anstatt irgendwelcher vagen Befürchtungen)",0,0,0,0,0,0
deu_train_track_a_01813,"Ich bin ein wenig mit den Zeitangaben verwirrt. Du bist 31, warst noch vor einigen Jahren in einer 5 jährigen Partnerschaft und hattest zwischen 23 und 28 eine Selbstfindungsphase, in der du festgestellt hast, du seist bi.  Das wirkt ein wenig suspekt und je nachdem, wie sich das dargestellt hat und wie du es rüber gebracht hast, könnte das vielleicht das Unverständnis deiner Expartnerin erklären.  Allgemein solltest du es deinem zukünftigen Partner offen erzählen. Daran ist nichts Schlimmes und sollte es jemand nicht akzeptieren, akzeptiert er dich nicht. Damit wäre das dann gegessen. Zudem käme es meiner Ansicht nach einer Lüge gleich, solche wichtigen Details über eine Person einfach zu verschweigen.",0,1,0,0,0,1
deu_train_track_a_01814,"Die grösste Gefahr für Europa sind die europäischen und US Politiker. Unfähig mit diesem Russenpräsidenten zu verhandeln. Waren immer unfähig, sind zur Zeit total unfähig und werden es bis zum Sankt Nimmerleinstag bleiben.",1,1,0,0,0,0
deu_train_track_a_01815,jede männliche person auf dieser welt ist so hart belastend,1,1,0,0,0,0
deu_train_track_a_01816,Ihr werdet unsere Freiheit und Demokratie nicht an Russland verkaufen,1,0,1,0,0,0
deu_train_track_a_01817,ich geh dann mal weinen,0,0,0,0,1,0
deu_train_track_a_01818,Wo liest Du das? Machen sich nicht eher alle lustig darüber?,0,0,0,0,0,1
deu_train_track_a_01819,"Passt schon, dafür haben wir jetzt PET-Flaschen, wo man den Deckel nicht mehr abmachen kann. Das kompensiert das schon",1,0,0,0,0,0
deu_train_track_a_01820,"ich lerne ein paar sprachen aber mein hauptaugenmerk liegt auf deutsch weil es so schön ist. jetzt glaube ich dass ich deutsch spreche, aber ich mache viele grammatikalische fehler :)",0,0,0,1,0,0
deu_train_track_a_01821,In der Ukraine ermittelt der Geheimdienst gegen eigene korrupte Behörden. Das müssen Mitarbeiter deutscher Behörden nicht befürchten. Aus meiner Sicht ist die Ukraine da weiter als wir.,0,0,0,0,0,0
deu_train_track_a_01822,"Weiß nicht wie gelungen ich das finde. Die Kritikpunkte bewegen doch teilweise nur Leute, die eh schon ne Hasskappe auf die CDU haben - wäre es da nicht sinnvoller gewesen, stattdessen mehr Dinge reinzunehmen, die eben auch einen Ottonormalwähler bewegen könnten, nicht mehr CDU zu wählen? Halt irgendwas, das jeden berührt, nicht ""Tempolimit verhindern"", was für viele Leute sogar eher ein Argument *für* die CDU sein dürfte. Vielleicht lieber ""Reformen verhindern"" oder ""Anschluss verlieren"" oder sowas...?",0,0,0,0,0,0
deu_train_track_a_01823,"Es sterben immer unschuldige Menschen, die Kriegsbefürworter verdienen damit.",1,1,0,0,1,0
deu_train_track_a_01824,"Hi, du hoffst, dass es nicht wirkt, weil es so viele Einschränkungen mit sich bringt?  Es hört sich an als hättest du schon eine echt lange Reise hinter dir und wärst ganz schön erschöpft.  Ich hätte auch absolut keine Lust auf so viele Einschränkungen und potentielle Nebenwirkungen...  Magst du teilen wie deine Therapie aussieht also was du außer den Medikamenten so machst?",0,0,0,0,1,0
deu_train_track_a_01825,Wie teuer ist das? Also wie wiel gibst du so durchschnittlich im Monat für Heroin aus?,0,0,0,0,0,0
deu_train_track_a_01826,"Durch die letzten Wochen ist der Hass auf Israel im Gaza Streifen nur noch größer geworden. Anstatt nach dem Massaker der Hamas alle moderaten Kräfte unter den Bewohnern vom Gaza Streifen mit ins Boot zu holen und gemeinsam eine Lösung gegen die Hamas zu finden, hat Israel mit diesem Krieg nur neue zukünftige Hamas Kämpfer gemacht.",1,1,0,0,1,0
deu_train_track_a_01827,Ey Brudi schreib denen ne Mail und Schlag das vor!,0,0,0,0,0,0
deu_train_track_a_01828,Sie hat nein gesagt.  & Danke für die netten Kommentare.,0,0,0,0,1,0
deu_train_track_a_01829,Wo hast Du studiert ? M.Sc. Marine Biology nehme ich an ? Wie sieht die Jobsituation deiner Meinung nach aus und wo arbeitest Du momentan ? Danke für das AmA! :),0,0,0,0,0,0
deu_train_track_a_01830,"Ich bin auf dieses Subreddit gestoßen und habe hier viele kreative und interessante Geschichten gesehen. Aber es hab als ich klein war immer so drei vier die ich immer wieder gehört habe, kann mich aber an wenig daraus erinnern, außer dass ich (damals) echt Angst bekommen hatte. Kennt ihr irgendwelche Geschichten die in den frühen 2000ern jeder kannte? Auch gerne nur Stichworte damit ich googeln kann oder Links zu den originalen",0,0,0,0,0,0
deu_train_track_a_01831,"Das gibt es in **delikat** und **pikant**, aber ich hab noch keinen Unterschied bemerkt. Hatte aber auch noch keine Blindverkostung der beiden Geschmacksrichtungen.  Ansonsten ist das das Minimum, an dem sich eine Currywurstbude messen lassen muss.   Schmeckt übrigens im Brötchen auch ohne Wurst Ü",0,0,0,0,0,0
deu_train_track_a_01832,"Hast du Hilfe, bzw. einen Weg daraus gefunden? Wie sah das aus?",0,0,0,0,0,0
deu_train_track_a_01833,"Russland ist die Krankheit. NATO ist die Medizin. Russland muss Heilung erfahren. Je schneller, desto besser.",1,1,0,0,0,0
deu_train_track_a_01834,Mit Biggie auf den Ohren in der Sonne sitzen und den Tag genießen.  Can it get any better?,0,0,0,1,0,0
deu_train_track_a_01835,Der RAINA macht die Hütte ! 🤣 #BVBDSC,0,0,0,1,0,0
deu_train_track_a_01836,"Ist nur so ein gedanke, aber - ein zweites konto zu haben muss ja auch nicht direkt ein *böses* Geheimnis heißen. Ich meine, mal zusammengefasst - perfekte beziehung, lange zusammen, keine zweifel ansonsten, planen nachwuchs, reden über alles, verdienen eher mittelständig, teilen finanzielle infos... vielleicht will er langsam auf etwas *ganz bestimmtes* sparen, ohne das du etwas davon mitbekommst? Als überraschung? Um den nächsten Schritt einzuleiten?   Ist nur eine möglichkeit, natürlich. War aber das erste was mir dazu in den Sinn gekommen ist.",0,0,0,0,0,0
deu_train_track_a_01837,"Ach so, ""Aktivisten"" also. Leute, die vom Bürgergeld leben und anderen den Arbeitsplatz streitig machen wollen.",1,1,0,0,0,0
deu_train_track_a_01838,"Danke für dieses AMA, denk einfach nicht über dir ganzen Heinis nach, die hier Aufmerksamkeit wollen.   -Würdest du dich selber als Süchtig bezeichnen?  -Was gibt dir Second Life, dass du nicht im echten Leben hast?  -Gehen dir die Beschränkungen der Spielwelt nach einiger Zeit auf den Senkel oder kommst du damit klar?  -Wie viele Stunden steckst du Wöchentlich/Täglich in das Spiel?  -Hast du mehr soziale Kontakte im Spiel als außerhalb dessen?  -Triffst du dich öfters mit anderen Spielern irl?",0,0,0,0,0,0
deu_train_track_a_01839,"da ich mir sonst auch noch Sorgen um die Verbeamtung machen darf -> privat bezahlte Psychotherapie in Betracht ziehen, wenn es finanziell drin ist.",0,0,1,0,0,0
deu_train_track_a_01840,"Ist es üblich für ein solches  Verfahren 1,25 Jahre U Haft zu verhängen ? 🧐",0,0,0,0,0,1
deu_train_track_a_01841,"Sieht sehr positiv aus, da ist ganz schwach eine zweite Linie. Aber wenn du ganz sicher gehen willst, dann mach in ein paar Tagen einen neuen Test. Die zweite Linie sollte deutlicher zu sehen sein beim nächsten Mal, weil der Hormonspiegel weiter angestiegen ist",0,0,0,0,0,0
deu_train_track_a_01842,"Klimawandel gab es schon immer und selbst wenn der jetzige durch den Menschen schneller voran schreitet, ist es mir sowas von egal...bis ich die Stiefmütterchen von unten sehe, blühen sie hoffentlich das ganze Jahr durch 😜",0,0,0,1,0,0
deu_train_track_a_01843,Bin zwar grad schon am schauen aber ne weitere offizielle Watchparty vom Team  #SaveBreakingEven klingt gut,0,0,0,1,0,0
deu_train_track_a_01844,Unter  #Liefers versammelt sich mal wieder die Creme de la creme all derjenigen die Geschichtsunterricht geschwänzt haben.,0,1,0,0,0,0
deu_train_track_a_01845,"Wow, noch einer, der bei neuen Getränken nicht Nein sagen kann.  Ich liebe das auch: Ansprechendes Design? Neuer Geschmack? - Meins!  Und dann zuhause der Test. Immer ein Erlebnis, egal ob das Produkt gut oder ungenießbar ist - für einen Moment habe ich Freude, etwas völlig Neues zu entdecken.  Nach dem Himbeer-Baiser halte ich die Augen auf. Meine, ihn schon gesehen zu haben.  Und zu allem anderen: Ja.  Bei Alkohol bin ich vorsichtig, weil das ggf. nach hinten losgehen kann, aber zur Entspannung gehört für mich immer ein Tee und in geselliger Runde einen guten Tropfen genießen - in unserem Fall ausgesuchte Whiskys -, ist einfach wunderbar gesellig.",0,0,0,1,0,0
deu_train_track_a_01846,"Ich habe mir ein einziges Stilltop gekauft und nie getragen. Normale Blusen / Hemden, Tops unter dem Shirt, weite Pullis etc tun es genauso. Finde auch die meisten Stilloberteile sehr unvorteilhaft, weil die den Schwangerschaftsbauch so betonen und das will man nach der Geburt ja eher nicht mehr.",0,1,0,0,0,0
deu_train_track_a_01847,Warum genau ist deine Wahl auf den Fiat gefallen? Stelle es mir aufgrund des Imports aufwendiger vor als auf ein Hierzulande erhältliches Auto zurückzugreifen.,0,0,0,0,0,0
deu_train_track_a_01848,"Wenn Ukraine verliert, steht der Russe vor Polen, dann muss Nato eingreifen, D ist dann auch im Krieg. So einfach ist es.",0,0,1,0,0,0
deu_train_track_a_01849,"Ich kann mich oft daran erinnern, dass ich nach Hause gehen Musste, weil die Familie Essen wollte...? Ich komme aus Russland (bin seit 2008 hier und nein ich halte absolut nichts von Putin und der katastrophalen Entwicklung Russlands), und damals gab's sowas bei uns einfach nicht, wenn Essen fertig ist und Besuch da ist, seien es Freunde des Kindes oder nicht, wurden sie sogar explizit eingeladen mit zu essen.  Ich fand und finde es jedenfalls ziemlich unhöflich.",0,1,0,0,0,0
deu_train_track_a_01850,"Danke! War verwirrt und hab zeitweise an geschmierte Zahlen geglaubt. Naja, ist ja auch fast so 🤓",0,0,0,1,0,1
deu_train_track_a_01851,"Kannst du ein bisschen was zu deinem Werdegang sagen, z.b. was du studiert hast?",0,0,0,0,0,0
deu_train_track_a_01852,Hat Israel schon eine Kommandozentrale der Hamas in den Mehlsäcken gefunden?,1,1,0,0,0,0
deu_train_track_a_01853,Es sind immer die fenerlis die betrügen,1,1,0,0,0,0
deu_train_track_a_01854,"Gestern hatte ich mein erstes Vorsprechen überhaupt. Ich bin um 5.00 morgens los gefahren, war um 12 dort, um 14.30 hab ich zwei Rollen gespielt und ein Lied gesungen und bisschen was über mich erzählt. Dann wurde ich nicht mal eine Minute raus geschickt, damit die Dozenten sich besprechen und als Ich wieder rein geholt wurde, hieß es 'Die Entscheidung ist uns leicht gefallen, wir wollen dich gerne ausbilden.""  Ich bin immer noch nicht angekommen, dass ist völlig surreal.  Zum Kontext: bin 28m und gelernter Krankenpfleger.   Sowas passiert normalerweise nicht beim ersten Vorsprechen. Insane.",0,0,0,1,0,1
deu_train_track_a_01855,">Meine Familie fühlt sich, vermutlich zurecht, hintergangen und ich werde jetzt wohl ausziehen. Finanziell geht das, selbst nach Corona zum Glück. es war etwas hart von meiner Mutter als ""nicht mehr ihr Sohn"" bezeichnet zu werden während sie mir Impfgegner Tiraden an den Kopf wirft. (Die geratest Hits waren anzeige wegen Verleumdung wofür auch immer, vergleiche von sich mit KZ Insassen und ""ich will lieber an Corona sterben als an der Impfung"" geil ) Montag mache ich einmal die Runde: Bank, Anwalt (Empfehlungen für einen im raum Karlsruhe), Gesundheitsamt. Falls es sich danach lohnt mache ich nochmal einen Post.  Noch sein Edit vom letzten Post.",0,1,0,0,1,0
deu_train_track_a_01856,Schämt euch. Wir werden nie vergessen,1,1,0,0,0,0
deu_train_track_a_01857,"Das kommt mir irgendwie komisch vor. Kommt das so aus dem nichts? Ohne Vorgeschichte? Sie und ihr Freund sind ja auch nicht erst seit gestern zusammen und dich kennt sie schon ihr Leben lang. Da muss irgendwas anderes im Argen sein, was aufgearbeitet gehört. Vielleicht kann da wer vermitteln? Eure Eltern z. B.?",0,0,0,0,0,1
deu_train_track_a_01858,"Zupfkuchen war auch der erste Kuchen, den ich ohne Backmischung gebacken habe, schön 1 kg Zucker, 1 kg Quark und 1/2 Kilo Butter, oder so ähnlich. Und ein bisschen Kakaopulver, natürlich.",0,0,0,1,0,0
deu_train_track_a_01859,"vielleicht ist ja der subreddit r/QAnonCasualties was für dich - da geht es vielen menschen ähnlich, die familienmitglieder an ideen verloren haben",0,0,0,0,0,0
deu_train_track_a_01860,"Ich wollte allen hier ganz lieb danken für die vielen Antworten! Ich bin noch kein Jahr auf Reddit, aber ich habe echt das Gefühl dass man hier immer Hilfe bekommt und nicht (wie in den meisten anderen Foren) direkt beleidigt oder runtergemacht wird! Ich konnte jetzt schon einiges mitnehmen und werde das ein oder andere sicher austesten! Vielen Dank :)",0,0,0,1,0,0
deu_train_track_a_01861,"Versuche es nicht alleine. Hol dir professionelle hilfe, wechsle den Psychologen/Therapeuten so oft bis du für DICH jemanden gefunden hast, bei dem du dich wohl fühlst. Habe glaube ich 6-7 Therapeuten ausprobiert, die letzte war perfekt für meinen Fall - 5 Stunden haben mehr bewirkt als jahrelange, wöchentliche Therapie.",0,0,0,1,1,0
deu_train_track_a_01862,"Die hysterische Aufregung um den Mitschnitt von Bundeswehrsoldaten zu #Taurus ist peinlich.  Ob echt oder nicht, das ist doch ein russisches Propagandaspiel. Geschenkt, dass die #Putin-Lakaien von der #AfD da mitmachen. #Putin hat Angst vor #Taurus, daher #Taurus jetzt.",1,1,0,0,0,0
deu_train_track_a_01863,Statt Klimapanik jetzt die Kriegshysterie,1,1,0,0,0,0
deu_train_track_a_01864,"Gibt's vielleicht so Coaching-Gruppen für Abschlussarbeiten oder Prokastination an deiner Uni? Meist bietet die psychologische Beratung so etwas an. Ob die Leute dir sonst weiter helfen können, ist vielleicht auch einen Versuch wert.   Generell, ein bisschen auf dich achten und bewusst ein paar Termine außerhalb der Abschlussarbeit pro Woche planen, um irgendwie auf den Füßen zu bleiben. Auch, wenn so ein depressives Hirn so etwas meist lächerlich oder als Zeitverschwendung tituliert.   Ansonsten nur noch der Tipp: wenn's knapp wird früh genug zum Arzt und Krankschreibung holen, so eine Abschlussarbeit kann man zur Not fast immer ""lang ziehen"", bevor man irgendwann ganz im Loch hängt.  Drücke dir die Daumen für die Suche!",0,0,0,0,0,0
deu_train_track_a_01865,Boah .. im Kopf voll daneben gewesen .. ich dachte Leo macht endlich sein Versprechen wahr und hat nen Anwalt da,0,1,0,0,0,0
deu_train_track_a_01866,"Israel hat hier die Verantwortung. Der Gaza Streifen wird von Israel abgeriegelt. Keiner kommt ohne Israels Kontrolle in Land, egal ob auf den Landweg oder den Seeweg. Selbst der Luftweg ist von Israel kontrolliert. Wenn Menschen verhungern, dann liegt das ausschließlich in Israels Verantwortung. Warum wird das nicht erwähnt? Ist wohl ein Tabu.",1,1,0,0,0,0
deu_train_track_a_01867,Is leider von meiner arbeit 😅,0,0,0,0,1,0
deu_train_track_a_01868,schlagen dich mit ein fenster,1,0,0,0,0,0
deu_train_track_a_01869,"Wow. Ich war genau wie deine Freundin, vor einigen Jahren. Krankhafte Eifersucht ist super toxisch, ganz schlimm für einen selber und natürlich auch den oder die Partner*in. Es tut mir leid für euch beide und ich wünsch euch, wenn ihr euch liebt, dass die Beziehung nicht daran zerbricht. Aber dafür muss sie an sich arbeiten. Versuch ihr irgendwie klar zu machen, dass es so nicht weitergeht. Vielleicht sieht sie ein, dass sie Hilfe braucht, eine Therapie vielleicht. Sag ihr ganz ehrlich, wie du dich damit fühlst und dass es dich und deine Liebe zu ihr kaputt macht. Und wenn sich nichts ändert, dann kannst du eigentlich nur das Weite suchen. Alles Liebe euch!",0,1,0,0,1,0
deu_train_track_a_01870,"Klingt nach ""treatment resistant depression"" oder TRD.  Es gibt tatsächlich neue experimentelle Methoden der Behandlung mit Psychedelika, die im Vergleich recht gute Quoten hatten.  Halte vielleicht mal danach Ausschau. Ich glaube, dass das mehr wird und in NRW hat man sicher Chancen.  Es läuft zurzeit eine Studie ""EpisoDe"" in Mannheim und Berlin zu TRD.  Ich möchte dir keine falschen Hoffnungen machen, aber diese Substanzen sind wirklich hochinteressant und ihnen wird von einigen Psychiatern riesiges Potential zugeschrieben.  Ich hoffe du stehst es durch, gute Besserung!",0,0,0,1,1,0
deu_train_track_a_01871,erlaubt“ - das muss man erstmal sinken lassen.,0,0,0,0,0,0
deu_train_track_a_01872,"Die Nebenwirkungen sind ja der Beweis, dass es funktioniert.",0,0,0,0,0,0
deu_train_track_a_01873,Corona hat gezeigt wie pervers Menschen sind und das auf beiden Seiten...,0,1,0,0,0,0
deu_train_track_a_01874,"Weil die Außenministerin drei Stunden früher nach Hause wollte, die Flugzeugcrew aber noch Ruhezeit hatte, wurde in einem Sonderflug eine Ersatzcrew nach Kopenhagen geflogen.  Nachdem die frische Mannschaft abgesetzt war, flog das zweite Flugzeug leer nach D. zurück. Frau Baerbock, sprechen Sie bitte nie wieder von Klimarettung, Sie Heuchlerin!",1,1,0,0,0,0
deu_train_track_a_01875,"Diese naive Vorstellung, Ukraine kann Russland besiegen. Nur Gespräche und Verhandlungen können langfristig Vorteile und Frieden für die Ukraine bringen.",0,1,0,0,0,0
deu_train_track_a_01876,"Fun fact: in Brasilien bedeutet 'alles blau' sowas wie 'alles gut' (auf Portugiesisch selbstverständlich) und im Süden des Landes, wo wegen den deutschen Einwanderern Deutsch noch zum Teil gesprochen wird, wurde dieser Ausdruck ins Deutsche übersetzt, wobei die brasilianische Bedeutung behalten wurde. Also es ist dort nicht unüblich auf ein 'wie geht's?' mit 'alles blau' zu antworten.  Quelle: bin dort geboren und aufgewachsen.",0,0,0,1,0,0
deu_train_track_a_01877,"Wenn die katholische Kirche, der Wirtschaftsverband und sogar LePen die Mitarbeit mit der AfD verweigert, dann muss jedem klar sein, dass etwas nicht stimmt.",1,1,0,0,0,0
deu_train_track_a_01878,"Aber die #Ukraine hat kein Problem mit Korruption… Vielleicht hat sich ihr Schauspieler, oh sorry… Präsident, davon eine neue Luxus Villa im Ausland dafür gekauft.",1,1,0,0,0,0
deu_train_track_a_01879,"Studie: Wer sich 2 mal gegen CoVid-19 impfen lässt, der wird sich nicht mit dem Virus infizieren und auch nicht an Corona erkranken.   Merkste selber?",1,0,0,0,0,0
deu_train_track_a_01880,"Klimaschutz geht nur sozial gerecht. Wir fahren zusammen, wir streiken zusammen! 💚🔥",0,0,0,1,0,0
deu_train_track_a_01881,Bro bin vegetarisch und mit Avocado und so ist das anders heftig,0,0,0,1,0,0
deu_train_track_a_01882,"Also dafür, dass das allws nur Show ist, ist es ne ziemlich gute und unterhaltsame Show. Und die Stimmung live scheint ja bombastisch zu sein!",0,0,0,1,0,0
deu_train_track_a_01883,"Hey du, das klingt mega hart aber allein an deiner Beschreibung seiner Vorstellung von Vaterschaft wird deutlich, dass sowohl ohne ihn besser dran bist als auch die Erziehung ohne ihn wuppen kannst. Ich würde zu seiner Mutter ziehen und von dort aus eine neue Wohnung suchen. Weiter zusammenzuwohnen finde ich keine gute Lösung, das hört sich sehr belastend an.   Ich wünsch dir und deinem Kind alles Gute und drücke euch die Daumen! Du schaffst das!",0,1,0,1,1,0
deu_train_track_a_01884,"Meine Güte, haben die Linken alle die Hosen voll. Ich kaufe jetzt Pampers-Aktien.",1,1,0,0,0,0
deu_train_track_a_01885,putin muss nur mit dem krieg aufhören.,1,0,1,0,0,0
deu_train_track_a_01886,War das am Anfang normal für dich.. wenn man es nicht anders kennt?.,0,0,0,0,0,0
deu_train_track_a_01887,sie kocht unnormal krank ehrich,0,0,0,1,0,0
deu_train_track_a_01888,ich hatte mal was mit einer und ich hab ihr dann häufig was vorgelesen und sie ist dabei eingeschlafen das war ehrlich schön,0,0,0,1,0,0
deu_train_track_a_01889,"Warst du damit schon mal beim Psychiater (oder wenigstens Neurologen)? Wenn nein, hin da, alleine um körperliche Ursachen wie Hirntumor/Hormonstörung/etc. ausschließen zu können.",0,0,1,0,0,0
deu_train_track_a_01890,"Ich hatte 2013 einen schweren Unfall der mich fast das Leben gekostet hätte. Ohne Operationen wäre ich gestorben und auch so war es kein Katzensprung. Ich war intubiert, hatte einen ZVK einen arteriellen Zugang und mehrere Bluttransfusionen sowie starke Opioide im Körper.  Interessiert dieses Thema jemanden? Wollt Ihr noch etwas dazu wissen?",0,0,0,0,1,0
deu_train_track_a_01891,"Seit Jahrzehnten ist bekannt, dass menschliches Handeln das Klima schädigt.  Bekannt ist es in den demokratischen Industriestaaten, in denen auf Offenheit, Wissenschaft und Wahrheit Wert gelegt wird.  Unverantwortlich, dass hier nicht genug getan wird.",1,1,0,0,1,0
deu_train_track_a_01892,"Hatte ich letzte Woche auch, eine frauengruppe mit 12 Personen, alle süppeln ihren Sekt, schreien durch den ganzen Zug und laufen ohne Maske hin und her.",1,1,0,0,0,0
deu_train_track_a_01893,"Es tut mir leid, dass du gerade so eine schwere Zeit durchmachst. Depression ist eine harte Krankheit und Rückschläge sind leider normal, auch wenn es sich furchtbar anfühlt. Bitte gib nicht auf. Du bist wertvoll und dein Leben hat Sinn, auch wenn es sich gerade nicht so anfühlt. Hast du die Möglichkeit, professionelle Hilfe in Anspruch zu nehmen? Vielleicht kann dein Therapeut die Medikation anpassen oder dir andere Bewältigungsstrategien zeigen. Denk auch daran, dass die positiven Gefühle, die du vor ein paar Wochen hattest, zurückkommen können. Halte durch, du bist nicht allein.",0,0,0,0,1,0
deu_train_track_a_01894,"Der Mensch muss lernen ""Müll"" von Nützlichem zu trennen und zu ignorieren.",0,1,0,0,0,0
deu_train_track_a_01895,Das habe ich eigentlich auch von Deutschland erwartet. Putin anklagen ist okay aber nicht Israel . Doppelmoral,1,0,0,0,0,0
deu_train_track_a_01896,"Danke für deine Offenheit.es war super interessant für mich, deine Antworten zu lesen. Wie wird denn mit dir umgegangen? Hast du das Gefühl, dass du anders behandelt wirst als andere Menschen? Und andersrum gefragt, wie wünschst du dir, dass andere dich behandeln? Gibt es etwas, was du dir von deinem Umfeld wünschst?",0,0,0,0,0,0
deu_train_track_a_01897,"Wie einige von euch vielleicht gemerkt haben, sind wir die bisherigen Moderatoren nicht mehr besoners aktiv hier. Damit die Community aber ordentlich moderiert wird suche ich zwei geeignete Nachfolger. Wenn ihr also aktiv hier seid und euch das moderieren des Subs vorstellen könnt, dann antwortet bitte auf diesen Post. Ich werde mir die Profile der Bewerber anschauen und anhand des Auftretens und der Aktivität hier im Sub dann zwei geeignete Kandidaten auswählen.",0,0,0,0,0,0
deu_train_track_a_01898,"Jetzt nicht nachlassen. Nicht nur auf Demos, sondern auch im Alltag: menschenfeindliche Reden nie mehr unwidersprochen lassen.",1,0,0,0,0,0
deu_train_track_a_01899,"Schön da, aber warst du auch schonmal in Baden-Württemberg? (Ein Scherz, sind echt schöne Fotos!)",0,0,0,1,0,0
deu_train_track_a_01900,"Dann geh einfach wo anders hin trollen! Ich hab dich nicht eingeladen, hier deinen Müll abzuladen ;)",1,1,0,0,0,0
deu_train_track_a_01901,Was hast du für eine Ausbildung gemacht?  Hat dich der Druck der Arbeit auf die Straße gebracht oder wie kam es dazu?,0,0,0,0,0,0
deu_train_track_a_01902,"Man muss schon ziemlich ""verstrahlt"" sein, den Menschen gemachten Klimawandel anzuzweifeln.   Glaubt ihr wirklich, 195 Länder der Erde hätten das Paris-Abkommen ratifiziert, wenn der #Klimawandel reine Erfindung wäre?",1,1,0,0,0,0
deu_train_track_a_01903,Das eine Unrecht rechtfertigt nicht ein anderes Unrecht. Das sollte man auch dem Netanjahu mal endlich deutlich klar machen. Die Gewaltspirale in diesem Konflikt muss endlich beendet werden und eine friedliche Lösung gefunden werden.,1,1,0,0,1,0
deu_train_track_a_01904,Das war Absicht und Danke für die Beleidigung,1,0,0,0,0,0
deu_train_track_a_01905,"Ich will dir eigenrlich nur meine tiefste Anteilnahme aussprechen und wünsche dir und deiner Mutter viel Kraft! Möge dein Vater noch schöne Stunden mit euch verbringen!  Hat er noch irgendeinen unerfüllten Herzenswunsch, den man gemeinsam nachgehen könnte? Vielleicht noch irgendeine Stadt oder eine bestimmte Sehenswürdigkeit sehen?",0,0,0,0,1,0
deu_train_track_a_01906,"Bewusst erst ab dem positiven Test. Ich trinke aber ohnehin so selten, dass ich in der zweiten Zyklushälfte sowieso quasi ""ausversehen"" nichts getrunken hatte. Alkohol ist sowieso ungesund, du machst also definitiv nichts falsch wenn du eher früher als später damit aufhörst.",0,0,0,0,0,0
deu_train_track_a_01907,"Glaube CDU, Grüne, SPD und FDP würden alle in ein Bett hüpfen, um die AfD zu verhindern",0,0,0,0,0,0
deu_train_track_a_01908,"Also mir hat es geholfen, ich war bei der **Gesundheitspraxis Li** in Oerlikon und ebenfalls überrascht wie wohltuhend eine Gesundheitsmassage auch für das psychische Wohlergehen sein kann. Diese TCM Paxis wird von der LaBelleChine betrieben und die Geschäftsführerin Shuyi Li hat mir versichert, dass der Standort in Pfäffikon ZH mindestens so gut sein soll.",0,0,0,1,0,1
deu_train_track_a_01909,Wann stellt jetzt endlich mal wer einen Ausschlussantrag gegen Dr. Sahra Wagenknecht und ihre rassistischen takes?,1,1,0,0,0,0
deu_train_track_a_01910,"Leute, halte nix von deutschen Film- und TV-Produktionen, aber ,,Die Discounter“ ehrlich witzig",0,0,0,1,0,0
deu_train_track_a_01911,"Ihr versucht Menschen zu zerstören, die nicht eurem Weltbild entsprechen! Dabei schreckt ihr vor keiner Lüge zurück! Big difference!",1,1,0,0,0,0
deu_train_track_a_01912,"Ich hätte mir gerne eine alte Mühle gekauft, aber mich stört dabei vor allem die Sicherheit. Wenn die alten Autos genauso sicher wären, wie die neuen, dann hätte ich liebend gerne einen ""Oldtimer"" gekauft",0,0,0,0,1,0
deu_train_track_a_01913,Rechtsreligös 🤔 höchst interessant 😂 sagt doch einfach gleich rechtsextremen das wäre doch eher das richtige Wort.,1,1,0,0,0,0
deu_train_track_a_01914,"Wo waren diese Menschen eigentlich ab 2020, seit man wegen eines Grippevirus #Corona unsere Grundrechte traktiert hat? Haben die sich feige zuhause versteckt, während unsere Alten vereinsamt und mit gebrochenem Herzen, zu Tode betrübt regelrecht verreckt sind?",1,1,0,0,0,0
deu_train_track_a_01915,"Ich würde garnicht drum rum reden. Einfach ehrlich sein, viele haben Verständnis. Irgendwelche Überbrückungsgeschichten sind auch nichts anderes als Lügen, wie mit deinen Eltern. Ich kenne es, ich habe dasselbe getan. Schritt 1. Deinen Eltern beichten Schritt 2. Job in Wunschbranche, ohne BlaBla Wenns nicht funktioniert musst du auch einfach realisieren dass Studium nicht alles ist. Ausserdem hast du schon einen Bachelor. All good. Du bist schonmal besser dran als viele. Vielleicht ein anderes Umfeld? Geh spazieren und probier vielleicht Fluoxetin, bei mir hats ganz gut funktioniert.",0,0,0,0,0,0
deu_train_track_a_01916,"Man sollte aber auch immer anmerken, das Alkohol keine Entschuldigung dafür ist.",0,1,0,0,0,0
deu_train_track_a_01917,"Dass nach dem Tod noch irgendetwas kommt was du realisieren kannst ist Bullshit der über die Jahre von Menschen erfunden wurde, um entweder etwas greifbares zu haben damit man nicht wahnsinnig wird oder um andere gefügig zu machen.   Es wird sein wie vor deiner Geburt, alles andere macht keinen Sinn.",1,1,0,0,0,0
deu_train_track_a_01918,"Der Mensch hält konstant hohen Stress neurologisch nicht aus,dann setzen zum Selbstschutz selbtberuhigende Verharmlosung ein. Oder Dissoziation,also eine Art Abspaltung, in der Psychologie lang bekannt. Das Problem Corona ist einfach zu groß weil es ALLE Lebensbereiche betrifft.",0,0,1,0,1,0
deu_train_track_a_01919,"Es ist einfach unfassbar, dass man sich in Deutschland nicht mehr überall für Demokratie artikulieren kann ohne Gewalt zu befürchten. .. Danke AfD! Nichts zerstört uns so wie Ihr!",1,0,1,0,1,0
deu_train_track_a_01920,Heute in der Zeitung gelesen: Die Energiewende wird teurer als nötig/ Schuld daran ist vor allem die Politik aus München. Bei der Stromversorgen für Bayern wird ganz Deutschland an den höheren Kosten im Süden beteiligt. DANKE Bayern,1,1,0,0,0,0
deu_train_track_a_01921,"Haltung. Meinung. Opposition ist ein Todesurteil in Systemen wie Putins Russland. Er war eine beeindruckende Persönlichkeit, ein Mensch, der seine Haltung aus Überzeugung für eine bessere Zukunft über das eigene Leben stellte. Das sollte uns Ansporn sein, Putins System nie siegen zu lassen, Oppositionen in aller Herren Länder zu unterstützen, die für Freiheit und Demokratie kämpfen, und vor Ort bei uns Demokratie gegen Putins Freunde wie der AfD zu verteidigen. Ruhe in Frieden. Deine Ideale leben weiter",1,1,0,0,1,0
deu_train_track_a_01922,Israels Gewalt gegen Palästinenser ist älter als die Hamas,1,1,0,0,1,0
deu_train_track_a_01923,Also coachella an sich wild und wilde outfits ist halt nh plus,0,0,0,1,0,0
deu_train_track_a_01924,"Wie sehr schützt / isoliert ihr euch in diesen Zeiten um eine Corona Infektion zu verhindern?   Wir sind aktuell wirklich sehr beschränkt in unseren Kontakten: beide im Home Office, wir treffen maximal 1x die Woche jemand außerhalb unseres Haushaltes. Ich wollte mich mal wieder mit Freunden verabreden, die wir länger nicht gesehen haben und mein Mann war unschlüssig, ob wir aktuell nicht lieber bewusst darauf verzichten.   Ich bin hin und hergerissen und will mich aber sozial auch nicht komplett isolieren - schwanger sein ist schon emotional turbulent genug, da will ich nicht auch noch daheim vereinsamen. Gleichzeitig will ich mich natürlich nicht unnötigen Risiken aussetzen... wie handhabt ihr das?",0,0,1,0,1,0
deu_train_track_a_01925,Männlich gelesene Migranti setzen in Den Haag ein starkes Zeichen gegen Rechts. Demnächst auch in Ihrer Nachbarschaft!,1,0,0,1,0,0
deu_train_track_a_01926,"Ich kann da wirklich nicht, da ich da noch nicht zu Hause bin. Also bitte nicht schlagen",0,0,1,0,0,0
deu_train_track_a_01927,"Update: [Erste 38km geschafft!]( wenn jemand trotz des unscharfen Hintergrundes erkennt, wo ich bin!",0,0,0,1,0,0
deu_train_track_a_01928,"Naja. Der ganz rechts (im doppelten Sinne) will ja nochmal zurückgekommen. Ich hoffe, die Anklage hat Erfolg!",0,1,1,0,0,0
deu_train_track_a_01929,"Habt ihr Tipps, wo man als Schwangere sicher hin verreisen kann? Ich weiß, es gibt extra Babymoon-Hotels aber die sprechen mich nicht sehr an. Generell mache ich bevorzugt Urlaub im Hotel, die letzten Jahre war ich öfter am Mittelmeer an einem Ort, der fällt jetzt aber wegen der Schwangerschaft aus (zu hohe Sturzgefahr, zu schlechte medizinische Versorgung, ...).",0,0,1,0,0,0
deu_train_track_a_01930,Er will Grundrechte von Millionen von Menschen mit Füßen treten. Zum Schutze der Grundrechte unserer Mitbürgerinnen und Mitbürger wäre dieses Verfahren fast schon Pflicht.,1,1,0,0,0,0
deu_train_track_a_01931,"Wer den Staat permanent als Feind sieht, führt kein schönes Leben.",0,0,0,0,1,0
deu_train_track_a_01932,"Klingt für mich so, als würde man sich fragen, ob man Asiate sei, weil einem Glasnudeln besser schmecken, als Spaghetti.   Junge Menschen suchen oft noch nach einem Label, das auf sie passt. Ganz ehrlich? Soll doch jeder machen, wie er mag. Wen interessiert es denn, ob es dafür die richtige Beschreibung gibt.",0,0,0,0,0,0
deu_train_track_a_01933,"Hey Glückwunsch erstmal. Ich bin in der 17. Ssw zum ersten Mal schwanger und mittlerweile ist die Sorge etwas kleiner, allein wegen der Statistik... aber ich fühle deine Panik sehr. Meine Gyn hat mir gesagt, wenn die Angst zu groß wird, soll ich eben anrufen und für einen US sich zwischen den regulären Terminen vorbei kommen. Dauert 2 Minuten du hast Gewissheit. Daran wurde für mich auch noch maö deutlich, ich bin mit dieser Angst wirklich nicht allein, die ist ganz normal leider.. Vielleicht wäre das für dich auch eine Option, so einen Zwischendurch Check in Erwägungzu ziehen.",0,0,1,0,0,0
deu_train_track_a_01934,"Ich bin absolute True Crime Liebhaberin, lese alles, schaue alles, höre Podcasts etc. Seit meiner ersten Schwangerschaft muss das aber so geplant sein, dass ich mich entweder im Hellen damit beschäftigen muss, oder wenn abends, dann muss mein Mann die Nacht zu Hause sein (arbeitet in der Nachtschicht). Das war vorher nie, und ist leider seit der Schwangerschaft nicht weggegangen. Lichtblick: es ist jetzt mit der zweiten Schwangerschaft nicht schlimmer geworden.",0,0,1,0,0,0
deu_train_track_a_01935,Du bist so verdammt heiß 😍🔥,0,0,0,1,0,0
deu_train_track_a_01936,GM .... deine Fotos sind immer der Wahnsinn,0,0,0,1,0,0
deu_train_track_a_01937,physiologische Seufzer oder zeitweise Lippenbremsatmung könnten hier helfen. Ansonsten tägliche progressive Muskelentspannung. Ich weiß es sind 08/15 Tipps aber vielleicht hilft es dir ja,0,0,0,0,0,0
deu_train_track_a_01938,"Hey, ich bin vor kurzem 18 geworden und suche jetzt einen Psychiater in meiner Nähe, dem ich vertrauen kann. Also jemand, der sensibel ist und nicht scheu ist Medikamente zu verschreiben, ich hab damit schonmal schlechte in Erfahrung gemacht dass ein Psychologe das ganz einfach nicht will obwohl ich weiß dass Antidepressiva mir helfen.  Danke im voraus falls jemand helfen kann :)",0,0,1,0,1,0
deu_train_track_a_01939,"Die israelische Nachrichtenseite Ha Makom meldete, dass die israelische Armee den Standort von 16 Geiseln in einem Gebäude festgestellt hatte. Das Gebäude wurde trotzdem bombardiert. 10 Geiseln sind nach Angaben getötet worden.  Glaubt immer noch jemand, dass es um die Geiseln geht?",1,1,0,0,1,0
deu_train_track_a_01940,"Hab viel mit Flüchtlingen gearbeitet. Die meisten sind definitiv hier geblieben, und es war sehr schwer für sie, dass sie ihre Familie nicht sehen konnten. Ich kenne eigentlich nur einen Fall, wo jemand für Urlaub zurück ist, und der war politisch verfolgt (kein Krieg); ging nach 7 Jahren um seine Mutter zu sehen, und hat's halt einfach riskiert. Ich glaube schon, dass das echt die Minderheit ist, und um ehrlich zu sein, so lange es Einzelfälle sind, kratzt es mich nicht.",0,0,0,0,0,0
deu_train_track_a_01941,"Das ist ja mal heftig. Und Schadensersatz bzw. Kostenerstattung kannst du von denen wahrscheinlich auch nicht erwarten oder? Du hast ja immerhin nichts falsch gemacht und bist laut deiner Schilderung vollkommen unschuldig.  Aber vielleicht denke ich da auch zu naiv. Ich bin bisher mit vollkommener Offenheit immer gut durch jede Kontrolle gekommen / musste nie mit zur Wache. Fahre nun aber schon seit Jahren fast gar nicht mehr Auto, da bleiben dann auch die Kontrollen aus.",0,0,0,0,1,0
deu_train_track_a_01942,"Muss ich nicht, der der den Vorwurf macht bzw. die Klage erhebt muss beweisen, nennt sich Unschuldsvermutung.",0,0,0,0,0,0
deu_train_track_a_01943,"Ich kann im Sommer stundenlang in der Sonne am Fluss sitzen und einfach nur dumm vor mich hin gucken. Finden die meisten Leute ziemlich langweilig, ich nicht.",0,0,0,1,0,0
deu_train_track_a_01944,"Die Grünen liefern Panzer und wollen den Krieg und die AfD will Frieden 🙏 und nur das beste für das Land 🇩🇪 und die Leute und werden gehasst, das nenne ich mal GEZ betreutes denken. 🤔",1,1,0,0,0,0
deu_train_track_a_01945,"Wir können mit der #Ukraine gewinnen oder gemeinsam mit ihr verlieren. Wir sind nicht auf dem Weg des Sieges. Das liegt auch daran, daß #Scholz einen Sonderweg mit Russland geht, er will weder #Taurus liefern noch die NATO-Mitgliedschaft der Ukraine  @<username>",1,0,1,0,0,0
deu_train_track_a_01946,"Frohes und gesundes neues Jahr! Genieß deine Orange. Ich hatte da leider noch nie eine 10/10, daher esse ich Mandarinen lieber. Aber ich gönne es dir!!",0,0,0,1,0,0
deu_train_track_a_01947,"""Hamas hat 1200 Menschen brutal abgeschlachtet, sie angezündet, Menschen den Kopf abgehackt, Babies in ihren Krippen ermordet, ...""  ""Aber aber Israelische Soldaten posieren mit Feinwäsche, das heißt beide Seiten machen schlimme dinge.""  Ihr habt doch alle einen Dachschaden.",1,1,0,0,0,0
deu_train_track_a_01948,"Kommt echt auf deine Familie an. Meine war sehr verständnisvoll und unterstützend. Wenn deine nicht so ist oder einen auf ""Stell dich nicht so an"" macht, lohnt es sich vielleicht nicht.  Oder du versuchst es mal und versuchst ihnen ganz ernsthaft verständlich zu machen, dass es eine ernstzunehmende Krankheit ist. Gerade die Boomer mit so einer Einstellung sind nämlich jedes Mal extrem verwundert wenn sich ihr Kind im Schrank erhängt hat.",0,1,1,0,1,0
deu_train_track_a_01949,"Das ist auch so schön geschrieben, genau so wie der erste Post von dir. Man fiebert richtig mit! Schön wie es gelaufen ist :)",0,0,0,1,0,0
deu_train_track_a_01950,>Die marsmenchen > >Ich habe GeburzttaG. mein Freund Casten hat mir zum GedurztaG eine **rakete** geschenGkt Ich hade in Gefrakt wollen wir zum **Monb** fliGGn? Ja wir waren Da wir worben von Mars Menschen Gevesett fffrrreeemmmtttllliiiGGGeee Sie hadenuns frei-Gelasen wir vloGen wider Nach HAuse MaMa hate Gerade Die Pomfriz fertiG.,0,0,0,1,0,0
deu_train_track_a_01951,Asche muss das unbedingt stoppen  Wahnsinn wie peinlich das ist!,0,1,0,0,0,0
deu_train_track_a_01952,"Igel so: ""Ja, ich esse dein Futter. Was willst du jetzt machen, Mieze?""",0,0,0,1,0,0
deu_train_track_a_01953,"Alsooo... unmöglich geschah und ich fand eine Hebamme. Zwei, eigentlich. Das Problem ist, ich kann keine Bewertungen finden und sie beide haben keine Website oder Google Maps-Spot, es gibt nichts. Auf der Hebamme-Suche auf GKV gibt's nur email und Telefonnummer. Natürlich, verstehe ich, dass sie einfach sehr jung und direkt nach der Schule sein können, was mich nicht stört (sie werden immer noch mehr über Kinder wissen als ich, haha). Aber ich frage mich, wie ich verstehen kann, ob wir sozusagen zueinander passen. Welche Fragen sollte ich stellen, um zu verstehen, ob ich ihr vertraue oder ob sie die richtige Person ist?",0,0,1,0,0,0
deu_train_track_a_01954,BIDA wenn ich einen terroristen der kätzchen quälte versehentlich anrempelte als er von hinten in mich rein stolperte so das ich ihn nicht sehen konnte?,0,0,0,0,0,0
deu_train_track_a_01955,Danke Südafrika👏 wenigstens schaut ihr nicht weg oder seid keine Marionette der USA!,1,0,0,1,0,0
deu_train_track_a_01956,Hasst Faschismus ist aber einer. Das sind die Heuchler in dieser BRD.,1,1,0,0,0,0
deu_train_track_a_01957,Kleine Pause vor dem ☕ Der Mann baut ein Hochbeet ans Hochbeet.,0,0,0,1,0,0
deu_train_track_a_01958,"und natürlich zeigt, das das Problem der kath. Kirche nicht nur der Zeitgeist und der Missbrauch ist.",0,1,0,0,0,0
deu_train_track_a_01959,"Knusper, knusper, knäuschen, wer DEMOLIERT DA MEIN HÄUSCHEN? WAS ZUM ARSCH!? SEID IHR BESCHEUERT? ICH MACH EUCH KALT!",1,0,0,0,0,0
deu_train_track_a_01960,Es ist gut das wir die Öko Fanatiker haben die für den Klimawandel demonstriert haben so das die Merkel schnell ein Gesetz daraus gemacht hat und wir jetzt für den ihre Dummheit horrende Strompreise bezahlen müssen.,1,1,0,0,0,0
deu_train_track_a_01961,Mit dem Rassisten und Ultra nationalen Netanyahu sind keine Verhandlungen mehr möglich… solange der Krieg läuft kann er an der Macht bleiben weshalb er auch das Friedensabkommen abgelehnt hat. Die Geiseln sind den Nationalisten Scheiß egal… das sieht man auch an den Bombardierungen und an dem Versuch die Tunnel zu fluten…,1,1,0,0,1,0
deu_train_track_a_01962,"Also ich (w) bin auch eine Leseratte, habe immer mein Buch dabei, aber weiß natürlich, wenn ich mit jmd unterwegs bin, dass ich nicht lese. Hast du es schon angesprochen? Denn Kommunikation ist wichtig und vllt versteht er es, wenn er in zweisamen Situationen das Buch mal weglegen soll. Und solange er verständnisvoll ist, kannst du ihn auch jederzeit innerhalb der Situation beten, das Buch wegezulegen und sich auf dich zu konzentrieren. Das sollte er verstehen. Wenn nicht, wird es eh schwierig.",0,0,0,0,0,0
deu_train_track_a_01963,"Weswegen könntest du denn weinen? Um es auf medizinischer Ebene zu erklären, dein Östrogen ist vielleicht ein bisschen hoch. Vielleicht mal zum Endokrinologen und schauen wie viel Testosteron du im Blut hast. Wenn es irgendwie alles perfekt zusammenläuft kann so eine Emotion entstehen, weil wegen irgendetwas überwältigt ist.",0,0,0,0,0,0
deu_train_track_a_01964,"Das letzte Mal als ich ein 5-DM-Stück in der Hand hatte, ist mir vor allem aufgefallen, wie leicht die sind im Vergleich zu Euro-Münzen.",0,0,0,0,0,1
deu_train_track_a_01965,"Es ist halt schwierig mit einer depressiven Person zusammen zu leben. Das braucht viel Geduld, eigene Ruhe und Ausgeglichenheit und Kraft. Wenn man grad nicht vollkommen geerdet dasteht, gelingt das vielleicht nicht immer und man macht der depressiven Person Vorwürfe. Versuch es nicht zu persönlich zu nehmen, immerhin kritisiert man deine Krankheit und nicht dich.  Schnelladesäulen gibts ggf. beim Hausarzt, der kann in der Zwischenzeit schon Antidepressiva verschreiben (falls noch nicht geschehen).  Du bist nicht mehr ne Belastung als jemand mit nem gebrochenen Bein oder ner chronischen Verdauungskrankheit, das verpacken wir als Gesellschaft schon. Die Gedanken eine Belastung zu sein sind Teil deines Problems, das es zu lösen gilt - nichts zusätzlich schlimmes.",0,0,0,0,1,0
deu_train_track_a_01966,Die Verantwortlichen für die Einmischung in den Ukrainekrieg müssen sofort zurück treten!!!!!Habt ihr verdammt nochmal aus den letzten beiden Weltkriegen nichts gelernt,1,1,1,0,0,0
deu_train_track_a_01967,Nicht dass ich fitt sein würde. Aber dieser Kampf muss sein!,1,0,0,0,0,0
deu_train_track_a_01968,20 Millionen für Kriegswaffen.. mir fehlen die Worte..,0,1,0,0,1,0
deu_train_track_a_01969,Ihr seid Euch für nichts zu blöde 😬 Sehr schade,0,1,0,0,1,0
deu_train_track_a_01970,Vielleicht Musik oder Hörbücher Hörspiele?   Da würde ich aber deine Begleitperson Vorher drauf hinweisen deine Playlist auf seinen Handy zu haben damit er / sie drum kümmern kann. Und du nur sagen musst Musik bitte.,0,0,0,0,0,0
deu_train_track_a_01971,"Wenn ein Bartunfall gerade so vermieden wurde...  ...sagt man(n) da ""Dies ist haarscharf nochmal gut gegangen""?",0,0,0,1,0,0
deu_train_track_a_01972,"Mein 1. Kind hat sich seit dem 4. Monat nicht mehr vom Fleck bewegt, bis sie sich während der Geburtswehen einmal auf die andere Seite gerollt hat. Bis dahin waren die Fäustchen und Füßchen immer an der genau gleichen stelle und sie steckte mit dem Po in meinen Rippen, sodass ich schlecht atmen und mich nicht vorbeugen konnte :D",0,0,0,0,0,0
deu_train_track_a_01973,"Wenn die Klinik/der Arzt wirklich richtig gut ist, nein.",0,0,0,0,0,0
deu_train_track_a_01974,"Ahoi. Ich habe an einer 12 tägigen Expeditionskreuzfahrt in die Antarktis als Passagier teilgenommen.  Definition: Expeditionskreuzfahrten sind Kreuzfahrten mit meist kleineren Spezialschiffen zu sehen, welche Reiserouten abseits der üblichen Fahrtgebiete ermöglichen. Expeditionskreuzfahrten verfügen über viele weitere wichtige Eigenschaften, die in dieser Ansicht nicht wertgeschätzt werden. Oftmals werden sie als Mischform zwischen Kreuzfahrt und Studienreise gesehen und erschließen dabei Regionen, die noch nicht vom Massentourismus erschlossen wurden.  Vielleicht interessiert es ja den ein oder anderen hier, da es nicht unbedingt eine alltägliche Reise ist.  Freue mich auf eure Fragen :)",0,0,0,1,0,0
deu_train_track_a_01975,Ein Besuch beim Augenarzt wäre auch hilfreich für den Armen.,0,0,0,0,1,0
deu_train_track_a_01976,"Was an Heuchelei und Widerwärtigkeit nicht zu übertreffen ist ist der Umstand, dass lieber Care-Pakete aus der Luft für zum Tode verurteilte Menschen abgeworfen werden statt die Waffenlieferung an den Armeestaat Israel einzustellen bzw. diese perfiden Psychopathen zur Rechenschaft zu ziehen…und das alles sehenden Auges in der heute so zivilisierten Welt.",1,1,0,0,1,0
deu_train_track_a_01977,"Wie sieht es bei euch aus, geht Ihr die typische Ellenlänge oder etwas spezieller? Ich bin jetzt bei 0,65m pro Schritt und es kommt mir etwas weit vor. Bei starkem Gegenverkehr habe ich Bedenken zu flott unterwegs zu sein, ich sehe manchmal sogar einen ängstlichen Blick bei älteren Personen, aber irgendwie gefällt mir das sogar. Ist das einfach mein natürliches Schritttempo oder bin ich vielleicht ein """"Bad-Boy""""??",0,0,0,1,0,0
deu_train_track_a_01978,"Das Regime zerstört jetzt lieber das Land, statt einfach zu verschwinden.",1,0,0,0,0,0
deu_train_track_a_01979,"Dass Israel sich eines Genozides verschuldet haben soll, hält der Internationale Gerichtshof für plausibel. Ich würde mal die Finanzierungen und Waffenlieferungen nach Israel auch stoppen, aber seit dem Krieg ist halt vielen bewusst, dass Menschenrechte nur selektiv zählen und politische und wirtschaftliche Interessen dadrüber stehen.",1,0,0,0,0,0
deu_train_track_a_01980,Sie haben 2032 falsch geschrieben,0,0,0,0,0,0
deu_train_track_a_01981,"Dein Mann ist einer der sorten Mensch, die ich widerwärtig finde.  Sein Verhalten deutet darauf, dass er alles um sich herum kontrollieren möchte.  Ich hoffe, dass du gut schläfst und im ernst der Lage sagen kannst, dass du erfüllt gelebt hast. Kauf dir, was immer du willst und sei fühle dich Frei in deiner persönlichen Gestaltung.",0,1,0,0,0,0
deu_train_track_a_01982,Wie und wann hast du davon erfahren? Welche Strafe hat der andere Verkehrsteilnehmer erhalten?,0,0,0,0,0,0
deu_train_track_a_01983,Für alle die mit Israel vergleichen ankommen: Russland hat vollkommen ohne Grund angegriffen. Ukraine hat niemals irgendwen angegriffen oder auch nur bedroht. Das sind völlig verschiedene Situationen. Kleiner reminder,0,0,0,0,0,0
deu_train_track_a_01984,"Den Ansatz kann ich gut nachvollziehen. Meine Gedanken wären da wohl die Möglichkeit ansich eine Teilzeitstelle überhaupt zu bekommen, dann natürlich auch wie man den Geldverlust kompensiert. Damit meine ich auch das Geld was man in die Rentenversicherung einzahlt. Ich kannte eine Person die hat schon gut damit leben können, aber dadurch auch durchaus eine nur sehr kleine Rente bekommen. Bietet das dein Arbeitgeber an oder musst du dich dann wirklich komplett neu orientieren?  Ich glaube was ich vor allen an deiner Stelle ändern würde wäre dieses Schichtmodell. Gibt es vielleicht da schon Möglichkeiten? Ich weiß von meinen Vater und vielen anderen wie sehr das an den Kräften nagt.",0,0,0,0,0,0
deu_train_track_a_01985,"Verhandlungen. Schön. Bringen nichts, solange Putin die halbe Ukraine will.",1,1,0,0,1,0
deu_train_track_a_01986,Nur mal eine Interessenfrage: Wieviele Giftstoffe gehen eigentlich bei so einer Festkleb-Aktion ins Grundwasser? 🤔,1,1,0,0,0,0
deu_train_track_a_01987,"Beeindruckender strategischer Erfolg für Putin: Die NATO hat seit heute 32 Mitglieder, vor dem Überfall auf die Ukraine waren es 30. Und die direkte Grenze zw. der NATO und  Russland ist 1.300 km länger geworden.",0,0,0,0,0,0
deu_train_track_a_01988,Verehrte Lady ich würde gerne Nase nehmen 🙈,0,0,0,1,0,0
deu_train_track_a_01989,Eine Katastrophe. Wir als Menschheit versagen gerade auf der ganzen Linie,1,1,1,0,1,0
deu_train_track_a_01990,Puhh das klingt echt nach viel Arbeit. Da gehe ich lieber weiter die Todesanzeigen durch und streiche diejenigen aus dem Telefonbuch.,0,0,0,0,1,0
deu_train_track_a_01991,"Du solltest an der Stelle besser auf deine Ärztin,.ggf. Hebamme hören - oder dir eine fachliche Zweitmeinung anhören, falls dich deine aktuelle Ärztin nicht überzeugt. Hier im Netz kann dir niemand sagen ob es zuviel ist oder nicht. Es können Wassereinlangerungen sein. Es wird auf jeden Fall davon abgeraten abzunehmen oder irgendwelche Diäten einzuhalten während der Schwangerschaft. Der Körper verändert sich jetzt sehr, leider in einigen Fällen gar nicht so wie man es vielleicht gerne hätte, aber das gehört dazu. Es ist auf jeden Fall sicherer auf ärztliche Beratung und ggf Tests zu setzen als sich laienhaft Gedanken zu machen.",0,0,1,0,0,0
deu_train_track_a_01992,"Schon 58 Jahre her, Sie haben sich aber gut gehalten. 💯",0,0,0,1,0,0
deu_train_track_a_01993,Genau wegen so Storys liebe ich diesen Sub! :D  Danke fürs Teilen!,0,0,0,1,0,0
deu_train_track_a_01994,"Danke für die Einsicht in Deinen daily struggle, Brudi. Da macht man sich ja sonst keine Gedanken drüber bzw. bekommt das kaum mit.",0,0,0,1,0,0
deu_train_track_a_01995,Warum kann ich nicht wie ein Radiergummi sein : Meine Fehler radieren  Irgendwann verschwinden,0,0,0,0,1,0
deu_train_track_a_01996,"Wir hatten einen und waren *extrem* zufrieden damit. Kann nach Kind1 auch aufgerüstet werden, um zwei Kinder zu transportieren und ist klein genug für öV (und unseren Aufzug).",0,0,0,1,0,0
deu_train_track_a_01997,Bin seit Freitag zum 4. mal unerwartet im September gestorben.   Feels good. :),0,0,0,1,0,0
deu_train_track_a_01998,"Ich war 10 Tage über Termin und wurde eingeleitet. Bin auch bis zum Schluss spazieren gegangen was ging, aber es hat leider nicht geholfen. Sex war für mich raus, dafür war ich dann zu rund. Aber: Manchen hat es geholfen!",0,0,0,0,0,0
deu_train_track_a_01999,"Mir hilft die Perspektive des optimistischen Nihilismus und ich könnte mir vorstellen, dass das auch was für dich ist. [Kurzgesagt]( hat das schön aufgearbeitet: ""Wenn du dich nicht an die 13,75 Milliarden Jahre vor deiner Geburt erinnern kannst, dann werden auch die Aberbillionen Jahre, die nach dir kommen, wie im Flug vergehen. Schließe deine Augen. Zähl bis eins. So fühlt sich die Ewigkeit an.""",0,0,0,0,0,0
deu_train_track_a_02000,Zum Glück nicht 😊  Guten Morgen Lena ☀️☀️☀️,0,0,0,1,0,0
deu_train_track_a_02001,Zum Glück ist auch wirklich nur das Licht kaputt.,0,0,0,1,0,0
deu_train_track_a_02002,"Wozu braucht man hier Mut. Absoluter Unfug. Auch die ""Rechtsradikalen"" in Bautzen achten die Demokratie und Meinungsfreiheit. Nur umgekehrt geht es halt nicht.",1,1,0,0,0,0
deu_train_track_a_02003,"Der Genozid muss aufhören, würde es wirklich um Geiseln gehen, würden Sie doch keine Rakete warlos in Menschenmengen schießen. Damit löschen Sie Ihre eigenen Geiseln aus. Wie Sie klar zugeben, geht es um Terretoriums Erweiterung.",1,1,0,0,1,0
deu_train_track_a_02004,"Man könnte auch einfach vegan 🌱 werden, das wäre wesentlich besser für die Tiere, Umwelt, Klima und Gesundheit.",0,0,0,0,0,0
deu_train_track_a_02005,"Wenn man es schafft, 1+1 zusammenzuzählen, dann checkt man, dass es für Deutschland, die Umwelt, das Klima das Beste ist, Minister kommen möglichst schnell von A nach B, können an möglichst vielen Orten in möglichst kurzer Zeit möglichst viel bewegen, und dann auch möglichst rasch wieder zu Hause Kraft schöpfen.",0,0,0,0,0,0
deu_train_track_a_02006,War doch abzusehen. Nieder mit der Ampel,1,0,0,0,0,0
deu_train_track_a_02007,"Hi ihr Lieben  Ich leide jetzt seit einem Jahr an Depressionen und in den letzten Wochen habe ich immer wieder das Problem, dass ich Hunger habe, allerdings weder Lust zum essen/Essen zubereiten habe und auch keine Ideen. Ich schaue mir viele Rezepte an und denke mir nur, dass es mir eigentlich zu viel Arbeit ist. Zudem kommt noch, dass es bei uns momentan um die 30 Grad ist. Vielleicht habt ihr ja Ideen/Rezepte für mich, gerne nicht nur kaltes, sondern auch gekochte Sachen.  Über eure Antworten würde ich mich freuen.  Lg  Lara",0,0,0,0,1,0
deu_train_track_a_02008,"Ein Kollege und ich waren ca. 14 Jahre alt als wir beide uns entschlossen haben ins Rathaus zu gehen, weil es da so einen coolen Aufzug gab der dauerhaft in Betrieb ist und nicht stoppt. Wir sind reingehüpft und wollten bis nach ganz oben. Relativ weit oben angekommen merkten wir dass keine weiteres Stockwerk auf uns wartet, sondern Dunkelheit. In dem Moment haben wir uns beide gleichzeitig angeguckt, mit dem selben Gedanken dass wir oben vielleicht irgendwie zerquetscht werden. Es stellte sich jedoch raus dass der Aufzug von rechts nach links im Bogen wanderte und so wieder nach unten fuhr.  Da haben wir uns erstmal einen abgelacht.",0,0,0,1,0,0
deu_train_track_a_02009,"Mach ich, danke dir!",0,0,0,1,0,0
deu_train_track_a_02010,Ich muss ehrlich gestehen das ich immer wieder mich erwische wie ich vermeide gedrängt an anderen Leuten vorbei zu gehen. Ich warte lieber und halte Abstand. Und wenn das mal wie bei Konzerten nicht möglich ist schießen mir gleich die blöden Gedanken in den Kopf ob der andere krank ist was wenn ja und ob ich es denn auch jetzt habe. Eigentlich totaler Schwachsinn aber das hat der ganze Abstand Mist mit mir gemacht.,0,0,1,0,1,0
deu_train_track_a_02011,"Ich konnte mich nicht impfen lassen, da es da noch keinen Impfstoff und später noch keine Empfehlung der Stiko gab. Wir haben uns die komplette Schwangerschaft isoliert. Ich habe meine Schwester zwei mal unter freiem Himmel getroffen und einmal waren wir bei einem Freund im Babysachen zu holen. Da waren mein Partner und der Freund schon geimpft und ich bin dann einfach kurz draußen geblieben. Da gab es aber noch kein Delta. Jetzt ist das Baby über drei Monate alt und wir sind immer noch extrem vorsichtig. Wir treffen selten Leute, wenn dann nur Geimpfte und draußen. So würde ich es auch noch handhaben, wenn ich noch schwanger wäre.",0,0,1,0,0,0
deu_train_track_a_02012,"Anstatt man einfach alles daran setzt den Krieg ohne weitere Waffengewalt zu stoppen. Das sollte der Diskurs sein, im Kommentarbereich, im Bundestag, und International. Die Ukraine wird das nicht aus eigener Kraft gewinnen auch nicht mit westlichen Waffen",0,0,0,0,0,0
deu_train_track_a_02013,"Die Menschen in Gaza leben schon seit Jahren in Not und leid, nicht nur wegen jetzigen Situation. Sie werden in ihrem Land gefangen gehalten. Alle Regierungen haben das ignoriert. Jetzt sieht die ganze Welt, was dort los ist. 🙁🙁😔😔",0,0,0,0,1,0
deu_train_track_a_02014,Der soll Mal schön bleiben wo er ist - wo er doch gerade erst wieder in Fahrt gekommen ist.,0,0,0,0,0,0
deu_train_track_a_02015,"Klingt ein bisschen wie Ischia Schmerz!  Am besten in Bewegung bleiben. Zu viel sitzen macht es oft schlimmer - spazieren, bisschen Yoga machen.   Mir hat auch einen Sitzkeil am Stuhl geholfen und abwechselnd am Petzi/Yogaball sitzen. Es gibt auch hervorragende Übungen für die Hüfte, die man am Ball machen kann.   Ich habe auch vom Frauenarzt ein Rezept für Physio wegen Ischia bekommen - evtl wäre das auch eine Möglichkeit!",0,0,0,0,0,0
deu_train_track_a_02016,Genozid 🤷🏻 Und niemand kümmert sich.,1,1,0,0,1,0
deu_train_track_a_02017,"War mein 18 Geburtstag, kam gerade heim von einem Ausflug, wollte davon erzählen und danach was mit meinen Kumpels machen. Ich kam zu Tür rein und bekam mit den Worten ""Deine Mutter und ich lassen uns scheiden"" ein Geschenk in die Hand gedrückt. War zwar nicht ganz unerwartet, nur das timing war wie aus einer schlechten Komödie.",0,0,0,0,1,1
deu_train_track_a_02018,"Ich glaube, die ganzen Kommentare, die dir raten, dass du etwas neues ausprobieren/verändern solltest, kannst du geflissentlich überlesen. Denn es liegt offensichtlich nicht in deiner Macht, hier alleine etwas zu ändern. Ihr müsst unbedingt darüber sprechen. Man kann hier lange mutmaßen, was die Ursache sein könnte, aber es gibt zu viele Möglichkeiten. Wenn es wirklich so ist, dass seine Libido nicht mehr so stark ist, müsst ihr überlegen, wie ihr das angehen wollt und vielleicht einen Termin bei einem Arzt vereinbaren. Und du wirst dich mit diesen schrecklichen Gefühlen des Zurückgewiesen Werdens auseinandersetzen müssen, die jeder zwangsläufig hat, dessen Partner keinen/nicht viel Sex will.",0,1,0,0,1,0
deu_train_track_a_02019,"Wichtig ist, dass der Zivilbevölkerung geholfen wird und sie vor dem Hungertod bewahrt wird. Terrorismus, Fanatismus, Despoten, skrupellos, schädigende machthungrige Menschen/Konzerne/Entscheider müssen von allen verfolgt und hart bestraft werden, um unsere Gesellschaften ! zu schützen. Solche schlechten Menschen, die alles um sich herum vergiften und z. T. selbst dekadent leben, braucht es nicht ....",1,1,0,0,1,0
deu_train_track_a_02020,BILD Mitarbeiter die Inhalte für Bild.de klauen und sich über FOCUS beschweren,1,1,0,0,0,0
deu_train_track_a_02021,Das verlieren wir zu 100% noch,0,0,1,0,0,0
deu_train_track_a_02022,Und bei mir im Dorf fährt ein Anti-Greta Wagen. Seufz...,1,0,0,0,0,0
deu_train_track_a_02023,"Böhmermann macht Spaß, aber ich glaube, hier würde man nur latent-sarkastische Antworten kriegen, die genau gar keine Relevanz haben. Versuch ist's aber vielleicht wert :)",0,0,0,0,0,0
deu_train_track_a_02024,"Liebe Kiddos, #NichtNachmachen",0,0,1,0,0,0
deu_train_track_a_02025,"lachen müsste ich ja, wenn da irgendwer dabei ist, der zb mit der nein-kampagne zum covid19-gesetz verstrickt ist in finanzieller hinicht.",0,1,0,0,0,0
deu_train_track_a_02026,Ich war 5 Jahre lang crystal abhängig. (Hab mir das auch gespritzt) mittlerweile bin ich aber clean,0,0,0,1,0,0
deu_train_track_a_02027,Berlin heißt Berlin weil es in einem Sumpf erbaut wurde. Also einem Feuchtgebiet. Schwachmat.,1,0,0,0,0,0
deu_train_track_a_02028,"Absolut angemessen und legitim, daß Israel sich verteidigt!🇮🇱✊️",0,0,0,1,0,0
deu_train_track_a_02029,"Der Lattenzaun Es war einmal ein Lattenzaun, mit Zwischenraum, hindurchzuschaun. Ein Architekt, der dieses sah, stand eines Abends plötzlich da - und nahm den Zwischenraum heraus und baute draus ein großes Haus. Der Zaun indessen stand ganz dumm, mit Latten ohne was herum. Ein Anblick grässlich und gemein. Drum zog ihn der Senat auch ein. Der Architekt jedoch entfloh nach Afri- od- Ameriko. Christian Morgenstern (1871-1914)",0,0,0,0,0,0
deu_train_track_a_02030,"Bin momentan in der 32. Woche und seit ungefähr 2-3 Wochen merke ich wie viel anstrengender alles wird und habe leider auch Probleme beim gehen, da sich das Becken lockert. Der Bauch ist mittlerweile auch echt groß und abends spannt er. Also alles in allem seit dem 8. Monat fühle ich mich sehr schwanger :D",0,0,0,1,0,0
deu_train_track_a_02031,omg jetzt weiß ich auch endlich wie du heißt,0,0,0,1,0,1
deu_train_track_a_02032,"Wie kommt man dazu, bist du generell im Filmgeschäft unterwegs oder wurdest du auf der Straße angesprochen mit ""Hey, Sie haben genau den Körper, den wir gerade benötigen!""?  Und die wohl wichtigste Frage: Welche Serie/Film?",0,0,0,0,0,0
deu_train_track_a_02033,Bezahlen die gut ?,0,0,0,0,0,0
deu_train_track_a_02034,"Bevor wieder iwelche AfD Sympathisanten fragen, warum so viel über die Demos berichtet wird? Weil es die größten Demos der deutschen Geschichte sind, Weil sie wichtig und richtig sind und weil sie für Demokratie, Offenheit und Toleranz und gegen die AfD und alle Feinde der Demokratie gerichtet sind!",1,1,0,1,0,0
deu_train_track_a_02035,"In Gaza werden die brutalsten Verbrechen der Weltgeschichte begangen, und die amerikanische Regierung trägt die größte Verantwortung für die Katharsis der Palästinenser. Herr Joe Biden sollte für diese Verbrechen strafrechtlich verfolgt werden ...",1,1,0,0,1,0
deu_train_track_a_02036,Aber bitte richtig bauen. Aus einheimischem Holz.  Für ein Insektenhotel soll kein Baum gefällt werden. Sonst paradox.,0,0,0,0,0,0
deu_train_track_a_02037,"Ok, schön das unsere Zusammenarbeite nun so ein Ende findet. Bin sehr enttäuscht von dir.",0,0,0,0,1,0
deu_train_track_a_02038,"Gefühlt hatte ich den Sarkasmus in deinen Worten, jedoch fehlte mir die Gewissheit. 🫣",0,0,0,0,0,0
deu_train_track_a_02039,Menschen nur aufgrund ihres Geschlechtes zu diskriminieren ist aber nicht so fortschrittlich...,0,1,0,0,0,0
deu_train_track_a_02040,"Ich wollte nur mal sagen: Danke für deine Offenheit. Ich habe genau vor dieser Situation Angst, vor dieser Entscheidung und es ist schön zu lesen, dass man es schaffen kann damit umzugehen. Ich finde dich mutig und bewundernswert.   Eine einzige Frage habe ich: Würdest du Untersuchungen außer der Reihe machen zukünftig?  Ich hab beim ersten Kind nichts gemacht außer den üblichen Untersuchungen und es war zum Glück nichts. Aber anhand deines Posts stelle ich mir jetzt diese Frage.",0,0,1,1,0,0
deu_train_track_a_02041,"1.) Ist es möglich dein Tätigkeitsbereich etwas mehr einzugrenzen? In welchem Bereich Softwareentwicklung zb  2.)Ich bin gerade noch im Studium und finde die Möglichkeit des freelancen ziemlich interessant. Wie sah dein Werdegang dazu aus?  3.) Ich hab öfter gehört, dass gerade am Anfang die Kundenaquise sehr schwer sein soll. Wie war das bei dir und hast eventuell Tipps?   Danke für deine Mühe :)",0,0,0,0,0,0
deu_train_track_a_02042,Na da sind die vielen Anderen ja ganz schön doof....,0,1,0,0,0,0
deu_train_track_a_02043,"Hat er keine Freunde oder Kollegen, die auch Väter sind? Mir wäre es voll peinlich wenn aufkommen würde, dass ich keine Windeln wechsle, weil ich von meinen Freunden und Verwandten ganz genau weiß, dass die es alle machen.  Durch seine Weigerung bist du mega unflexibel - absolut nicht fair und unverhältnismäßig. Da kann ich er sich noch auf allen anderen Ebenen bemühen, er muss als Vater in der Lage sein, euer Kind komplett alleine zu versorgen.",0,1,0,0,0,0
deu_train_track_a_02044,Deswegen habt ihr in der bilateralen Vereinbarung mit der #Ukraine den #Krieg auf zehn Jahre festgeschrieben und eine diplomatische Lösung ausgeschlossen?  #Deutschland will einen langen Krieg und setzt ausschließlich auf eine militärische Lösung. #Baerbock lügt schamlos.,1,1,0,0,0,0
deu_train_track_a_02045,"Ich fühle mit dir. Meine Oma hat zwar kein corona aber sie ist sehr krank und schwach in der Klinik und ich kann nicht zu ihr. Ich habe ihr Karten und Blumen geschickt, so kann ich ihr vielleicht wenigstens ein Lächeln ins Gesicht zaubern. Alles gute!",0,0,0,0,1,0
deu_train_track_a_02046,"Einer der besten Vorträge die ich bisher zu Depressionen gefunden habe. Es lohnt sich, das komplette Video anzuschauen. Ich habe auf Minute 50:07 verlinkt, da es dort gezielt um das Thema Depression geht.",0,0,0,1,0,0
deu_train_track_a_02047,"Du könntest deinen Chef informieren, ihn aber darum bitten es noch nicht weiter zu erzählen.  Du kannst sonst auch mal googeln: schwanger Kündigungsschutz",0,0,0,0,0,0
deu_train_track_a_02048,"Die Narkose zur Ausschabung habe ich bestimmt schon 100 mal gemacht. Ist ein kurzer Eingriff (ca. 10 Minuten) und i.d.R. immer unter Vollnarkose, d.h. du bekommst nichts mit davon.",0,0,0,0,0,0
deu_train_track_a_02049,"Meine große Schwester ist mit 17 ausgezogen, um ihre Ausbildung in einer Großstadt anzufangen. Meine Mutter hat das Kindergeld während dieser 3 Jahre behalten mit der Begründung: ""Du durftest ja auch kostenlos bei uns wohnen."" \ Von einem Abzweigungsantrag wusste sie leider nichts. Ich zu dem Zeitpunkt auch nicht, war ja erst 11.  Was mich betraf, ein Beispiel: mir wurde verboten zu duschen und wir haben alle 2 Mal in der Woche gebadet. Nacheinander, im selben Wasser.",0,0,0,0,1,0
deu_train_track_a_02050,Das ist schön für dich!,0,0,0,1,0,0
deu_train_track_a_02051,Wie sind denn alle Fridays for Future-Teilnehmer in die Stadt gekommen? Ein Großteil zu 100% mit dem Auto. Da finde ich die 2. Begründung für den Streik heute echt lächerlich.,0,1,0,0,0,0
deu_train_track_a_02052,"Krim gehörte von 1783 bis 1954 zu Russland.  Das sind 171 Jahre. Seit 70 Jahren gehört sie zur Ukraine. Bis 1783 gehörte die Krim zu unterschiedlichen Staaten. Dass die Krim schon immer russisch war, in Unsinn. Eine Bildungslücke in nationalistischer Echokammer. Eine von vielen.",1,1,0,0,0,0
deu_train_track_a_02053,Wir haben eine Spendenaktion gestartet und so viel Unterstützung bekommen.,0,0,0,1,0,0
deu_train_track_a_02054,"Gründe gibt es viele über die man Jahre lang diskutieren könnte. Ein positives an dem ganzen war zu sehen wer wie wirklich ist und denkt. Die ganzen Leute die fanatisch für die Impfung und Verfolgung von ungeimpften waren habe ich zb. ausnahmslos aus meinem Leben verbannt und können vor mir tot umfallen. Egal ob Familien Mitglieder oder nicht. Man erkannte auch den wahren Charakter von Menschen die man schon ewig kannte 😉 vermeintliche "" Freunde"" wurden zu Feinden. Klingt zwar alles hart aber ich bin froh dass es in gewisser Hinsicht so gekommen ist denn schneller hätte man niemals das wahre ich von so vielen Menschen um einen erkannt. Komprimiertes aussortieren. Und die erbärmlichsten sind die die in der Pandemie fanatisch für Impfung usw waren und jetzt wo das Thema quasi vorbei ist Tuns so als ob nichts gewesen wäre.",0,1,0,1,0,0
deu_train_track_a_02055,"Danke! Genau mein Gedanke letzte Nacht, früher wurde darauf noch deutlich mehr wert gelegt. Wäre schön, wenn das wieder so weit kommt.  Und als kleiner Anhang: Dieses Dönermann AMA wurde sogar von Bento als Quelle für einen Artikel über die Qualität von Donerfleisch benutzt. Bei einem unverifizierten AMA bedenklich.",0,1,0,0,0,0
deu_train_track_a_02056,"1. Wann ist das Tanken am günstigsten? 2. Wann ändert sich der Spritpreis? Alle 30min? 3. Wozu ist der Hinweis, kleinste Abgabemenge 5l? In die Roller passen doch meist nur 2..3l 4. Was passiert, wenn man ausversehen vergisst zu bezahlen und wegfährt? 5. Kann man einen Öl Wechsel privat auf dem Gelände einer Tankstelle durchführen? 6. Würdest du selbst das Tankstellenessen essen? 7. Was passiert nach einem Überfall? Bekommt man nach dem Erlebnis 14 Tage frei? 8. Wie viel verdient die Tankstelle pro Liter Benzin? Ich habe gehört pro Packung Zigaretten sind dass nur wenige Cents.",1,0,0,0,0,0
deu_train_track_a_02057,Rede mit ihm. Ist wahrscheinlich nur die Kreditkarte oder ähnliches. Und wer zum Teufel holt noch Kontoauszüge?,0,0,0,0,0,1
deu_train_track_a_02058,"Es gibt verschiedene Eisenpräparate die individuell unterschiedlich vertragen werden. Statt Ferro Sanol kannst du auch Tardyferon nehmen, vielleicht funktioniert das besser.",0,0,0,0,0,0
deu_train_track_a_02059,"Ich denke, der Gehirnnebel kommt von den Spikes im Körper. Für mich ist das,ein klarer Fall von Impfschaden, denn ich kenne ne Menge Leute, die nicht geimoft sind und übelst an Corona erkrankt sind. Von den Ungeimpften hat niemand Gehirnnebel oder Long- Covid. Alle Ungeimpften haben die Infektionen ohne Schäden überstanden.",0,1,1,0,0,0
deu_train_track_a_02060,"Das ist mir hier irgendwie noch zu abstrakt mit diesem Internetz, kann man hier vielleicht noch einen Bezug zur echten Welt (also die der 1950er-Jahre) herstellen? Vielleicht einfach noch das Wort ""Datenautobahn"" einstreuen",0,1,0,0,0,0
deu_train_track_a_02061,"Einige sind sehr gut, zum Rest unbedingt Abstand halten 🙄",0,1,0,0,0,0
deu_train_track_a_02062,Impfschäden betreffen seltsamerweise nur Ungeimpfte.,1,1,0,0,0,0
deu_train_track_a_02063,#UK macht gute Laune #ESC2021,0,0,0,1,0,0
deu_train_track_a_02064,immer wenn ich länger kein unterhemd trage werde ich übel krank,0,0,0,0,1,0
deu_train_track_a_02065,"Wenn Russland bombardiert und dort 17 Menschen ""verletzt"" werden, schreit die Tagesschau laut auf. Wenn Israel 30.000 Menschen in 100 Tagen abschlachtet, wird still zugeschaut. Da könnte man sich beginnen zu fragen, weswegen das so ist.",1,1,0,0,0,0
deu_train_track_a_02066,"Your Name. Bin kein riesiger Animefan aber dieser Film hat mich sehr überrascht. Ich schaue ihn mir eben zum zweiten Mal an, da die Handlung recht verwoben ist. Man kann nach dem Schauen auch viel darüber nachdenken. Sehr bezaubernd würde ich fast sagen und wahnsinnig schön gezeichnet :)",0,0,0,1,0,0
deu_train_track_a_02067,"Ja, bei mir war die ganze Schwangerschaft über alles ok, bis ca. Zur 36. Ssw. Dann hieß es: zu wenig Fruchtwasser, zu wenig Gewicht, ctg auffällig, beckenendlage Ich wurde dann engmaschiger kontrolliert und es wurde ein Kaiserschnitt bei 38+0 gemacht. Während der OP meinte die Ärztin, das war doch nicht so wenig Fruchtwasser:) mein Baby ist kerngesund. Wünsche euch alles Gute, ihr habt es fast geschafft! Zum Ende hin ist etwas weniger Fruchtwasser wohl relativ normal (hab mich kaputt gegoogled) und wenn es drastisch zu wenig wäre, hätte deine gyn schon reagiert!",0,0,0,1,0,0
deu_train_track_a_02068,Jubel in Deutschland: Dank sterbender Industrie sinkt der #Gasverbrauch auf historisches Minus! Die Arbeitslosen liegen sich in den Armen und feiern den (Etappen-)Sieg gegen das #Klima!,1,1,0,0,0,0
deu_train_track_a_02069,alles gut zwischen uns - aber wenn du in der schule masturbierst bye,0,1,0,0,0,0
deu_train_track_a_02070,du bist ein schlechter bundespräsident mein lieber,1,1,0,0,0,0
deu_train_track_a_02071,"Es hätte ja auch gar keinen Zweck, die Rechtswidrigkeit dieser Aktion zu verschleiern. Das wissen sie ja selber...",0,1,0,0,0,0
deu_train_track_a_02072,nö bin fett hab wurstfinger,0,1,0,0,0,0
deu_train_track_a_02073,"Kannst du mir sagen wie das mit der Ketamin Therapie ablief? War das ambulant oder stationär und hat die Krankenkasse es übernommen?  Mir geht es ähnlich wie dir, tausende Medikamente ausprobiert, aber nichts hilft so richtig. Ich werde in 2 Wochen meine erste Elektrokrampftherapie machen, vielleicht wäre das etwas für dich?",0,0,0,0,0,0
deu_train_track_a_02074,"Mittlerweile kennt man die Opfer besser, als zuvor namhafte Schauspielerinnen … Schrecklich! RIP",0,1,0,0,1,0
deu_train_track_a_02075,"Das war keine Morddrohung, das war versuchter Totschlag. Immerhin hat er Dich beinahe totgefahren. Haste das Kennzeichen noch? DIE Anzeige waere mir den Aerger auf jeden Fall wert.  Und wer weiss, vielleicht rettest Du einem anderen Mopedfahrer damit das Leben. Dein Vater kann ja alleine schon wahrheitsgemaess bezeugen, dass der Autofahrer Dich bis zum Haus verfolgt hat, das alleine spricht schon Baende fuer seine Aggressivitaet.",1,1,1,0,0,0
deu_train_track_a_02076,Fordern „Recht auf gesunde und nachhaltige Nahrung…“ werfen dann aber mit Lebensmittel. Genauso sinnvoll wie die Klimaaktivisten die damals Bäume abgesägt haben. Soll‘s mal einer checken. Glaube die Checkens selbst nicht mehr. 😅,1,1,0,0,0,0
deu_train_track_a_02077,"Damals beim Kiffen, im Park und überall sonst wo, immer hab ich die Freunde animiert den Müll auch wegzuschmeißen. Freunde, bewahret uns das Kiffer-Image sagte ich zu ihnen. Manchmal hat's funktioniert, ein manch anderes Mal durfte ich dann selber besagtes Ehrenamt ausführen. Stolz war ich dennoch, dass unser kleiner Kiffer-Trupp (zumindest in meiner Gegenwart) Abfall-Neutral unterwegs war. Freunde, die ihr das hier lest, bewahret das Kiffer-Image!",0,0,0,1,0,0
deu_train_track_a_02078,Menschen die lautstark Tiktoks in den Öffentlichen anschauen,1,1,0,0,0,0
deu_train_track_a_02079,Wie wäre es mit Friedensverhandlungen?,0,0,0,0,0,0
deu_train_track_a_02080,"Hi, ja, bei mir wurde genauso langsam die Dosis erhöht. In den ersten 2-3 Wochen hatte ich vermehrt Kopfschmerzen, Einschlafprobleme, bin teilweise früher aufgewacht als sonst, gestörtes Temperaturempfinden, körperliches Trägheitsgefühl und blitzartige Blitzlichterscheinungen (wie bei einem Gewitter) mit einem lauten Geräusch während der Einschlafphase und kurz nach dem Aufwachen (nennet sich exploding head syndrome. Ist ungefährlich).  Nachdem du auf 10mg bist, musst du nicht wieder Einschleichen, wenn du auf höhere Dosen wechselst.  Hat mir persönlich nicht viel geholfen, wurde dann auf ein SNRI (Serotonin Noradrenalin Wiederaufnahmehemmer, in meinem Fall Venlafaxin) gesetzt, dass gibt mir zusätzlich mehr Antrieb.  Gute Besserung :)",0,0,0,0,0,0
deu_train_track_a_02081,"Habe leider keinen Rat, aber finde du klingst unfassbar stark und tüchtig, ich bin sicher ein tolles neues Leben wartet jetzt auf dich - alles Gute dafür!",0,0,0,1,0,0
deu_train_track_a_02082,"Jeden Tag werden in Gaza US-Fahnen verbrannt und was machen die Amis? Sie werfen Hilfsgüter ab, Chapeau!",0,1,0,1,0,0
deu_train_track_a_02083,Warum nicht in der Werwer Straße?? DU bist echt ein falscher Freund Marvin,1,1,0,0,1,0
deu_train_track_a_02084,Russisches Militär ausserhalb ihrer territorialen Grenzen? Ohne Zögern wegbomben.,1,1,0,0,0,0
deu_train_track_a_02085,"Die Freien Wähler hatten auch als Mehrheit für die Einführung der Corona Impfpflicht abgestimmt, obwohl sie noch kurz zuvor dagegen waren. Kubicki Syndrom.",0,1,0,0,0,1
deu_train_track_a_02086,Besonders gut wenn man auf der Suche nach einem Erklärungsvideo ist und das gefundene Video mit deutschen Titel dann in französisch ist. Absoluter Müll diese automatische Übersetzung.,1,0,0,0,0,0
deu_train_track_a_02087,"Würde deine Freundin (im besten Falle verheiratet) die Mutter deiner Kinder sein, nicht (oder nur sehr wenig) arbeiten und die Kinder betreuen.. Dann wäre das vollkommen OK.  Aber so wie du es schreibst? Nein. Sie nutzt dich schamlos aus. Die Immobilien gehören weder ihr noch dir, daher ist das vollkommen egal. Könnten ja auch zuvor verkauft oder komplett ruiniert werden, sie aus dem Testament gestrichen werden (ist meiner Frau passiert..) oder ihr euch morgen trennen.",1,1,0,0,1,0
deu_train_track_a_02088,"Hör auf deine Freunde und trenn dich.   Was bist du für ein Vorbild für deine Kinder? Sollen sie lernen, dass was deine Frau tut in Ordnung ist? Sollen deine Kinder deiner Frau nacheifern?  So oder so, solltest du selbst eine Therpie machen und die Kinder auch.  Weiter solltest du überlegen, ob die Kinder wirklich nichts mitbekommen...Kinder sind nicht dumm und merken doch einiges...",1,1,0,0,0,0
deu_train_track_a_02089,"Meine Mutter hat an ihrer Badtür im Lichtschalter eine kleine LED-Lampe. Und wollte letztens, dass ich sie ausbaue, um Strom zu sparen.  Sie, die das Abendessen Vormittags kocht, weil sie abends immer so müde ist. Und dann lässt sie die Töpfe den ganzen Tag auf der aktivierten Herdplatte stehen, damit es bis abends nicht auskühlt. Also nur so auf Stufe 1-2.",0,1,0,0,0,0
deu_train_track_a_02090,"Vielleicht kommt für die Pflege eures großen Kindes eine Familien- und Haushaltshilfe in Frage? Ich kenne die Voraussetzungen da nicht, aber frag da doch mal deine Krankenkasse, evtl. kann sich eine Person mit deinen Freunden abwechseln.",0,0,0,0,0,0
deu_train_track_a_02091,Besonders der Tod durch Gehirn Embolie!,0,0,0,0,1,0
deu_train_track_a_02092,"Es ist für mich eine unschätzbare Freude (um das Wort ""Ehre"" zu vermeiden), daß Du in meiner Gegenwart Dich sicher fühlst.  #22UhrNonMention",0,0,0,1,0,0
deu_train_track_a_02093,"Endlose Diebstähle, mangelnde Motivation der Soldaten und fatale Fehler bei der Durchführung der Kämpfe – all dies war der Grund für die Niederlage der Ukrainer. Deshalb ist es völlig egal, wie viel Geld sie bekommen – 8 Milliarden oder 50 Milliarden oder sogar 100 Milliarden – es wird nichts ändern. Sie haben bereits 259 Milliarden Dollar aus dem Westen erhalten, und alles, was sie erreicht haben, ist die Zerstörung von Städten in ihren ehemaligen Territorien. Die Ukraine hat bereits eine halbe Million Soldaten verloren. Wenn man dorthin eine neue Ladung Waffen und Geld schickt, wird der Konflikt nur verlängert und die Zahl der Toten erhöht.",1,1,1,0,0,0
deu_train_track_a_02094,"Ich war jetzt die letzten zehn Wochen in einer Tagesklinik - ich habe meine Tagesstruktur & Wochenstruktur noch nie so gut hinbekommen. Also dementsprechend kann ich Tagesklinik sehr empfehlen. Außerdem eine*n ambulante*n Psychotherapeut*in und ich habe ambulant betreutes Wohnen - das bedeutet im Prinzip nur, dass mir ein Betreuer (kein gesetzlicher), bei meinen Unterlagen, Terminen, Planung von zb Hausarbeit, etc hilft. Kann ich alles sehr empfehlen, vielleicht hilft dir das ja :)",0,0,0,1,0,0
deu_train_track_a_02095,Bitte Ergebnis bzw. Vorher Nachher Bild posten. Das ist absolut genial,0,0,0,1,0,0
deu_train_track_a_02096,Gibts noch die Kinderuhren mit Wackelaugen? Falls ja kriegt der Kleine sicher heute eine.,0,0,0,0,0,0
deu_train_track_a_02097,Ich fühle mich einfach schrecklich weil ich so zugenommen habe. Cool.,0,1,0,0,1,0
deu_train_track_a_02098,"Mich nervt es massiv. Habe einen Bekannten der für jede noch so kurze Aussage eine Sprachnachricht nutzt. Ich bin aber seltens allein. Auf der Arbeit teile ich mir das Büro und zu Hause habe ich Familie. Ich komme mir aber massiv unhöflich vor wenn ich das Gespräch im Raum unterbreche für ein ""ich muss Mal eben hören""... Und wenn dann nur so ein ""Ja okay bis dann"" kommt nervt mich das noch mehr. Das braucht jetzt wirklich nicht lang zu tippen....",1,0,0,0,0,0
deu_train_track_a_02099,"Ich habe eins von naturfabrik.at und finds super! Man kann sich auch die Füllung aussuchen zb schafswolle, hirseschalen usw.",0,0,0,1,0,0
deu_train_track_a_02100,Hat keiner Fragen an mich oder will niemand wissen warum ich so gut bin?,0,0,0,0,0,1
deu_train_track_a_02101,"„Es muss nur nach Demokratie aussehen, aber wir müssen es in der Hand haben.“ Zitat Walter Ulbrich! Leider trifft dieses Zitat immer mehr auf diesen modernen rot-grünen Sozialismus zu.",1,1,0,0,1,0
deu_train_track_a_02102,"Hallo ihr Lieben, ich hatte am Montag meinen Eisprung (war zufällig beim Frauenarzt) und habe seit gestern starke Blutungen. Weiß zufällig jemand was das sein könnte?",0,0,1,0,0,1
deu_train_track_a_02103,oki gut ^-^ idk vlt hab ich auch verkackt is doch egal,0,0,0,1,0,0
deu_train_track_a_02104,"Ein Kanzler für die Amerikaner, Ukrainer, die ganze Welt nur nicht für Deutschland",1,0,0,0,1,0
deu_train_track_a_02105,"Du hast mehrfach geschrieben, dass offiziell nur ein Masseur gesucht wurde und du dann erfahren hast, dass kein Wunsch der Frauen unerfüllt bleiben sollte.  Bist du sicher, dass du die Stelle nicht vielleicht nur überinterpretiert hast? :-P   ""Chef. Unser neuer hat scheinbar magische Hände. Wir hatten noch nie so viele Massagebuchungen.""",0,0,0,1,0,0
deu_train_track_a_02106,"Ich werde nicht lügen, sie hatten mich in der ersten Hälfte.",0,0,0,0,0,1
deu_train_track_a_02107,"Warum werden nur noch ausgewählte Feuerwehren und andere Mitarbeiter in der Bahnerdung geschult? Gab es da Unfälle?   Ich denke es ist unpraktisch, wenn es gekracht hat erstmal 30min auf den Notfallmanager zu warten bis geerdet ist und man retten kann.",0,0,0,0,0,0
deu_train_track_a_02108,"Ich halte durch und probiere weiter alle mögliche Medizin, und hoffe das irgendwann ein ""Heilmittel"" entdeckt wird. Leb weiter, verbessere deine Umstände soweit es geht und halte durch bis zum Ende. Vielleicht gibt es irgendwann eine Lösung, umbringen kannste dich auch aufm Sterbebett.",0,0,0,0,1,0
deu_train_track_a_02109,Kenne einen der ist am sonntag zur arbeit gefahren und hat dort klopapier geklaut. n schichtarbeiter (kollege von mir) fand das gar nicht cool weil er nicht kacken konnte deswegen... montag dann die eskalation mit chef und HR.,0,0,0,0,0,0
deu_train_track_a_02110,[Denkt]( nur an die Sanitäter! Könnte vielleicht ausnahmsweise mal jemand an die Sanitäter denken?,1,0,0,0,0,0
deu_train_track_a_02111,"Damit liebäugelt wahrscheinlich jemand, die/der das Problem an sich nicht aus der Welt schaffen kann oder will.",0,0,0,0,0,0
deu_train_track_a_02112,danke dass du mir dein gebiss geliehen hast bro,0,0,0,1,0,0
deu_train_track_a_02113,Man kann eine absichtlich herbeigeführte Hungersnot nicht wie eine Naturkatastrophe behandeln.,1,1,0,0,0,0
deu_train_track_a_02114,Gibt es hier wirklich noch jemanden der hinter der israelischen Regierung steht ???,0,1,0,0,0,1
deu_train_track_a_02115,TW Fehlgeburt  \---  \---  \----  \-------  Sollte ich mir Gedanken machen? Und reicht es noch regulär bei 8+0 zum Termein zu gehen? Eine Fehlgeburt könnte man ja eh nicht aufhalten :/   Kennt das hier jemand?,0,0,1,0,0,0
deu_train_track_a_02116,"Direkt zum Psychiater. Akuttermine gibt's direkt oder über die Terminservicestelle 116117 (oder [online]( Innerhalb von zwei Wochen sollte es einen Termin geben. In dieser Zeit wirst du problemlos einen Termin zur Blutabnahme bei einem neuen Hausarzt deiner Wahl bekommen. Einen Termin für eine Erstuntersuchung (""Neupatient"") kannst du ja parallel vereinbaren, die gibt's meist nicht sofort. Du kannst auch auf der Homepage der für [dich zuständigen Ärztekammer]( nach Arztsuche, Arztverzeichnis oder Patienten (-info) oder ähnlichem suchen. Da sind dann alle Ärzte nach Fachgebiet und Ort gelistet. Auf Ärztebewertungsportalen (jameda etc.) findest du grob raus, wer nett ist, und auf Onlineterminseiten wie z. B. [doctolib]( kann man bequem ohne viel zu telefonieren selber einen Termin machen.",0,0,0,0,0,0
deu_train_track_a_02117,"Ich weiß nicht, wie oft ich das schon geschrieben habe.  Der Gazastreifen könnte die Riviera der Levante sein, würden die Hilfsgelder alle dafür verwendet,wozu sie gedacht sind.  Alleine der Tourismus würde die Kassen füllen.  Aber nein, der Hass besiegt die Vernunft",1,1,0,0,1,0
deu_train_track_a_02118,"Sind das dann Unternehmungen die du nur alleine mit besagten Frauen unternimmst? Wenn ja, dann verstehe ich die Sorge irgendwo schon. Klar ist es irrational wenn sie dir vertraut aber im Endeffekt geht das blöde Gefühl dadurch nicht weg.  Vielleicht unternimmst du einfach nur in Grüppchen was mit andern Frauen, das ist eine ganz andere Dynamik",0,0,1,0,0,0
deu_train_track_a_02119,">meinem Arzt zu sagen, dass ich große Probleme habe und Hilfe brauche.  Respekt! Da gehört schon einiges dazu. Super.  Die Richtung stimmt. Weitergehen, Step by Step, Ohren steif halten, auch zukünftig nicht unterkriegen lassen, auch wenn's schwierig wird/bleibt.  Hoffe du bekommst die Hilfe, die du brauchst. Alles Gute dafür!",0,0,0,0,0,0
deu_train_track_a_02120,"Hey, ich bin jetzt 37. SSW und habe leider aufgrund des Wetterumschwungs richtig nervige Migräne. Normalerweise würde ich jetzt Triptan nehmen, aber darf man ja nicht. Ich habe schon die folgenden Dinge ausprobiert, die leider nur bedingt helfen: - Paracetamol - Cola mit Zitrone  - Minzöl auf Stirn  - nasser Waschlappen auf Stirn  - schlafen  - im abgedunkelten Zimmer liegen  Habt ihr noch Tipps, was man machen kann bzw. darf?",0,0,0,0,1,0
deu_train_track_a_02121,"Zu 2. Nein. Ich glaube, wenn wir ständig versuchen, uns durch einen Partner vollständig zu fühlen, wird das immer wieder ungesunde Dynamiken und Co-Abhängigkeiten auslösen. Und wenn der Partner dann diesen Erwartungen nicht mehr entspricht, dann fehlt plötzlich etwas, ohne dass wir dieses etwas genau benennen können. Und zack bumms, die Beziehung endet und wir suchen weiter nach der Vollständigkeit unserer selbst, aber halt wieder in anderen.",0,0,1,0,1,0
deu_train_track_a_02122,"Wie im Titel beschrieben: Wir sind Eltern von zwei Sternenkindern. Unsere Tochter verstarb kurz vor dem errechneten Geburtstermin intrauterinär. Wir sind nach der Geburt schnell wieder schwanger geworden. Leider bekamen wir im 2. Trimenon den Befund der genetischen Untersuchung meiner Frau und Tochter: Meine Frau ist Trägerin eines Gendefekts, der zu massivem Muskelschwund bei männlichen Nachkommen führen kann. Meine Tochter hatte das Gen nicht geerbt. Leider hat sich daraufhin herausgestellt, dass unser Sohn betroffen war und wir haben uns zu einem Spätschwangerschaftsabbruch entschieden, um ihm das langsame Ersticken zu ersparen. Daraufhin hat die sehr religiöse Familie meiner Frau den Kontakt zu uns abgebrochen.   AmA - Fragen oder Anmerkungen mit Eugenikbezug werden nicht beantwortet.",0,0,0,0,1,0
deu_train_track_a_02123,🥺🥺🥺🥺. Eine Waffenpause oder Feuerpausen bedeutet dass die Hamas sich bestärken wird den Vernichtungskampf gegen Juden und Israel weiter zu führen. Bitte keine Waffenruhe oder Feuerpause!!!! Volle Solidarität mit Israel 🇦🇹❤️🇮🇱,0,0,1,0,0,0
deu_train_track_a_02124,Na endlich ist ein Feind gefunden.,0,1,0,1,0,0
deu_train_track_a_02125,"Sehr schön! :) meinen hab ich leider im Winter dummerweise gegossen, anscheinend verhindert das das Ausbilden von Blüten.",0,0,0,1,1,0
deu_train_track_a_02126,Israel begeht Kreigsverbrechen ohne Ende und diese NATO mit ihren Konsorten schaut zu und amüsierte sich. Das ist ekelhaft.,1,1,0,0,0,0
deu_train_track_a_02127,"Willkommen im Club. Ich habe mittlerweile das Gefühl, dass ich komplett den Anschluss verpasst habe und mein ganzes Umfeld eingebrochen ist aufgrund der Pandemie.  Jetzt, wo man ein bisschen das Gefühl hat, die Dinge normalisieren sich vielleicht bald etwas wieder, merke ich, wie egal mir das ist, weil ich ohnehin meinen Freundeskreis verloren habe.",0,1,1,0,1,0
deu_train_track_a_02128,"Einsam bin ich auch. Können ja schreiben, wenn Du magst.",0,0,0,0,1,0
deu_train_track_a_02129,Kiss love piss spiele lad mich lecken,0,0,0,0,0,0
deu_train_track_a_02130,"Warum ist das Mc Donalds Marketing inkl. neuer Produktideen so gut wie gar nicht mehr vorhanden? Ich kann mich noch gut daran erinnern, dass es damals (15 Jahre her) viele unterschiedliche Aktionen pro Jahr gab und sich bei den Burgern auch mal etwas getraut wurde. Mittlerweile wird bei jeder Aktion ein schon bestehender Burger genommen und durch Bacon / TS / BBQ / Extra Patty erweitert.",0,0,0,0,0,0
deu_train_track_a_02131,Solidarität mit allen Arbeiter*innen und Umweltaktivist*innen ✊🏼,0,0,0,0,0,0
deu_train_track_a_02132,"Lecko Mio, sind hier viele Informatiker schlecht organisiert gewesen. Da war ich mit meinem Ordner ja schon fast overkill",0,1,0,0,0,1
deu_train_track_a_02133,"Wenn Du magst, erzähl doch mal von der Ehe. Für mich klingt das so, als wurdest Du auf eine unfassbar unmenschliche Art und Weise ausgenutzt. Vielleicht tut es dir gut davon zu erzählen. Das hilft manchmal das Ganze zu sortieren und selbst zu verdauen und verstehen.",0,1,0,0,1,0
deu_train_track_a_02134,Ich finde sie nett ja,0,0,0,1,0,0
deu_train_track_a_02135,"uff. kann ich überhaupt nich nachvollziehen. ich mein, besuchen wird jetzt in Corona-Zeiten sicher schwer, aber wieso fragen sie nicht direkt bei dir nach, wie's dir geht, ob du was brauchst etc.? sehr seltsam und sehr schade. hoffe die finden die Ursachen heraus und dir gehts bald besser. würde dir gern stellvertretend für meine Omi ein Glas gezuckerte Erdbeeren am Krankenbett überreichen, das is halt das, was meine Großeltern so gemacht hatten :/",0,0,0,0,1,0
deu_train_track_a_02136,Bestimmt☝🏻. Wie man an sowas überhaupt ne Freude haben kann😐,0,1,0,0,1,0
deu_train_track_a_02137,In der Unistadt den 1. Job zu finden und zu bleiben während alle anderen weggehen fühlt sich auch seltsam an.  Ging mir damals so in Kiel.,0,0,0,0,1,0
deu_train_track_a_02138,Du gehörst vor Gericht gestellt. Eine Schande für ganz Bayern,1,1,0,0,0,0
deu_train_track_a_02139,"Ich wünsche Israel, dass sie ohne das Geld und die Waffen des Westens auskommen müssen! Wie kann man technologisch, ökologisch, ökonomisch und ressourcenabhängig sein und dennoch so dermaßen das internationale Gefüge ignorieren! Die mächtigen westlichen Präsidenten müssen betteln und viel Demütigung ertragen, um mit Netanyahu zu verhandeln, damit dieser Mann einen Funken nachgibt.",1,1,0,0,0,0
deu_train_track_a_02140,"Ein bisschen off topic, aber kannst du zu hypbobirthing was enpfehlen? Podcasts oder Bücher?",0,0,0,0,0,0
deu_train_track_a_02141,Da ist jemand hier im sub gerade eben 55.000km rein elektrisch mit nem Fahrzeug durch die Welt getuckert. Wie fühlt es sich an zu einer pre-historsichen untergebildeten Zivilisation zu gehören?,0,1,0,0,0,0
deu_train_track_a_02142,Ich würde die Schulleitung beim Schulamt anzeigen und mein Kind von der Schule nehmen,1,1,1,0,0,0
deu_train_track_a_02143,"Sehr geehrter Herr Stegemann, bitte nehmen sie nie wieder eine Pfeife in die Hand und bleiben dem Fußball fern... 😡😡😡 #SGEBVB",1,0,0,0,0,0
deu_train_track_a_02144,"Ja Wahnsinn -  ich hab jedes Mal angst, dass dein Laptop gleich losstartet neben mir,",0,0,1,0,0,1
deu_train_track_a_02145,"Was genau studiert du? Hast du vor, später das zu tun was deine Familie macht? Wenn ja, macht es dir wirklich spaß?",0,0,0,0,0,0
deu_train_track_a_02146,"Leute, achtet mehr auf euch selbst, geht euren Hobbys nach auch wenn euer Partner kein Interesse/Freude daran hat.   Stellt euch nicht jedes mal hinten an, ihr führt auch noch ein eigenes Leben.  Vergesst euch selbst niemals in euren Beziehungen.  Geht nicht Duschen um für euren Partner gut zu duften, sondern für euch selbst.  Natürlich teilt ihr quasi ein Leben aber ihr seid dennoch Zwei eigenständige Individuen.  Habe bei einigen Freunden beobachten können wie Sie ihren kompletten Alltag nach Ihren Partnern richten und Selber tat Ich dies auch, es ist nicht Gesund, weder für euch noch für die Beziehung die Ihr führt.  nur so als reminder :)  spread love.",0,0,0,1,0,0
deu_train_track_a_02147,"""Es ist wahnsinnig teuer, arm zu sein!"" via",0,0,0,0,1,0
deu_train_track_a_02148,"6. Februar und die #Hamas hat, trotz Gerichtsbeschluss des #IGH vom 26. Januar, die #Geiseln nicht freigelassen. Was macht #Südafrika als Vertreter der Hamas? Nichts!   Das beweist, dass es bei der Klage beim IGH nur um #Israel- und #Judenhass ging. Belege für einen #Genozid gibt es bis heute nicht.  #BringThemAllHome",1,1,0,0,0,0
deu_train_track_a_02149,mächtig stolz auf sich sein!,0,0,0,1,0,0
deu_train_track_a_02150,Gleichzeitig schicken sie an Israel Waffen und Geld! Was für eine Heuchelei! 🤮🤮🤮,1,1,0,0,0,0
deu_train_track_a_02151,same wenn du ne lösung findest sag mir bescheid  würde gern was ändern grad richtung ernährung/sport aber ich habe zu viel Angst vor der Außenwelt,0,0,1,0,0,0
deu_train_track_a_02152,"Ich hab den Abstrich gar nicht gespürt, starke Schmerzen klingen nicht normal. Allerdings habe ich auch nur meine eigene Erfahrung zum vergleichen.",0,0,1,0,0,0
deu_train_track_a_02153,Puh.... es tut schon beim Lesen weh ..es tut mir wirklich sehr leid für dich dass du soetwas erleben musstest . Das macht mich etwas sprachlos. Menschen setzen sich viel zuwenig damit auseinander was sie mit ihrem Verhalten anderen antun können . Ich hoffe durch die Therapie wird es dir irgendwann besser gehen . Gib die Hoffnung bloß nicht auf . Liebe Grüße,0,0,0,0,1,0
deu_train_track_a_02154,Schlimmer. Ich hör ihn heulen bis in den Bergischen Kreis.,0,0,0,0,1,0
deu_train_track_a_02155,"Ich krieg immer Herzklopfen wenn mein Sitznachbar im Bus auf der Fensterseite sich anfängt zu bewegen. ""Will der jetzt schon aufstehen? Die Haltestelle is doch nochn ganzes Stück weg! Oder packt der nur rum?"" Hatte eine alte Dame gestern die die halbe Fahrt rumhampelt hat, und ich dachte jedes mal die will raus. Mittlerweile warte ich bis sich die Leute in meine Richtung drehen.",0,0,1,0,0,0
deu_train_track_a_02156,50 Milliarden für weitere 500k Tote. Super diese EU🤡,1,1,0,0,1,0
deu_train_track_a_02157,"Bester Tweet zum Thema. Nicht so eine ""Tragödie"" wie von von der -ähm- Laien.",1,0,0,1,0,0
deu_train_track_a_02158,"1976 war es auch so, glaube ich. Weihnachten um die 16°. 1978 dann der absolute Winter. Man nannte es früher unbeständiges Wetter 😉😉",0,1,0,0,0,0
deu_train_track_a_02159,Es geht nur um geschäftliche Interessen. Menschen spielen keine Rolle dabei. Schrecklich,0,1,0,0,1,0
deu_train_track_a_02160,"Hast du daran gezweifelt, dass deine Unschuld bewiesen werden kann?",0,0,0,0,0,0
deu_train_track_a_02161,"Irgendwie hast du mich gerade zum Nachdenken gebracht. All diese Eigenschaften treffen wirklich auf alle von uns zu, nur wir selbst können es manchmal nicht sehen, weil wir meinen, jemand anderes sei besser als wir. Und der, der vermeintlich besser ist als ich, der denkt dasselbe über sich. Hmm.   Danke für den lieben Text :)",0,0,0,1,0,0
deu_train_track_a_02162,"Immer diese Berichte nach ""Angabe des israelischen Militärs""..warum nicht einmal die Berichte der Journalisten vor Ort in Gaza?",1,0,0,0,0,0
deu_train_track_a_02163,Danke für dein AMA :)  Kann deine Mama Braille lesen?   Hat sie einen Langstock?   Wurde mal über einen Blindenassistenzhund nachgedacht?,0,0,0,0,0,0
deu_train_track_a_02164,"Genauer gesagt ist meine Mutter schwerhörig, kann aber mit Hörgeräten einigermaßen gut hören. Mein Vater ist komplett gehörlos, er hört also gar nichts. Da helfen auch keine Hörgeräte. Ich selber habe ein normales Hörvermögen.  Ich denke, dass ich deswegen etwas anders aufgewachsen bin als die meisten hier. Ich bin auch zu einem gewissen Grad mit der Gehörlosencommunity vertraut. Fragt mich also gerne alles was euch dazu interessiert.",0,0,0,0,0,0
deu_train_track_a_02165,Reicht denen nicht eine beglaubigte Kopie des Zeugnisses? Diese kann man bei der Stadt machen lassen.,0,0,0,0,0,0
deu_train_track_a_02166,"M26 Ich habe ein ähnliches Leben durch nur auf der väterlichen Seite die Alkoholproblematik(Waise seitdem ich 12 bin) und stehe gerade noch im Schritt Studium.  Kannst du mir sagen ob du auch manchmal einen psychischen Ekel empfindest wenn du Menschen siehst die im Erscheinungstyp Alkoholkrank sind ?  Was hat dich motiviert immer wieder weiter zu machen ?   Welche Ziele hast du für dich für die nächsten 5 Jahre gesteckt ?  Was macht dich glücklich?  Danke für das AMA und fühl dich unbekannterweise gedrückt, ich weiß wie sich das anfühlt.",0,1,0,0,1,0
deu_train_track_a_02167,"jemand hilft mir bitte. Alles, was ich will, ist glücklich zu sein, aber alles, woran ich denken kann, ist, mein Leben zu beenden.",0,0,1,0,1,0
deu_train_track_a_02168,"Danke dir! Immer weiter machen und die eigene Linie durchhalten, auch wenn es Leute gibt, die es für falsch halten! 😉",0,0,0,1,0,0
deu_train_track_a_02169,Technisch Korrekt ist das beste korrekt.  Und ich möchte noch erwähnen das die Anbindehaltung wo sich Kühe nicht mal frei in der Gruppe bewegen können in Deutschland noch erlaubt ist. Diese wird aber nur in sehr kleinen Betrieben genutzt.,0,0,0,0,0,0
deu_train_track_a_02170,"Drogen. Drogen gingen dir damals durch den Kopf.  Nurn Scherz, ich finds unironisch gar nich schlecht :)",0,0,0,1,0,0
deu_train_track_a_02171,Was mich brutal nervt:ich hab beim Tanzen eine mega gute Zeit bin einfach froh und hab Spaß und - zack - ich bin im Bett mein Hirn:📉,1,0,0,1,1,0
deu_train_track_a_02172,"Fassen wir zusammen: Die #Correctiv Recherche stimmt in allen wesentlichen Punkten. Die Vorwürfe zur Remigration wurden nicht mal versucht vor Gericht anzufechten, da die Tatsachenbehauptungen alle wahr sind. Ein guter Tag für die Pressefreiheit. Ein schlechter Tag für die AfD.",0,0,0,1,0,0
deu_train_track_a_02173,"Ich habe in der Schwangerschaft seeeeeeeeehr viel Obst gegessen. Vor allem Birnen und Melonen. Vielleicht wäre es eine Idee, zum Snacken immer schön klein geschnittenes, süßes Obst zur Hand zu haben. Im Mutterschutz habe ich mir einfach immer eine Wassermelone halbiert und über den Tag hinweg ausgelöffelt.",0,0,0,0,0,0
deu_train_track_a_02174,"Das sieht man nicht nur an den Argumenten und an der Tatsache das es nicht ein Experiment gibt was die KlimaLüge auch nur stützen würde hauptsächlich daran das alle die, die die Klima Lüge nutzen meist widerliche Drecksäcke sind.",1,1,0,0,0,0
deu_train_track_a_02175,Schöne geile Schnecke,0,0,0,1,0,0
deu_train_track_a_02176,"Hi KuhlerType,  Ich finde es total wichtig, dass ihr eine offene Kommunikation über eure Rollen habt! Wie du richtig sagst, seid ihr ein Paar und nicht Pflegende und Pflegefall.  Schaut gemeinsam darauf, wo ihr euch als Paar begegnet und wo es für dich und für deine Frau ok ist, dir zu helfen, ohne in eine Pflegerinrolle zu kommen. Vielleicht gibt es ja auch Bereiche, wo du dich und sie dich als hilfreich erlebt (klassische Beispiele: Ausfüllen der Steuererklärung oder Einrichten von technischen Dingen oder ähnliches!)",0,0,0,0,0,0
deu_train_track_a_02177,Ist das eine gute alte Borbet T? Wirklich eine wahnsinnig tolle Arbeit.,0,0,0,1,0,0
deu_train_track_a_02178,"Mein Partner durfte bisher bei allen Vorsorge-Terminen dabei sein, auch trotz Corona. Er muss einfach im Treppenhaus warten und darf dann nur mit in den Untersuchungsraum, aber eben nicht ins Wartezimmer.  Privater Ultraschall ist aufgrund der Strahlenbelastung glaube ich seit ein paar Jahren verboten. Wir haben neben der Vorsorge bei der Praxis aber auch einen Termin zur Pränataldiagnostik wahrgenommen in einem Pränatalzentrum, da war eine Begleitperson auch kein Problem. Pränataldiagnostik ist aber etwas, das man nicht ""einfach nur so"" macht, da sollte man sich vorher schon auseinandersetzen. Gibt es keine Indikation, also Überweisung, wird das privat gezahlt.",0,0,0,0,0,0
deu_train_track_a_02179,"Ja, Zucker ist schädlich und wie Lauterbach will ich nicht werden.",0,1,1,0,0,0
deu_train_track_a_02180,"Nö. Ihr haltet das einfach besser aus. Find ich cool.   Ich wollte es beide Male wissen, beim zweiten Mal wurde uns zeitweise das falsche Geschlecht gesagt, nachdem die Ärztin es uns lange nicht sagen konnte. Wir haben es der Familie aber echt nie verraten. Das Thema mit den Farben ist doch eh Quatsch (unser zweites Kind ist ein Junge und er trägt fast alles auf, was die große Schwester schon hatte), Namen muss man halt zwei haben, ist doch alles kein Problem.  Meine Schwester hat es beide Male nicht gewusst. Bei der Geburt die Überraschung ist auch toll.",0,0,0,1,0,1
deu_train_track_a_02181,"Kein antisemitisches Schild. Israelkritik ist nicht Antisemitismus, sondern Kritik an Israel.",1,0,0,0,0,0
deu_train_track_a_02182,"Hab eine kleine Eigentumswohnung in Berlin, da wohne ich auch selber drin. Anfang November habe ich über ""Unterkunft Ukraine"" meine Wohnung eingestellt und innerhalb weniger Tage wurde ein Kontakt vermittelt.  Jetzt sind die seit vier Tagen hier und ich dachte es interessiert vielleicht jemanden, oder jemand ist neugierig wie das so läuft! Ama?",0,0,0,1,0,0
deu_train_track_a_02183,Deswegen kann man trotzdem Minderheiten öffentlich Respekt und Nächstenliebe zollen.,0,0,0,0,0,0
deu_train_track_a_02184,"Ich bin mir immer unsicher, ob ich helfen soll. Also wenn ich weiß, was du sagen willst, soll ich das Wort für dich sagen?",0,0,0,0,0,0
deu_train_track_a_02185,Nein zur AfD ! ❌,1,1,0,0,0,0
deu_train_track_a_02186,"""Wie soll der anstehende Klima-Umbau finanziert werden?"" Warum sollte man das Klima umbauen wollen?",0,0,0,0,0,0
deu_train_track_a_02187,"Wir haben uns dagegen entschieden. Wenn etwas auffällig gewesen wäre, hätte man entweder mit der Unsicherheit leben oder weitere (invasive) Untersuchungen (mit entsprechenden Risiken) machen müssen. Wenn dann was rausgekommen wäre, hätte man über den weiteren Schwangerschaftsverlauf entscheiden müssen. Da für uns eine Abtreibung nicht in Frage kam, gab es keinen Grund den NIPT durchzuführen.",0,0,0,0,0,0
deu_train_track_a_02188,"Hallo Deutsch ist nicht mein Muttersprache, deshalb bitte ich um Entschuldigung wenn ich irgendwie nicht klar geschrieben habe . Ich bin in der SSW 7 und habe ich noch nicht mein Chef oder Firma von das erzählt. Bei meiner Firma sind viele gekündigt wegen sehr schlechte finanzielle Situation. Wir haben noch ein Versammlung am Montag. Also ich bin sicher dass ich werde nicht gekündigt, aber kann alles passieren. Ich wollte eigentlich nicht so früh an mein Chef sagen. Aber jetzt denke ich, kann es sein dass ich gekündigt wird und kann ich nichts machen weil ich nichts von mein SS erzählt habe? Ich bitte um eure Rat :) Danke euch !",0,0,1,0,0,0
deu_train_track_a_02189,"So👀 sieht es aus - wir haben es allen gezeigt!💪 Die Frage ist bloß, womit heizen jetzt die ganzen Leute, die halt nur eine Gasheizung haben?🤔 Aber was kümmert das die Regierung?🤷‍♂️  #Klimawandel #Emissionsfreiheit #Klimaschutz #Regierung #Umweltschutz 🌍♻️🔥💸💥🤷‍♂️",1,0,1,0,0,0
deu_train_track_a_02190,"Eine Klinik ist nichts Schlimmes. Ich war selbst mittlerweile 5 mal in einer. Für mich ist es ein gewisses Polen, das mir hilft, auf Linie zu bleiben, die Richtung nicht zu verlieren. Und wenn du suizidal bist, ist doch gut, wenn du in gesicherter Umgebung bist. Würde zur Hausärztin sagen, dass es dir sehr schlecht geht und du einen Therapieplatz brauchst. Und wenn sie das nicht ernst nimmt, erzahlst du von den Suizidgedanken.   Alles Gute!",0,0,0,0,0,0
deu_train_track_a_02191,"Diesen Mist schaue ich seit vielen vielen Jahren nicht mehr, ich fand diese Musik immer schon Grottenschlecht!!!!",1,1,0,0,0,0
deu_train_track_a_02192,"Danke für deinen Post. Bei mir und meinem Ex (beide 22) (seit August getrennt) war es so ähnlich. Er war immer das Opfer weil er nichts hinbekommen hat, kaputtes Familienverhältnis, Drang nach Aufmerksamkeit (er hat immer und immer wieder mit den gleichen Storys angegeben, wie nach Skript), Streit angefangen, mich aggressiv angeschrien und 1x ein kleines Loch in eine Wand geschlagen, kranke Kontroll- und Eifersuchtsprobleme und die Liste geht weiter. Bin froh, dass ich endlich da raus bin!",0,0,0,0,0,0
deu_train_track_a_02193,Wünschte ich wäre jemals so gut im kostümierten gewesen...,0,0,0,0,1,0
deu_train_track_a_02194,Hör auf dein BAUCHGEFÜHL! Mega unangenehm ständig mit so etwas konfrontiert zu werden. Du kannst dich so NIE SICHER fühlen in der Beziehung.,0,1,1,0,0,0
deu_train_track_a_02195,"Es ist sehr schwierig Freunde und neue Bekanntschaften zu finden wenn man selbst ziemlich down und niedergeschlagen ist. Leider kenne ich das zu genüge, aber Kopf hoch! Das wird alles wieder :)  Versuche es wenigstens so positiv es geht zu sehen und gib dir nicht selbst die schuld an allem - so schwierig es nun auch klingen mag. Wenn du möchtest kannst du mir gern schreiben. Ich habe immer ein offenes Ohr für solche Situationen & nur noch selten mit solchen Problemen zu kämpfen. Vielleicht kann ich dir ein paar Tipps geben wie du besser auf Leute zugehen könntest um neue Freunde zu finden.",0,0,0,0,1,0
deu_train_track_a_02196,"Danke für das AmA!   1. Hattest du bereits vorher irgendwelche Symptome, die darauf hingewiesen haben?  2. Wie war der Schlaganfall? Was hast du gefühlt und gedacht?",0,0,0,0,0,0
deu_train_track_a_02197,Falls es jemanden interessiert wie es weitergeht. Es gibt jetzt r/workreform,0,0,0,0,0,0
deu_train_track_a_02198,"Moin zusammen Mein Mann und ich haben im Juli '22 nach 3 Jahren Kinderwunschzeit unsere kleine Tochter bekommen. Im April wollen wir anfangen an Baby zu basteln und... tja, ich hab alles vergessen Morgen habe ich meine jährliche Vorsorge beim Gyn, da werde ich das ansprechen und wahrscheinlich direkt Folsäure mit auf den Weg bekommen. Ich muss meine ADHS Medikamente zum Eisprung hin absetzen und mein geliebtes Retinol. Davon ab habe ich grade ein massives Brainlag. Helft mir doch mal auf die Sprünge was wir noch vorbereiten/beachten müssen, gern auch im Hinblick auf die ""große Schwester""",0,0,0,1,0,0
deu_train_track_a_02199,"Hört sich so cliche an aber so ging es mir für eine sehr sehr lange Zeit. Ich war Extrem depressiv und hätte niemals gedacht dass sich was ändert. Eine paar Monate später geht es mir extrem extrem gut. Lustig, wie manchmal das Leben spielt aber es gibt Zeiten in dem man einfach die Zähne zusammen beißen muss, egal wie schwer es sein mag. Was mir persönlich geholfen hat, ist meine Kindheit während der Therapie aufzuarbeiten und Ziele und Träume im Leben zu artikulieren und zu verfolgen. Mittlerweile stehe ich morgens auf und hab ein Ziel. Das ist extremst wichtig.",0,0,0,1,1,0
deu_train_track_a_02200,"Sichtlich amüsiert beobachtete er mich beim Ausspülen meines Mundes, nachdem er mir ohne Vorwarnung die Zunge hineingesteckt hatte.  ""Igitt, die hat doch auf dem Boden gelegen, du Arsch!"".",1,1,0,0,0,0
deu_train_track_a_02201,"Morgen #Weltgebetstag2024  Liturgie gestaltet von Frauen aus #Palestina Ich bin bis auf wenige Male, seit vielen Jahren immer dabei den Gottesdienst mitzugestalten. Ich finde es diesmal  schwer. Aber mit Gottes Hilfe wird mir am Mikrofon nicht die Stimme versagen #FriedenBitte",0,0,1,0,1,0
deu_train_track_a_02202,"Grundproblem von ""Verhandlungen"" mit #Russland bleibt, dass es keine Grundlage gemeinsamer Wirklichkeit gibt. Die ""Spezialoperation"" basiert auf einer Lüge, die von #Putin zu einer Art Dogma erklärt wurde. Dieses wird nach Innen und Außen mit aller Gewalt verteidigt",1,1,0,0,1,0
deu_train_track_a_02203,Das Land ist sehr schön aber die Manschen…  Bei Manchen Ideen zum Thema Sexualität und Abtreibung will ich einfach nur kotzen🤮,0,1,0,1,0,0
deu_train_track_a_02204,"Wird man dem Staat unbequem, ist man plötzlich Rechtsextrem.",1,0,0,0,0,0
deu_train_track_a_02205,"Vielen Dank für deinen Beitrag und das du deine Gefühle mit uns teilst. Ich weiß zwar natürlich die Einzelheiten deiner Bewerbungen nicht, dennoch würde Ich diese nicht allzu persönlich nehmen. Natürlich ist es zwar deine kreative Arbeit, aber vielleicht wird einfach ein anderer Stil gesucht oder die Stelle soll anders bewerkstelligt werden. Ich denke das es eine unglaublich tolle Sache ist, wenn man sich für Dinge begeistern kann und es für richtig hält Energie und Zeit darin reinzustecken. Und wenn dich die Firmen nicht nehmen - Selber Schuld! Irgendein Betrieb wird deine Arbeit und deine Motivation noch zu schätzen wissen. Du schaffst das, nur nicht den Kopf in den Sand stecken",0,0,0,1,1,0
deu_train_track_a_02206,Und jetzt überlegt mal was wohl passiert wäre wenn dort Zivilisten ohne Kameras und Akkreditierung gestoppt worden wären…👀 Augen auf,1,0,0,0,0,0
deu_train_track_a_02207,"Ich war heute Nachmittag mit dem Teleskoplader unterwegs, als ich einen Mann gesehen habe, der etliche Säcke voller Gartenerde mit dem Sackkarren eine etwa 2m hohe Treppe hoch in den Garten schaffen musste.  Ich habe angehalten und angeboten, ihm die komplette Palette in den Garten zu heben.  Er hat das Angebot liebend gerne angenommen und mir zum Dank drei 1l Gläser mit Honig von eigenen Bienen geschenkt. Wald-, (Heu)Blüten- und Rapshonig.  Gerade esse ich das sechste Honigbrot. Und sie schmecken alle geil!",0,0,0,1,0,0
deu_train_track_a_02208,„Rechtsreligiöse“ Regierung? Seit wann ist rechtsextrem rechtsreligiös geworden?,1,0,0,0,0,1
deu_train_track_a_02209,Dann mal Gute Fahrt und einen erholsamen Urlaub 🧳,0,0,0,1,0,0
deu_train_track_a_02210,"Wenn die #Hamas die verbliebenen Geiseln freilassen würde, müsste die #IDF nicht nach #Rafah vordringen. Nur, damit das nicht in Vergessenheit gerät. #Israel",1,1,0,0,0,0
deu_train_track_a_02211,"Du bist ja FahrdienstLEITER Gibt es aber eine niedrigere Position, weil ich ziemlich interessiert bin aber ""nur"" Realschulabschluss habe?",0,0,0,0,0,0
deu_train_track_a_02212,"Ich bin leider seit [meinem letzten Post]( keinen Stück weiter gekommen, d.h. ich habe noch nicht einmal versucht, bei Psychotherapeuten anzurufen. Ich weiß dass es viel helfen kann, wenn man sich überhaupt erstmal mit jemandem austauscht, allerdings kann oder will ich mich nicht gegenüber den Leuten aus meinem Umfeld öffnen. Vielleicht ist ja hier noch jemand in dieser Situation und will es mal versuchen, sich mit einem anonymen Redditfreund gegenseitig auf dem Stand zu halten, Mut zu machen, vielleicht auch mal in den Hintern zu treten. Wer Interesse an einem PsychoPal hat kann sich ja mal per PM melden (schätze dabei würde der Kontakt auch bleiben).",0,0,1,0,1,0
deu_train_track_a_02213,"Ich hab hier auf meinem Grundstück ein zweites Haus das ich in eine Kneipe umbaue. Mir fehlt ein lustiger Name. Ich wohne z.Zt. in den Staaten und es sollte schon was Deutsches sein. Die meissten Deutschen kommen eh zu mir weil der ""German-American Club"" ziemlich scheisse ist.  Mein Favorit im Moment ist ""Zum Hurensohn.""",0,0,0,1,0,0
deu_train_track_a_02214,"Interessanter Artikel. Ich merk bloß immer wieder, dass ich solche Texte nur lesen kann, wenn ich selber grad stabil bin. Sonst zieht es mich noch weiter runter und bestätigt meine negative Denkweise... Aber dann lese ich sowas auch nicht. Ist schon irgendwie schon was dran an der Möglichkeit von ""Nachahmungssuiziden"", so abartig schlimm das klingt. Hab das nie so ganz nachvollziehen können, aber wenn jmd der grad richtig unten ist dann noch sowas liest.. Argh",0,0,0,0,1,0
deu_train_track_a_02215,"Der beste „Verfassungsschutz“ sind die Menschen, die gerade gegen das Erstarken des Rechtsextremismus auf die Straße gehen und Haltung zeigen. Für unsere Demokratie!  🙌 Bravo 👍  #Menschenrechte statt rechte Menschen.",0,0,0,1,0,0
deu_train_track_a_02216,"Noch mal: Teilnehmer des #Potsdam-Treffens versichern:  Das Wort ""Deportationen"" ist nicht gefallen.  #Correctiv bestätigt:  Richtig, das Wort ""Deportationen"" ist nicht gefallen.  AfDler: CORRECTIV GIBT LÜGE ZU!  Nein, denn Correctiv hat NIE behauptet, das Wort sei gefallen.",1,1,0,0,0,0
deu_train_track_a_02217,Klick mal auf den Wagen. Der hupt dann. Ob der Wagen in echt dann auch hupt weiß ich nicht.,0,0,0,0,0,0
deu_train_track_a_02218,"Ja  Lauterbach,  die Grippezeit im Herbst ist normal.",1,0,0,0,0,0
deu_train_track_a_02219,"Auch wenn das vielleicht bitter klingt, aber wenn du durch den Urlaub gemerkt hast, dass ihr nicht zueinander passt, dann hat sich dieser Urlaub total gelohnt.  Ich nenne das immer das ""kleine Zusammenziehen"", denn im Urlaub sieht man sich über einen längeren Zeitraum endlich einmal, wie man wirklich ist. Von daher: Du weißt bereits, was die richtige Entscheidung ist. Alles Gute für die Zukunft!",0,0,0,1,0,0
deu_train_track_a_02220,"Man sollte dem Herdentrieb schon widerstehen können, das kann man dem Individuum nunmal nicht abnehmen.",0,0,0,0,0,0
deu_train_track_a_02221,"🇮🇱 verteigt sich, wer was anderes behauptet ist Judenhasser. Natürlich gibt es wie beim jedenkrieg, Kollaterálschaden. Das gehört zum Realität,für all die Opfer ist der #Hamad verantwortlich. Hamas darf keine Bedrohung mehr für 🇮🇱 sein. Solange muss der Krieg weitergehen.",1,1,0,0,0,0
deu_train_track_a_02222,Nicht vergessen:Moore speichern ungleich mehr CO2 als Wälder. Und brennende Bäume emittieren auch CO2. Life is sometimes difficult!,0,0,0,0,1,0
deu_train_track_a_02223,"Ich arbeite seit einigen Jahres als Fachkraft in einer Akut-Psychiatrie, fragt mich ruhig was euch interessiert :)",0,0,0,0,0,0
deu_train_track_a_02224,"Suche ist schwierig, kommt aber auch daher dass ich etwas spezieller suchen muss. Online Angebote sind mir allerdings komplett überhaupt nicht untergekommen, die meisten haben nicht einmal eine Emailadresse... bezweifle dass sowas in Deutschland flächendeckend stattfindet. Wenn du die Kassenärztliche Vereinigung deines Bundeslandes anrufst müssten sie dir innerhalb von 3 Monaten einen Termin verpassen (bei mir ging das deutlich schneller). Der Nachteil ist dass du dir keine Spezialisierung aussuchen kannst, aber vielleicht hast du ja Glück und es passt. Ansonsten heißt es Adressen raussuchen, es gibt einige Portale die grundsätzlich alle unterschiedliche Ergebnisse liefern, drauf achten dass Kassenabrechnung akzeptiert wird und anrufen/Mails schreiben was das Zeug hält. Viel Glück!",0,0,0,0,1,0
deu_train_track_a_02225,"Diese Regierungen wollen nicht ""das Beste"" für die deutschen Bürger! Nur Verachtung und Hohn und natürlich unser Geld!",1,1,0,0,0,0
deu_train_track_a_02226,"Würdest du ihm - ""schon wieder"" - verzeihen, wenn er nochmal zurückkommen würde? Oder hat man seine Chancen irgendwann mal verspielt?  Im Ernst, manche Herren machen es sich hier echt leicht. ""Verantwortung für meine Familie? Natürlich, aber nur, solange ich Bock habe. Wenn nicht kann ich ja jederzeit gehen. Ist ja nicht so, dass andere davon einen Schaden hätten!""",1,1,0,0,0,0
deu_train_track_a_02227,Darf man den Satz des Posts korrigieren? Ich verstehe ihn nämlich nicht.,0,0,0,0,0,0
deu_train_track_a_02228,"Angehende Therapeutin hier: aus deiner Schilderung klingt das ziemlich übergriffig von ihr und es wäre richtig blöd, wenn sie mit dir wiederholt, was er schon gemacht hat (dein Nein nicht akzeptieren, deine Grenzen nicht wahren). Aber vielleicht fehlt auch ein bisschen Info drumherum, bspw. warum du bei ihr in Therapie bist und wie lange schon.  Ich würde nochmal die Auseinandersetzung mit ihr empfehlen, deine Bedenken klar machen, ihr Ziel hinterfragen. Erfragen, warum das jetzt wichtig ist oder warum das dringend bei ihr stattfinden muss. Was sie befürchtet, wenn du es nicht tust.",0,1,1,0,0,0
deu_train_track_a_02229,Deutschland geht unter und anstatt das verhindern zu wollen geht man lieber gegen rechts auf die Straße. Sorry aber so verblendet muss man erstmal sein.,1,1,0,0,0,0
deu_train_track_a_02230,"Ich kann kein Verständnis für diese Menschen aufbringen: sie gefährden in Zeiten hochinfektiöser Mutanten andere in höchstem Maße! Das ist durch nichts zu rechtfertigen, ich kann den Disput auch auf anderem Wege führen! Leider Ausdruck unfassbarer Empathielosigkeit und äußerst geringer Bildung, eine gefährliche Kombination🥺",1,1,1,0,1,0
deu_train_track_a_02231,fand den junkie von bahnhof auch übel nett,0,0,0,1,0,0
deu_train_track_a_02232,Ich war gleich im ersten Post schon der Meinung dass da nichts ist.  Broteinbros und Gaingirls sind fck Nerds. Die machen Dinge die wir uns normalsterblichen Menschen nicht vorstellen können.,0,1,0,0,0,0
deu_train_track_a_02233,"Hallo du, dein Text klingt furchtbar schwer, so sehr, dass ich gar nicht weiß, wie ich meine Gedanken dazu in Worte packen soll.  Du hast offenbar schon vieles erlebt, was deinen Lebensmut sehr belastet hat und dadurch bist du offenbar schwer depressiv geworden. Das ist furchtbar.  Aber, ja natürlich kommt ein aber, du wirst sterben irgendwann, so wie jeder von uns. Und dein Leben kannst du, so wie jeder von uns, zu jeder Zeit beenden. Ruf jetzt den Krankenwagen und verschiebe die Entscheidung in die Zukunft.",0,0,1,0,1,0
deu_train_track_a_02234,"So lange der Krieg nicht gewonnen ist, hat Klimagedöns vorübergehend Sendepause. Danach reden wir noch einmal darüber.",1,1,0,0,0,0
deu_train_track_a_02235,"#EU verschenkt 50 Milliarden Euro überwiegend deutsches Steuergeld an das korrupte Regime in der #Ukraine.  Darum hat #Deutschland kein Geld für Schulen, Kitas und Verkehrsinfrastruktur.",1,0,0,0,0,0
deu_train_track_a_02236,"Du kannst die Frauen ganz gut in Schubladen stecken aber in welche Schublade landest du als Mann? Das einzige was du schreibst du hast Geld und bist dick. Na, den möchte ich auch nicht kennen lernen wollen. Vielleicht investierst du dein Geld Mal auch abseits von Arbeit in dich.",0,1,0,0,0,0
deu_train_track_a_02237,"Edit: Danke für die vielen Fragen! Ich versuche alle zu beantworten, aber es sind einfach sehr viele. Ist also nicht böse gemeint, falls ich eure übersehe.",0,0,0,0,0,0
deu_train_track_a_02238,"Bist du zu dumm, um dumm zu sein? /s Deine Rechtschreibung und Ausdrucksweise ist tadellos. Wie macht sich dein unterdurchschnittlicher IQ im Alltag bemerkbar?",0,0,0,0,0,0
deu_train_track_a_02239,"Hallo zusammen,  Mangels eines Fachgeschäfts in der Nähe muss ich leider hier fragen.  In welcher Größe sollte ich mir einen Schwangerschafts BH zulegen?  Hole ich die mir in meiner normalen BH Grösse oder in der Größe, wie meine Brust grad ist? Meine Brust hatte einen Schub und jetzt sind alle BHS zu eng.",0,0,0,0,0,0
deu_train_track_a_02240,#WSW_Linie604 Wegen einer technischen Störung verspätet sich die Fahrt ab der Haltestelle Langerfeld Markt um 06:07 Uhr. 26.01.22 06:27,0,0,0,0,0,0
deu_train_track_a_02241,"Wenn die Venen nicht getroffen werden können: Flüssigkeit kann man auch subkutan geben. Sprich Nadel in den Bauch oder an anderer Stelle mit schön viel Fett.   Und ich weiß noch gut, wie ich nachts ohne Tränen weinend auf den Badezimmerboden lag, den Wasserhahn anstarrend und einfach nur auf ein Ende wartend.   Und die Leute fragen sich, wieso ich hier noch immer meine Wasserflasche herumschleppe. Lass es dir schmecken.",0,0,0,0,1,0
deu_train_track_a_02242,"Schreckliche Bilder aus Rafah. Wer Pro-Israel ist, obwohl er die Lage dort kennt, hat kein Herz und soll nie wieder irgendwen über Moral oder Menschenrechte belehren. Ihr seid verdorben bis tief auf die Knochen, einfach nur ekelhaft. Barbaren. Psychopathen.",1,1,0,0,1,0
deu_train_track_a_02243,Vielleicht weniger darüber reden und mehr behandlung bekommen?,0,0,0,0,0,0
deu_train_track_a_02244,"Schrecklich diese Kommentare. So viele Hamas Sympathisanten. Da wird angeblich von einseitiger Berichterstattung sich beschwert, aber selber glaubt man nur der Hamas Propaganda 😂",1,1,0,0,0,0
deu_train_track_a_02245,"Die getötet 5000+ Kinder in Gaza ignoriert ihr... Diese Bombardierungen auf Zivilisten zeigte, wie krank es ist. Völkermord und Rassenhass und Gaza hat ein große Menge Rohstoffe und das natürlich nur ein Zufall, warum man die Grenze kleiner machen möchte.",0,1,0,0,1,0
deu_train_track_a_02246,Und mal wieder werden die EE teurer als unsere AKW es je gewesen wären. Aber Grünenwähler wollen ja getäuscht werden.,1,0,0,0,0,0
deu_train_track_a_02247,Hab auch die Woche Rufbereitschaft. Bei uns per Umleitung aufs normale Handy. Kann also nicht lautlos stellen. 😭,0,0,0,0,1,0
deu_train_track_a_02248,"Es ist mir damals das erste und auch bisher letzte Mal passiert, es war keine schöne Erfahrung. Eventuell kann ich aber durch eben diese Erfahrung, irgendjemandem etwas mitgeben. AmA",0,0,0,0,0,0
deu_train_track_a_02249,"Ich wünsche dir alles Gute für deinen weiteren Weg. Dass du das alles niedergeschrieben hast, hat dir sicher ein Stück weit geholfen, dich etwas besser zu fühlen - einfach mal alles raus lassen, was du schon so lange in dir weggesperrt hast. Das Schreiben kannst du beibehalten. Du musst das ja nicht alles öffentlich posten. Dafür sind einige Gedanken sicher auch viel zu intim. Aber schreib einfach. Das kann beim Verarbeiten helfen. Und wenn du in einem ruhigeren Moment nochmal deine Texte liest, können die dir auch evtl etwas Aufschluss geben. Es ist wirklich super, dass du dir Hilfe gesucht hast und schon so schnell einen Termin beim Psychologen bekommen hast",0,0,0,1,0,0
deu_train_track_a_02250,"Wir leben in einem System, in dem man entweder Rad sein muß oder unter die Räder gerät.  - Friedrich Nietzsche",0,0,0,0,0,0
deu_train_track_a_02251,"Ich bin total verzweifelt. Ich bin jetzt in der 13. Ssw und trenne mich von dem Vater des Kindes. Ich hab total Angst und weiß nicht, ob ich das alleine schaffe. Gibt es jemanden der das auch durch hat.",0,0,1,0,0,0
deu_train_track_a_02252,"Was werden die „ Kartelle“ treiben wenn die AfD über 50 % erreicht ?? Dann wird man sich wieder anbiedern und schleimen, nur um an die Macht zu kommen. Das Deutschland vor 2015 wird es nie mehr geben, die Gesellschaft ist zutiefst gespalten.",1,1,1,0,1,0
deu_train_track_a_02253,Dürfte ich Sie einseifen Ihnen den Rücken waschen oder vielleicht mehr,0,0,0,0,0,0
deu_train_track_a_02254,ich bin in meiner 21. woche und sehr verwirrt was das krankenhaus betrifft. hat jemand erfahrungen mit geplantem c-abschnitt im sana klinikum lichtenberg berlin?und wie einfach war der papierkram nach der geburt?und ist es ausländerfreundlich?,0,0,1,0,0,1
deu_train_track_a_02255,"Sehr klug dass du dich nicht manipulieren lässt von ihr, zb. mit der Wohnungssituation.  Versuch, so viel wie möglich der Kommunikation über Email oder Text oder Brief laufen zu lassen. Damit hast du etwas nachweisbares.  Lass dich auch nicht verarschen dich als Buh-Mann darstellen zu lassen weil ""du dich trennen willst"". Wenn sich jemand SO unerträglich dir gegenüber verhält, dass du fliehst, bist NICHT du derjenige, der ""sich trennen will"", sondern letztendlich hat sie die Trennung verursacht. Das solltest du dir immer bewusst machen, egal was für manipulative Spielchen sie da versucht.  **SIE ist diejenige die DIR UND DEN KINDERN diese Situation antut.**",1,1,0,0,0,0
deu_train_track_a_02256,"Deutsch ist wenn jährlich 426 Fahrradfahrer ([Statista, Jahr 2020]( im Straßenverkehr sterben und der Trend nach oben zeigt.",0,0,1,0,1,0
deu_train_track_a_02257,Das auch 😂 Animes haben mich auch schon zu Volleyball und Basketball motiviert und ich bin jetzt in beiden Sachen richtig gut ✌️,0,0,0,1,0,0
deu_train_track_a_02258,Sehr knuddelig. Ist es schlimm das ich beim titel erst an was anderes dachte?,0,0,0,1,0,0
deu_train_track_a_02259,Na supi und immer noch keine Konsequenzen. Früher wären Politiker aus Anstand zurückgetreten,1,1,0,0,0,0
deu_train_track_a_02260,Impfschäden gibt's halt auch bei diversen anderen Impfungen. Völlig normal Leute. Die Impfung hat uns trotzdem vor schlimmerem bewahrt 🤝🏼,0,0,0,1,0,0
deu_train_track_a_02261,"weil wir noch nicht wirklich verstanden haben, was es wirklich bedeutet umweltbewusst zu handeln",0,0,0,0,0,0
deu_train_track_a_02262,Hatte mal eine ähnliche Situation aber das war am Ende nur heisse Luft. Passiert ist da nicht wirklich was. Würde aber trotzdem mal versuchen zur Polizei zu gehen und mich selbst und meinen Partner ggf. mit Pfefferspray oder sogar einem Messer ausstatten. Benutzen will man sowas zwar niemals aber wenn doch mal was passiert wär mir das lieber als unbewaffnet da zu stehen.,0,0,1,0,0,0
deu_train_track_a_02263,"Das ist übel! Vielleicht nicht der erste Gedanke bei so einer Offenbarung, aber was ist mit dem gesundheitlichen Aspekt (Geschlechtskrankheiten)? Eine Freundin von mir war vor einigen Jahren in einer ähnlichen Situation und da sie in der Gynäkologie arbeitet, ist sie da entsprechend sensibilisiert.",0,0,1,0,0,0
deu_train_track_a_02264,Die Russen haben Deutschland verdientermaßen bis auf die Knochen blamiert. Um Deutschland einzunehmen brauchen die Russen allerhöchstens die Moskauer freiwillige Feuerwehr 🤣🤣. Und nein... ich bin kein Putinfreund Innerhalb von 2Jahren ist Deutschland weltweit zur Lachnummer verkommen. Weltweit den Menschen erzählen wie sie zu leben haben...besonders unsere sprachgest@<username> Aussenministern tut sich da ja hervor. Diplomatie ist zum Fremdwort geworden. Wenn wir nicht bald diesen grünen Spuk beenden werden diese ungelernten Angestellten uns in einen Krieg hineinziehen. Die Vorzeichen sind schon überall zu beobachten .,1,1,1,0,0,0
deu_train_track_a_02265,"Dass Problem was wir dadurch bekommen, sind natürlich die langen Wartezeiten bei Fachärzten. Aber immernoch besser als sein Leben lang verschuldet zu sein.",0,0,0,0,1,0
deu_train_track_a_02266,"Sie scheint unglücklich zu sein mit der Art eures Zusammenlebens. Ob sie jetzt wirklich lesbisch ist oder vielleicht bi oder doch einfach gerade nach etwas Neuem sucht, weiß sie vermutlich selbst nicht so genau. Ich denke, Abstand zwischen euch beiden wird das Beste für die ganze Familie sein, damit sich eure Bedürfnisse sortieren können und ihr dann in Ruhe darüber reden könnt, wie ihr jetzt weiter verbleibt. Konzentrier dich am besten auf Dich selbst und frage dich was du für deine Zukunft willst und wie sich das mit deiner Rolle als Vater und deinen Kindern ergänzen lässt.",0,0,0,0,1,0
deu_train_track_a_02267,Jede Stimme für die AfD ist ein Abschied von der Menschlichkeit....,1,1,0,0,1,0
deu_train_track_a_02268,"Ja, kaum zu ertragen. Ich mochte sie. Und für Faber ist es die Hölle No. 2 Das hatte er doch schon mal.",0,0,0,0,1,0
deu_train_track_a_02269,"Du hast mehrfach nein gesagt und es hat ihn nicht interessiert. Wie viele andere Kommentatoren gesagt haben, ist es eindeutig ein sexueller Übergriff.  Es tut mir sehr leid, dass dir das passiert ist. Such dir auf jeden Fall unmittelbare Hilfe bei einer Beratungsstelle.   Abgesehen von dem unmittelbaren Thema würde ich dir auch empfehlen, eine Therapie in Erwägung zu ziehen. Dein Beziehungsverhalten, das du am Anfang des Posts erwähnst, ist ungesund und du hast einen sexuellen Kontakt, nach dem du dich immer schlecht und benutzt gefühlt hast, in Kauf genommen, weil du erhofft hast, andere Dinge zu bekommen (Aufmerksamkeit, Bestätigung, ....?). Dieses Verhalten wird immer wieder zu psychischen Verletzungen führen, auch ohne sexuell übergriffige Partner.",0,0,1,0,1,0
deu_train_track_a_02270,"Falls du es momentan wirklich gar nicht schaffst, dann kannst du mit der IHK reden. Eine Möglichkeit wäre bspw, dass man dir die Ausbildung so weit anrechnet und du nur noch die Prüfung ablegen musst, sobald es dir wieder besser geht. Dazu müsstest du aber mal schauen, was die IHK dir anbietet.  Ansonsten scheinst du insgesamt einige Probleme zu haben. Ich würde mal eine Liste machen mit allen Problemen und dann kannst du mit den Sozialarbeitern hier reden. u/ConActionStreetwork und u/digital_streetwork dann kannst du gemeinsam mit ihnen deine Optionen durchsprechen.",0,0,0,0,0,0
deu_train_track_a_02271,"Wann begreifen wir, dass wir uns aus den Kriegen raushalten sollten 🤦🏻‍♀️ bin gespannt ob Scholz an die Front geht, wenn wir mitten drin stecken. Wohl kaum",1,1,1,0,0,0
deu_train_track_a_02272,Auf YouTube gibt es einen kostenlosen von hellohebamme Der ist nicht schlecht,0,0,0,0,0,0
deu_train_track_a_02273,"Es ist ihnen schlicht egal. Das zeigen sie ja jeden Tag. Die sind sich sicher, dass es immer so weiter geht.  Der Bürger / das Volk ist denen doch völlig egal.",1,1,0,0,1,0
deu_train_track_a_02274,"Sag seiner Frau/Freundin bescheid - besser sie erfährt es jetzt als später, sich weg ducken und die fresse halten wäre absolut ehrenlos.  Ansonsten: Ihr habt von Anfang an nicht zu einander gepasst. Schlimm das du das erleben musstest und ich wünsche dir das du in zukünftigen Beziehungen deine kontrollierenden Verhaltensweisen ablegen kannst. (Ich finde nachvollziehbar das du sie entwickelt hast, aber die Art und Anzahl wie deine Freundin dich belogen hat ist nicht normal).",0,0,0,0,1,0
deu_train_track_a_02275,"Kann es sein, dass Hirschhausen zwischen den Zeilen sagte, Laschet duscht zu heiß?",0,0,0,0,0,0
deu_train_track_a_02276,Unglaublich unnütz der Scheiß,1,1,0,0,0,0
deu_train_track_a_02277,"Hmm, hört sich an, als ob Du schon recht gut ausgerüstet bist. Kannst Du evtl das Kopfteil vom Bett etwas verstellen? ( Das hatte mir mit der Übelkeit geholfen). Kannst Du zum Teil besser auf dem Sofa/woanders schlafen?  Ansonsten hilft mir meine Wärmeflasche immer sehr gut. Machst Du auch vor dem schlafen gehen Yoga?  Ich konnte leider frühzeitig auch nicht so gut schlafen und war immer froh wenn es geklappt hat. Nickerchen Tagsüber helfen.",0,0,0,0,0,0
deu_train_track_a_02278,"Könnte ich sein. Und nicht zu vergessen, dass ich mich natürlich auch Tage später noch frage, ob Satz X zu viel war oder schlecht angekommen sein könnte.",0,0,1,0,0,0
deu_train_track_a_02279,"Mein Freund hatte auch LS. Bei Männern lässt sich das aber oft durch eine Beschneidung regeln, Frauen haben da größere Probleme. Ich wusste gar nicht, dass das so oft falsch diagnostiziert wird. Wünsche deiner Freundin einen milden Verlauf!",0,0,0,0,0,1
deu_train_track_a_02280,Ich saß einsam auf der Kloschüssel im dunklen Wald. Eine kalte Hand streichelte meine Eier.,0,0,0,0,0,0
deu_train_track_a_02281,"Völlig egal wie weit sie gingen. Sie missbrauchte dein Vertrauen in Bezug auf andere Männer und dieser Missbrauch ist nichts kleines.  Ob du Schluss machen sollst oder nicht, kann dir niemand sagen.  Du musst zugucken ob du damit klar kommst oder nicht und daraufhin entsprechend Konsequenzen ziehen.",0,1,0,0,1,0
deu_train_track_a_02282,"Taurus wird kommen und die Truppen werden kommen. Gegen den russischen Faschismus muss klare Ansage gemacht werden:   Rückzug, oder die Nato wird kommen!!!",1,1,0,0,0,0
deu_train_track_a_02283,"Nach ein paar Einträgen in deinem Blog muss ich sagen, das ist wirklich hart. Würdest du, wenn legal und problemlos möglich, Sterbehilfe in Anspruch nehmen? Eine persönliche Frage: weißt du, woran du sterben wirst? Klar, am Krebs, aber was passiert in deinem Körper, das den Tod auslösen wird? So wie ein Mensch, der verbrennt, nicht am Feuer stirbt, sondern an der verbrannten Haut, der Rauchgasvergiftung oder ähnliches.",0,0,0,0,1,0
deu_train_track_a_02284,"3x hat Biden ein Veto für eine sofortige Waffenruhe eingereicht. Er liefert Waffen an Israel. Amerikanische Journals drucken Werbung ab, für Investitionen auf Grundstücke, die im Westjordanland und Gaza nach der vollständigen Besatzung gebaut werden sollen. Und jetzt kommt er daher, und wir sollen in ihm den Retter sehen.",1,1,0,0,0,0
deu_train_track_a_02285,"Befremdlich. Warum traut sie sich, in einer Situation, in der die Grünen permanent an Zustimmung verlieren, so eine Anstandslosigkeit zu zeigen? Was weiß die Regierung?",1,0,0,0,0,0
deu_train_track_a_02286,"Eine Aufarbeitung wird es erst dann geben, wenn Täter wie Lauterbach vor Gericht kommen.",1,1,0,0,0,0
deu_train_track_a_02287,Opfer wer denkt Hitler hat das gesagt,0,1,0,0,0,0
deu_train_track_a_02288,Es gibt keine Klimakrise nur Profiteure von Klimapolitik. Sie sind einer davon.,1,1,0,0,0,0
deu_train_track_a_02289,"Wie lange wird und kann die deutsche Regierung, das noch schön reden können. Langsam müssten sie auch wissen, daß es nicht mehr machbar ist. 🤦🏻‍♀️",1,0,0,0,0,0
deu_train_track_a_02290,Droht uns der Mini-Stalin schon wieder mit seinem roten Knopf? Der soll man eine neue Platte auflegen. Die alte hat einen Sprung.,1,1,0,0,0,0
deu_train_track_a_02291,"Wow, warum brauchen wir eine Umfrage, wenn die Regierung eh macht was es will? Wir gehen seit Monaten auf die Straße und was passiert? Nichts, der Genozid wird schön weiter von Deutschland unterstützt!!",1,1,0,0,1,0
deu_train_track_a_02292,WTF Frauen müssen auch den Darm leeren wie widerlich ich dachte kacken wäre männlich geht mal weg ihr ekelhaften,0,1,0,0,0,0
deu_train_track_a_02293,"am 18.6 war es bei mir ein Jahr ohne Zigarette. Innerhalb der ersten Tage waren die Atemwege schon sowas von Frei. Alleine das will ich nicht mehr missen.  Habe aber auf E Zigarette gewechselt zum wegkommen. Bin jetzt bei 3mg, demnächst dann Liquid ohne Nikotin und dann ganz weg davon. Bin voll zufrieden damit.",0,0,0,1,0,0
deu_train_track_a_02294,"Russen und Ukrainer waren, sind und werden nie Freunde. Es hat 2014 begonnen und geht immer weiter so. Wer glaubt die Ukraine kämpft für unseren Frieden sieht den Tatsachen nicht in die Augen. Die Ukraine wird einen hohen Preis dafür bezahlen, das sie vom Europa unterstützt wird.",1,1,0,0,0,0
deu_train_track_a_02295,*spurtet heimlich durch die TL und wirft alles bunt durcheinander in die Brotdose*,0,0,0,0,0,0
deu_train_track_a_02296,Das ist doch einfach alles nur noch ein schlechter Scherz!!!,1,0,0,0,0,0
deu_train_track_a_02297,„Tausch Kernöl-Rohöl“:musste sehr laut lachen.,0,0,0,1,0,0
deu_train_track_a_02298,"Moin! Ich schreibe jeden Tag, aber meistens auf reddit oder in meinem Notizbuch. Im Moment sind es nur kurze Textschnipsel mit Potenzial. Ich möchte ""professioneller"" Geschichten schreiben, aber ich habe gemerkt, dass ich nach der Arbeit wirklich mental ausgelaugt bin. Ich überlege, jeden Morgen vor der Arbeit eine Stunde zu schreiben. Macht jemand von euch etwas ähnliches?  Wann schreibt ihr am liebsten?",0,0,0,0,0,0
deu_train_track_a_02299,"Ich glaube weniger, dass du dich ans Singlesein gewöhnt hast, sondern einfach vielmehr der Typ Mensch bist, der sein Alleinesein genießt! Das ist völlig okay und niemand sollte sich dazu zwingen, mit jemand anderen zusammenzuleben.  Dementsprechend klingt es fast so, als wären du und dein Freund nur bedingt kompatibel. Sprich ehrlich mit ihm über deine Ängste vor dem Zusammenziehen, ansonsten gefährdet das die Beziehung nur noch mehr.",0,0,0,0,0,0
deu_train_track_a_02300,"Kein aktiver Rennradler, aber hier ne Liste häufiger Gründe: - Zustand des Wegbelages (das ist aus dem Auto schwer einzuschätzen) - Wegbreite (bei großen Gruppen kann man dann schlecht ausweichen) - Routenführung (an Kreuzungen gefährlich oder mit viel Bremsen) - zu viele Leute (Rad und zu Fuß) um trainieren zu können  Die wenigsten Radfahrenden haben Spaß sich mit bis zu 40 Tonnern neben sich zu beschäftigen, meist ist das aber immer noch ne bessere Option als der Radweg.",0,0,0,0,0,0
deu_train_track_a_02301,Die kommt als Zwischenlage unter Buttercreme auf den Bisquit.,0,0,0,0,0,0
deu_train_track_a_02302,Meine Tochter hat Angst solche Straßen allein zu begehen …,0,0,1,0,0,0
deu_train_track_a_02303,Hessen sollte blau sein. Weder Reformationstag noch Allerheiligen. Das ist die Hölle.,1,1,0,0,0,0
deu_train_track_a_02304,machste mir einmal Asbach Cola aber SO VIEL Asbach und n Schuss Cola,0,0,0,1,0,0
deu_train_track_a_02305,"Es ist wirklich krass, wie viele junge & mittelalte Menschen akt an #Gürtelrose erkranken.  Und niemand scheint die Kausalität zwischen ihrem Ausbruch & permanenten Covid-Infektionen erkennen zu wollen.  Wie lange wollen wir dieses Spielchen noch weiter spielen? #CovidIsTheReason",1,0,0,0,0,1
deu_train_track_a_02306,ach da sind die hin die blöden Dinger,1,0,0,0,0,1
deu_train_track_a_02307,Bin gerade so wütend ne..,1,0,0,0,0,0
deu_train_track_a_02308,"Auch eine #Völkermord-Armee muss aus Rücksicht auf die verbliebene Menschlichkeit (man arbeitet konzertiert daran, sie auszumerzen - ja, auch SIE) lügen, daß sie auch mal bewaffnete Terroristen (=Widerstandskämpfer) getötet hat - neben unzähligen Zivilisten (=#Völkermord).",1,1,0,0,0,0
deu_train_track_a_02309,"Das sind also diese ""Mallorca hat auch echt _schöne_ Ecken""-Ecken, von denen die Leute immer reden.",0,0,0,0,0,0
deu_train_track_a_02310,"Wie schaffst du es, konstant zu schreiben, gibt es da einen ""Trick""? Ich kann mich bei Facharbeiten für die Uni selten dazu motivieren, länger am Stück zu schreiben...",0,0,0,0,0,0
deu_train_track_a_02311,Der Gedanke an eine schwere Wirtschaftskrise beunruhigt mich sehr.,0,0,1,0,0,0
deu_train_track_a_02312,Sehr schwierig wegen den Kindern. Ich kann dir nur sagen das ich ihr währe ich an deiner Stelle nicht mehr vertrauen würde und es mir schwer fallen würde meine Zeit mit so einer respektlosen Frau zu verbringen.,0,1,0,0,1,0
deu_train_track_a_02313,"#3G steht für geistesgestört oder genug Geld, right? #CovidIsNotOver",1,1,0,0,0,0
deu_train_track_a_02314,Wir Menschen schaffen es ! Unseren Planet zu zerstören ! Verdammt traurig 😢,0,0,0,0,1,0
deu_train_track_a_02315,"Darf ich euch allen einen Schottland oder Irland Urlaub vorschlagen? Ich bin vor 20 Jahren her übersiedelt und unsere Sommer sind auch trockener und wärmer als früher aber immer noch sehr angenehm und erholsam, wir haben nur selten mehr als 26 °. Strände gibt's sehr schöne, an der Westküste ist das Wasser vom Golfstrom vorgewärmt. Wandern kann man auch fein, unsere Berge sind zwar nicht sooo hoch aber trotzdem ganz ordentlich.",0,0,0,1,0,0
deu_train_track_a_02316,ich fühle mich echt verletzt heute von dir schreib ich halt nichts mehr arsch,1,0,0,0,1,0
deu_train_track_a_02317,"Vielen Dankfür das AMA. Als Anfang 40-jähriger Octavia-Fahrer fühle ich mich ja ertappt, da ich selbst mit dem Gedanken spiele über den Nürburg Ring zu heizen mit einem Mietwagen der mehr kostet als unser Haus.  Daher fang ich jetzt mal so an:  Wie gestaltet man dies optimal aus Deiner Sicht und holt das beste aus der Erfahrung? Welche Anfängerfehler sollte man vermeiden? Welches Auto lohnt sich aus Deiner Sicht gar nicht, weil geringer Spaßfaktor (aka ""sieht nur nett aus"").  Ich sag dann mal bis bald :)",0,0,0,1,0,0
deu_train_track_a_02318,"Wisst ihr noch als Parks abgesperrt wurden, man kein Spielzeug kaufen dufte und wieviele Alte Menschen alleine sterben mussten...",1,0,0,0,1,0
deu_train_track_a_02319,Solange Menschen mit einem Privatjet von Hamburg bis nach Sylt fliegen bleibt das auch so.,1,0,0,0,0,0
deu_train_track_a_02320,"Ich finds viel krasser, dass es die meiste Zeit funktioniert.  zugegeben, wenn es schief geht wird es sehr eklig, aber wie erstaunlich ist es bitte schön, dass es überhaupt weitestgehend funktioniert?",0,0,0,0,0,1
deu_train_track_a_02321,"Hey zusammen. Wir haben einen kleinen Sohn und hätten gerne ein zweites Kind. Leider klappt es aufgrund unseres Alters nicht mehr auf natürlichem Wege (wir sind beide 40). Haben es u.a. mit Hormontherapie versucht. Daher überlegen wir eine Eizellenspende in Dänemark durchführen zu lassen. Habt ihr vllt Erfahrung mit Eizellenspenden, evtl sogar in Dänemark?",0,0,0,0,1,0
deu_train_track_a_02322,"Hey, aus dein Profil lese ich zumindest dass du derzeit soweit ich das sehe derzeit ganz am Anfang deiner Hormontherapie bist. Aus meiner eigenen Erfahrung weiß ich dass das eine ganz seltsame Zeit für mich war. Hatte wirklich starke Angst irgendwie abgelehnt oder nicht ernst genommen zu werden. Ich wusste nicht wirklich wie meine Familie und die gesamte Umgebung um mich herum reagiert und am Ende natürlich auch die Arbeitsstelle und Schlussendlich die Ärzte selbst. Vielleicht wird es für dich wirklich anders wenn du in der Hinsicht weitergekommen bist und dich selbst auch mehr annehmen kannst.",0,0,1,0,0,0
deu_train_track_a_02323,"Das zentralamerikanische Nicaragua hat Deutschland nun offiziell vor dem Internationalen Gerichtshof (IGH) angeklagt. Deutschlands politische, militärische und finanzielle Unterstützung Israels würde einen Genozid erleichtern, und Deutschland hätte nicht, wie das IGH vorgeschrieben hat, „alles getan, um einen Genozid zu verhindern"". Nicaragua fordert die Ermittlungen gegen die deutsche Regierung auch wegen der Streichung von Hilfe für das UN-Hilfswerk in Gaza. Ihr lest richtig. Es ist das Jahr 2024, nur 79 Jahre nach dem Fall der Nazis, und unsere Regierung wird sich vor Gericht wegen mutmaßlicher Unterstützung von Völkermord rechtfertigen müssen. Ist allen klar, wie ernst das ist?",1,1,1,0,1,0
deu_train_track_a_02324,"Fragt sich wer instrumentalisiert....... Ich finde es GROSSARTIG, das diese Generation sich etwas wagt und was bewegen will! Go Greta, go Youngstars go!!!!!!",0,0,0,1,0,0
deu_train_track_a_02325,"Voll bepackt mit tollen Sachen, die das Leben schöner machen...",0,0,0,1,0,0
deu_train_track_a_02326,Stoppt die Klimaideologie!,1,1,0,0,0,0
deu_train_track_a_02327,In Wahrheit ist es ein echtes modell das einfach nur eingeschneit ist,0,0,0,0,0,0
deu_train_track_a_02328,"Ich kann einige deiner Gedanken nachvollziehen. Ich leide seit Jahren an Depressionen und anderen psych. Erkrankungen.  Deswegen sage ich nicht : Es wird besser. Tu es nicht. Denn meine Worte und auch die aller anderen haben keine Bedeutung. Was Bedeutung hat sind deine Gefühle / Gedanken / Handlungen. Ja, DU bist wichtig. Also ist die Frage : Möchtest du dir vielleicht Hilfe suchen? Um dir die kleine Chance zu geben, dass es vielleicht doch wieder anders werden kann? Vielleicht besteht die Chance auf einen anderen Ausweg! Ich wünsche dir Hoffnung. Und sei es nur ein winziger Funke. Denn Hoffnung hält dich am Leben!",0,0,0,0,1,0
deu_train_track_a_02329,"""Wo kein Test, da kein Corona""  ""Wo Corona, da weniger Hirn""  Bitte  Danke  🖕🏻",1,1,0,0,0,0
deu_train_track_a_02330,"Vielleicht versucht deine Mutter grade das Verhältnis zwischen euch zu vertiefen, weiß aber nicht so recht wie. Meine Mutter hat während meiner Schwangerschaft gerne von ihren Schwangerschaften erzählt (natürlich nur die schönen Seiten). Wenn du dich damit wohl fühlst, kannst du sie ja mal fragen, wie es damals bei ihr war. Dann hat sie was anderes zu sagen als immer nur zu fragen, wie es dir geht.",0,0,0,0,0,0
deu_train_track_a_02331,"Gut gemacht! Die soll sich anstellen wie alle anderen auch. Find ich wichtig, dass man sich sich mal für die ganzen Mitarbeiter dort einsetzt",0,0,0,1,0,0
deu_train_track_a_02332,"Im Radio säuselt Cindy Lauper, die Nachrichtensprecher berichten unwichtiges Zeug. Der #Genozid wird, wie am Schreibtisch geplant, ausgeführt.  ""Wir haben von nichts gewusst.""  #Rafah #Israel #Palestine",1,1,0,0,0,0
deu_train_track_a_02333,"Vielleicht sind die Preise nicht mehr konkurrenzfähig, wenn man Mitarbeiter ordentlich bezahlen muss und das Finanzamt genauer in die Bücher schaut.",1,1,0,0,0,0
deu_train_track_a_02334,",,Was einmal gedacht wurde, lässt sich nicht zurückdenken""~Glaube ,,Die Physiker"" von Dürrenmatt",0,0,0,0,0,0
deu_train_track_a_02335,"Wir (m/f, beide Ende 20) treffen uns regelmäßig mit anderen Paaren zum Sex und gehen auch gerne auf private Swinger Partys, Orgien und in frivole Bars. Fragt alles! :)",0,0,0,1,0,0
deu_train_track_a_02336,"Also deren Nationalparks würde ich schon auch gerne mal sehen, oder den Grand Canyon, auch die Städte New York, Las Vegas oder San Francisco würden mir persönlich gefallen.",0,0,0,1,0,0
deu_train_track_a_02337,"Ich hatte von Beginn der Schwangeschaft bis zur 16. Woche 8kg abgenommen (ohne Diät, ist irgendwie von alleine passiert, mir war auch nicht übel oder so) und habe ca ab der 30. SSW dann bis kurz vor der Geburt auf -3kg vom Ausgangsgewicht zugenommen. Nach der Geburt war ich bei -12kg vom Ausgangsgewicht, dafür nehme ich grade in der Stillzeit alles wieder zu und bin aktuell fast wieder beim Vor-Schwangerschafts-Gewicht.  Sowohl alle Ärzte, die ich gefragt habe, als auch meine Hebamme, meinten, das sei kein Problem - ich war und bin aber auch übergewichtig, es war also keine Gefahr, dass ich zu leicht werde oder so.",0,0,0,0,0,0
deu_train_track_a_02338,"Sieht nicht nur besser aus, hält sicher auch besser als 95% aller Schuhschränke aus den Läden.   Extrem gute Arbeit",0,0,0,1,0,0
deu_train_track_a_02339,"Pakistan beschießt Ziele im Iran. Der Krieg in Jemen. Die beiden sinnlosen Kriegee im Gazastreifen und in der Ukraine. Mir scheint, manche Menschen und Regierungen sind unfähig für ein friedliches Nebeneinander. Sie sind schlichtweg zu dumm für den Frieden und dessen Erhalt.",1,1,0,0,0,0
deu_train_track_a_02340,Was die Israelische Regierung und Armee macht ist nur noch ein Massaker warum wird die Israelische Regierung nicht gezwungen sofort aufzuhören,1,1,0,0,1,0
deu_train_track_a_02341,"Präsident Zelensky spricht diese Woche bei einer Veranstaltung in Texas mit Ex-US-Präsident Bush. Und ich dachte, mit Kriegsverbrechern, die andere Länder überfallen, spreche Zelensky nicht. Bush hat den Tod von Millionen Irakern zu verantworten.",1,1,0,0,0,0
deu_train_track_a_02342,Was genau machst du dort?  Was verdient man so im Monat damit? Wie lange streamst du? Wie kamst du darauf?,0,0,0,0,0,0
deu_train_track_a_02343,"In meinen Augen ist es der nimby Effekt. Wenn kohletagebaue kleiner aber dafür verbreiteter wären, dann würde man sich darüber mit Sicherheit auch mehr aufregen",0,0,0,0,0,0
deu_train_track_a_02344,"Vielen Dank für deine Offenheit und vor allem viel Glück und Freude in deinem Leben.   Gerne würde ich folgende Fragen stellen:   1. Haben deine Alter unterschiedliche Vorlieben zum Beispiel beim Essen. Mag eine Brokkoli und die andere nicht?  2. Haben die Alter unterschiedliche Ängste, wie einer hat Höhenangst der andere Angst vor Spinnen.  3. Wenn du als einer der Alter einschläfst, träumst du dann anders?  4. Bitte diese Frage nur beantworten, wenn es wirklich ok ist. Wie stehen die Alter zum Thema Sexualität?",0,0,0,0,0,0
deu_train_track_a_02345,"Da gibt es tatsächlich einige Schaudergeschichten, die nicht gut geendet sind. Daher unbedingt die Sache ernst nehmen und eng mit der Polizei zusammenarbeiten. Ich hoffe und glaube, dass man in den Niederlanden damit sogar besser umzugehen weiß als bei uns in Deutschland.  Ich drücke dir die Daumen!",0,0,1,0,0,0
deu_train_track_a_02346,Sämtliche Waffenlieferungen und Geldgeschenke an das durch und durch korrupte Regime in Kiew einstellen und der Krieg hat schnell ein Ende.,1,1,0,0,0,0
deu_train_track_a_02347,Gute Nachricht. Russland darf diesen Krieg nicht gewinnen.,0,0,0,1,0,0
deu_train_track_a_02348,* Ist es wirklich das Land der Höflichkeit? Gerade bei Fremden?  * Die Esskultur find ich faszinierend. Was ist deine Lieblingsspeise?   * Wie teuer ist das normale Leben in Japan im Vergleich zu DE?,0,0,0,0,0,0
deu_train_track_a_02349,"Für alle, die meinen, in Deutschland darf man nichts mehr sagen. So sieht das aus, wenn diese Aussage der Wahrheit entspricht",1,1,0,0,1,0
deu_train_track_a_02350,"Kennst du die Möglichkeit ""Teilzeit in Elternzeit"" zu arbeiten? Solltest du dir anschauen. Du darfst in der Elternzeit bis 30 Std/Woche arbeiten. Also kannst du was verdienen, aber die Vorteile der Elternzeit gehen nicht verloren.  Ich hab es mit meinen Zwillingen gemacht: 3 Jahre Elternzeit beantragt und als die Kinder mit etwa 18 Monaten zur Tagesmutter kamen 18 Std gearbeitet. Hatte ich im Vorfeld natürlich mit meinem Arbeitgeber geklärt und die waren einverstanden",0,0,0,1,0,0
deu_train_track_a_02351,"Vier Mal habe ich gestern mit der Telefonseelsorge gechattet.  Drei mal habe ich heute mit dem Krisenschat geschrieben.  Ich weiß nicht was ich noch machen soll, ich weiß aber, dass es so nicht weiter gehen kann. Seit Stunden weine ich, immer wieder. In der Nacht habe ich kaum geschlafen.   & war mein letzter Beitrag den ich hier erstelle",0,0,1,0,1,0
deu_train_track_a_02352,"Danke! Es ist schrecklich und sollte verboten werden! ""nh"" delendum est!",1,1,0,0,0,0
deu_train_track_a_02353,Sie sollte ihm vielleicht sagen das sie ehrlich ist. #FirstDates,0,0,0,0,0,0
deu_train_track_a_02354,Befassen Sie sich endlich mit den wahren Nebenwirkungen dieser neuen Impfstoffe. Was Sie da betreiben ist grob fahrlässig!,1,0,0,0,0,0
deu_train_track_a_02355,"Tschö mit Ö. Wird ihr sicher niemand übel nehmen, wenn sie sich jetzt für die nächsten 20 Jahre in ner für Journalisten unauffindbaren Holzhütte mitten im Wald absetzt.",0,0,0,0,0,0
deu_train_track_a_02356,"ich google fast immer auf englisch, und setze noch ""reddit"" ans ende meiner frage weil ich genau weiß, dass irgendein nerd auf reddit zu dem thema schonmal einen post gemacht hat. funktioniert meistens",0,0,0,1,0,0
deu_train_track_a_02357,"Warum müsst ihr bei U5 so oft diese halben Züge losschicken?  Die verspäten sich meiner Meinung öfters, da sich da alle reindrücken und ich komme dann zu spät zur Schule.",1,0,0,0,0,0
deu_train_track_a_02358,"Der Mensch ~~fährt Bahn.~~ steht am Bahnhof und wartet hoffnungslos auf den Zug, wo 640 Minuten Verspätung vorrausgesagt werden.",1,0,0,0,0,0
deu_train_track_a_02359,Ne wenn schön funktioniert mit Schmerzen und Herren ne dann kannste wieder Haschpäckchen und alles andere abgegeben,0,0,0,0,0,0
deu_train_track_a_02360,"PSA: Man kann seit November nun bei DHL auch eine Packstation / Paketshop angeben (über paket.de oder so), wohin alle Pakete automatisch umgeleitet werden, die sonst an die Heimadresse geliefert würden. Das funktioniert auch. Besonders praktisch bei Händlern, wo man sonst keine Packstation auswählen kann.",0,0,0,1,0,0
deu_train_track_a_02361,Mit Terroristen verhandelt man nicht!,1,1,0,0,0,0
deu_train_track_a_02362,"Warum wird hier im Thread behauptet, dass die Polizei an irgendwelchen Sicherungsseilen rumgespielt hätte und dadurch wäre er gestorben? Da würden mich Belege wirklich interessieren. Das Baumhaus wurde schlecht gebaut und er ist durch ein Brett gebrochen. Es gibt sowohl Fotos von der Baumhauskonstruktion (bzw. der Brücke) wo man sehen kann, dass nur die Bretter weggebrochen sind, als auch ein Video, wo man den ganzen Sturz sieht (was ich vermutlich nicht verlinken darf). Ich sehe zwar die Kausalkette zu Laschet, aber warum ist der Schuld, für schlecht gebauter Baumhäuser?",0,1,0,0,0,1
deu_train_track_a_02363,Egal ob beim Elternabend oder zwischendrin  Edit: Eltern bzw. Schüler die was von anderen Eltern mitbekommen haben sollen/können natürlich auch antworten :D,0,0,0,0,0,0
deu_train_track_a_02364,Ich finde den Namen schön aber habe auch schon gehört wie zu einer Astrid Arschtritt gesagt wurde. Astri finde ich seltsam und ich bin generell kein Fan davon wenn klassische Namen abgeändert werden. Komme aus Österreich falls das einen Unterschied macht,0,1,0,0,0,0
deu_train_track_a_02365,"Nennt sich Krieg, den Israel nicht angefangen hat. Unsere Steuergelder haben ausreichend Terror unterstützt (Stichwort UNRWA). Wünschen Sie den Menschen dort nicht, endlich von der Hamas erlöst zu werden?",1,0,0,0,1,0
deu_train_track_a_02366,"Mein Mann hat mir bei unserem 10-jährigen Jubiläum eine Kette mit einem Herzmedaillon geschenkt, mit einer eingravierten 10 und einem Bild von uns drin. Trage ich Jahre später immer noch gerne, hat mich mega gefreut. Ansonsten machen wir immer das gleiche, Essen gehen und Kino... Sind da nicht allzu anspruchsvoll und mir persönlich war das lieber als irgendetwas Großes :) Ich weiß nicht, was sie gerne mag, aber ein entspannter Tag zu Zweit in der Sauna o.ä. klingt doch schön :)",0,0,0,1,0,0
deu_train_track_a_02367,"Immer wenn ich depressiv bin nage ich stark an der Tatsache dass das Leben objektiv betrachtet Sinnlos ist. Vor allem kann ich mir auch nicht vorstellen, dass ich selbst jemals für mich subjektiv einen Sinn finden werde.  Wenn es mir dann besser geht juckt mich das nichtmehr so und ich denke nicht weiter drüber nach. In einer hypomanen Phase ist es eh wie weggewischt.  Ich frage mich dann immer ob diese Sinnlosigkeit in meinem Leben Depressionen begünstigt.. Wie seht Ihr das?",0,0,0,0,1,0
deu_train_track_a_02368,Die Schneekanonen und Spa-Bereiche finanzieren sich nicht von alleine. Der Pöbel darf frieren und zahlen!,1,1,0,0,0,0
deu_train_track_a_02369,Russland marschiert ohne Recht in ein fremdes Land und greift dieses grausam an und wirft diesem jetzt Terrorismus vor. 🤡🤡,1,1,0,0,0,0
deu_train_track_a_02370,War bereits allen klar. Es wird Zeit für Konsequenzen.,1,0,0,0,0,0
deu_train_track_a_02371,"Ja. Ob Blutung oder nicht, die Schwangerschaftstests messen die Menge eines Hormons im Urin.",0,0,0,0,0,0
deu_train_track_a_02372,Bei Frosta kann man eigentlich nix falsch machen :),0,0,0,1,0,0
deu_train_track_a_02373,"Wenn das im Wortlaut so von dem Security-Typen gefallen ist, könnt ihr vielleicht überlegen, ob ihr das nicht dem Club meldet. Die sollten dann schon darauf reagieren. Ev. ändert sich ja wenigstens in dem Club was. Aber ist natürlich auch wieder Stress...",0,1,0,0,0,0
deu_train_track_a_02374,"Ich habe nach der Trennung realisiert das ich endlich machen konnte was ich wollte und mich nicht mehr von ihm erdrückt fühlte, weil alles so laufen musste wie er es wollte. Was mir dann in den dunklen Momenten geholfen hat, war zu verstehen das ich mit ihm niemals ich sein konnte und könnte. Das war dann irgendwann so gefestigt, dass ich merkte das ich ohne ihn einfach besser dran bin wie mit ihm.   Schön wie du die welt für dich neu entdeckst und vorallem wieder entdeckst. Es geht immer weiter und nun kannst du es wieder für dich und deine kinder selbst gestalten.",0,0,0,1,0,0
deu_train_track_a_02375,"Du wirst wirklich wissen, wann es los ins KH geht. Ich hatte genau wie du Wehen in dem Abstand und meine App hat immer gesagt, dass ich ins Krankenhaus soll. Ich dachte aber irgendwie: nein, das stimmt noch nicht und habe noch etwas gewartet. Und das war auch richtig, als ich ins KH bin, war ich bei 1cm :D könnte mir vorstellen dass dein Körper jetzt schon arbeitet und du vielleicht noch 2-3 Tage diese Schmerzen hast/ vielleicht auch nur eine Nacht. Ruh dich einfach aus so gut du kannst :) Wir haben beim veratmen noch einen Disney Film geguckt :D",0,0,0,1,0,0
deu_train_track_a_02376,Hab mal beruflich mit einem zusammen gearbeitet. Seine Schafe haben ständig so fürchterlich entzündete Hufe bekommen die dann angeschnitten werden mussten was unfassbar gestunken hat.   Ist das normal oder war der einfach ein schlechter Schäfer?,0,1,0,0,0,0
deu_train_track_a_02377,Aiwanger wird selbst von der Süddeutschen Zeitung mit einer Kampagne überzogen und fällt jetzt auf die Kampagne von Correctiv rein. Hatte ihn für politisch klug gehalten.,1,0,0,0,1,1
deu_train_track_a_02378,"Will sie es dir jetzt unter die Nase reiben, dass sie nach 4 Jahren einen Partner fürs Leben gefunden hat und es bei dir nie geklappt hat?   Ziemlich kindisch, falls das der Gedanke wäre.",1,1,0,0,0,0
deu_train_track_a_02379,Das ist kein Tod. Das ist ein Mord.,1,1,0,0,1,0
deu_train_track_a_02380,"Laut WHO ist gestern das 10 Kind in Gaza verhungert, eine Verantwortung für dessen Tod trägt nicht nur Israel, sondern auch alle Staaten, die weiterhin nicht die Öffnung der Blockade Gazas und einen Waffenstillstand fordern. Es braucht jetzt ein Ende der Blockade!",1,1,0,0,1,0
deu_train_track_a_02381,Wie ging es euch mit der Übelkeit? Wann hat die bei euch eingesetzt bzw. Wie lange gedauert? Ich bin in SSW 8 und möchte mich nur vergewissern das ich hier nicht zur Ausnahme gehöre. Bei den meisten beginnt die Übelkeit doch schon wesentlich früher?,0,0,1,0,0,0
deu_train_track_a_02382,"Moin, danke fürs AmA.  Wie stehst du zu den aktuellen Sicherheitsstrategien der Bundesregierung, die ein aktives Offenhalten von Exploits beinhalten? Auf der einen Seite wird deine Arbeit dadurch ja ermöglicht/erleichtert, auf der anderen Seite die IT-Sicherheit generell verringert..",0,0,0,0,0,0
deu_train_track_a_02383,"Ich hatte auch diese heftige Müdigkeit ab Mittag. Arbeite auch im Büro und konnte keine drei Sätze mehr tippen, so fertig war ich. Meine Ärztin hat mir dann ein teilweises Beschäftigungsverbot ausgestellt, hab von da an nur noch 4 statt 8 Stunden gearbeitet. Das hat mir sehr geholfen, ich konnte mich dann nach der Arbeit einfach hinlegen und ausruhen.   Es geht dabei ja nicht um Luxus, sondern darum, die Mutter und das Baby zu schützen. Und jede Schwangerschaft ist anders. Hat nur leider jeder eine Meinung zu, egal ob selbst schon schwanger gewesen oder nicht.   Sprich mit deiner Ärztin und schau, was für dich das Beste ist. Alles Gute!",0,0,0,0,1,0
deu_train_track_a_02384,"Deutsche Wikipedia kann man leider aufgrund der Moderatoren/Admins und Poweruser in die Tonne kloppen. Die Relevanzregel wird in etwa so ausgelegt, ""wenn's der admin nicht kennt, dann kann es ja nur irrelvant sein"".",1,1,0,0,1,0
deu_train_track_a_02385,"Am morgigen Weltfrauentag gedenke ich der über 9.000 von Israel ermordeten palästinensischen Frauen und Mütter, die ihre Kinder verloren haben! Das sollte deutsche Staatsräson sein!",1,0,0,0,1,0
deu_train_track_a_02386,"Dass Israel unter Netanjahu stark gesunken ist, damit gebe ich Ihnen Recht. Doch Israel ist unabhängig vom Regierungschef auch ein Volk. Die Sicherheit dieses Volkes ist unabhängig seiner Regierung deutsche Staatsraison. Wer Netanjahu und seine ultra rechte Regierung kritisiert, ist kein Antisemit.",0,1,0,0,0,0
deu_train_track_a_02387,"War nicht wirklich enttäuscht, aber der Ausblick vom Empire State Building ist nicht so gut wie vom Rockefeller Center, welches auch noch günstiger ist. Man hat einen viel besseren Blick auf den Central Park und... auf das Empire State Building.  Sehr sehenswert ist das 9/11 Museum in New York. Haben die Geschichte sehr schön und emotional aufbereitet. Würde ich jedes Mal wieder besuchen.",0,0,0,1,0,0
deu_train_track_a_02388,Cool. Ich habe heute jemanden dabei beobachtet wie er einen Polo mit VIER platten Reifen die Straße runtergesteuert hat. Klang erst als wäre eine Kompanie russischer T-34 über ein Wurmloch durch Zeit und Raum gereist und plötzlich in Mittelhessen gelandet. Deine Geschichte ist netter und wenn die beiden nicht richtig viel Mist anstellen sind bei denen wahrscheinlich auch weniger Felgen geschrottet worden.,0,0,0,1,0,1
deu_train_track_a_02389,"Data Scientist hier. Eines sollte dir bei deiner Berufswahl bewusst sein: Kein Mensch interessiert sich für die tiefgreifende Mathematik oder effiziente Modellierung. 99% der Zeit wirst du damit verbringen, Daten zu beschaffen, Datenprobleme zu fixen, Daten in eine Pipeline zu pumpen und Daten zu visualisieren. Die Chefetage will Kuchendiagramme und Kurven sehen. Fortgeschrittene Modellierung findet sehr selten statt.",0,0,0,0,1,0
deu_train_track_a_02390,"Dafür weißt du, was Romantik ist. ☝️",0,0,0,1,0,0
deu_train_track_a_02391,81579 Braunschweig Hbf → Goslar hat in Goslar (planmäßig 20:12) +17 min.  Grund:technische Störung an der Strecke.,0,0,0,0,0,0
deu_train_track_a_02392,"Soll er doch gleich in die Ukraine gehen und dort Kanzler sein, aber ohne unser Geld!",1,1,0,0,0,0
deu_train_track_a_02393,Nein  - das ist ein hervorragender Gedanke  ! DIE AMPEL MUSS WEG  !!!,1,0,0,1,0,0
deu_train_track_a_02394,Ich werde das gleich testen und dabei mein Fenster kaputt machen,0,0,0,0,0,0
deu_train_track_a_02395,"Ja, vielleicht ist es so, vielleicht auch nicht.",0,0,0,0,0,0
deu_train_track_a_02396,"\- Wie lange hat es gedauert, bis du oder deine Familie gemerkt haben, dass dein Opa krank ist?  \- Wie hat sich Alzheimer geäußert, vor allem am Anfang?   \- Gängige Darstellung ist, dass die Menschen sich nicht mehr an Dinge erinnern können. In meiner Erfahrung gab es neben dem Vergessen noch Misstrauen gegenüber vertrauten Menschen, vermeintliche Lügen und allgemein sehr merkwürdige Verhaltensweisen. Oft war es schwer, Aussagen nicht persönlich zu nehmen und zu akzeptieren, dass die Person nichts dafür kann. Wie hast du das in den Griff bekommen? Hattest du Hilfe?  Mein Beileid. Mitzuerleben, wie eine nahestehende Person den Verstand verliert und nicht mehr sie selbst ist, ist schrecklich.",0,0,1,0,1,0
deu_train_track_a_02397,"Erstmal herzlichen Glückwuncsh!  * Wie waren die U-Untersuchungen beim Kind? Konnten sie ganz normal stattfinden? * Hast du irgendwelche Unterstützung beim Stillen oä bekommen, oder warst du da komplett auf dich allein gestellt? * Hat das Baby Kleidung vom Krankenhaus gestellt bekommen, oder ging das aus hygienischen Gründen nicht? * Wie lange warst du im Endeffekt im Krankenhaus, und hat es dir überhaupt etwas ""gebracht""? * Wurdest du ganz normal untersucht/behandelt oder komplett isoliert bis auf Fälle, dass DU aktiv um Hilfe batest?",0,0,0,0,0,0
deu_train_track_a_02398,"Können wir bitte aufhören so zu tun als ginge es bei irgendeiner dieser Hilfen, darum Leuten zu helfen?  Schmier und Bestechungsgelder für zu ""beeinflussende"" Politiker, Regierungen, Unternehmen und NGOs dort  Wenig davon verbessert das Leben von irgendjemandem, im Gegenteil.",1,1,0,0,0,0
deu_train_track_a_02399,"Und ein Tipp: eine/n Gynäkologen/in findest du am einfachsten, wenn du nach dem Stichwort 'Frauenarzt' oder 'Frauenärztin' suchst.  Oder probier mal auf der website von Doctolib. Kann je nach dem wo du wohnst ein bisschen schwierig werden, erst im dritten Trimmenon fündig zu werden aber unmöglich ist es nicht. Viel Glück!",0,0,0,0,0,0
deu_train_track_a_02400,"Ich kann mir vorstellen, wie wahnsinnig aufwühlend und belastend die Situation ist. Es tut mir schrecklich leid, dass du da gerade alleine durch musst.  Dein Partner ist ein Arsch.  Viel Kraft und alles Gute für dich!",0,1,0,0,1,0
deu_train_track_a_02401,"Als was arbeitest du beziehungsweise hast du schon gearbeitet, gerade auch am Anfang? Und während deines Working Holidays? Und hat das ungefähr gereicht um dir den Lebensunterhalt Währenddessen zu finanzieren?  Ich finde das total spannend, aber die meisten Berichte, die man online findet sind einfach von englischen Muttersprachlern, die dann als Englischlehrer arbeiten...",0,0,0,0,0,0
deu_train_track_a_02402,"Ist dein Handy vielleicht kaputt, wenn es schon so lange lädt?",0,0,0,0,0,0
deu_train_track_a_02403,Und unsere Schwurbler schiebens wieder auf die Impfung... nix neues. Irgendwie hat die Platte einen Sprung. 🤔,1,1,0,0,0,0
deu_train_track_a_02404,"Wenn Wälder für Windräder platt gemacht werden ist das also ok, aber aus jedem anderen Grund ist es schlecht? Verstehe diese Logig nicht",0,1,0,0,0,0
deu_train_track_a_02405,"Ich dachte erst, es geht um den Schatten, der anzeigt, dass ein Spieler die Sonne voll von vorne abbekommt, und der andere nicht. Dann kam ich mir clever vor, dass ich das nur von dem Bild verstanden habe. Dann lese ich kotkaisers Kommentar und werde traurig.",0,0,0,0,1,0
deu_train_track_a_02406,"Ärzte sind hier in Bayern auch schon rel. gut dabei, MFAs warten noch. Leider.",0,0,0,0,1,0
deu_train_track_a_02407,Es ist so lustig wie die AfD Tag für Tag von den “öffis“ diffamiert wird 😂 als gäbs nichts wichtigeres über das man berichten könnte. Hauptsache die linke Ideologie durchdrücken 😂,1,1,0,0,0,0
deu_train_track_a_02408,"Ein Kollege hält nichts von wählen (bzw. ""dem System"") und hat mir stolz erzählt, dass er natürlich trotzdem hin geht um bei allen Kleinstparteien ein Kreuz zu setzen. Seine Stimme wird ja dann auf diese verteilt, so kann er die etablierten Parteien (""das System"") schwächen.  Er war dann doch sehr überrascht als er heraus gefunden hat, dass seine Stimme einfach als ungültig verworfen wird.",0,0,0,1,0,1
deu_train_track_a_02409,"Wir alle sollten mit Nachdruck daran arbeiten, mit Russland und seinem Präsidenten Wladimir Wladimirowitsch Putin wieder ins Gespräch zu kommen um eine Eskalation bis hin zu einer nuklearen Auseinandersetzung zu vermeiden. Doch die westlichen Hetzer und Hasser Rußlands suchen in all ihren Worten und Taten nur eines: Den großen europäischen Krieg. Wie Wahnsinnige setzen diese Zeitgenossen auf Tod und Zerstörung unseres Kontinents.",1,1,1,0,0,0
deu_train_track_a_02410,"Hab srlbst schonmal einen geliebten Hund rinschläfern lassen müssen. Es gibt wohl kein perfekten Zeitpunkt dafür, aber gerade wenn er leidet ist im Zweifelsfall umso früher desto besser und das einzig verantwortungsvolle, auch wenns sehr schmerzhaft ist. Ihn länger leiden zu lassen weil man selbst nicht loslassen will wäre egoistisch gewesen. Alles richtig gemacht! Und ja, die Gewohnheit machts nicht leicht, wirst wahrscheinlich auch nach Monaten Momente haben wo du dich nach deinem Hund umschaust und dir dann wieder bewusst wird das er ja garnicht mehr da ist. Aber du wirst drüber hinwegkommen ähnlich wie bei Liebeskummer. Mein Beileid.",0,0,0,0,1,0
deu_train_track_a_02411,Bin endlich daheim hahaha was machen du ?,0,0,0,1,0,0
deu_train_track_a_02412,"Sehr interessant... Bei mir war es genau andersherum: Habe ein sehr gutes Abi gemacht mit 1,0 Mathe LK und dann natürlich direkt studiert und bin an der Mathematik gnadenlos gescheitert. Für mich ist Uni-Mathe eine ganz andere Welt als die schulische Mathematik. Habe das nie verstanden. Auch sich selber zu motivieren fand ich sehr schwierig im Studium , weil's mich echt nicht interessiert hat. Respekt, dass du dir nichts hast einreden lassen bezüglich deines Potentials.   War es für dich leichter quasi autodidaktisch Mathe zu lernen als es im Unterricht vorgekaut zu kriegen? Oder hat dir der Zwang in die Schule zu gehen die Motivation genommen?",0,0,0,1,1,0
deu_train_track_a_02413,"Es ist mir vollkommen unverständlich, warum die Zustimmung zur #AfD abnehmen sollte. Was hat sich denn an der fatalen Situation in Deutschland verändert? Was haben die Anderen in Ordnung gebracht? Richtig: nichts. #DeshalbAfD",0,1,0,0,0,0
deu_train_track_a_02414,"Ich feier heute, aber nicht die Geburt dieses Monsters, sondern 4:20",1,0,0,1,0,0
deu_train_track_a_02415,"Meine Vorhersage: wenn sie den Job im Fitnessstudio annimmt, wird eben nicht alles gut beim Freund sein.   Er hat sich einfach nur dafür entschuldigt, weil er ""musste"".   Anfangs wird's vielleicht noch gutgehen, aber das sind Verhaltenstendenzen, die man nicht einfach mal so abstellen kann.   Ich denke, dass es sich über die Zeit einschleichen wird, dass er dann doch öfter mal fragen wird: ""Ist heute irgendwas vorgekommen? Wurdest Du angemacht"".",0,1,0,0,0,0
deu_train_track_a_02416,"Wirkt wie ein Abklatsch von Bernard Werber, und selbst Werber's Erzählung war nur leicht über den Durchschnitt meiner persönlichen Erwartungen.  Den Dialog finde ich interessant, aber eine leichte Überarbeitung könnte dem Freitod (Suizid?) am Ende vielleicht mehr Plausibilität vergeben.  Eine plötzliche Auto-Defenestration finde ich persönlich nice. Pluspunkt dafür. Die Anspielung auf Einstein ist na ja, zu einfach. Die Sintflut, die damals vermutlich tatsächlich geschehen sein soll, war eine Kontinentalflut, die nicht durch Regenfälle verursacht wurde. Insgesamt benote ich deinen Text mit 3 Minus.",0,1,0,0,0,0
deu_train_track_a_02417,Das waren zeiten aber das bild ist lustig nh,0,0,0,1,0,0
deu_train_track_a_02418,"Mir fallen keine netten Worte für deine Erzeugerin und deren Mann ein. Eltern sind das jedenfalls keine. Mach, dass du so schnell wie möglich von denen wegkommst. Die Misshandeln dich emotional und beuten dich als Haushaltskraft aus. Ich drücke das mit absicht so hart aus, damit du erkennst, dass die nicht normal sind. Ich hab auch nen jüngeren Mann, ist nix dabei solange beide Parteien volljährig sind. Dass dein Stiefvater jünger ist als deine Mutter ist denen noch nicht aufgefallen oder? Einfach peinlich solche Leute... Tut mir Leid, dass du da festhängst, ich hoffe du kannst die 2 hinter dir lassen. Würd auch keinen Kontakt halten mit denen.",1,1,0,0,1,0
deu_train_track_a_02419,Koutris zuhause auf der Couch hat sicher schon seinen Berater in der Leitung,0,0,0,0,0,0
deu_train_track_a_02420,"Weil Du alles mit Großbuchstaben geschrieben hast, ist mir mir plötzlich alles viel klarer geworden! 🙈",0,1,0,0,0,0
deu_train_track_a_02421,Doch - so schmerzlich sich das anhört ! Die können !,0,0,0,0,1,0
deu_train_track_a_02422,"Ganz ehrlich gemeinter Tipp: akzeptiere es einfach. Dein Kind ist 7 Wochen alt - das braucht die Nähe und Sicherheit einfach. Babys sind Traglinge. Meine Tochter (inzwischen 9 Monate) ließ sich auch nur selten ablegen - es war anstrengend und ich hätte auch gern mal ein bisschen ""Freiraum"" gehabt, aber mir war immer klar: da muss ich durch. Dieses kleine Wesen kam quasi gerade aus dem warmen Bauch - kannte Gefühle und Empfindungen wie Hunger und Kälte halt nicht. Außerdem müssen sie soviele Eindrücke verarbeiten. Daher finde ich, dass Akzeptanz einfach das beste ist. Es kommen auch noch andere Zeiten und die kommen super schnell.",0,0,0,0,0,0
deu_train_track_a_02423,Bin ich bei dir. Das Problem ist der große Aufschlag von Gold zu Papiergold. Das zeigt da stimmt etwas nicht.,0,0,0,0,0,0
deu_train_track_a_02424,"Es braucht mehr Forschung und Aufklärung, vor allem auch unter Hausärzt:innen. Es kann nicht sein, dass Long Covid Patient:innen regelmäßig mehr oder weniger weggeschickt werden und alles auf die Psyche geschoben wird. Das passiert leider viel zu oft.",1,0,0,0,1,0
deu_train_track_a_02425,"Ich habe im Oktober 2021 mein erstes Kind in Berlin bekommen. Bei dem KH gilt die Regel, dass der Partner für eine Stunde kommen darf, und zwar mit einem Test (mein Mann war damals schon geimpft, das spielte keine Rolle).",0,0,0,0,0,0
deu_train_track_a_02426,"Melde dich bei der zuständigen Frauenberatungsstellen! Du kannst einfach ""Frauenberatungsstellen oder Frauenhaus *deine Stadt*"" über Google suchen oder alternativ bei beim Landkreis erkundigen und nach Kontaktdaten fragen. Ich würde an deiner Stelle, die Situation an einer Vertrauensperson deiner Wahl schildern, damit du nicht alleine bist und dich an jemandem wenden kannst. Wichtig ist dass du dich vor deiner Umwelt nicht isolierst. Dein Freund nutzt dich aus und lässt wahrscheinlich andere Männer dafür bezahlen, damit sie mit der verkehren können. Bitte, nimm das ernst und wende dich unbedingt an einer Beratungsstelle!",0,1,1,0,0,0
deu_train_track_a_02427,Wie es den mehreren tausend Palästinensern wohl geht ? Wo bleibt der mediale Aufschrei? Es werden gezielt Zivilisten angegriffen und ein Bauunternehmen bietet strandhäuser im Gazastreifen an?!,1,1,0,0,1,0
deu_train_track_a_02428,Hier eskalieren gerade die Kryptogegner. 🙂🤷,0,0,0,0,0,0
deu_train_track_a_02429,Fast 30000 getöteten Zivilisten und ihr redet immer noch über paar Geisel. Deutsche Medien sind rassistisch und Faschistisch,1,1,0,0,1,0
deu_train_track_a_02430,Kann man irgendwo Therapeutin melden ? Das kann einen Menschen psychisch komplett zerstören. Aufarbeiten hilft vielleicht aber in dem Fall ?? Finde ich unmöglich von deiner Therapeutin.,1,1,0,0,0,0
deu_train_track_a_02431,"Einweg-E-Zigaretten. Absolute Umweltsünde (Plastik, Akkus, nicht recyclebar) und einzig und allein für Kinder gedacht. Jeder Erwachsene hat entweder eine ""richtige"" E-Shisha oder raucht Zigaretten. Früher oder später werden die auch einkassiert, aber die Einweg-E-Zigaretten zu verbieten wäre ein wichtiger Schritt.",1,1,0,0,0,0
deu_train_track_a_02432,"Bei mir hilft Joggen normalerweise ganz gut bei Grübelgedanken. Spazierengehen ist gut, wenn ich Zeit zum denken brauche und mies wenn ich mal nicht nachdenken will.   Vielleicht mal etwas ausprobieren, was Aufmerksamkeit erfordert, also irgendein Kurs oder Video, koordinativ forderndes Krafttraining, Tanz, Kampfsport oder Kampfkunst?",0,0,0,0,0,0
deu_train_track_a_02433,"Gerade habe ich eine neue Mitarbeiterin eingestellt.  Auf meine Frage, warum sie gerne bei mir arbeiten würde, hat sie gesagt, dass sie gehört hätte, dass ich während Corona keinerlei Impfdruck auf die Mitarbeiter ausgeübt hätte, deshalb wäre meine Firma für sie, als impfstofffreie Frau, die erste Wahl gewesen.   Win Win Situation. Sie passt perfekt ins Team. Willkommen Andrea.",0,0,0,1,0,0
deu_train_track_a_02434,Stoppt den Genozid in Gaza,1,0,0,0,1,0
deu_train_track_a_02435,Warum muss dieser Abfall immer wieder im Hauptprogramm übertragen werden? 🤢🤮,1,1,0,0,0,0
deu_train_track_a_02436,Lauterbach plant schon die nächste Impfkampagne 😏,0,1,0,0,0,0
deu_train_track_a_02437,"Es ist immer einfach zu kritisieren ohne Fakten. Bin sicher, im Hintergrund lief sehr vieles, von dem Sie (und wir alle) zu Recht keinen Schimmer haben. Würde mir deshalb niemals so ein Statement erlauben.",1,1,0,0,0,0
deu_train_track_a_02438,Du bist wahnsinnig süß  Liebe Grüße aus München Eco,0,0,0,1,0,0
deu_train_track_a_02439,Wie oft am Tag kommt jemand rein der eine Rolex haben will und keine bekommt?,0,0,0,0,0,0
deu_train_track_a_02440,"Nö. Wenn ich krank bin, bleib ich zuhaus. Bin doch nicht bescheuert.",0,0,0,0,0,0
deu_train_track_a_02441,Nur noch AFD. Es gab noch nie Vergewaltigungen an Deutsche Frauen und Kinder hier in Deutschland seid wir die Flüchtlinge ins Land aufgenommen haben. Unsere Kinder können alleine nicht mehr auf ihren Schulweg gehen ohne Vergewaltigt und brutal ermordet zu werden und das Tag für Tag. Das verschweigt unsere Regierung uns und jeden müssen Geschäfte schließen weil diese durch Diebstähle leer geplündert werden. Das gab es nie zuvor. Der Drogenhandel hat sprunghaft zugenommen. Wir hatten in Deutschland nie einen Drogenhandel und Diebstähle in Deutschland. Auch das verschweigt unsere Regierung. Jetzt muss die AFD an die Macht um wieder ein friedliches Vaterland zu schaffen,1,1,0,0,1,0
deu_train_track_a_02442,Eigentlich ein gutes Zeichen wenn so viele Trolle gegen Waffenlieferungen agieren. Das bedeutet Moskau ist in Angst und Panik.,0,0,0,1,0,0
deu_train_track_a_02443,Und Deutschland spricht Israel immer noch das Selbstverteidigungs Recht zu. Und somit beteiligt sich auch Deutschland an einem Völkermord an den Palästinensern. Netanjahu muss definitiv bestraft werden Von über 700 verletzten hatten 80 Prozent schusswunden laut Ärzten. Die Toten wurden alle hingerichtet und zusätzlich mit Panzern überfahren. Israel ist ein Barbarisches Land jetzt sieht es auch die ganze Welt,1,1,0,0,1,0
deu_train_track_a_02444,"Wenn heute Weltuntergang ist, müssen wir morgen alle nicht zur Arbeit! ❤️ Fav wenn du dafür bist! ♥️",0,0,0,1,0,0
deu_train_track_a_02445,Mit dir ist das Leben schön,0,0,0,1,0,0
deu_train_track_a_02446,"Vielleicht kann ich dir Hoffnung machen. Haben es über 1,5 Jahre versuchen. Dann 2 Zyklen unterstützt vom Frauenarzt mit Clomifen und Ultraschall, wann der Eisprung ist. Danach Termin bei der Kinderwunschklinik. Wieder Clomifen und dann Eisprung mit Spritze selbst ausgelöst und SCHWANGER.  Mittlerweile hab ich 2 Kinder. Bei Nummer 2 ging es überraschend zügig.  Also nur Mut und im Zweifelsfall frühzeitig mit den Frauenarzt oder Kinderwunschklinik reden.",0,0,0,1,0,0
deu_train_track_a_02447,"Für das Klima den ÖPNV lahmlegen, damit alle Auto fahren. Genau mein Humor. Aber vielleicht denke ich einfach nicht sozialistisch genug.",1,0,0,0,0,0
deu_train_track_a_02448,Danke fürs AmA. Zu welchem Volk gehörst du? Schiit oder Sunnit? Was könnte die afghanischen Stämme und Religionen vereinen und damit zukünftig Grundlage eines stabilen Staates werden?,0,0,0,0,0,0
deu_train_track_a_02449,#AmpelDesGrauens🤔  Einfach die #FDPschadetUnsAllen 👉#FDPrausausderRegierung   Und das Problem wäre gelöst.,1,1,0,0,0,0
deu_train_track_a_02450,"Sobald man Symptome hat ist das HCG normalerweise so hoch, dass man auch nen positiven Test bekommt. Meiner Meinung nach ist alles andere Einbildung. PMS kann sich halt auch sehr nach ersten Schwangerschaftssymptomen anfühlen. Immer wenn ich mir während des Zyklus sicher war, dass ich schwanger bin, war's rückblickend nur PMS und bei den positiven Tests die ich hatte, hatte ich vorher 0,0 Symptome. :)",0,0,0,0,0,0
deu_train_track_a_02451,Was ist eigentlich aus der Umgestaltung der Merit-Order geworden Herr Bundeskanzler?,1,0,0,0,0,0
deu_train_track_a_02452,Ihr einfach zuvorkommen und heute Abend den Antrag machen. Damit rechnet sie nicht. Mehr als nein sagen kann Sie nicht.,0,0,0,1,0,0
deu_train_track_a_02453,"Klingt so als würde deine innere Welt es einfach nicht mehr aushalten und dementsprechend wie ein volles Fass an einigen Ecken und Kanten auslaufen.  Nimm dir mal die Zeit und schau/höre auf dein Inneres.  Was sagt es dir? Welche Gedanken, Gefühle, Emotionen hast du? Was macht dir zurzeit Sorge, Stress, etc.?  Die meisten nehmen die mentale Welt auf die leichte Schulter, weil sie Angst haben Schwach zu wirken. Dabei ist die mentale Welt 1000 mal stärker als die pysische. Daher ist es sehr wichtig sich um sich selbst zu kümmern und genau darauf zu hören, was es will, statt davor weg zu rennen.",0,0,1,0,1,0
deu_train_track_a_02454,"Ihr Appell bringt leider nichts, zu viel Hirnlose hier.",1,0,0,0,0,0
deu_train_track_a_02455,"Es war ein König in Thule, Gar treu bis an das Grab, Dem sterbend seine Buhle Einen goldnen Becher gab.",0,0,0,0,0,0
deu_train_track_a_02456,Tikka masala wurde erst Ende des 20 Jhd. In England erfunden und ist kein traditionell indisches Gericht.,0,0,0,0,0,0
deu_train_track_a_02457,"Bumpel, du bist einfach die beste Karmahurensohn wo gibt. Du bist in meinem RES so grün es ist fast peinlich.",0,1,0,0,0,0
deu_train_track_a_02458,Direkt stummschaltenn solche hunde vielleicht sogar blockieren,1,1,0,0,0,0
deu_train_track_a_02459,"Ganz interessantes AMA, danke dafür.  Kannst du (gut) davon leben, oder hast du noch einen zweiten Beruf? Was hält dich davon ab, unter deinem eigenen Namen zu veröffentlichen? Hast du Literaturwissenschaften o.Ä. studiert?",0,0,0,0,0,0
deu_train_track_a_02460,"Ja, Dumme sind halt beratungsresistent!",1,0,0,0,0,0
deu_train_track_a_02461,"Hatte ich in der 1. Schwangerschaft auch, nach der Entbindung ging es recht zügig zurück und fängt jetzt erst in der 2. Schwangerschaft langsam wieder an. Hatte beim ersten Mal starke Angst, dass es auch nach der Entbindung bleibt. Wenn ich mich recht erinnere hieß es damals, dass man das wohl operieren könnte wenn das Problem langfristig besteht. Ansonsten Wechselbäder der Hände, eine Schiene und ich glaube gewisse Fingerübungen gibts auch - hat bei mir damals aber nur bedingt geholfen.  Hoffe dir kann geholfen werden, ich weiß wie belastend das sein kann.",0,0,0,0,0,0
deu_train_track_a_02462,"Häufiger. Hauptsächlich auf Uni Parties. Wurde häufig überraschend geküsst, begrapscht, irgendwelche Kommentare (war eher bei Events von so 40+) Frauen. Umfeld hats nicht gejuckt oder fand es witzig. Ich persönlich fand es bis auf einen Fall auch nicht schlimm. Im Fall den ich schlimm fand hab ich sie weggestoßen und gesagt das geht nicht fit. Dann wurde ich als Spaßverderber betitelt und so. Das war es aber.",0,1,0,0,0,0
deu_train_track_a_02463,Beides wild mega project und sowas aber dner war damals krank,0,0,0,1,0,0
deu_train_track_a_02464,">Tja, nun hat der Überraschungspost mich selbst überrascht. Hättet ihr damit gerechnet? :)  Du: Die Polizei wegen Lärmbelästigung anzurufen ist wie jemanden das Mordkommando in die Bude zu schicken (Überspitzt wiedergegeben)  Auch Du: Wieso nicht bei der Polizei arbeiten und von innen was verändern   Mit welcher Einstellung würdest du denn dann auf die Kollegen zugehen? Potenzieller Gewaltverbrecher in Uniform? Oder erst mal neutral? Wenn neutral wie ändert man plötzlich seine Vorurteile und Automatismen?",0,0,0,0,0,1
deu_train_track_a_02465,"Die UKR gehört ganz klar in die NATO & EU. Danke, dass Sie unermüdlich den politischen Druck auf Scholz aufrechterhalten mit dem Ziel #TaurusForUkraine #ArmUkraineToWin. RU muss in der UKR besiegt werden. Alles andere ist gefährliches Wunschdenken, denn #RussiaIsATerroristState.",1,1,1,1,0,0
deu_train_track_a_02466,"Boah der ist so schlecht, dass er schon wieder gut ist😂",0,0,0,1,0,0
deu_train_track_a_02467,"So, letztes Telefonat ging wohl auch wieder länger... Ab in den Feierabend! Uhr Tschüß!  #feierabend #reichtfürheute",0,0,0,1,0,0
deu_train_track_a_02468,Coole Idee!  - wie war die Stimmung?  - konnte man auch einfach ganz normal plaudern oder hatten die meisten Interaktionen einen sexuellen/erotischen Touch?  - Preise für Getränke angemessen?   - war die Party in einer größeren Stadt?  - was hat euch gut/ schlecht gefallen? Würdet ihr nochmal hin?  - wie seid ihr auf die Party aufmerksam geworden?,0,0,0,0,0,0
deu_train_track_a_02469,Sorry aber die Sonderbehandlung für die Ukrainer ist vorbei 😂😂😂,0,1,0,1,0,0
deu_train_track_a_02470,"Du weißt schon wie unmännlich du gerade klingst, oder? Was kommt als nächstes? Gefühle außer Wut zulassen?",0,1,0,0,0,0
deu_train_track_a_02471,Wie viel kostet ein Ticket fürs Narrenschiff? Vielleicht ein Hochwähli?,0,0,0,0,0,0
deu_train_track_a_02472,Ich hatte bei beiden meiner Kinder Blutungen in der frühen Schwangerschaft. Es kann total normal sein. Leider sieht man in diesem frühen Stadium noch nicht so super viel auf dem Ultraschall (keine Herztöne und auch manchmal kein Baby). Ich war in der 5 Woche wegen norovirus in der Notaufnahme und man konnte nur die verdickte Schleimhaut erkennen. Also falls du zum Arzt gehst sei darauf vorbereitet. Muss aber kein schlechtes Zeichen sein.,0,0,0,0,0,0
deu_train_track_a_02473,"Und oftmals werden sie sehr massiv und übergriffig. Manche können sich nicht gut dagegen wehren, mich macht so etwas wütend",1,0,0,0,0,0
deu_train_track_a_02474,"Lasst ihr euch bei eurer Essensauswahl von eurer Schwangerschaft einschränken? Ich frage, da ich dies ziemlich tue aus Angst vor Toxoplasmose, Listeriose und etc.  [View Poll](",0,0,1,0,0,0
deu_train_track_a_02475,Ich bin eine Frau und schaue auch Frauen an. Und Männer. Einfach so. Deine Freundin hat anscheinend große Probleme mit sich selber. Es scheint mir so als würde sie Ausschau danach halten wo du hinschaust. Klar solltest du keine Frauen anglotzen aber du sagst du tust es ja nicht. Vielleicht sollte sie sich fragen warum sie so eifersüchtig ist.,0,1,0,0,0,0
deu_train_track_a_02476,"Tut mir echt leid, dass du das durchmachen musst. Ich kann mir vorstellen, dass sich die Situation total surreal und nach einem Alptraum anfühlen muss. Irgendwann wird es wieder besser. Du schaffst das. Schritt für Schritt. Fühl dich gedrückt.",0,0,0,0,1,0
deu_train_track_a_02477,Russland ist NICHT unser Feind.,1,0,0,0,0,0
deu_train_track_a_02478,"Schöner Text. Ich war mal mit Freunden im Urlaub, als ich einen depressiven Schub bekam. Wie das so ist, hatte ich objektiv betrachtet jeden Grund, glücklich zu sein, fühlte mich aber trotzdem bloß furchtbar. Ich hab mich geschämt und hatte Angst, den anderen mit meiner Stimmung den Trip zu vermiesen.  Irgendwann bin ich kurz raus, um in Ruhe zu weinen (und das nicht auch noch jemandem zuzumuten), da kam eine Freundin zu mir, nahm mich vorsichtig in den Arm und sagte bloß ""Alles, was du grad fühlst, darfst du auch fühlen.""  Der Satz begleitet mich seitdem und der Text hat mich irgendwie daran erinnert.",0,0,0,1,1,0
deu_train_track_a_02479,Zu warmer Winter: Betreiber des größten Thüringer Skigebietes meldet Insolvenz an.  Kleiner Hinweis: Man nennt es auch #Klimawandel.,1,1,0,0,1,0
deu_train_track_a_02480,"Diesen Satz höre ich von vielen in Bezug auf Typen die bestimmte Sachen nicht machen wie z.B sich mühe geben, melden, etc. (also eher in der Kennenlernphase).  Ich frage mich nur immer ob man das so pauschalisieren kann, weil ich (als Frau) ja auch z.B Unsicherheiten habe die mich in bestimmten Situationen bremsen, obwohl ich vielleicht wollen würde.   Klar ist das jetzt super allgemein, aber mich würde aus männlicher Perspektive eure Meinung/Erfahrung dazu interessieren, inwiefern diese Aussage auf das Handeln von Männern zutrifft. Oder ob das bs ist und nicht vom Geschlecht abhängt.",0,0,0,0,0,0
deu_train_track_a_02481,"Wer immer noch nicht versteht, dass #Russland den Krieg gegen uns längst begonnen hat. Der ist entweder sehr einfältig oder nicht die hellste Kerze auf der Torte.",1,1,0,0,0,0
deu_train_track_a_02482,"Hi. Ich hab oben aus einer Antwort entnommen das du als Bfd auf der Station gearbeitet hast. Hab vollsten Respekt vor dir, der sich allerdings mit bisschen Wut auf unser Gesundheitswesen mischt, dass Freiwillige so eingesetzt werden.  Habe selber letztes Jahr vor meiner Ausbildung ein Bfd in der Pflege in der Psychiatrie gemacht.  Meine Frage nun: Hattest du vorher irgendwie was mit Medizin oder Pflege schon gemacht? Und wie sah dein Aufgabengebiet aus, weil als Bfd kannst du ja schlecht ohne abgeschlossen Berufsausbildung oder Studium am Klienten arbeiten.   Lg und vielen vielen Dank",1,0,0,1,0,0
deu_train_track_a_02483,"Ich habe Angst, dass ich im Alter einsam und verlassen sein werde.",0,0,1,0,0,0
deu_train_track_a_02484,"Dann hat die Hamas jetzt ja wieder genügend Nahrungsmittel, denn deren Kämpfer requirieren ja im Normalfall die Hilfslieferungen. Gut das Israel bisher nicht nachlässt in seinem Kampf gegen den islamischen Terrorismus 🇮🇱💪",1,1,0,1,0,0
deu_train_track_a_02485,will ich wirklich heiraten oder will ich nur sehr weit von akrabas wohnen????,0,0,1,0,0,0
deu_train_track_a_02486,"die Frage, ob man Liebe und Sex trennen kann, sollte man nicht mit ner Frage nach offener Beziehung zusammenwerfen.  selbst wenn du ohne Liebe eine Person außerhalb deiner Beziehung beglückst, gibt es ja immer noch die Liebe zu deiner eigenen Partnerin und die kann die ganze Situation ruinieren (und andersrum).  Eifersucht funktioniert ja auch ohne Liebe. es gibt gute Gründe eifersüchtig zu sein, wenn der Partner sich mit wem anders vergnügt ohne dass da auch nur ein Funken Liebe dabei ist (genau wie man eifersüchtig sein kann, wenn ein Partner sich in wen anders verliebt, aber sexuell gar nichts anfängt)",0,0,0,0,0,0
deu_train_track_a_02487,"Da ich schon unter dem letzten Post dutzende AfDler mit der Aussage nerven konnte, hier noch einmal: Die, die zur Zeit demonstrieren, die Leute, die sich gegen Rechtsextremismus stellen, sind die wahren Patrioten. Die Demokratie verteidigen zu wollen - das ist für mich Heimatliebe. Und das ist mehr Heimatliebe, als es rechtsextreme Umsturzfantasien je sein werden!",1,1,0,1,0,0
deu_train_track_a_02488,"Da hast du, denke ich, alles richtig gemacht. Ich bin stolz auf dich :)",0,0,0,1,0,0
deu_train_track_a_02489,"Im 5. Jahr der Pandemie sprach mich gestern ein Bekannter an.  ,,Du kennst dich doch mit #Postcovid aus. Wo bekommt man Hilfe? Ich habe seit 8 Wochen unerträgliche Gelenkschmerzen, Schwäche und bin ständig krank. ""  Musste ihm sagen, dass es keine Hilfe gibt.  @<username>",0,0,0,0,1,0
deu_train_track_a_02490,mache gerade bayern unsicher,0,0,0,1,0,0
deu_train_track_a_02491,"Ich hätte dich ja vielleicht getötet gehabt, wenn du in meiner Nähe gewesen wärest, aber so habe ich nur mit dem Gedanken gespielt, ob ich es tun würde, wenn es nicht zu viel Aufwand wäre, also wirst du nicht von mir getötet.",1,1,0,0,0,0
deu_train_track_a_02492,"Mich persönlich würde die Tatsache stören, dass sie versucht hatte die Chats vor dir zu verheimlichen.   Du bist nämlich jetzt in einer Abwärtsspirale von Missvertrauen, Stalking und Eifersucht. Selbst in objektiv harmlosen Situationen wirst du ""Zeichen"" sehen, die auf untreue deiner Frau hindeuten könnten.  Aaaaber, dadurch dass ihr demnächst die Paartherapie macht, ist das vielleicht kein Heilmittel, aber auf jeden Fall ein Schritt in die richtige Richtung",0,1,0,0,0,0
deu_train_track_a_02493,Du bist krank !!!!!!!!,0,1,0,0,0,0
deu_train_track_a_02494,Unrecht getan von vorne bis hinten gegen Ogeday Girisken.,0,0,0,0,0,0
deu_train_track_a_02495,"Unbedingt Anzeige erstatten.  Und wenn es am Ende nur für die Statistik ist, weil der Täter nicht gefunden wird, bei solchen Hass-Aktionen bloß nicht ignorieren.",0,1,0,0,0,0
deu_train_track_a_02496,"eit wann sehen Terroristen aus wie Kinder und Babys? Wer hat die Hamaz gegründet? Warum stellen sich viele Israelis gegen diesen Mann? Deutsche Medien berichten so einseitig. Es ist eine Schande, was da passiert!",1,1,0,0,1,0
deu_train_track_a_02497,"Kleine Nachhilfe: Ein paar hunderttausend Grüne sind nicht die Mehrheit in einem Land mit über 80 Millionen Einwohner. Wir sprechen uns nochmal, wenn ihr Grünen bei der Europawahl eine Klatsche bekommen habt und hinter der AfD steht...",1,1,0,0,0,0
deu_train_track_a_02498,Sie hungern :(,0,0,0,0,1,0
deu_train_track_a_02499,"Mad TV ( ), wenn das mehr gespielt hätten, gäbe es heute sicher auch deutlich besseres Fernsehprogramm.",0,0,0,0,1,0
deu_train_track_a_02500,"Jeden Tag denkt man, der ""#Journalismus"" ist an seinem absoluten Tiefpunkt angekommen, aber es geht tiefer. Wie zu besten #Corona Zeiten stehen die Systemschreiberlinge ""gegen rechts"" stramm parat. Bei solch ekelhafter Propaganda soll man nicht das Kotzen kriegen ..",1,1,0,0,0,0
deu_train_track_a_02501,"Ich wusste sofort, dass du die gleiche Frau bist, die schon nach den übergriffig Freunden ihres Mannes gefragt hatte. Du bist in einer sehr, sehr toxischen Beziehung und das gesamte Umfeld schaut weg bzw. unterstützt das Verhalten deines Mannes. Ich kenne dich nicht, aber mache mir langsam wirklich Sorgen um dich. Man rät niemandem auf der Basis von zwei Redditposts zu einer Trennung, aber bitte überdenke alle deine Möglichkeiten. Auf der Basis der zwei Posts sieht es so aus, als würde dein Mann dich schamlos ausnutzen und hintergehen und du verdienst so viel mehr als das!",0,1,1,0,1,0
deu_train_track_a_02502,Dieser Heuchler widert mich mit seiner Doppelmoral einfach an!,1,1,0,0,0,0
deu_train_track_a_02503,"Akupunturen und K-Tape koennen vielleicht helfen (meine Hebamme in die 1. Schwangerschaft haben beiden anbieten, ich muss selber zahlen, aber es war relativ guenstig). Einen Kirschkernkissen war mir hilfreich, und auf ein Gymnastikball zum sitzen (statt ein Stuhl).",0,0,0,0,0,0
deu_train_track_a_02504,"Hab damals in der 8. Klasse ein Praktikum im Altersheim gemacht. Am ersten Tag bin ich mit der Betreuerin durch die Station gegangen zum einarbeiten. Wir sind in ein Zimmer rein und ein älter Herr sagte plump ""ach hast du da wieder ein frisches Fötzchen mitgebracht"" ich hab mich in mein Leben noch nie so unwohl gefühlt. Meine Betreuerin ist dann kurz zum rauchen rausgegangen und ich sollte das essen anreichen ich war mir den netten Herren alleine im Zimmer. Hab das der Stationsleitung erzählt und die meinten ich sollte mich nicht so anstellen, der gewisse Herr ist deren bester Kunde. Ein zweiten Praktikums Tag gab es nicht.",1,1,0,0,1,0
deu_train_track_a_02505,"Die Palestinenser leiden, weil sie einen Krieg begonnen haben und die Bereitschaft fehlt, die Geiseln frei zu lassen, die täglichen Raketenabschüsse auf Israel zu beenden. Sie leiden unter der Hamas, die sie als Kanonenfutter missbraucht.......",1,1,0,0,1,0
deu_train_track_a_02506,Da hab ich so so so schlimm geweint 😫,0,0,0,0,1,0
deu_train_track_a_02507,"Vielleicht hört es dann auch jetzt auf, deren Militär als super vertrauenswürdige Quelle zu nutzen lmao",1,0,0,0,0,0
deu_train_track_a_02508,"Ich bin nicht direkt betroffen, aber in der Mami-Gruppe für August 2022 Babys (also alle bald 1,5 Jahre alt) sind viele andere. Letztens war das da tatsächlich Thema und da war es recht einstimmig, dass die Symptome besser geworden sind. Ein paar die Metformin genommen haben, konnten es absetzen und haben trotzdem regelmäßige Zyklen. Eine ist auch wieder schwanger geworden, dieses Mal ohne KiWu Behandlung.",0,0,0,0,0,0
deu_train_track_a_02509,"Free the Hostages! Ohne Geiseln, keinen Krieg! Keiner außerhalb Israel, spricht über die Taten der Hamas, oder erwähnt die Geiseln, die noch bis heute, 150 Tage, in Geiselnahme sind! 🇮🇱🇮🇱🇮🇱",1,1,0,0,1,0
deu_train_track_a_02510,"Ich konnte den Film noch nicht sehen - hab ich aber noch vor -, aber mich interessiert, was für euch der Unterschied war zwischen der Produktion von einer TV-Serie und einem Kinofilm? Hattet ihr einfach mehr Budget, habt ihr versucht ""filmischer"" zu erzählen, habt ihr am Humor etwas verändert, damit es vielleicht im Kino besser funktioniert?   Und dann noch als großer Pastewka-Fan, wo du (und Chris Geletneky) ja auch beteiligt warst: Ich fand es gut, die Serie irgendwann zu beenden, bevor es sich totläuft, aber gibt es irgendwelche Pläne für ein neues (Ersatz-)Projekt (am besten auch wieder mit Bastian)?",0,0,0,0,0,0
deu_train_track_a_02511,"manchmal ist das leider so, es gibt ja leider auch Menschen, die sich trotz Ehe und Kindern selber umbringen.  Das mit dem Liebe nicht verdienen etc kann ich auch nachempfinden aber es ist natürlich mega kacke auch für dich, weil du es ja anders siehst. Aber wenn er sich da so festgebockt hat ist es wahrscheinlich tatsächlich besser, ihn die nächsten Tage oder Wochen in Ruhe zu lassen und sich dann nochmal zu melden. Oder lagen suizid- oder andere Selbstverletzungsgedanken bei ihm vor? Dann vielleicht eher nicht in Ruhe lassen",0,0,1,0,1,0
deu_train_track_a_02512,"Wenn ich mich recht erinnere stand in der Bibel, dass die Christen ebenfalls aus dem nahen Osten kamen. Ich glaube Palestina. Können die sich dann bitte auch alle verpissen, ich möchte zurück zu Donnergöttern",1,1,0,0,0,0
deu_train_track_a_02513,"Ihr habt doch auch eure(n) Partner(in) nachts aufgeweckt um zu vögeln oder 🤔 jetzt tut nicht so, seid ehrlich 😁 #ntl #midnightsex 👌🏻",0,0,0,1,0,0
deu_train_track_a_02514,"> In ihrem Umfeld stört sich daran niemand und ich überlege, ob ich vielleicht durch Gesprächsthemen zu sozialer Gerechtigkeit ihren Horizont beiläufig erweitern kann  Wird nichts bringen, wenn die so tief drinnen sind, als dass sie dich dann als jemanden wahrnehmen der/die ihnen mit ""Sozialer Gerechtigkeit"" kommt - das klingt allgemein nach den Leuten, die bei jeder Diskussion über soziale Themen letztlich die Diskussion abbrechen mit ""Wir wollen hier keine ***Neid***debatte"" und tatsächlich *glauben,* etwas Sinnvolles damit beigetragen zu haben.",0,1,0,0,1,0
deu_train_track_a_02515,"Schön, wie viele Menschen auf die Straße gehen 🙌 kein Platz für Hass und Diskriminierung.",0,0,0,1,0,0
deu_train_track_a_02516,Immer ein Pissoir frei lassen im Männerklo,0,0,0,0,0,0
deu_train_track_a_02517,Ich scheiß mittlerweile auf die Ukraine! Ihr wollt Krieg? Dann verpisst Euch an die Front und seht zu.   Meine Kinder bekommt Ihr nicht!   #Macron kann gerne selber kämpfen!,1,1,0,0,0,0
deu_train_track_a_02518,Ukraine-Update: Die Ukraine hat sich vollständig aus Awdijiwka (früher 32.000 Einwohner) zurückgezogen. Russland hat 82 qkm ukrainisches Territorium zusätzlich besetzt. Die russischen Verluste bei Awdijiwka betragen etwa 1100 Fahrzeuge und mehr als 20.000 Soldaten.,0,0,0,0,0,0
deu_train_track_a_02519,Guten Morgen Bee 🤗 Sonne ist angekommen😘,0,0,0,1,0,0
deu_train_track_a_02520,"Spätestens seit Covid ist jedem klar, dass Kreuzfahrtschiffe schwimmende Durchlauferhitzer für alle möglichen Infektionskrankheiten sind. Gibt es da keine Hygienevorschriften?",0,1,0,0,0,0
deu_train_track_a_02521,Die Kinder in Gaza sind absolut ausgehungert und die meisten von ihnen werden es nicht zu den wenigen Krankenhäusern schaffen.   Schande über euch! 🇩🇪🇺🇸🇬🇧🇫🇷🇪🇺  #GazaGenozid #Gaza,1,1,0,0,1,0
deu_train_track_a_02522,"ich frage aus Unwissenheit: wie kommt die Hamas an diese Waffen, Bomben whatever, wenn die Bevölkerung nicht mal an Strom und Wasser kommen kann? kranke Welt!!!!",1,1,0,0,0,0
deu_train_track_a_02523,"Daniel:7:26 - Und eine Prüfung wird beginnen, damit seine Macht weggenommen und zermalmt und bis zum Ende zunichte gemacht wird.",1,0,0,0,0,0
deu_train_track_a_02524,"Das war und ist auch ein großes Problem der Italiener. Und wie sie sich gestern entschieden haben, ist bekannt.",0,0,0,0,0,0
deu_train_track_a_02525,"Guten Morgen, liebe Annett 🌅☕komm gut in die neue Woche😘😊",0,0,0,1,0,0
deu_train_track_a_02526,"Keine direkte Frage aber trotzdem gut:  Ich war Kellner und habe im Hotel das Buffet zum Abendessen überwachen müssen.  Da fragt eine Frau mich: ""Entschuldigen Sie bitte, wussten Sie, dass das Dressing in keinster Weise zum Thunfischsalat passt?"" Ich war übel verwirrt, da wir kein Dressing auf dem Buffet hatten. Bis es mir auffiel, neben dem Dessert (Apfelstrudel) stand ein großer Krug Vanillesauce.   Tja Long Story Short: Thunfischsalat und Vanillesauce passen nicht zusammen -.-",0,0,0,1,0,1
deu_train_track_a_02527,"Es reicht so langsam mit der Unterstützung für die Ukraine ! Keine Waffen, kein Geld mehr. Es ist ohnehin gesetzlich verboten andere Länder finanziell zu unterstützen. Die Ukraine soll auch kein Mitglied der NATO werden!",1,1,0,0,0,0
deu_train_track_a_02528,"Die Leute im Mittelalter waren nicht dümmer als wir, nur weniger technisch fortgeschritten.",0,0,0,0,0,0
deu_train_track_a_02529,Kein Wunder warum du stück Dreck gehatet wirst,1,1,0,0,0,0
deu_train_track_a_02530,"Dass die Bauchmuskeln in der Schwangerschaft auseinander gehen ist normal und nötig, um dem wachsenden Baby Platz zu machen. Dagegen kann und muss man nichts machen. Während der Schwangerschaft solltest du Bewegungen vermeiden, die die geraden Bauchmuskeln stark belasten (zB über die Seite aufsetzen anstatt dem klassischen Situp), und Übungen, die die Muskeln gegeneinander stark dehnen also Drehungen. Die ersten Wochen nach der Geburt auch noch vorsichtig sein. Übungen, die die queren Bauchmuskeln (transversus abdominis) aktivieren können dann das ""Zusammenkommen"" unterstützen, aber in den allermeisten Fällen heilt das Gewebe von selbst wieder zusammen. Ob alles heilt, wie es soll, und was man unterstützend tun kann ist alles Teil eines guten Rückbildungskurses.",0,0,0,0,0,0
deu_train_track_a_02531,"Das, was der Bot sagt. Wenn du Zuspruch brauchst, findest du ihn hier wahrscheinlich - eine echte Beratung (und vielleicht sogar ein therapeutisches Gespräch) ersetzt das nicht.  Ich wünsche dir viel Kraft und schau, dass du den Kopf über Wasser hälst.",0,0,0,0,1,0
deu_train_track_a_02532,"Danke für dein AmA.  Meine Frage: Gab es Polizisten, die ihr über längere Zeit bestochen habt, also die in eure Operationen eingeweiht waren? Hattet ihr Verbindungen zur Polizei, die euch zb tipps oder infos gegeben haben?",0,0,0,0,0,0
deu_train_track_a_02533,Habe das dumme Gefühl da fehlen noch einige Regierungsvertreter.🤔,0,0,0,0,0,0
deu_train_track_a_02534,Der Teufel scheißt immer auf den Größten Haufen?,0,0,0,0,0,0
deu_train_track_a_02535,Ne ich spiele kein valo sondern nur Fortnite. Lasse mich von 8 jährigen als Hurensohn beleidigen und bin glücklich,0,0,0,1,0,0
deu_train_track_a_02536,Dafür muss der deutsche Steuerzahler blechen.,1,0,0,0,0,0
deu_train_track_a_02537,Das Gleiche wie in Bachmut. Aber auf dem Weg dahin sind wenigstens zehntausende Russen gefallen die anderswo keinen Schaden mehr anrichten können 👌🏻,0,1,0,1,0,0
deu_train_track_a_02538,"Einfach offen und ehrlich sein und nicht erwarten, dass der Doc dich erleuchtet uns alles sofort gut ist. Ansonsten brauch man die Fähigkeit sich selbst gegenüber ehrlich zu sein und zur Selbstreflexion, auch unabhängig von fachärztlicher Behandlung.",0,0,0,0,0,0
deu_train_track_a_02539,Wenn man die AfD endlich verbieten würde wäre das kein Thema mehr!,1,0,0,0,0,0
deu_train_track_a_02540,"Lies bitte mal Lundy Bancroft ""Why does he do that"".  Dann weißt du, warum er sich so verhält.",0,0,0,0,0,0
deu_train_track_a_02541,"Ich konnte keinen Wahrnehmen, war jedoch für wenige Minuten bei einem dabei.  Habe mir die Übungen (die es zu Genüge im Internet zu finden gibt) angeschaut und die, die man gut in einen stressigen Alltag integrieren kann angewendet. Nur 3 Monate nach der Entbindung von einem schweren Baby, war ich bei der Gyn und sie meinte, dass mein Beckenboden total gut trainiert ist davon.  Ich denke, dass ein Rückbildungskurs großartig ist zum connecten mit anderen Müttern und das habe ich gemerkt ist wirklich sehr wichtig zu tun :)",0,0,0,1,0,0
deu_train_track_a_02542,"Toll! So eine Demonstration für den regierenden Parteienblock von Grün bis CDU-links, macht warme Gefühle. Wie damals in der guten DDR. Schön auch, dass es gegen Ausgrenzung geht. Wichtig, dass man eine Brandmauer gegen Rechts zieht, also in Ostdeutschland ca. 40% der Bevölkerung und die ordentlich ausgrenzt. So geht Demokratie!",1,1,0,0,0,0
deu_train_track_a_02543,"Ja wie der Titel vermuten lässt lebe ich seit dem 1. Mai auf der Straße, was das leben von mir, meiner Familie und meiner Beziehung stark eingeschränkt. Freue mich eure Fragen zu beantworten! Um die Standard-Frage ""Warum?"" im voraus zu beantworten, ganz kurz hier ohne Details: (nach denen könnt ihr ja fragen :p) Habe 8 Jahre in einem heim gewohnt und nach einigen beruflichen Problemen und 2 monaten Arbeitslosigkeit wurde ich rausgeworfen. Ich möchte erwähnen das ich NICHT faul rumsitze und nichtstue!!!!! Ich packe Menschen nicht die sofort denken ich würde nur faulenzen und mir geld in den arsch geschoben bekommen. Ich kümmere mich fast jeden tag darum meine Situation zu verbessern!!!!",1,0,0,0,1,0
deu_train_track_a_02544,ja definitiv. beides. wenns düster ist bin ich düster. wenns schön ich bin ich mir noch mehr bewusst dass ich allein drinn sitze wie in nem gefängniss. und _alle_ anderen sind draussen am sozialisieren.,0,0,0,0,1,0
deu_train_track_a_02545,ohne als weltfremder Gschaftler   Was heißt dieses Wort und wie spricht man das aus?,0,0,0,0,0,0
deu_train_track_a_02546,"Gerade ist in Großbritannien eine Meldung im Umlauf, dass die #Klimakrise jährlich 10.000+ Tote (insb. ältere Menschen) fordere und riesige Schäden (Überflutungen, Dürren, #Ernteausfälle dadurch, mehr #Gesundheitskosten, usw.) verursacht. Meine Meinung: Klimaschutz und Klimaanpassung könnte sich rechnen. Die #Ökonomie versäumt aber die wirklichen Kosten (also 1. negativ: externe Effekte von fossilen und 2. positiv: neue Arbeitsplätze, dezentrale neue Stukturen, weniger anfällige Infrastuktur, usw.) nachvollziehbar zu berechnen.",0,1,0,0,0,0
deu_train_track_a_02547,"Merkwürdig, dass die Leute, die immer ""wir sind das Volk"" brüllen, so eine Demo in der Größenordnung niemals hinkriegen. Sind die vielleicht doch nicht ""das Volk""?",0,1,0,0,0,0
deu_train_track_a_02548,"Es gehört zur Ideologie die Wahrheit stets zu verdrehen,und zur Genetik der Grünen sich als Opfer darzustellen..",1,1,0,0,0,0
deu_train_track_a_02549,"Was für eine Doppelmoral. Ein Flugzeug wirft amerikanische Hilfslieferungen ab, daß nächste amerikanische Bomben.",1,1,0,0,0,0
deu_train_track_a_02550,"Eine ""Atomsau"" jagt die nächste. Putins willfährige Accounts geben gerade auf dieser Plattform alles. Die Russen scheinen echt Angst vor einer Taurus-Lieferung zu haben. Was sollte man deshalb tun? #FreeTheTaurus 🇺🇦✌️",1,0,0,0,0,0
deu_train_track_a_02551,Alle beruflichen Künstler die ich kenne hassen den bis aufs Blut aber ok,0,1,0,0,0,0
deu_train_track_a_02552,Dann ist ja gut 😀,0,0,0,1,0,0
deu_train_track_a_02553,"Da sich jeder freiwillig für eine Bratwurst impfen liess, dürfen solche Impfschäden auch nicht von der Kasse bezahlt werden!",1,1,0,0,0,0
deu_train_track_a_02554,"Die Geschichte finde ich super. Sie ist teilweise lustig und enthält eine gute Message. Ich würde den Schluss nochmal überarbeiten, vielleicht hast du noch eine bessere Idee, wie das Gespräch verlaufen könnte, ohne dass der Typ ganz so armselig rüberkommt. Es ist auf jeden Fall ausbaufähig und könnte eine mehrseitige Kurzgeschichte ergeben.  Note: 2 Minus. Punkteabzug gab es u.a. weil du das Wort Lagerfeuer nicht eingebaut hast.",0,0,0,1,0,0
deu_train_track_a_02555,"Würde es nicht überall so hart kommentiert, wäre mir wahrscheinlich gar nicht aufgefallen, dass hier irgendwas anders ist.",0,0,0,0,0,0
deu_train_track_a_02556,"In welchem Jahr? Gab's schon Handies? Wie lang warst du da im Endeffekt? Wurdest du von der Polizei eingesammelt und hinterher gefahren? Wann haben die überhaupt gemerkt, dass du fehlst? Waren deine Eltern erfreut? Warst du erfreut? War irgendjemand erfreut?",0,0,0,0,0,0
deu_train_track_a_02557,hot girl summer aber mit jammern bis endlich wieder herbst ist,0,0,0,0,1,0
deu_train_track_a_02558,"Ja. Ich ""presse"" auch mit dem Finger der Länge nach Reste raus. Kein Witz.",0,0,0,0,0,0
deu_train_track_a_02559,NIEMAND will von diesem Kriegsverbrecher Gas haben . Wirklich niemand. Außer ihr kleinen Russentrolle. Ihr geht der großen Mehrheit aber einfach komplett am Arsch vorbei,1,1,0,0,0,0
deu_train_track_a_02560,Gefällt dir deine neue Augenfarbe? Ich würde es cool finden ;),0,0,0,1,0,0
deu_train_track_a_02561,Der Oberarzt hat angeblich ne Medizinstudentin gebumst. Er war an die 60 und verheiratet mit einer Hausärztin und das Mädel war anfang 20. Stellte sich heraus es ist wahr und der Oberarzt hat seine Ehe verloren und hat gekündigt.,0,1,0,0,0,0
deu_train_track_a_02562,"E-book Reader..fand die Vorstellung echt schlimm, kein richtiges Buch mehr in der Hand zu haben... bis ich einen geschenkt bekam. Ist schon praktisch das kleine Ding :D",0,0,0,1,0,0
deu_train_track_a_02563,Meinte übrigens hauptsächlich falsch angewandte bzw. falsch abgelesene Selbsttests.,0,0,0,0,0,0
deu_train_track_a_02564,Gegen mein Schatz ist es echt schwer zu gewinnen! Laura macht alle platt😘👩🏼💐🤩,0,0,0,1,0,0
deu_train_track_a_02565,"Hallo Leute,  mir ist's peinlich und schwer so direkt zu sagen, jedoch brauche Ich Hilfe. Ich suche z.Z. einen Therapeuten im Kreise Aachen welcher gesetzliche Krankenkassen akzeptiert. Kennt ihr vielleicht einen mit einer offenen Warteliste? Jeder scheint geschlossen zu sein. Ich werde natürlich auch weiterhin selber suchen anrufen.  Auch fürs lesen vielen Dank, und habt nen schönen Tag",0,0,1,0,1,0
deu_train_track_a_02566,"Irgendwas ist immer. Das Bild von der Gesellschaft ist immer etwas idealisiert. Wenn eine Stadt zb. 50K Einwohner hat, gibt es locker 10% die mit Silvester komplett nichts anfangen können. Dann kann man nicht schlafen und fährt zur Tanke oder so. Oder Familie/Freund X ruft oder braucht was. Arbeit ist immer ein Faktor. Leute brechen auf, kommen zu spät. Wollen Bus, Bahn, Flugzeug erreichen. Einfach alles kann es sein.",0,0,0,0,0,0
deu_train_track_a_02567,bei mir schrillen alle locken :/,0,0,0,0,1,0
deu_train_track_a_02568,"Okay, hier ist die Sache: Wenn dein Freund hinter deinem Rücken schlecht über dich redet und das auch noch leugnet, dann haben wir ein echtes Problem. In einer Beziehung geht's um Respekt und Vertrauen, und das scheint hier zu fehlen. Du hast schon den ersten richtigen Schritt gemacht, indem du ihm gesagt hast, dass du Zeit brauchst. Jetzt musst du ernsthaft überlegen, ob du mit jemandem zusammen sein willst, der dich nicht unterstützt und vor anderen runtermacht. Echte Liebe baut einen auf, macht einen nicht klein. Überlege dir gut, ob das wirklich die Art von Beziehung ist, die du führen möchtest.",1,0,0,0,1,0
deu_train_track_a_02569,3 Jahre und viele unnötige Impftote und Impfschäden zu spät! #SchwereSchuld #ploetzlichundunerwartet,1,0,0,0,1,0
deu_train_track_a_02570,Gibts ehrlich noch Leute die davon getriggert sind wenn Leute Nike Schuhe mit Adidas Socken anziehen und allgemein die beiden Kombiniert.💀💀💀,0,1,0,0,0,1
deu_train_track_a_02571,"hat mich sehr berührt, freut mich sehr zu lesen, fast zu schön um wahr zu sein",0,0,0,1,0,0
deu_train_track_a_02572,Gates  Schwab  Und ihre 6er Gruppe werden dafür zur Hölle fahren..  [Rev19:20]   #SagsNur   ;-),1,1,0,0,0,0
deu_train_track_a_02573,Recht haben sie. Und sie treffen bei vielen den wunden Punkt. Sonst würden sich die Leute nicht so aufregen.,1,0,0,0,0,0
deu_train_track_a_02574,"ich verstehe gar nichts mehr.... Politik ist echt nichts für mich, aber wie kann das sein? Sind die echt alle so komplett korrupt?",1,0,0,0,1,1
deu_train_track_a_02575,"Wie schafft es die Sekte, die Mitglieder so stark zu indoktrinieren?  Mein damaliger bester Freund bzw. dessen Familie war Mitglied. Er hatte gerade eine Lehre als Sattler begonnen und ich bekam an einem Abend einen Anruf. Er wolle sich verabschieden, weil er jetzt mit seinem Vater nach Dänemark in ein Sektenzentrum zieht. Von jetzt auch gleich.  Ich dachte es war ein Scherz. Das ist mittlerweile... 22 Jahre her... Ich habe nie wieder was von ihm gehört. Ich hoffe es geht ihm gut.",0,0,1,0,1,0
deu_train_track_a_02576,Nein. Gewonnen haben Opfer von sexueller und häuslicher Gewalt. Egal ob Mann oder Frau,0,0,0,1,1,0
deu_train_track_a_02577,"Um die 20. Woche rum, ganz genau weiß ich es leider nicht mehr. Aber ab dem Moment war kaum mehr ein Tag an dem ich ihn nicht gespürt hab :) irgendwann kamen dann auch noch Beulen in der Bauchdecke dazu, wo wahlweise der Po oder die Füße durchgedrückt wurden x)   Ich hab ihn sehr deutlich gespürt, teilweise blieb mir auch bei festen Tritten Richtung Brustkorb die Luft weg. Nachts konnte es auch manchmal unangenehm werden, gerade wenn man schlafen will und die Blase als Trampolin genutzt wird.   Ich denke allzu lange wirst du nicht mehr warten müssen <3",0,0,0,1,0,0
deu_train_track_a_02578,"Ich habe gelesen, daß das NIPT ab Juli 2022 Kassenleistung sein wird. Weiß einer was drüber? Wäre das für alle oder nur ältere Mütter?   Danke für Ihre Hilfe!",0,0,0,0,0,0
deu_train_track_a_02579,"Ich kann mich in deinem Text an ein paar Stellen wiederfinden. Motiviert mich auf jeden Fall, danke dafür! :)",0,0,0,1,0,0
deu_train_track_a_02580,"Aber nur, wenn man das nicht handeln dürfte.",0,0,0,0,0,0
deu_train_track_a_02581,"Man kann nur hoffen, das die jüngste, relativ scharfe Resolution von den USA angenommen wird und die israelische Regierung endlich zur Besinnung kommt",0,0,1,0,0,0
deu_train_track_a_02582,"Wie kann Frau jemanden wie dich finden? Mal angenommen jemand hätte Interesse an genau dieser Form der Interaktion, wo sollte diese Person auf die Suche gehen?",0,0,0,0,0,0
deu_train_track_a_02583,Was machte Selenskyj denn mit all den Milliarden Dollars und Euros die bisher in die Ukraine flossen..... unsere Demokratie verteidigen ...?,1,0,0,0,0,0
deu_train_track_a_02584,"Also vor Corona bin ich immer mitm bus heim gefahren, da waren diese temparaturen ganz nett, da saß ich auch 45 minuten im bus und musste draußen dannach und auch vor der fahrt min 20 min bei teils -10° warten was zwar eigentlich auch ganz schön ist.",0,0,0,1,0,0
deu_train_track_a_02585,"Nach der Fehlgeburt (missed abortion in der 9. SSW) im 2. Zyklus wieder auf natürlichem Wege schwanger geworden mit 2 Eizellen, wovon eine grad neben mir friedlich schnarcht.  Hatte auch gelesen, dass eine erneute SSW innerhalb der ersten 6 Zyklen eine hohe Wahrscheinlichkeit hat, gut auszugehen (entgegen der WHO-Empfehlung, dass man mehr als 6 Monate warten soll). War bei mir nur blöd, dass durch die Ausschabung und den relativ kurzen Abstand eine placenta accreta entstand, wodurch ich sehr viel Blut verloren hatte.",0,0,0,1,1,0
deu_train_track_a_02586,😂😂😂😂😂😂😂😂wir haben genug Schrott aufgenommen.nimm du doch welche auf!Baue ein Dorf für sie.zahl es von deinem eigenen Geld!,1,1,0,0,0,0
deu_train_track_a_02587,"Kapitalisten sind reiner Dreck. Immer dasselbe, zu wenige Leute einstellen um noch einen Mindestlohn zu sparen, der existentielle Druck ist eh groß genug das es immer irgendwer machen muss. Es ist wichtig zurückhaltend und verantwortungsvoll einzukaufen, gerade jetzt, aber der wirkliche Grund warum der arme Mensch sich kaputtarbeiten muss ist der Arbeitgeber der den Gewinn maximieren möchte und ein System das ihn dabei unterstützt und das normalisiert.",1,1,0,0,0,0
deu_train_track_a_02588,"Hallo liebe AmA-Gemeinde,  ich war fünf Jahre als ehrenamtlicher Telefonseelsorger für das diakonische Werk tätig und gehörte zu denen, die unter der Rufnummer 0800 / 111 0 111 abgenommen haben.  Da die Familienplanung anzog musste ich Ende letzten Jahres aus dem Dienst ausscheiden. Aber nun bin ich hier und vielleicht gibt es ja ein paar Fragen. Also schießt los!",0,0,0,0,0,0
deu_train_track_a_02589,"Wer AFD wählt, hat in der Schule nicht aufgepasst!",1,1,0,0,0,0
deu_train_track_a_02590,"Wir haben uns über Heißluftfritteusen unterhalten und ich habe gesagt, dass sie im Prinzip wie ein kleiner Ofen funktionieren. Sie hat darauf gesagt, dass das ja gar nicht sein könne weil ""eine Heißluftfritteuse ist genau so wie eine echte Fritteuse nur ohne Öl""",0,0,0,0,0,1
deu_train_track_a_02591,Habe keine Kurse gemacht (wird in Österreich nicht von der Krankenkasse übernommen & ich hatte zum Glück keine Probleme. Ich war erst letztes Wochenende 1 Jahr nach der Geburt von Kind 2 auf dem Trampolin und bin dicht. Hatte auch ansonsten zum Glück keine Probleme mit Inkontinenz.,0,0,0,1,0,0
deu_train_track_a_02592,"Ist sie im Reddit überhaupt aktiv? Ansonsten wird deine Anfrage höchstwahrscheinlich ins Leere laufen, wenn sie nicht über externe Kommunikationswege (Twitter o.ä.) darauf aufmerksam gemacht wird..",0,0,0,0,0,0
deu_train_track_a_02593,"Ich bin in den 70er Jahren des letzten Jahrhunderts geboren und habe nur ein Europa des Friedens erlebt (bis vielleicht auf den Jugoslawien-Krieg in den 90er Jahren). Ich bin also, wie die meisten hier, in Friedenszeiten aufgewachsen und kenne nichts anderes.  Aber man muss sich immer wieder bewusst machen das dieser Frieden in Europa, diese Abwesenheit von Krieg, nichts selbstverständliches ist. Es ist eher umgekehrt, so eine lange Zeit, wie gerade Frieden in Europa herrscht, hat noch nie gegeben. In den Jahrhunderten davor herrschte fast immer Krieg, auf anderen Kontinenten herrscht gerade auch fast immer irgendwo permanent Krieg.  Auch wenn der Cartoon da oben ein wenig kitschig ist, ich steh voll dahinter.",0,0,1,1,0,0
deu_train_track_a_02594,"Dann dürfen die beiden armen Frauen nicht mitmachen, bei der CIA-Studie für Tarnumhänge? Ich finde das ganz schön gemein!",1,0,0,0,1,0
deu_train_track_a_02595,"Hallo,  Ich bin digital streetworker, falls du mal reden möchtest, vielleicht kann ich dir ja etwas weiterhelfen.  digital streetwork ist ein bayrisches Projekt und wir sind Sozialpädagog:innen, die im virtuellen Raum aufsuchende Arbeit betreiben.",0,0,0,0,0,0
deu_train_track_a_02596,betrunke menschen schlimm sowas,0,1,0,0,0,0
deu_train_track_a_02597,"Ist es wirklich wieder so ein Pest oder Cholera Szenario wie mit Hillary? Ist Trump vielleicht doch ein toller Präsident? Hat ein Großteil der amerikanischen Bevölkerung den Schuss nicht gehört?  Ich bin gleichermaßen verwirrt und verängstigt, dass Trump wieder gewählt werden könnte.",0,0,1,0,0,1
deu_train_track_a_02598,Neulich las ich: Genozid ist ein Prozess und kein einzelner Akt. Ich denke oft darüber nach.,0,0,0,0,1,0
deu_train_track_a_02599,"Meine Schwester hat mit 14 ihren ersten Freund kennengelernt. Sie sind 26 Jahre später immer noch zusammen, verheiratet und haben Haus, Hund und Kind. Lass dir deine Beziehung nicht madig machen. Wenn du es noch irgendwie positiv interpretieren möchtest, wollen deine Eltern vielleicht schon mal präventiv den Herzschmerz für dich abmildern, wenn es doch mal zu Ende geht mit deinem Freund. Trotzdem doof und verständlich, dass es dich trifft.",0,0,0,0,1,0
deu_train_track_a_02600,"Die Grammatik ist bedenklich bis falsch. Hast du vor dem Posten Korrektur gelesen?   Das Ganze wirkt ein wenig wie ein Schnellschuss, um 300 Zeichen zu füllen und gewisse Begriffe und Namen hineinzuzwängen. ""Lagerfeuer"" wirkt beispielsweise sehr deplatziert und gewollt.   Das Setting ist, in meinen Augen, nicht unbedingt lagerfeuertauglich.  Vielleicht versuchst du mal ein paar klassische Gruselelemente? Potential, Fantasie und Kreativität sind ja auf jeden Fall da!",0,0,0,0,0,0
deu_train_track_a_02601,"Gefühle sind nie lächerlich, da muss ich dich enttäuschen. Läuft es denn in deiner jetzigen Beziehung gut oder hast du dort Bedürfnisse, die nicht befriedigt werden?   Es muss nicht unbedingt mit deiner Arbeitskollegin zu tun haben, dass du auf einmal Gefühle entwickelst. Du hast weniger mit ihr zu tun, malst dir aber das Lächeln usw. aus. D.h. dein Hirn füllt alle Wissenslücken über diese Person mit Idealvorstellungen. Dass sich das gut anfühlt, ist vollkommen normal.",0,0,0,0,0,0
deu_train_track_a_02602,"Wann ist das Elend denn vorbei? Reißen die nacheinander alle Außenwände ein, um sie neu hoch zu ziehen? 🫤",0,0,0,0,1,0
deu_train_track_a_02603,"Hey wenn es dir hilft, bei mir ist das gleiche. Bin 22 und das Studium zieht sich auch vor allem wegen online scheiss.   Mach dir keinen Kopf, du kannst jeder Zeit neu anfangen da du noch jung bist. Konzentriere dich erstmal auf dich",0,0,0,0,0,0